entity,date,name,contra_account,amount
sg_pte_ltd,31/10/2022,Tokio Marine-1,Trade and other payables,-25806.6
sg_pte_ltd,31/10/2022,Tokio Marine-1,Prepaid Insurance,25806.6
sg_pte_ltd,30/11/2022,Onfido PTE LTD (deleted),Trade and other payables,-7902.2
sg_pte_ltd,30/11/2022,Onfido PTE LTD (deleted),Other Operating Expenses:Technology System Cost,7902.2
sg_pte_ltd,31/12/2022,Onfido PTE LTD (deleted),Trade and other payables,-7746.03
sg_pte_ltd,31/12/2022,Onfido PTE LTD (deleted),Other Operating Expenses:Technology System Cost,7746.03
sg_pte_ltd,31/12/2022,Tokio Marine-1,Trade and other payables,-26623.08
sg_pte_ltd,31/12/2022,Tokio Marine-1,Prepaid Insurance,26623.08
sg_pte_ltd,31/12/2022,,Accounts Payable,14881.7
sg_pte_ltd,31/12/2022,,Accounts Payable,10491.1
sg_pte_ltd,31/12/2022,,Accounts Payable,762.0
sg_pte_ltd,31/01/2023,Onfido PTE LTD (deleted),Trade and other payables,-7686.22
sg_pte_ltd,31/01/2023,Onfido PTE LTD (deleted),Other Operating Expenses:Technology System Cost,7686.22
sg_pte_ltd,31/01/2023,Tokio Marine-1,Trade and other payables,-28593.0
sg_pte_ltd,31/01/2023,Tokio Marine-1,Prepaid Insurance,28593.0
sg_pte_ltd,28/02/2023,Onfido PTE LTD (deleted),Trade and other payables,-7865.09
sg_pte_ltd,28/02/2023,Onfido PTE LTD (deleted),Other Operating Expenses:Technology System Cost,7865.09
sg_pte_ltd,31/03/2023,Onfido PTE LTD (deleted),Trade and other payables,-7755.3
sg_pte_ltd,31/03/2023,Onfido PTE LTD (deleted),Other Operating Expenses:Technology System Cost,7755.3
sg_pte_ltd,31/03/2023,Tokio Marine-1,Trade and other payables,-19852.02
sg_pte_ltd,31/03/2023,Tokio Marine-1,Prepaid Insurance,19852.02
sg_pte_ltd,31/03/2023,Tokio Marine-1,Trade and other payables,-16860.42
sg_pte_ltd,31/03/2023,Tokio Marine-1,Cost of Service:Insurance,16860.42
sg_pte_ltd,17/04/2023,Tokio Marine-1,Trade and other payables,-25806.6
sg_pte_ltd,17/04/2023,Tokio Marine-1,Trade and other payables,-26623.08
sg_pte_ltd,17/04/2023,Tokio Marine-1,Trade and other payables,-28593.0
sg_pte_ltd,17/04/2023,Tokio Marine-1,Trade and other payables,-19852.02
sg_pte_ltd,17/04/2023,Onfido PTE LTD (deleted),Trade and other payables,-7902.2
sg_pte_ltd,17/04/2023,Onfido PTE LTD (deleted),Trade and other payables,-7746.03
sg_pte_ltd,17/04/2023,Onfido PTE LTD (deleted),Trade and other payables,-7686.22
sg_pte_ltd,17/04/2023,Onfido PTE LTD (deleted),Trade and other payables,-7865.09
sg_pte_ltd,17/04/2023,Onfido PTE LTD (deleted),Trade and other payables,-7755.3
sg_pte_ltd,17/04/2023,Tokio Marine-1,Trade and other payables,-16860.42
sg_pte_ltd,28/04/2023,Arena Detailing (deleted),Trade and other payables,-1210.0
sg_pte_ltd,28/04/2023,Arena Detailing (deleted),Other Operating Expenses:Other Marketing Expense,1210.0
sg_pte_ltd,01/05/2023,Cheng Chuan (deleted),Trade and other payables,-380.0
sg_pte_ltd,01/05/2023,Cheng Chuan (deleted),Cost of Overhead Related to Service:Operating Expenses,380.0
sg_pte_ltd,01/05/2023,Cheng Chuan (deleted),Trade and other payables,-600.0
sg_pte_ltd,01/05/2023,Cheng Chuan (deleted),Cost of Overhead Related to Service:Operating Expenses,600.0
sg_pte_ltd,01/05/2023,Cheng Chuan (deleted),Trade and other payables,-350.0
sg_pte_ltd,01/05/2023,Cheng Chuan (deleted),Cost of Overhead Related to Service:Operating Expenses,350.0
sg_pte_ltd,01/05/2023,Cheng Chuan (deleted),Trade and other payables,-550.0
sg_pte_ltd,01/05/2023,Cheng Chuan (deleted),Cost of Overhead Related to Service:Operating Expenses,550.0
sg_pte_ltd,01/05/2023,Cheng Chuan (deleted),Trade and other payables,-400.0
sg_pte_ltd,01/05/2023,Cheng Chuan (deleted),Cost of Overhead Related to Service:Operating Expenses,400.0
sg_pte_ltd,01/05/2023,Cheng Chuan (deleted),Trade and other payables,-900.0
sg_pte_ltd,01/05/2023,Cheng Chuan (deleted),Cost of Overhead Related to Service:Operating Expenses,900.0
sg_pte_ltd,01/05/2023,Cheng Chuan (deleted),Trade and other payables,-800.0
sg_pte_ltd,01/05/2023,Cheng Chuan (deleted),Cost of Overhead Related to Service:Operating Expenses,800.0
sg_pte_ltd,01/05/2023,Cheng Chuan (deleted),Trade and other payables,-1280.0
sg_pte_ltd,01/05/2023,Cheng Chuan (deleted),Cost of Overhead Related to Service:Operating Expenses,1280.0
sg_pte_ltd,01/05/2023,Grenadier (deleted),Trade and other payables,-14124.0
sg_pte_ltd,01/05/2023,Grenadier (deleted),Other Operating Expenses:Marketing Asset Creation,14124.0
sg_pte_ltd,04/05/2023,Venture Haven-1,Trade and other payables,-1080.6
sg_pte_ltd,08/05/2023,Arena Detailing (deleted),Trade and other payables,-1210.0
sg_pte_ltd,10/05/2023,Cheng Chuan (deleted),Trade and other payables,-1280.0
sg_pte_ltd,10/05/2023,Cheng Chuan (deleted),Trade and other payables,-900.0
sg_pte_ltd,10/05/2023,Cheng Chuan (deleted),Trade and other payables,-800.0
sg_pte_ltd,10/05/2023,Cheng Chuan (deleted),Trade and other payables,-600.0
sg_pte_ltd,10/05/2023,Cheng Chuan (deleted),Trade and other payables,-550.0
sg_pte_ltd,10/05/2023,Cheng Chuan (deleted),Trade and other payables,-400.0
sg_pte_ltd,10/05/2023,Cheng Chuan (deleted),Trade and other payables,-380.0
sg_pte_ltd,10/05/2023,Cheng Chuan (deleted),Trade and other payables,-350.0
sg_pte_ltd,12/05/2023,Grenadier (deleted),Trade and other payables,-14124.0
sg_pte_ltd,16/05/2023,Venture Haven-1,Trade and other payables,-1080.6
sg_pte_ltd,16/05/2023,Venture Haven-1,Other Operating Expenses:Corporate - Audit and Tax Fees,1080.6
sg_pte_ltd,11/11/2023,KORE Wireless Inc.,Trade and other payables - USD,-54.44
sg_pte_ltd,11/11/2023,KORE Wireless Inc.,Other Operating Expenses:Technology System Cost,54.44
sg_pte_ltd,28/11/2023,KORE Wireless Inc.,Trade and other payables - USD,-292.65
sg_pte_ltd,28/11/2023,KORE Wireless Inc.,Other Operating Expenses:Technology System Cost,292.65
sg_pte_ltd,30/11/2023,KORE Wireless Inc.,Trade and other payables - USD,-294.27
sg_pte_ltd,30/11/2023,KORE Wireless Inc.,Other Operating Expenses:Technology System Cost,294.27
sg_pte_ltd,01/12/2023,Komoco,Trade and other payables,-1620.0
sg_pte_ltd,01/12/2023,Komoco,Due from Fleet,1620.0
sg_pte_ltd,01/12/2023,Komoco,Trade and other payables,-1728.0
sg_pte_ltd,01/12/2023,Komoco,Due from Fleet,1728.0
sg_pte_ltd,01/12/2023,Komoco,Trade and other payables,-1620.0
sg_pte_ltd,01/12/2023,Komoco,Due from Fleet,1620.0
sg_pte_ltd,01/12/2023,MoEngage,Trade and other payables - USD,-2800.75
sg_pte_ltd,01/12/2023,MoEngage,Other Operating Expenses:Technology System Cost,2534.01
sg_pte_ltd,01/12/2023,MoEngage,Other Operating Expenses:Technology System Cost,266.74
sg_pte_ltd,04/12/2023,Roobykon,Trade and other payables - USD,-533630.11
sg_pte_ltd,04/12/2023,Roobykon,Other Operating Expenses:Technology System Cost,219878.72
sg_pte_ltd,04/12/2023,Roobykon,Other Operating Expenses:Technology System Cost,313751.39
sg_pte_ltd,09/12/2023,JustCo,Trade and other payables,-4212.0
sg_pte_ltd,09/12/2023,JustCo,Other Operating Expenses:Corporate - Office Rent,4212.0
sg_pte_ltd,09/12/2023,JustCo,Trade and other payables,-3.24
sg_pte_ltd,09/12/2023,JustCo,Other Operating Expenses:Corporate - Office Rent,3.24
sg_pte_ltd,29/12/2023,Aircall,Trade and other payables - USD,-2.48
sg_pte_ltd,29/12/2023,Aircall,Other Operating Expenses:Technology System Cost,2.48
sg_pte_ltd,31/12/2023,MoEngage,Trade and other payables - USD,-2884.43
sg_pte_ltd,31/12/2023,MoEngage,Other Operating Expenses:Technology System Cost,2620.53
sg_pte_ltd,31/12/2023,MoEngage,Other Operating Expenses:Technology System Cost,263.9
sg_pte_ltd,31/12/2023,Onfido,Trade and other payables - USD,-5306.04
sg_pte_ltd,31/12/2023,Onfido,Other Operating Expenses:Technology System Cost,5306.04
sg_pte_ltd,01/01/2024,Tow lah,Trade and other payables,-2000.0
sg_pte_ltd,01/01/2024,Tow lah,Cost of Overhead Related to Service:Operating Expenses:Towing,2000.0
sg_pte_ltd,01/01/2024,Elite Car Ventures,Trade and other payables,0.0
sg_pte_ltd,01/01/2024,Elite Car Ventures,Cost of Overhead Related to Service:Operating Expenses,0.0
sg_pte_ltd,01/01/2024,Aircall,Trade and other payables - USD,-2483.58
sg_pte_ltd,01/01/2024,Aircall,Other Operating Expenses:Technology System Cost,2483.58
sg_pte_ltd,01/01/2024,Komoco,Trade and other payables,0.0
sg_pte_ltd,01/01/2024,KORE Wireless Inc.,Trade and other payables - USD,0.0
sg_pte_ltd,01/01/2024,Roobykon,Trade and other payables - USD,0.0
sg_pte_ltd,02/01/2024,MoEngage,Trade and other payables - USD,-2939.4
sg_pte_ltd,02/01/2024,MoEngage,Other Operating Expenses:Technology System Cost,2939.4
sg_pte_ltd,02/01/2024,AWS,Trade and other payables,-2219.52
sg_pte_ltd,02/01/2024,AWS,Other Operating Expenses:Technology System Cost,2219.52
sg_pte_ltd,05/01/2024,NEW POS NETWORK(S) PTE LTD,Trade and other payables,-4.9
sg_pte_ltd,05/01/2024,NEW POS NETWORK(S) PTE LTD,Other Operating Expenses:Technology System Cost,4.9
sg_pte_ltd,09/01/2024,JustCo,Trade and other payables,-3.24
sg_pte_ltd,09/01/2024,JustCo,Trade and other payables,-4212.0
sg_pte_ltd,09/01/2024,MoEngage,Trade and other payables - USD,-2788.9
sg_pte_ltd,09/01/2024,MoEngage,Exchange Gain or Loss,-2788.9
sg_pte_ltd,19/01/2024,Eventila Technologies Pvt Ltd,Trade and other payables - USD,-402.24
sg_pte_ltd,19/01/2024,Eventila Technologies Pvt Ltd,Other Operating Expenses:Technology System Cost,402.24
sg_pte_ltd,23/01/2024,NTUC,Trade and other payables,-1500.0
sg_pte_ltd,23/01/2024,NTUC,Cost of Service:Insurance,1500.0
sg_pte_ltd,23/01/2024,Aircall,Trade and other payables - USD,-2486.06
sg_pte_ltd,23/01/2024,Eventila Technologies Pvt Ltd,Trade and other payables - USD,-402.24
sg_pte_ltd,24/01/2024,VALLETTA SOFTWARE,Trade and other payables - USD,-1578.34
sg_pte_ltd,24/01/2024,VALLETTA SOFTWARE,Other Operating Expenses:Technology System Cost,1578.34
sg_pte_ltd,26/01/2024,VALLETTA SOFTWARE,Trade and other payables - USD,-1578.34
sg_pte_ltd,27/01/2024,ARENA DETAILING PTE. LTD,Trade and other payables,-600.0
sg_pte_ltd,27/01/2024,ARENA DETAILING PTE. LTD,Cost of Overhead Related to Service:Operating Expenses:Sticker payouts,600.0
sg_pte_ltd,29/01/2024,Aircall,Trade and other payables - USD,-2380.73
sg_pte_ltd,29/01/2024,Aircall,Other Operating Expenses:Technology System Cost,2380.73
sg_pte_ltd,29/01/2024,NTUC,Trade and other payables,-3000.0
sg_pte_ltd,29/01/2024,NTUC,Cost of Service:Insurance,3000.0
sg_pte_ltd,30/01/2024,VALLETTA SOFTWARE,Trade and other payables - USD,-2044.4
sg_pte_ltd,30/01/2024,VALLETTA SOFTWARE,Other Operating Expenses:Technology System Cost,2044.4
sg_pte_ltd,31/01/2024,Onfido,Trade and other payables - USD,-5398.36
sg_pte_ltd,31/01/2024,Onfido,Other Operating Expenses:Technology System Cost,5398.36
sg_pte_ltd,02/02/2024,Roobykon,Trade and other payables - USD,-698.43
sg_pte_ltd,02/02/2024,Roobykon,Technology Development,698.43
sg_pte_ltd,02/02/2024,AWS,Trade and other payables,-2248.28
sg_pte_ltd,02/02/2024,AWS,Other Operating Expenses:Technology System Cost,2248.28
sg_pte_ltd,03/02/2024,ARENA DETAILING PTE. LTD,Trade and other payables,-600.0
sg_pte_ltd,04/02/2024,Tokio Marine,Trade and other payables,-3270.0
sg_pte_ltd,04/02/2024,Tokio Marine,Cost of Service:Insurance,3270.0
sg_pte_ltd,05/02/2024,VALLETTA SOFTWARE,Trade and other payables - USD,-2044.4
sg_pte_ltd,08/02/2024,VALLETTA SOFTWARE,Trade and other payables - USD,-1484.62
sg_pte_ltd,12/02/2024,VALLETTA SOFTWARE,Trade and other payables - USD,-1741.1
sg_pte_ltd,12/02/2024,VALLETTA SOFTWARE,Other Operating Expenses:Technology System Cost,1741.1
sg_pte_ltd,13/02/2024,Roobykon,Trade and other payables - USD,-698.43
sg_pte_ltd,14/02/2024,Abwin Leasing,Trade and other payables,-1526.0
sg_pte_ltd,14/02/2024,Abwin Leasing,Due from Fleet,1526.0
sg_pte_ltd,15/02/2024,VALLETTA SOFTWARE,Trade and other payables - USD,-1741.1
sg_pte_ltd,16/02/2024,Abwin Leasing,Trade and other payables,-1526.0
sg_pte_ltd,18/02/2024,VR Graphics,Trade and other payables - INR,-340.31
sg_pte_ltd,18/02/2024,VR Graphics,Other Operating Expenses:Marketing - Advertising (new customers),340.31
sg_pte_ltd,19/02/2024,VALLETTA SOFTWARE,Trade and other payables - USD,-1395.44
sg_pte_ltd,19/02/2024,VALLETTA SOFTWARE,Other Operating Expenses:Technology System Cost,1395.44
sg_pte_ltd,21/02/2024,Palms Bistro,Trade and other payables,-1547.0
sg_pte_ltd,21/02/2024,Palms Bistro,Other Operating Expenses:Admin Expense,1547.0
sg_pte_ltd,21/02/2024,Tow lah,Trade and other payables,-2000.0
sg_pte_ltd,21/02/2024,MoEngage,Trade and other payables - USD,-2938.53
sg_pte_ltd,21/02/2024,MoEngage,Exchange Gain or Loss,-2938.53
sg_pte_ltd,24/02/2024,Tow lah,Trade and other payables,-1680.0
sg_pte_ltd,24/02/2024,Tow lah,Cost of Overhead Related to Service:Operating Expenses:Towing,1680.0
sg_pte_ltd,24/02/2024,NTUC,Trade and other payables,-3000.0
sg_pte_ltd,24/02/2024,NTUC,Cost of Service:Insurance,3000.0
sg_pte_ltd,24/02/2024,VR Graphics,Trade and other payables - INR,-340.31
sg_pte_ltd,24/02/2024,AWS,Trade and other payables,-2219.52
sg_pte_ltd,24/02/2024,Palms Bistro,Trade and other payables,-1547.0
sg_pte_ltd,26/02/2024,ComfortDelGro Rent-A-Car Pte Ltd,Trade and other payables,-1000.0
sg_pte_ltd,26/02/2024,ComfortDelGro Rent-A-Car Pte Ltd,Other Deposit,1000.0
sg_pte_ltd,28/02/2024,VALLETTA SOFTWARE,Trade and other payables - USD,-1176.27
sg_pte_ltd,28/02/2024,VALLETTA SOFTWARE,Other Operating Expenses:Technology System Cost,1176.27
sg_pte_ltd,29/02/2024,ARENA DETAILING PTE. LTD,Trade and other payables,-710.0
sg_pte_ltd,29/02/2024,ARENA DETAILING PTE. LTD,Cost of Overhead Related to Service:Operating Expenses:Sticker payouts,710.0
sg_pte_ltd,29/02/2024,Aircall,Trade and other payables - USD,-2524.53
sg_pte_ltd,29/02/2024,Aircall,Other Operating Expenses:Technology System Cost,2524.53
sg_pte_ltd,29/02/2024,Onfido,Trade and other payables - USD,-5465.67
sg_pte_ltd,29/02/2024,Onfido,Other Operating Expenses:Technology System Cost,5465.67
sg_pte_ltd,29/02/2024,Onfido,Trade and other payables - USD,-5401.87
sg_pte_ltd,29/02/2024,Onfido,Exchange Gain or Loss,-5401.87
sg_pte_ltd,29/02/2024,Aircall,Trade and other payables - USD,-2380.73
sg_pte_ltd,29/02/2024,MoEngage,Trade and other payables - USD,-2939.4
sg_pte_ltd,01/03/2024,Tokio Marine,Trade and other payables,-29934.13
sg_pte_ltd,01/03/2024,Tokio Marine,Cost of Service:Insurance,29934.13
sg_pte_ltd,01/03/2024,VALLETTA SOFTWARE,Trade and other payables - USD,-1176.27
sg_pte_ltd,02/03/2024,MoEngage,Trade and other payables - USD,-2949.68
sg_pte_ltd,02/03/2024,MoEngage,Other Operating Expenses:Technology System Cost,2949.68
sg_pte_ltd,02/03/2024,AWS,Trade and other payables,-15195.83
sg_pte_ltd,02/03/2024,AWS,Other Operating Expenses:Technology System Cost,15195.83
sg_pte_ltd,02/03/2024,AWS,Trade and other payables,-2306.53
sg_pte_ltd,02/03/2024,AWS,Other Operating Expenses:Technology System Cost,2306.53
sg_pte_ltd,02/03/2024,AWS,Trade and other payables,-2306.53
sg_pte_ltd,02/03/2024,AWS,Other Operating Expenses:Technology System Cost,2306.53
sg_pte_ltd,04/03/2024,Body Fix,Trade and other payables,-3270.0
sg_pte_ltd,04/03/2024,Body Fix,Cost of Overhead Related to Service:Operating Expenses,3270.0
sg_pte_ltd,04/03/2024,Intercom,Trade and other payables - USD,-20209.36
sg_pte_ltd,04/03/2024,Intercom,Other Operating Expenses:Technology System Cost,20209.36
sg_pte_ltd,04/03/2024,VALLETTA SOFTWARE,Trade and other payables - USD,-1395.44
sg_pte_ltd,05/03/2024,CHENG CHUAN MOTOR SERVICES,Trade and other payables,-4390.0
sg_pte_ltd,05/03/2024,CHENG CHUAN MOTOR SERVICES,Cost of Overhead Related to Service:Operating Expenses:Workshop,4390.0
sg_pte_ltd,05/03/2024,ARENA DETAILING PTE. LTD,Trade and other payables,-710.0
sg_pte_ltd,09/03/2024,JustCo,Trade and other payables,-4251.0
sg_pte_ltd,09/03/2024,JustCo,Other Operating Expenses:Corporate - Office Rent,4251.0
sg_pte_ltd,09/03/2024,Onfido,Trade and other payables - USD,-5398.36
sg_pte_ltd,13/03/2024,NEW POS NETWORK(S) PTE LTD,Trade and other payables,-4.9
sg_pte_ltd,14/03/2024,Car mobile detailing,Trade and other payables,-120.0
sg_pte_ltd,14/03/2024,Car mobile detailing,Cost of Overhead Related to Service:Operating Expenses:Cleaning,120.0
sg_pte_ltd,14/03/2024,Abwin Leasing,Trade and other payables,-1526.0
sg_pte_ltd,14/03/2024,Abwin Leasing,Due from Fleet,1526.0
sg_pte_ltd,14/03/2024,Body Fix,Trade and other payables,-3270.0
sg_pte_ltd,17/03/2024,Car mobile detailing,Trade and other payables,-180.0
sg_pte_ltd,17/03/2024,Car mobile detailing,Cost of Overhead Related to Service:Operating Expenses:Cleaning,180.0
sg_pte_ltd,19/03/2024,JustCo,Trade and other payables,-4251.0
sg_pte_ltd,19/03/2024,JustCo,Other Operating Expenses:Corporate - Office Rent,4251.0
sg_pte_ltd,19/03/2024,Car mobile detailing,Trade and other payables,-120.0
sg_pte_ltd,20/03/2024,Abwin Leasing,Trade and other payables,-1526.0
sg_pte_ltd,22/03/2024,Hello Travel Pte Ltd,Trade and other payables,-4000.0
sg_pte_ltd,22/03/2024,Hello Travel Pte Ltd,Other Operating Expenses:Marketing - Advertising (new customers),4000.0
sg_pte_ltd,24/03/2024,Eventila Technologies Pvt Ltd,Trade and other payables - USD,-2020.31
sg_pte_ltd,24/03/2024,Eventila Technologies Pvt Ltd,Other Operating Expenses:Technology System Cost,2020.31
sg_pte_ltd,25/03/2024,Car mobile detailing,Trade and other payables,-180.0
sg_pte_ltd,26/03/2024,Car mobile detailing,Trade and other payables,-220.0
sg_pte_ltd,26/03/2024,Car mobile detailing,Cost of Overhead Related to Service:Operating Expenses:Cleaning,220.0
sg_pte_ltd,27/03/2024,Automotive Glass Works Pte Ltd,Trade and other payables,-632.2
sg_pte_ltd,27/03/2024,Automotive Glass Works Pte Ltd,Cost of Overhead Related to Service:Operating Expenses,632.2
sg_pte_ltd,28/03/2024,Automotive Glass Works Pte Ltd,Trade and other payables,-632.2
sg_pte_ltd,29/03/2024,Aircall,Trade and other payables - USD,-2622.99
sg_pte_ltd,29/03/2024,Aircall,Other Operating Expenses:Technology System Cost,2622.99
sg_pte_ltd,31/03/2024,Gupshup,Trade and other payables - USD,-167.45
sg_pte_ltd,31/03/2024,Gupshup,Other Operating Expenses:Technology System Cost,167.45
sg_pte_ltd,31/03/2024,Onfido,Trade and other payables - USD,-5483.1
sg_pte_ltd,31/03/2024,Onfido,Other Operating Expenses:Technology System Cost,5483.1
sg_pte_ltd,01/04/2024,Tow lah,Trade and other payables,-3380.0
sg_pte_ltd,01/04/2024,Tow lah,Cost of Overhead Related to Service:Operating Expenses:Towing,3380.0
sg_pte_ltd,02/04/2024,AWS,Trade and other payables,-3221.37
sg_pte_ltd,02/04/2024,AWS,Other Operating Expenses:Technology System Cost,3221.37
sg_pte_ltd,02/04/2024,AWS,Trade and other payables,-12570.54
sg_pte_ltd,02/04/2024,AWS,Other Operating Expenses:Technology System Cost,12570.54
sg_pte_ltd,03/04/2024,JustCo,Trade and other payables,-4251.0
sg_pte_ltd,03/04/2024,MoEngage,Trade and other payables - USD,-2946.62
sg_pte_ltd,03/04/2024,MoEngage,Other Operating Expenses:Technology System Cost,2946.62
sg_pte_ltd,03/04/2024,JustCo,Trade and other payables,-4251.0
sg_pte_ltd,03/04/2024,Hello Travel Pte Ltd,Trade and other payables,-4000.0
sg_pte_ltd,04/04/2024,Onfido,Trade and other payables - USD,-5465.67
sg_pte_ltd,04/04/2024,Car mobile detailing,Trade and other payables,-220.0
sg_pte_ltd,05/04/2024,NTUC,Trade and other payables,-1500.0
sg_pte_ltd,05/04/2024,NTUC,Cost of Service:Insurance,1500.0
sg_pte_ltd,05/04/2024,Tow lah,Trade and other payables,-1680.0
sg_pte_ltd,05/04/2024,Elite Car Ventures,Trade and other payables,-7248.5
sg_pte_ltd,05/04/2024,Elite Car Ventures,Cost of Overhead Related to Service:Operating Expenses:Workshop,7248.5
sg_pte_ltd,05/04/2024,MoEngage,Trade and other payables - USD,-2949.68
sg_pte_ltd,05/04/2024,AWS,Trade and other payables,-2248.28
sg_pte_ltd,05/04/2024,AWS,Trade and other payables,-2306.53
sg_pte_ltd,08/04/2024,Aircall,Trade and other payables - USD,-2524.53
sg_pte_ltd,08/04/2024,Eventila Technologies Pvt Ltd,Trade and other payables - USD,-2023.73
sg_pte_ltd,08/04/2024,Eventila Technologies Pvt Ltd,Exchange Gain or Loss,-2023.73
sg_pte_ltd,11/04/2024,Car mobile detailing,Trade and other payables,-260.0
sg_pte_ltd,11/04/2024,Car mobile detailing,Cost of Overhead Related to Service:Operating Expenses:Cleaning,260.0
sg_pte_ltd,14/04/2024,Abwin Leasing,Trade and other payables,-1526.0
sg_pte_ltd,14/04/2024,Abwin Leasing,Due from Fleet,1526.0
sg_pte_ltd,15/04/2024,Car mobile detailing,Trade and other payables,-340.0
sg_pte_ltd,15/04/2024,Car mobile detailing,Cost of Overhead Related to Service:Operating Expenses:Cleaning,340.0
sg_pte_ltd,17/04/2024,Car mobile detailing,Trade and other payables,-260.0
sg_pte_ltd,17/04/2024,Abwin Leasing,Trade and other payables,-1526.0
sg_pte_ltd,17/04/2024,Elite Car Ventures,Trade and other payables,-6005.9
sg_pte_ltd,17/04/2024,Elite Car Ventures,Cost of Overhead Related to Service:Operating Expenses:Workshop,6005.9
sg_pte_ltd,17/04/2024,AWS,Trade and other payables,-15195.83
sg_pte_ltd,19/04/2024,Car mobile detailing,Trade and other payables,-340.0
sg_pte_ltd,21/04/2024,VR Graphics,Trade and other payables - INR,-366.86
sg_pte_ltd,21/04/2024,VR Graphics,Other Operating Expenses:Marketing - Advertising (new customers),366.86
sg_pte_ltd,24/04/2024,Elite Car Ventures,Trade and other payables,0.0
sg_pte_ltd,24/04/2024,Elite Car Ventures,Cost of Overhead Related to Service:Operating Expenses,0.0
sg_pte_ltd,24/04/2024,ComfortDelGro Rent-A-Car Pte Ltd,Trade and other payables,-3270.0
sg_pte_ltd,24/04/2024,ComfortDelGro Rent-A-Car Pte Ltd,Due from Fleet,3270.0
sg_pte_ltd,24/04/2024,Car mobile detailing,Trade and other payables,-300.0
sg_pte_ltd,24/04/2024,Car mobile detailing,Cost of Overhead Related to Service:Operating Expenses:Cleaning,300.0
sg_pte_ltd,24/04/2024,CHENG CHUAN MOTOR SERVICES,Trade and other payables,-9320.0
sg_pte_ltd,24/04/2024,CHENG CHUAN MOTOR SERVICES,Cost of Overhead Related to Service:Operating Expenses:Workshop,9320.0
sg_pte_ltd,27/04/2024,ARENA DETAILING PTE. LTD,Trade and other payables,-220.0
sg_pte_ltd,27/04/2024,ARENA DETAILING PTE. LTD,Cost of Overhead Related to Service:Operating Expenses:Sticker payouts,220.0
sg_pte_ltd,29/04/2024,Aircall,Trade and other payables - USD,-2587.97
sg_pte_ltd,29/04/2024,Aircall,Other Operating Expenses:Technology System Cost,2587.97
sg_pte_ltd,29/04/2024,VR Graphics,Trade and other payables - INR,-366.86
sg_pte_ltd,30/04/2024,KORE Wireless Inc.,Trade and other payables - USD,-2990.22
sg_pte_ltd,30/04/2024,KORE Wireless Inc.,Other Operating Expenses:Technology System Cost,2990.22
sg_pte_ltd,30/04/2024,Incrementors,Trade and other payables,-1353.92
sg_pte_ltd,30/04/2024,Incrementors,"AI, Internet & Website Maintenance fees",1353.92
sg_pte_ltd,30/04/2024,Onfido,Trade and other payables - USD,-5472.56
sg_pte_ltd,30/04/2024,Onfido,Other Operating Expenses:Technology System Cost,5472.56
sg_pte_ltd,30/04/2024,Car mobile detailing,Trade and other payables,-300.0
sg_pte_ltd,30/04/2024,ARENA DETAILING PTE. LTD,Trade and other payables,-220.0
sg_pte_ltd,02/05/2024,Car mobile detailing,Trade and other payables,-240.0
sg_pte_ltd,02/05/2024,Car mobile detailing,Cost of Overhead Related to Service:Operating Expenses:Cleaning,240.0
sg_pte_ltd,02/05/2024,MoEngage,Trade and other payables - USD,-2684.08
sg_pte_ltd,02/05/2024,MoEngage,Other Operating Expenses:Technology System Cost,2684.08
sg_pte_ltd,02/05/2024,VALLETTA SOFTWARE,Trade and other payables - USD,-1484.62
sg_pte_ltd,02/05/2024,VALLETTA SOFTWARE,Other Operating Expenses:Technology System Cost,1484.62
sg_pte_ltd,02/05/2024,AWS,Trade and other payables,-849.48
sg_pte_ltd,02/05/2024,AWS,Other Operating Expenses:Technology System Cost,849.48
sg_pte_ltd,02/05/2024,AWS,Trade and other payables,-7562.04
sg_pte_ltd,02/05/2024,AWS,Other Operating Expenses:Technology System Cost,7562.04
sg_pte_ltd,02/05/2024,Incrementors,Trade and other payables,-1353.92
sg_pte_ltd,03/05/2024,Singapore Network Information Centre,Trade and other payables,-436.0
sg_pte_ltd,03/05/2024,Singapore Network Information Centre,Other Operating Expenses:Technology System Cost,436.0
sg_pte_ltd,03/05/2024,Elite Car Ventures,Trade and other payables,0.0
sg_pte_ltd,03/05/2024,Elite Car Ventures,Trade and other payables,-7248.5
sg_pte_ltd,07/05/2024,Car mobile detailing,Trade and other payables,-280.0
sg_pte_ltd,07/05/2024,Car mobile detailing,Cost of Overhead Related to Service:Operating Expenses:Cleaning,280.0
sg_pte_ltd,07/05/2024,Aircall,Trade and other payables - USD,-2622.99
sg_pte_ltd,08/05/2024,ComfortDelGro Rent-A-Car Pte Ltd,Trade and other payables,-3270.0
sg_pte_ltd,09/05/2024,Astute Autoworks,Trade and other payables,-3417.6
sg_pte_ltd,09/05/2024,Astute Autoworks,Cost of Overhead Related to Service:Operating Expenses,3417.6
sg_pte_ltd,09/05/2024,Car mobile detailing,Trade and other payables,-240.0
sg_pte_ltd,10/05/2024,NTUC,Trade and other payables,-3000.0
sg_pte_ltd,10/05/2024,NTUC,Cost of Service:Insurance,3000.0
sg_pte_ltd,14/05/2024,Abwin Leasing,Trade and other payables,-1526.0
sg_pte_ltd,14/05/2024,Abwin Leasing,Due from Fleet,1526.0
sg_pte_ltd,15/05/2024,Car mobile detailing,Trade and other payables,-280.0
sg_pte_ltd,21/05/2024,VR Graphics,Trade and other payables - INR,-324.09
sg_pte_ltd,21/05/2024,VR Graphics,Other Operating Expenses:Marketing - Advertising (new customers),324.09
sg_pte_ltd,22/05/2024,Abwin Leasing,Trade and other payables,-1526.0
sg_pte_ltd,24/05/2024,NTUC,Trade and other payables,-3000.0
sg_pte_ltd,25/05/2024,KORE Wireless Inc.,Trade and other payables - USD,-2990.22
sg_pte_ltd,27/05/2024,Tokio Marine,Trade and other payables,-3270.0
sg_pte_ltd,27/05/2024,Tokio Marine,Cost of Service:Insurance,3270.0
sg_pte_ltd,27/05/2024,Onfido,Trade and other payables - USD,-5472.56
sg_pte_ltd,28/05/2024,ARENA DETAILING PTE. LTD,Trade and other payables,-330.0
sg_pte_ltd,28/05/2024,ARENA DETAILING PTE. LTD,Cost of Overhead Related to Service:Operating Expenses:Sticker payouts,330.0
sg_pte_ltd,28/05/2024,Incrementors,Trade and other payables,-1354.6
sg_pte_ltd,28/05/2024,CHENG CHUAN MOTOR SERVICES,Trade and other payables,-4390.0
sg_pte_ltd,28/05/2024,VR Graphics,Trade and other payables - INR,-324.09
sg_pte_ltd,29/05/2024,Aircall,Trade and other payables - USD,-2689.97
sg_pte_ltd,29/05/2024,Aircall,Other Operating Expenses:Technology System Cost,2689.97
sg_pte_ltd,29/05/2024,NTUC,Trade and other payables,-16292.41
sg_pte_ltd,29/05/2024,Tow lah,Trade and other payables,-3250.0
sg_pte_ltd,29/05/2024,Tow lah,Trade and other payables,-130.0
sg_pte_ltd,31/05/2024,Tow lah,Trade and other payables,-1870.0
sg_pte_ltd,31/05/2024,Tow lah,Cost of Overhead Related to Service:Operating Expenses:Towing,1870.0
sg_pte_ltd,31/05/2024,Onfido,Trade and other payables - USD,-5474.19
sg_pte_ltd,31/05/2024,Onfido,Other Operating Expenses:Technology System Cost,5474.19
sg_pte_ltd,31/05/2024,MoEngage,Trade and other payables - USD,-2684.08
sg_pte_ltd,01/06/2024,JustCo,Trade and other payables,-4588.9
sg_pte_ltd,01/06/2024,JustCo,Other Operating Expenses:Corporate - Office Rent,4588.9
sg_pte_ltd,01/06/2024,MoEngage,Trade and other payables - USD,-2669.09
sg_pte_ltd,01/06/2024,MoEngage,Other Operating Expenses:Technology System Cost,2669.09
sg_pte_ltd,01/06/2024,Tow lah,Trade and other payables,-3360.0
sg_pte_ltd,01/06/2024,Tow lah,Cost of Overhead Related to Service:Operating Expenses:Towing,3360.0
sg_pte_ltd,01/06/2024,CHENG CHUAN MOTOR SERVICES,Trade and other payables,-280.0
sg_pte_ltd,01/06/2024,CHENG CHUAN MOTOR SERVICES,Cost of Overhead Related to Service:Operating Expenses:Workshop,280.0
sg_pte_ltd,01/06/2024,MoEngage,Trade and other payables - USD,-539.14
sg_pte_ltd,01/06/2024,MoEngage,Other Operating Expenses:Technology System Cost,539.14
sg_pte_ltd,02/06/2024,AWS,Trade and other payables,-3214.94
sg_pte_ltd,02/06/2024,AWS,Other Operating Expenses:Technology System Cost,3214.94
sg_pte_ltd,02/06/2024,AWS,Trade and other payables,-8045.74
sg_pte_ltd,02/06/2024,AWS,Other Operating Expenses:Technology System Cost,8045.74
sg_pte_ltd,08/06/2024,Onfido,Trade and other payables - USD,-5483.1
sg_pte_ltd,08/06/2024,JustCo,Trade and other payables,-4588.9
sg_pte_ltd,08/06/2024,Tokio Marine,Trade and other payables,-3270.0
sg_pte_ltd,08/06/2024,NTUC,Trade and other payables,-3000.0
sg_pte_ltd,08/06/2024,AWS,Trade and other payables,-3221.37
sg_pte_ltd,08/06/2024,AWS,Trade and other payables,-12570.54
sg_pte_ltd,08/06/2024,AWS,Trade and other payables,-2306.53
sg_pte_ltd,11/06/2024,Elite Car Ventures,Trade and other payables,-130.8
sg_pte_ltd,11/06/2024,Elite Car Ventures,Cost of Overhead Related to Service:Operating Expenses:Workshop,130.8
sg_pte_ltd,14/06/2024,Abwin Leasing,Trade and other payables,-1526.0
sg_pte_ltd,14/06/2024,Abwin Leasing,Due from Fleet,1526.0
sg_pte_ltd,19/06/2024,Abwin Leasing,Trade and other payables,-1526.0
sg_pte_ltd,19/06/2024,Aircall,Trade and other payables - USD,-2587.97
sg_pte_ltd,19/06/2024,NTUC,Trade and other payables,-3000.0
sg_pte_ltd,21/06/2024,Elite Car Ventures,Trade and other payables,-130.8
sg_pte_ltd,21/06/2024,Elite Car Ventures,Trade and other payables,-6005.9
sg_pte_ltd,21/06/2024,CHENG CHUAN MOTOR SERVICES,Trade and other payables,-9320.0
sg_pte_ltd,23/06/2024,VR Graphics,Trade and other payables - INR,-477.87
sg_pte_ltd,23/06/2024,VR Graphics,Other Operating Expenses:Marketing - Advertising (new customers),477.87
sg_pte_ltd,24/06/2024,Tow lah,Trade and other payables,-100.0
sg_pte_ltd,24/06/2024,Tow lah,Cost of Overhead Related to Service:Operating Expenses:Towing,100.0
sg_pte_ltd,24/06/2024,JustCo,Trade and other payables,-4360.0
sg_pte_ltd,24/06/2024,JustCo,Other Operating Expenses:Corporate - Office Rent,4360.0
sg_pte_ltd,24/06/2024,Incrementors,Trade and other payables,-1354.6
sg_pte_ltd,24/06/2024,Incrementors,"AI, Internet & Website Maintenance fees",1354.6
sg_pte_ltd,24/06/2024,ARENA DETAILING PTE. LTD,Trade and other payables,-330.0
sg_pte_ltd,25/06/2024,Mova Automotive Pte Ltd,Trade and other payables,-3270.0
sg_pte_ltd,25/06/2024,Mova Automotive Pte Ltd,Cost of Overhead Related to Service:Operating Expenses:Workshop,3270.0
sg_pte_ltd,28/06/2024,ARENA DETAILING PTE. LTD,Trade and other payables,-110.0
sg_pte_ltd,28/06/2024,ARENA DETAILING PTE. LTD,Cost of Overhead Related to Service:Operating Expenses:Sticker payouts,110.0
sg_pte_ltd,29/06/2024,Tow lah,Trade and other payables,-1750.0
sg_pte_ltd,29/06/2024,Aircall,Trade and other payables - USD,-2919.43
sg_pte_ltd,29/06/2024,Aircall,Other Operating Expenses:Technology System Cost,2919.43
sg_pte_ltd,29/06/2024,Aircall,Trade and other payables - USD,-2689.97
sg_pte_ltd,30/06/2024,Onfido,Trade and other payables - USD,-5230.89
sg_pte_ltd,30/06/2024,Onfido,Other Operating Expenses:Technology System Cost,5230.89
sg_pte_ltd,01/07/2024,Elite Car Ventures,Trade and other payables,-10494.43
sg_pte_ltd,01/07/2024,Elite Car Ventures,Cost of Overhead Related to Service:Operating Expenses:Workshop,10494.43
sg_pte_ltd,01/07/2024,Tow lah,Trade and other payables,0.0
sg_pte_ltd,01/07/2024,Tow lah,Trade and other payables,-2970.0
sg_pte_ltd,01/07/2024,Tow lah,Cost of Overhead Related to Service:Operating Expenses:Towing,2970.0
sg_pte_ltd,01/07/2024,Tow lah,Trade and other payables,-120.0
sg_pte_ltd,02/07/2024,AWS,Trade and other payables,-9198.59
sg_pte_ltd,02/07/2024,AWS,Other Operating Expenses:Technology System Cost,9198.59
sg_pte_ltd,02/07/2024,AWS,Trade and other payables,-3137.85
sg_pte_ltd,02/07/2024,AWS,Other Operating Expenses:Technology System Cost,3137.85
sg_pte_ltd,02/07/2024,Roobykon,Trade and other payables - USD,-3284.0
sg_pte_ltd,02/07/2024,Roobykon,Other Operating Expenses:Technology System Cost,3284.0
sg_pte_ltd,04/07/2024,VR Graphics,Trade and other payables - INR,-477.87
sg_pte_ltd,05/07/2024,Onfido,Trade and other payables - USD,-5474.19
sg_pte_ltd,05/07/2024,JustCo,Trade and other payables,-4360.0
sg_pte_ltd,09/07/2024,JustCo,Trade and other payables,-4560.0
sg_pte_ltd,09/07/2024,JustCo,Other Operating Expenses:Corporate - Office Rent,4560.0
sg_pte_ltd,10/07/2024,MoEngage,Trade and other payables - USD,-2815.24
sg_pte_ltd,10/07/2024,MoEngage,Other Operating Expenses:Technology System Cost,2815.24
sg_pte_ltd,10/07/2024,AWS,Trade and other payables,-7562.04
sg_pte_ltd,10/07/2024,AWS,Trade and other payables,-849.48
sg_pte_ltd,10/07/2024,Intercom,Trade and other payables - USD,-20209.36
sg_pte_ltd,10/07/2024,Astute Autoworks,Trade and other payables,-3417.6
sg_pte_ltd,10/07/2024,Elite Car Ventures,Trade and other payables,-6259.78
sg_pte_ltd,11/07/2024,Car mobile detailing,Trade and other payables,-250.0
sg_pte_ltd,11/07/2024,Car mobile detailing,Cost of Overhead Related to Service:Operating Expenses:Cleaning,250.0
sg_pte_ltd,11/07/2024,MoEngage,Trade and other payables - USD,-2946.62
sg_pte_ltd,11/07/2024,MoEngage,Trade and other payables - USD,-539.14
sg_pte_ltd,12/07/2024,Abwin Leasing,Trade and other payables,-1526.0
sg_pte_ltd,12/07/2024,MoEngage,Trade and other payables - USD,-2669.09
sg_pte_ltd,14/07/2024,Abwin Leasing,Trade and other payables,-1526.0
sg_pte_ltd,14/07/2024,Abwin Leasing,Due from Fleet,1526.0
sg_pte_ltd,17/07/2024,Car mobile detailing,Trade and other payables,-250.0
sg_pte_ltd,18/07/2024,AWS,Trade and other payables,-3214.94
sg_pte_ltd,18/07/2024,AWS,Trade and other payables,-8045.74
sg_pte_ltd,19/07/2024,Roobykon,Trade and other payables - USD,-3284.0
sg_pte_ltd,19/07/2024,NTUC,Trade and other payables,-3000.0
sg_pte_ltd,23/07/2024,VR Graphics,Trade and other payables - INR,-458.03
sg_pte_ltd,23/07/2024,VR Graphics,Other Operating Expenses:Marketing - Advertising (new customers),458.03
sg_pte_ltd,24/07/2024,CHENG CHUAN MOTOR SERVICES,Trade and other payables,-280.0
sg_pte_ltd,24/07/2024,JustCo,Trade and other payables,-4560.0
sg_pte_ltd,27/07/2024,Tokio Marine,Trade and other payables,-3270.0
sg_pte_ltd,27/07/2024,Tokio Marine,Cost of Service:Insurance,3270.0
sg_pte_ltd,29/07/2024,Incrementors,Trade and other payables,-1355.31
sg_pte_ltd,29/07/2024,Incrementors,"AI, Internet & Website Maintenance fees",1355.31
sg_pte_ltd,29/07/2024,Aircall,Trade and other payables - USD,-3009.77
sg_pte_ltd,29/07/2024,Aircall,Other Operating Expenses:Technology System Cost,3009.77
sg_pte_ltd,30/07/2024,ARENA DETAILING PTE. LTD,Trade and other payables,-110.0
sg_pte_ltd,31/07/2024,Onfido,Trade and other payables - USD,-5203.73
sg_pte_ltd,31/07/2024,Onfido,Other Operating Expenses:Technology System Cost,5203.73
sg_pte_ltd,01/08/2024,Tow lah,Trade and other payables,-2220.0
sg_pte_ltd,01/08/2024,Tow lah,Cost of Overhead Related to Service:Operating Expenses:Towing,2220.0
sg_pte_ltd,01/08/2024,MoEngage,Trade and other payables - USD,-2931.24
sg_pte_ltd,01/08/2024,MoEngage,Other Operating Expenses:Technology System Cost,2931.24
sg_pte_ltd,02/08/2024,AWS,Trade and other payables,-10188.87
sg_pte_ltd,02/08/2024,AWS,Other Operating Expenses:Technology System Cost,10188.87
sg_pte_ltd,05/08/2024,Incrementors,Trade and other payables,-1355.31
sg_pte_ltd,05/08/2024,VR Graphics,Trade and other payables - INR,-458.03
sg_pte_ltd,06/08/2024,NTUC,Trade and other payables,-3270.0
sg_pte_ltd,06/08/2024,NTUC,Cost of Service:Insurance,3270.0
sg_pte_ltd,06/08/2024,NTUC,Trade and other payables,-3270.0
sg_pte_ltd,07/08/2024,AWS,Trade and other payables,-9198.59
sg_pte_ltd,07/08/2024,AWS,Trade and other payables,-3137.85
sg_pte_ltd,08/08/2024,ComfortDelGro Rent-A-Car Pte Ltd,Trade and other payables,-675.8
sg_pte_ltd,08/08/2024,ComfortDelGro Rent-A-Car Pte Ltd,Due from Fleet,675.8
sg_pte_ltd,09/08/2024,Elite Car Ventures,Trade and other payables,-3798.65
sg_pte_ltd,14/08/2024,Abwin Leasing,Trade and other payables,-1526.0
sg_pte_ltd,14/08/2024,Abwin Leasing,Due from Fleet,1526.0
sg_pte_ltd,15/08/2024,Tow lah,Trade and other payables,-200.0
sg_pte_ltd,17/08/2024,Tow lah,Trade and other payables,0.0
sg_pte_ltd,17/08/2024,Tow lah,Trade and other payables,-3160.0
sg_pte_ltd,20/08/2024,Abwin Leasing,Trade and other payables,-1526.0
sg_pte_ltd,23/08/2024,VR Graphics,Trade and other payables - INR,-356.97
sg_pte_ltd,23/08/2024,VR Graphics,Other Operating Expenses:Marketing - Advertising (new customers),356.97
sg_pte_ltd,25/08/2024,JustCo,Trade and other payables,-4360.0
sg_pte_ltd,25/08/2024,JustCo,Other Operating Expenses:Corporate - Office Rent,4360.0
sg_pte_ltd,26/08/2024,Tokio Marine,Trade and other payables,-3270.0
sg_pte_ltd,26/08/2024,Elite Car Ventures,Trade and other payables,-436.0
sg_pte_ltd,27/08/2024,Incrementors,Trade and other payables,-1357.07
sg_pte_ltd,27/08/2024,Incrementors,"AI, Internet & Website Maintenance fees",1357.07
sg_pte_ltd,28/08/2024,ARENA DETAILING PTE. LTD,Trade and other payables,-430.0
sg_pte_ltd,28/08/2024,ARENA DETAILING PTE. LTD,Cost of Overhead Related to Service:Operating Expenses:Sticker payouts,430.0
sg_pte_ltd,28/08/2024,ComfortDelGro Rent-A-Car Pte Ltd,Trade and other payables,-1000.0
sg_pte_ltd,29/08/2024,Kang Car Repairers,Trade and other payables,-819.4
sg_pte_ltd,29/08/2024,Kang Car Repairers,Cost of Overhead Related to Service:Operating Expenses:Workshop,819.4
sg_pte_ltd,29/08/2024,Aircall,Trade and other payables - USD,-2919.43
sg_pte_ltd,29/08/2024,Aircall,Trade and other payables - USD,-3009.77
sg_pte_ltd,29/08/2024,CHENG CHUAN MOTOR SERVICES,Trade and other payables,-80.0
sg_pte_ltd,29/08/2024,CHENG CHUAN MOTOR SERVICES,Cost of Overhead Related to Service:Operating Expenses:Workshop,80.0
sg_pte_ltd,29/08/2024,Aircall,Trade and other payables - USD,-2683.84
sg_pte_ltd,29/08/2024,Aircall,Other Operating Expenses:Technology System Cost,2683.84
sg_pte_ltd,30/08/2024,JustCo,Trade and other payables,-4360.0
sg_pte_ltd,31/08/2024,Incrementors,Trade and other payables,-1357.07
sg_pte_ltd,01/09/2024,Elite Car Ventures,Trade and other payables,-1449.7
sg_pte_ltd,01/09/2024,Elite Car Ventures,Cost of Overhead Related to Service:Operating Expenses:Workshop,1449.7
sg_pte_ltd,01/09/2024,MoEngage,Trade and other payables - USD,-3050.36
sg_pte_ltd,01/09/2024,MoEngage,Other Operating Expenses:Technology System Cost,2782.24
sg_pte_ltd,01/09/2024,MoEngage,Other Operating Expenses:Technology System Cost,268.12
sg_pte_ltd,02/09/2024,AWS,Trade and other payables,-3094.57
sg_pte_ltd,02/09/2024,AWS,Other Operating Expenses:Technology System Cost,3094.57
sg_pte_ltd,02/09/2024,AWS,Trade and other payables,-9889.36
sg_pte_ltd,02/09/2024,AWS,Other Operating Expenses:Technology System Cost,9889.36
sg_pte_ltd,03/09/2024,Kang Car Repairers,Trade and other payables,-819.4
sg_pte_ltd,04/09/2024,Roobykon,Trade and other payables - USD,-2528.31
sg_pte_ltd,04/09/2024,Roobykon,Other Operating Expenses:Technology System Cost,2528.31
sg_pte_ltd,05/09/2024,VR Graphics,Trade and other payables - INR,-356.97
sg_pte_ltd,08/09/2024,Blackcoffer data tech,Trade and other payables - USD,-482.7
sg_pte_ltd,08/09/2024,Blackcoffer data tech,Cost of Overhead Related to Service:Operating Expenses,482.7
sg_pte_ltd,13/09/2024,CHENG CHUAN MOTOR SERVICES,Trade and other payables,-80.0
sg_pte_ltd,13/09/2024,ARENA DETAILING PTE. LTD,Trade and other payables,-430.0
sg_pte_ltd,13/09/2024,Gupshup,Trade and other payables - USD,-167.45
sg_pte_ltd,14/09/2024,Abwin Leasing,Trade and other payables,-1526.0
sg_pte_ltd,14/09/2024,Abwin Leasing,Due from Fleet,1526.0
sg_pte_ltd,17/09/2024,Abwin Leasing,Trade and other payables,-1526.0
sg_pte_ltd,22/09/2024,VR Graphics,Trade and other payables - INR,-505.01
sg_pte_ltd,22/09/2024,VR Graphics,Other Operating Expenses:Marketing - Advertising (new customers),505.01
sg_pte_ltd,24/09/2024,Tow lah,Trade and other payables,-2970.0
sg_pte_ltd,24/09/2024,Onfido,Trade and other payables - USD,-5230.89
sg_pte_ltd,25/09/2024,Incrementors,Trade and other payables,-1355.72
sg_pte_ltd,25/09/2024,Incrementors,"AI, Internet & Website Maintenance fees",1355.72
sg_pte_ltd,25/09/2024,Onfido,Trade and other payables - USD,-5203.73
sg_pte_ltd,26/09/2024,MoEngage,Trade and other payables - USD,-2815.24
sg_pte_ltd,26/09/2024,MoEngage,Trade and other payables - USD,-2931.24
sg_pte_ltd,26/09/2024,Roobykon,Trade and other payables - USD,-2528.31
sg_pte_ltd,29/09/2024,Aircall,Trade and other payables - USD,-3517.45
sg_pte_ltd,29/09/2024,Aircall,Other Operating Expenses:Technology System Cost,3517.45
sg_pte_ltd,30/09/2024,Tow lah,Trade and other payables,-1820.0
sg_pte_ltd,30/09/2024,Tow lah,Cost of Overhead Related to Service:Operating Expenses:Towing,1820.0
sg_pte_ltd,30/09/2024,AWS,Trade and other payables,-152.83
sg_pte_ltd,30/09/2024,AWS,Other Operating Expenses:Technology System Cost,152.83
sg_pte_ltd,01/10/2024,AWS,Trade and other payables,-9262.45
sg_pte_ltd,01/10/2024,AWS,Other Operating Expenses:Technology System Cost,9262.45
sg_pte_ltd,01/10/2024,AWS,Trade and other payables,-2968.48
sg_pte_ltd,01/10/2024,AWS,Other Operating Expenses:Technology System Cost,2968.48
sg_pte_ltd,03/10/2024,JustCo,Trade and other payables,-4360.0
sg_pte_ltd,03/10/2024,JustCo,Other Operating Expenses:Corporate - Office Rent,4360.0
sg_pte_ltd,03/10/2024,Roobykon,Trade and other payables - USD,-6112.01
sg_pte_ltd,03/10/2024,Roobykon,Other Operating Expenses:Technology System Cost,6112.01
sg_pte_ltd,05/10/2024,Blackcoffer data tech,Trade and other payables - USD,-640.56
sg_pte_ltd,05/10/2024,Blackcoffer data tech,Cost of Overhead Related to Service:Operating Expenses,640.56
sg_pte_ltd,09/10/2024,Incrementors,Trade and other payables,-1355.72
sg_pte_ltd,09/10/2024,JustCo,Trade and other payables,-4360.0
sg_pte_ltd,09/10/2024,VR Graphics,Trade and other payables - INR,-505.01
sg_pte_ltd,09/10/2024,AWS,Trade and other payables,-9889.36
sg_pte_ltd,09/10/2024,AWS,Trade and other payables,-3094.57
sg_pte_ltd,10/10/2024,Abwin Leasing,Trade and other payables,-3270.0
sg_pte_ltd,10/10/2024,Abwin Leasing,Due from Fleet,3270.0
sg_pte_ltd,14/10/2024,Abwin Leasing,Trade and other payables,-1526.0
sg_pte_ltd,14/10/2024,Abwin Leasing,Due from Fleet,1526.0
sg_pte_ltd,15/10/2024,Aircall,Trade and other payables - USD,0.0
sg_pte_ltd,22/10/2024,VR Graphics,Trade and other payables - INR,-237.95
sg_pte_ltd,22/10/2024,VR Graphics,Other Operating Expenses:Marketing - Advertising (new customers),237.95
sg_pte_ltd,25/10/2024,Roobykon,Trade and other payables - USD,-6112.01
sg_pte_ltd,29/10/2024,Aircall,Trade and other payables - USD,-4618.48
sg_pte_ltd,29/10/2024,Aircall,Other Operating Expenses:Technology System Cost,4618.48
sg_pte_ltd,29/10/2024,Singapore Network Information Centre,Trade and other payables,-436.0
sg_pte_ltd,31/10/2024,Tow lah,Trade and other payables,-2490.0
sg_pte_ltd,31/10/2024,Tow lah,Cost of Overhead Related to Service:Operating Expenses:Towing,2490.0
sg_pte_ltd,31/10/2024,Cycle and Carriage,Trade and other payables,0.0
sg_pte_ltd,31/10/2024,AWS,Trade and other payables,-9527.19
sg_pte_ltd,31/10/2024,AWS,Other Operating Expenses:Technology System Cost,9527.19
sg_pte_ltd,31/10/2024,AWS,Trade and other payables,-194.18
sg_pte_ltd,31/10/2024,AWS,Other Operating Expenses:Technology System Cost,194.18
sg_pte_ltd,01/11/2024,Tow lah,Trade and other payables,-1860.0
sg_pte_ltd,01/11/2024,Tow lah,Cost of Overhead Related to Service:Operating Expenses:Towing,1860.0
sg_pte_ltd,02/11/2024,Tokio Marine,Trade and other payables,-16031.8
sg_pte_ltd,02/11/2024,Tokio Marine,Cost of Service:Insurance,16031.8
sg_pte_ltd,04/11/2024,Tow lah,Trade and other payables,-890.0
sg_pte_ltd,05/11/2024,Tow lah,Trade and other payables,-1820.0
sg_pte_ltd,05/11/2024,Tow lah,Trade and other payables,-100.0
sg_pte_ltd,05/11/2024,Tow lah,Trade and other payables,-1230.0
sg_pte_ltd,05/11/2024,Tow lah,Trade and other payables,-100.0
sg_pte_ltd,06/11/2024,Abwin Leasing,Trade and other payables,-3270.0
sg_pte_ltd,06/11/2024,AWS,Trade and other payables,-10188.87
sg_pte_ltd,08/11/2024,AWS,Trade and other payables,-2968.48
sg_pte_ltd,09/11/2024,AWS,Trade and other payables,-9262.45
sg_pte_ltd,13/11/2024,SELECTE PTE LTD,Trade and other payables,-300.0
sg_pte_ltd,13/11/2024,SELECTE PTE LTD,Other Operating Expenses:Corporate - General Expenses,300.0
sg_pte_ltd,14/11/2024,Abwin Leasing,Trade and other payables,-1526.0
sg_pte_ltd,14/11/2024,Abwin Leasing,Due from Fleet,1526.0
sg_pte_ltd,18/11/2024,MoEngage,Trade and other payables - USD,-3050.36
sg_pte_ltd,19/11/2024,Elite Car Ventures,Trade and other payables,0.0
sg_pte_ltd,19/11/2024,Elite Car Ventures,Trade and other payables,-3041.1
sg_pte_ltd,19/11/2024,Elite Car Ventures,Cost of Overhead Related to Service:Operating Expenses:Workshop,3041.1
sg_pte_ltd,19/11/2024,Elite Car Ventures,Trade and other payables,0.0
sg_pte_ltd,20/11/2024,Aircall,Trade and other payables - USD,-3517.45
sg_pte_ltd,20/11/2024,VR Graphics,Trade and other payables - INR,-237.95
sg_pte_ltd,21/11/2024,ComfortDelGro Rent-A-Car Pte Ltd,Trade and other payables,-850.2
sg_pte_ltd,21/11/2024,ComfortDelGro Rent-A-Car Pte Ltd,Due from Fleet,850.2
sg_pte_ltd,21/11/2024,Komoco,Trade and other payables,0.0
sg_pte_ltd,23/11/2024,Abwin Leasing,Trade and other payables,-1526.0
sg_pte_ltd,25/11/2024,Incrementors,Trade and other payables,-1355.7
sg_pte_ltd,25/11/2024,Incrementors,"AI, Internet & Website Maintenance fees",1355.7
sg_pte_ltd,28/11/2024,ARENA DETAILING PTE. LTD,Trade and other payables,-380.0
sg_pte_ltd,28/11/2024,ARENA DETAILING PTE. LTD,Cost of Overhead Related to Service:Operating Expenses:Sticker payouts,380.0
sg_pte_ltd,29/11/2024,Aircall,Trade and other payables - USD,-4861.39
sg_pte_ltd,29/11/2024,Aircall,Other Operating Expenses:Technology System Cost,4861.39
sg_pte_ltd,30/11/2024,Elite Car Ventures,Trade and other payables,-2408.9
sg_pte_ltd,30/11/2024,Elite Car Ventures,Cost of Overhead Related to Service:Operating Expenses:Workshop,2408.9
sg_pte_ltd,30/11/2024,AWS,Trade and other payables,-3058.69
sg_pte_ltd,30/11/2024,AWS,Other Operating Expenses:Technology System Cost,3058.69
sg_pte_ltd,30/11/2024,AWS,Trade and other payables,-12543.91
sg_pte_ltd,30/11/2024,AWS,Other Operating Expenses:Technology System Cost,12543.91
sg_pte_ltd,30/11/2024,Onfido,Trade and other payables - USD,-16105.02
sg_pte_ltd,30/11/2024,Onfido,Other Operating Expenses:Technology System Cost,16105.02
sg_pte_ltd,30/11/2024,Cycle and Carriage,Trade and other payables,-22650.0
sg_pte_ltd,30/11/2024,Cycle and Carriage,Due from Fleet,22650.0
sg_pte_ltd,04/12/2024,NTUC,Trade and other payables,-16292.41
sg_pte_ltd,04/12/2024,NTUC,Cost of Service:Insurance,16292.41
sg_pte_ltd,11/12/2024,Aircall,Trade and other payables - USD,-4618.48
sg_pte_ltd,11/12/2024,ARENA DETAILING PTE. LTD,Trade and other payables,0.0
sg_pte_ltd,14/12/2024,Abwin Leasing,Trade and other payables,-1526.0
sg_pte_ltd,14/12/2024,Abwin Leasing,Due from Fleet,1526.0
sg_pte_ltd,20/12/2024,Tokio Marine,Trade and other payables,-13787.96
sg_pte_ltd,20/12/2024,Tokio Marine,Cost of Service:Insurance,13787.96
sg_pte_ltd,25/12/2024,Incrementors,Trade and other payables,-1355.72
sg_pte_ltd,25/12/2024,Incrementors,"AI, Internet & Website Maintenance fees",1355.72
sg_pte_ltd,28/12/2024,ARENA DETAILING PTE. LTD,Trade and other payables,-660.0
sg_pte_ltd,28/12/2024,ARENA DETAILING PTE. LTD,Cost of Overhead Related to Service:Operating Expenses:Sticker payouts,660.0
sg_pte_ltd,31/12/2024,AWS,Trade and other payables,-189.02
sg_pte_ltd,31/12/2024,AWS,Other Operating Expenses:Technology System Cost,189.02
sg_pte_ltd,31/12/2024,AWS,Trade and other payables,-11207.29
sg_pte_ltd,31/12/2024,AWS,Other Operating Expenses:Technology System Cost,11207.29
sg_pte_ltd,31/12/2024,AWS,Trade and other payables,-3126.55
sg_pte_ltd,31/12/2024,AWS,Other Operating Expenses:Technology System Cost,3126.55
sg_pte_ltd,31/12/2024,Onfido,Trade and other payables - USD,-15611.02
sg_pte_ltd,31/12/2024,Onfido,Other Operating Expenses:Technology System Cost,15611.02
sg_pte_ltd,31/12/2024,Cycle and Carriage,Trade and other payables,-22650.0
sg_pte_ltd,31/12/2024,Cycle and Carriage,Due from Fleet,22650.0
sg_pte_ltd,03/01/2025,Intercom,Trade and other payables - USD,-26194.96
sg_pte_ltd,03/01/2025,Intercom,Other Operating Expenses:Technology System Cost,26194.96
sg_pte_ltd,09/01/2025,Blackcoffer data tech,Trade and other payables - USD,0.0
sg_pte_ltd,14/01/2025,Abwin Leasing,Trade and other payables,-1526.0
sg_pte_ltd,14/01/2025,Abwin Leasing,Due from Fleet,1526.0
sg_pte_ltd,16/01/2025,Incrementors,Trade and other payables,-1355.7
sg_pte_ltd,16/01/2025,Tow lah,Trade and other payables,-4350.0
sg_pte_ltd,21/01/2025,Aircall,Trade and other payables - USD,-4861.39
sg_pte_ltd,22/01/2025,Abwin Leasing,Trade and other payables,-1526.0
sg_pte_ltd,22/01/2025,Tokio Marine,Trade and other payables,-20931.82
sg_pte_ltd,22/01/2025,Tokio Marine,Cost of Service:Insurance,20931.82
sg_pte_ltd,24/01/2025,Tokio Marine,Trade and other payables,-10902.18
sg_pte_ltd,24/01/2025,Tokio Marine,Trade and other payables,-29934.13
sg_pte_ltd,25/01/2025,Tokio Marine,Trade and other payables,-17442.73
sg_pte_ltd,25/01/2025,Tokio Marine,Cost of Service:Insurance,17442.73
sg_pte_ltd,25/01/2025,NTUC,Trade and other payables,-3025.65
sg_pte_ltd,25/01/2025,NTUC,Cost of Service:Insurance,3025.65
sg_pte_ltd,25/01/2025,Incrementors,Trade and other payables,-1355.72
sg_pte_ltd,25/01/2025,Incrementors,"AI, Internet & Website Maintenance fees",1355.72
sg_pte_ltd,25/01/2025,ARENA DETAILING PTE. LTD,Trade and other payables,-330.0
sg_pte_ltd,25/01/2025,ARENA DETAILING PTE. LTD,Cost of Overhead Related to Service:Operating Expenses:Sticker payouts,330.0
sg_pte_ltd,29/01/2025,Aircall,Trade and other payables - USD,-5279.23
sg_pte_ltd,29/01/2025,Aircall,Other Operating Expenses:Technology System Cost,5279.23
sg_pte_ltd,31/01/2025,Incrementors,Trade and other payables,-1355.72
sg_pte_ltd,31/01/2025,Incrementors,Trade and other payables,-1355.72
sg_pte_ltd,03/02/2025,Intercom,Trade and other payables - USD,-529.86
sg_pte_ltd,03/02/2025,Intercom,Other Operating Expenses:Technology System Cost,529.86
sg_pte_ltd,14/02/2025,Abwin Leasing,Trade and other payables,-1526.0
sg_pte_ltd,14/02/2025,Abwin Leasing,Due from Fleet,1526.0
sg_pte_ltd,18/02/2025,Abwin Leasing,Trade and other payables,-1526.0
sg_pte_ltd,21/02/2025,ARENA DETAILING PTE. LTD,Trade and other payables,-330.0
sg_pte_ltd,21/02/2025,ARENA DETAILING PTE. LTD,Trade and other payables,-660.0
sg_pte_ltd,23/02/2025,Venture Haven,Trade and other payables,-2022.0
sg_pte_ltd,23/02/2025,Venture Haven,Other Operating Expenses:Corporate - Audit and Tax Fees,2022.0
sg_pte_ltd,23/02/2025,Venture Haven,Trade and other payables,-3657.0
sg_pte_ltd,23/02/2025,Venture Haven,Due From Ventures,3657.0
sg_pte_ltd,23/02/2025,NSD Corp Pte Ltd,Trade and other payables,-1800.0
sg_pte_ltd,23/02/2025,NSD Corp Pte Ltd,Due From Ventures,1800.0
sg_pte_ltd,24/02/2025,Elite Car Ventures,Trade and other payables,0.0
sg_pte_ltd,24/02/2025,Elite Car Ventures,Cost of Overhead Related to Service:Operating Expenses:Workshop,0.0
sg_pte_ltd,25/02/2025,Tokio Marine,Trade and other payables,-17138.61
sg_pte_ltd,25/02/2025,Tokio Marine,Cost of Service:Insurance,17138.61
sg_pte_ltd,25/02/2025,Incrementors,Trade and other payables,-1357.09
sg_pte_ltd,25/02/2025,Incrementors,"AI, Internet & Website Maintenance fees",1357.09
sg_pte_ltd,26/02/2025,AWS,Trade and other payables,-436.74
sg_pte_ltd,26/02/2025,AWS,Other Operating Expenses:Technology System Cost,436.74
sg_pte_ltd,27/02/2025,Venture Haven,Trade and other payables,-1200.0
sg_pte_ltd,27/02/2025,Venture Haven,Other Operating Expenses:Corporate - Fines and Penalties,1200.0
sg_pte_ltd,28/02/2025,Aircall,Trade and other payables - USD,-5546.75
sg_pte_ltd,28/02/2025,Aircall,Other Operating Expenses:Technology System Cost,5546.75
sg_pte_ltd,28/02/2025,Onfido,Trade and other payables - USD,-5407.1
sg_pte_ltd,28/02/2025,Onfido,Other Operating Expenses:Technology System Cost,5407.1
sg_pte_ltd,28/02/2025,AWS,Trade and other payables,0.0
sg_pte_ltd,28/02/2025,Onfido,Trade and other payables - USD,-549.29
sg_pte_ltd,28/02/2025,Onfido,Exchange Gain or Loss,549.29
sg_pte_ltd,01/03/2025,Tokio Marine,Trade and other payables,-15808.82
sg_pte_ltd,01/03/2025,Tokio Marine,Cost of Service:Insurance,15808.82
sg_pte_ltd,07/03/2025,Singapore Network Information Centre,Trade and other payables,-436.0
sg_pte_ltd,07/03/2025,Singapore Network Information Centre,Other Operating Expenses:Technology System Cost,436.0
sg_pte_ltd,11/03/2025,Singapore Network Information Centre,Trade and other payables,-436.0
sg_pte_ltd,12/03/2025,SELECTE PTE LTD,Trade and other payables,-300.0
sg_pte_ltd,12/03/2025,SELECTE PTE LTD,Other Operating Expenses:Corporate - General Expenses,300.0
sg_pte_ltd,13/03/2025,Elite Car Ventures,Trade and other payables,-2408.9
sg_pte_ltd,14/03/2025,Abwin Leasing,Trade and other payables,-1526.0
sg_pte_ltd,14/03/2025,Abwin Leasing,Due from Fleet,1526.0
sg_pte_ltd,20/03/2025,Abwin Leasing,Trade and other payables,-1526.0
sg_pte_ltd,20/03/2025,ComfortDelGro Rent-A-Car Pte Ltd,Trade and other payables,-675.8
sg_pte_ltd,20/03/2025,ComfortDelGro Rent-A-Car Pte Ltd,Trade and other payables,-850.2
sg_pte_ltd,23/03/2025,Incrementors,Trade and other payables,-1357.09
sg_pte_ltd,23/03/2025,Incrementors,"AI, Internet & Website Maintenance fees",1357.09
sg_pte_ltd,23/03/2025,NTUC,Trade and other payables,-5000.0
sg_pte_ltd,23/03/2025,NTUC,Cost of Service:Insurance,5000.0
sg_pte_ltd,24/03/2025,Tokio Marine,Trade and other payables,-3270.0
sg_pte_ltd,24/03/2025,Tokio Marine,Cost of Service:Insurance,3270.0
sg_pte_ltd,24/03/2025,Elite Car Ventures,Trade and other payables,0.0
sg_pte_ltd,24/03/2025,Elite Car Ventures,Cost of Overhead Related to Service:Operating Expenses:Workshop,0.0
sg_pte_ltd,24/03/2025,Elite Car Ventures,Cost of Overhead Related to Service:Operating Expenses,0.0
sg_pte_ltd,25/03/2025,Kwee Repair Services,Trade and other payables,-1620.0
sg_pte_ltd,25/03/2025,Kwee Repair Services,Cost of Overhead Related to Service:Operating Expenses:Workshop,1620.0
sg_pte_ltd,25/03/2025,ComfortDelGro Rent-A-Car Pte Ltd,Trade and other payables,-70.0
sg_pte_ltd,25/03/2025,ComfortDelGro Rent-A-Car Pte Ltd,Due from Fleet,70.0
sg_pte_ltd,28/03/2025,Kwee Repair Services,Trade and other payables,-1620.0
sg_pte_ltd,28/03/2025,AWS,Trade and other payables,0.0
sg_pte_ltd,29/03/2025,Aircall,Trade and other payables - USD,-4162.65
sg_pte_ltd,29/03/2025,Aircall,Other Operating Expenses:Technology System Cost,4162.65
sg_pte_ltd,31/03/2025,ComfortDelGro Rent-A-Car Pte Ltd,Trade and other payables,-11252.96
sg_pte_ltd,31/03/2025,ComfortDelGro Rent-A-Car Pte Ltd,Due from Fleet,11252.96
sg_pte_ltd,31/03/2025,Onfido,Trade and other payables - USD,-6912.73
sg_pte_ltd,31/03/2025,Onfido,Other Operating Expenses:Technology System Cost,6912.73
sg_pte_ltd,31/03/2025,NTUC,Trade and other payables,-3354.67
sg_pte_ltd,31/03/2025,NTUC,Cost of Service:Insurance,3354.67
sg_pte_ltd,01/04/2025,AWS,Trade and other payables,-5887.69
sg_pte_ltd,01/04/2025,AWS,Other Operating Expenses:Technology System Cost,5887.69
sg_pte_ltd,01/04/2025,AWS,Trade and other payables,-225.63
sg_pte_ltd,01/04/2025,AWS,Other Operating Expenses:Technology System Cost,225.63
sg_pte_ltd,01/04/2025,Tokio Marine,Trade and other payables,-15857.87
sg_pte_ltd,01/04/2025,Tokio Marine,Cost of Service:Insurance,15857.87
sg_pte_ltd,01/04/2025,Aircall,Trade and other payables - USD,-5546.75
sg_pte_ltd,01/04/2025,Aircall,Trade and other payables - USD,-5279.23
sg_pte_ltd,03/04/2025,Onfido,Trade and other payables - USD,-13433.01
sg_pte_ltd,03/04/2025,Onfido,Exchange Gain or Loss,-13433.01
sg_pte_ltd,08/04/2025,NTUC,Trade and other payables,-2668.94
sg_pte_ltd,08/04/2025,NTUC,Cost of Service:Insurance,2668.94
sg_pte_ltd,08/04/2025,NTUC,Trade and other payables,-2668.94
sg_pte_ltd,08/04/2025,NTUC,Trade and other payables,-3025.65
sg_pte_ltd,09/04/2025,SELECTE PTE LTD,Trade and other payables,-300.0
sg_pte_ltd,11/04/2025,Tokio Marine,Trade and other payables,-3270.0
sg_pte_ltd,11/04/2025,SIVAPRAKASAM GOKULA KRISHNAN,Trade and other payables,-840.0
sg_pte_ltd,11/04/2025,SIVAPRAKASAM GOKULA KRISHNAN,Cost of Overhead Related to Service:Operating Expenses:Damage,840.0
sg_pte_ltd,14/04/2025,Abwin Leasing,Trade and other payables,-1526.0
sg_pte_ltd,14/04/2025,Abwin Leasing,Due from Fleet,1526.0
sg_pte_ltd,15/04/2025,Abwin Leasing,Trade and other payables,-1526.0
sg_pte_ltd,15/04/2025,Incrementors,Trade and other payables,-1357.09
sg_pte_ltd,24/04/2025,Elite Car Ventures,Trade and other payables,0.0
sg_pte_ltd,24/04/2025,Elite Car Ventures,Cost of Overhead Related to Service:Operating Expenses,0.0
sg_pte_ltd,25/04/2025,Fixedlah,Trade and other payables,-250.0
sg_pte_ltd,25/04/2025,Fixedlah,Cost of Overhead Related to Service:Operating Expenses:Workshop,250.0
sg_pte_ltd,25/04/2025,Incrementors,Trade and other payables,-1357.09
sg_pte_ltd,25/04/2025,AWS,Trade and other payables,-11362.18
sg_pte_ltd,25/04/2025,Onfido,Trade and other payables - USD,-3206.08
sg_pte_ltd,25/04/2025,Onfido,Exchange Gain or Loss,-3206.08
sg_pte_ltd,26/04/2025,Intercom,Trade and other payables - USD,-529.86
sg_pte_ltd,29/04/2025,Aircall,Trade and other payables - USD,-3874.03
sg_pte_ltd,29/04/2025,Aircall,Other Operating Expenses:Technology System Cost,3874.03
sg_pte_ltd,30/04/2025,Onfido,Trade and other payables - USD,-7104.03
sg_pte_ltd,30/04/2025,Onfido,Other Operating Expenses:Technology System Cost,7104.03
sg_pte_ltd,30/04/2025,ComfortDelGro Rent-A-Car Pte Ltd,Trade and other payables,-11143.31
sg_pte_ltd,30/04/2025,ComfortDelGro Rent-A-Car Pte Ltd,Due from Fleet,11143.31
sg_pte_ltd,01/05/2025,AWS,Trade and other payables,-5451.07
sg_pte_ltd,01/05/2025,AWS,Other Operating Expenses:Technology System Cost,5451.07
sg_pte_ltd,01/05/2025,AWS,Trade and other payables,-173.15
sg_pte_ltd,01/05/2025,AWS,Other Operating Expenses:Technology System Cost,173.15
sg_pte_ltd,01/05/2025,Tokio Marine,Trade and other payables,-21057.71
sg_pte_ltd,01/05/2025,Tokio Marine,Cost of Service:Insurance,21057.71
sg_pte_ltd,03/05/2025,Intercom,Trade and other payables - USD,-842.94
sg_pte_ltd,03/05/2025,Intercom,Other Operating Expenses:Technology System Cost,842.94
sg_pte_ltd,05/05/2025,NTUC,Trade and other payables,-1803.5
sg_pte_ltd,05/05/2025,NTUC,Cost of Service:Insurance,1803.5
sg_pte_ltd,05/05/2025,NTUC,Trade and other payables,-2653.33
sg_pte_ltd,05/05/2025,NTUC,Cost of Service:Insurance,2653.33
sg_pte_ltd,07/05/2025,GOH CHEE CHENG,Trade and other payables,-500.0
sg_pte_ltd,07/05/2025,GOH CHEE CHENG,Cost of Overhead Related to Service:Operating Expenses:Damage,500.0
sg_pte_ltd,13/05/2025,SELECTE PTE LTD,Trade and other payables,-300.0
sg_pte_ltd,13/05/2025,SELECTE PTE LTD,Other Operating Expenses:Corporate - General Expenses,300.0
sg_pte_ltd,15/05/2025,Abwin Leasing,Trade and other payables,-1526.0
sg_pte_ltd,15/05/2025,Abwin Leasing,Due from Fleet,1526.0
sg_pte_ltd,15/05/2025,Abwin Leasing,Trade and other payables,0.0
sg_pte_ltd,20/05/2025,Abwin Leasing,Trade and other payables,-1526.0
sg_pte_ltd,24/05/2025,Elite Car Ventures,Trade and other payables,0.0
sg_pte_ltd,24/05/2025,Elite Car Ventures,Cost of Overhead Related to Service:Operating Expenses,0.0
sg_pte_ltd,25/05/2025,Fixedlah,Trade and other payables,-670.0
sg_pte_ltd,25/05/2025,Fixedlah,Cost of Overhead Related to Service:Operating Expenses:Workshop,670.0
sg_pte_ltd,25/05/2025,Fixedlah,Trade and other payables,-1670.0
sg_pte_ltd,25/05/2025,Fixedlah,Cost of Overhead Related to Service:Operating Expenses:Workshop,1670.0
sg_pte_ltd,25/05/2025,Fixedlah,Trade and other payables,-750.0
sg_pte_ltd,25/05/2025,Fixedlah,Cost of Overhead Related to Service:Operating Expenses:Workshop,750.0
sg_pte_ltd,25/05/2025,Fixedlah,Trade and other payables,-8660.0
sg_pte_ltd,25/05/2025,Fixedlah,Cost of Overhead Related to Service:Operating Expenses:Workshop,8660.0
sg_pte_ltd,29/05/2025,Aircall,Trade and other payables - USD,-3500.83
sg_pte_ltd,29/05/2025,Aircall,Other Operating Expenses:Technology System Cost,3500.83
sg_pte_ltd,31/05/2025,Cycle and Carriage,Trade and other payables,-22650.0
sg_pte_ltd,31/05/2025,Cycle and Carriage,Due from Fleet,22650.0
sg_pte_ltd,31/05/2025,Onfido,Trade and other payables - USD,-6044.66
sg_pte_ltd,31/05/2025,Onfido,Other Operating Expenses:Technology System Cost,6044.66
sg_pte_ltd,31/05/2025,NTUC,Trade and other payables,-3696.34
sg_pte_ltd,31/05/2025,NTUC,Cost of Service:Insurance,3696.34
sg_pte_ltd,31/05/2025,ComfortDelGro Rent-A-Car Pte Ltd,Trade and other payables,-10110.92
sg_pte_ltd,31/05/2025,ComfortDelGro Rent-A-Car Pte Ltd,Due from Fleet,10110.92
sg_pte_ltd,01/06/2025,Tokio Marine,Trade and other payables,-10898.91
sg_pte_ltd,01/06/2025,Tokio Marine,Cost of Service:Insurance,10898.91
sg_pte_ltd,01/06/2025,Tokio Marine,Trade and other payables,-10902.18
sg_pte_ltd,01/06/2025,Tokio Marine,Cost of Service:Insurance,10902.18
sg_pte_ltd,01/06/2025,AWS,Trade and other payables,-5683.58
sg_pte_ltd,01/06/2025,AWS,Other Operating Expenses:Technology System Cost,5683.58
sg_pte_ltd,01/06/2025,AWS,Trade and other payables,-172.95
sg_pte_ltd,01/06/2025,AWS,Other Operating Expenses:Technology System Cost,172.95
sg_pte_ltd,02/06/2025,Ridhi Karan,Trade and other payables - INR,0.0
sg_pte_ltd,02/06/2025,SELECTE PTE LTD,Trade and other payables,-300.0
sg_pte_ltd,04/06/2025,Tokio Marine,Trade and other payables,-10902.18
sg_pte_ltd,04/06/2025,Tokio Marine,Cost of Service:Insurance,10902.18
sg_pte_ltd,10/06/2025,Aircall,Trade and other payables - USD,-3874.03
sg_pte_ltd,10/06/2025,Aircall,Trade and other payables - USD,-4162.65
sg_pte_ltd,11/06/2025,Fixedlah,Trade and other payables,-2420.0
sg_pte_ltd,11/06/2025,Fixedlah,Cost of Overhead Related to Service:Operating Expenses:Workshop,2420.0
sg_pte_ltd,11/06/2025,Fixedlah,Trade and other payables,0.0
sg_pte_ltd,11/06/2025,Tokio Marine,Trade and other payables,-4360.0
sg_pte_ltd,11/06/2025,Tokio Marine,Cost of Service:Insurance,4360.0
sg_pte_ltd,14/06/2025,Abwin Leasing,Trade and other payables,-1526.0
sg_pte_ltd,14/06/2025,Abwin Leasing,Due from Fleet,1526.0
sg_pte_ltd,17/06/2025,Vin's Motor Pte Ltd,Trade and other payables,-3270.0
sg_pte_ltd,17/06/2025,Vin's Motor Pte Ltd,Cost of Overhead Related to Service:Operating Expenses:Workshop,3270.0
sg_pte_ltd,21/06/2025,Fixedlah,Trade and other payables,-300.0
sg_pte_ltd,21/06/2025,Fixedlah,Cost of Overhead Related to Service:Operating Expenses:Workshop,300.0
sg_pte_ltd,24/06/2025,Tokio Marine,Trade and other payables,-12688.15
sg_pte_ltd,24/06/2025,Tokio Marine,Cost of Service:Insurance,12688.15
sg_pte_ltd,24/06/2025,AWS,Trade and other payables,-189.02
sg_pte_ltd,24/06/2025,AWS,Trade and other payables,-173.15
sg_pte_ltd,24/06/2025,AWS,Trade and other payables,-436.74
sg_pte_ltd,24/06/2025,AWS,Trade and other payables,-5451.07
sg_pte_ltd,24/06/2025,AWS,Trade and other payables,-225.63
sg_pte_ltd,24/06/2025,AWS,Trade and other payables,-5887.69
sg_pte_ltd,29/06/2025,Aircall,Trade and other payables - USD,-3911.39
sg_pte_ltd,29/06/2025,Aircall,Other Operating Expenses:Technology System Cost,3911.39
sg_pte_ltd,30/06/2025,Onfido,Trade and other payables - USD,-5787.12
sg_pte_ltd,30/06/2025,Onfido,Other Operating Expenses:Technology System Cost,5787.12
sg_pte_ltd,30/06/2025,Abwin Leasing,Trade and other payables,-1526.0
sg_pte_ltd,01/07/2025,Fixedlah,Trade and other payables,-4300.0
sg_pte_ltd,01/07/2025,Fixedlah,Cost of Overhead Related to Service:Operating Expenses:Workshop,4300.0
sg_pte_ltd,01/07/2025,Fixedlah,Trade and other payables,0.0
sg_pte_ltd,01/07/2025,NTUC,Trade and other payables,-3519.42
sg_pte_ltd,01/07/2025,NTUC,Cost of Service:Insurance,3519.42
sg_pte_ltd,02/07/2025,Fixedlah,Trade and other payables,-6158.0
sg_pte_ltd,02/07/2025,Fixedlah,Cost of Overhead Related to Service:Operating Expenses:Workshop,6158.0
sg_pte_ltd,02/07/2025,Fixedlah,Trade and other payables,0.0
sg_pte_ltd,03/07/2025,Intercom,Trade and other payables - USD,-24565.93
sg_pte_ltd,03/07/2025,Intercom,Other Operating Expenses:Technology System Cost,24565.93
sg_pte_ltd,03/07/2025,Fixedlah,Trade and other payables,-8660.0
sg_pte_ltd,03/07/2025,Fixedlah,Trade and other payables,-250.0
sg_pte_ltd,06/07/2025,Fixedlah,Trade and other payables,-400.0
sg_pte_ltd,06/07/2025,Fixedlah,Cost of Overhead Related to Service:Operating Expenses:Workshop,400.0
sg_pte_ltd,07/07/2025,KORE Wireless Inc.,Trade and other payables - USD,-464.28
sg_pte_ltd,08/07/2025,NTUC,Trade and other payables,-476.18
sg_pte_ltd,08/07/2025,NTUC,Cost of Service:Insurance,476.18
sg_pte_ltd,09/07/2025,Mova Automotive Pte Ltd,Trade and other payables,-3270.0
sg_pte_ltd,09/07/2025,Tokio Marine,Trade and other payables,-3270.0
sg_pte_ltd,14/07/2025,Abwin Leasing,Trade and other payables,-1526.0
sg_pte_ltd,14/07/2025,Abwin Leasing,Due from Fleet,1526.0
sg_pte_ltd,16/07/2025,Onfido,Trade and other payables - USD,-5407.1
sg_pte_ltd,16/07/2025,Onfido,Trade and other payables - USD,-6990.34
sg_pte_ltd,16/07/2025,Onfido,Exchange Gain or Loss,-6990.34
sg_pte_ltd,16/07/2025,Onfido,Trade and other payables - USD,-3134.83
sg_pte_ltd,16/07/2025,Onfido,Exchange Gain or Loss,-3134.83
sg_pte_ltd,16/07/2025,Onfido,Trade and other payables - USD,-6616.72
sg_pte_ltd,16/07/2025,Onfido,Exchange Gain or Loss,-6616.72
sg_pte_ltd,16/07/2025,Onfido,Trade and other payables - USD,-3135.07
sg_pte_ltd,16/07/2025,Onfido,Exchange Gain or Loss,-3135.07
sg_pte_ltd,16/07/2025,Fixedlah,Trade and other payables,-800.0
sg_pte_ltd,16/07/2025,Fixedlah,Cost of Overhead Related to Service:Operating Expenses:Workshop,800.0
sg_pte_ltd,19/07/2025,Fixedlah,Trade and other payables,-540.0
sg_pte_ltd,19/07/2025,Fixedlah,Cost of Overhead Related to Service:Operating Expenses:Workshop,540.0
sg_pte_ltd,20/07/2025,AWS,Trade and other payables,-183.54
sg_pte_ltd,20/07/2025,AWS,Other Operating Expenses:Technology System Cost,183.54
sg_pte_ltd,22/07/2025,Abwin Leasing,Trade and other payables,-1526.0
sg_pte_ltd,22/07/2025,Venture Haven,Trade and other payables,-2022.0
sg_pte_ltd,22/07/2025,Aircall,Trade and other payables - USD,-3500.83
sg_pte_ltd,23/07/2025,NSD Corp Pte Ltd,Trade and other payables,-1800.0
sg_pte_ltd,23/07/2025,Venture Haven,Trade and other payables,-3657.0
sg_pte_ltd,28/07/2025,CHENG CHUAN MOTOR SERVICES,Trade and other payables,-200.0
sg_pte_ltd,28/07/2025,CHENG CHUAN MOTOR SERVICES,Cost of Overhead Related to Service:Operating Expenses:Workshop,200.0
sg_pte_ltd,29/07/2025,Aircall,Trade and other payables - USD,-3873.75
sg_pte_ltd,29/07/2025,Aircall,Other Operating Expenses:Technology System Cost,3873.75
sg_pte_ltd,30/07/2025,Vin's Motor Pte Ltd,Trade and other payables,-2016.0
sg_pte_ltd,30/07/2025,Vin's Motor Pte Ltd,Cost of Overhead Related to Service:Operating Expenses:Workshop,2016.0
sg_pte_ltd,30/07/2025,Pier Counsel,Trade and other payables,-6150.0
sg_pte_ltd,30/07/2025,Pier Counsel,Due From Ventures,6150.0
sg_pte_ltd,31/07/2025,KORE Wireless Inc.,Trade and other payables - USD,-464.28
sg_pte_ltd,31/07/2025,KORE Wireless Inc.,Other Operating Expenses:Technology System Cost,464.28
sg_pte_ltd,31/07/2025,Onfido,Trade and other payables - USD,-6158.08
sg_pte_ltd,31/07/2025,Onfido,Other Operating Expenses:Technology System Cost,6158.08
sg_pte_ltd,31/07/2025,AWS,Trade and other payables,-6842.77
sg_pte_ltd,31/07/2025,AWS,Other Operating Expenses:Technology System Cost,6842.77
sg_pte_ltd,31/07/2025,Fixedlah,Trade and other payables,-3750.0
sg_pte_ltd,31/07/2025,Fixedlah,Cost of Overhead Related to Service:Operating Expenses:Workshop,3750.0
sg_pte_ltd,01/08/2025,AWS,Trade and other payables,-164.74
sg_pte_ltd,01/08/2025,AWS,Other Operating Expenses:Technology System Cost,164.74
sg_pte_ltd,01/08/2025,Fixedlah,Trade and other payables,-705.0
sg_pte_ltd,01/08/2025,Fixedlah,Cost of Overhead Related to Service:Operating Expenses:Workshop,705.0
sg_pte_ltd,01/08/2025,AWS,Trade and other payables,-168.18
sg_pte_ltd,01/08/2025,AWS,Other Operating Expenses:Technology System Cost,168.18
sg_pte_ltd,03/08/2025,Intercom,Trade and other payables - USD,-1116.55
sg_pte_ltd,03/08/2025,Intercom,Other Operating Expenses:Technology System Cost,1116.55
sg_pte_ltd,04/08/2025,Fixedlah,Trade and other payables,-500.0
sg_pte_ltd,04/08/2025,Fixedlah,Cost of Overhead Related to Service:Operating Expenses:Workshop,500.0
sg_pte_ltd,06/08/2025,Vin's Motor Pte Ltd,Trade and other payables,-3270.0
sg_pte_ltd,06/08/2025,Vin's Motor Pte Ltd,Trade and other payables,-2016.0
sg_pte_ltd,08/08/2025,Pier Counsel,Trade and other payables,-4750.0
sg_pte_ltd,08/08/2025,Pier Counsel,Due From Ventures,4750.0
sg_pte_ltd,11/08/2025,2020 Spray Painting Pte Lt,Trade and other payables,-2350.0
sg_pte_ltd,11/08/2025,2020 Spray Painting Pte Lt,Cost of Overhead Related to Service:Operating Expenses:Workshop,2350.0
sg_pte_ltd,12/08/2025,Tokio Marine,Trade and other payables,-3270.0
sg_pte_ltd,12/08/2025,Tokio Marine,Cost of Service:Insurance,3270.0
sg_pte_ltd,13/08/2025,CHENG CHUAN MOTOR SERVICES,Trade and other payables,-500.0
sg_pte_ltd,13/08/2025,CHENG CHUAN MOTOR SERVICES,Cost of Overhead Related to Service:Operating Expenses:Workshop,500.0
sg_pte_ltd,14/08/2025,Abwin Leasing,Trade and other payables,-1526.0
sg_pte_ltd,14/08/2025,Abwin Leasing,Due from Fleet,1526.0
sg_pte_ltd,14/08/2025,Abwin Leasing,Trade and other payables,0.0
sg_pte_ltd,15/08/2025,Onfido,Trade and other payables - USD,-5931.73
sg_pte_ltd,15/08/2025,Onfido,Other Operating Expenses:Technology System Cost,5931.73
sg_pte_ltd,19/08/2025,AWS,Trade and other payables,-86.64
sg_pte_ltd,19/08/2025,AWS,Other Operating Expenses:Technology System Cost,86.64
sg_pte_ltd,23/08/2025,Tokio Marine,Trade and other payables,-10898.91
sg_pte_ltd,23/08/2025,Tokio Marine,Trade and other payables,-12688.15
sg_pte_ltd,23/08/2025,Tokio Marine,Trade and other payables,-15857.87
sg_pte_ltd,23/08/2025,Tokio Marine,Trade and other payables,-17138.61
sg_pte_ltd,23/08/2025,Tokio Marine,Trade and other payables,-17442.73
sg_pte_ltd,23/08/2025,Tokio Marine,Trade and other payables,-21057.71
sg_pte_ltd,23/08/2025,Tokio Marine,Trade and other payables,-15808.82
sg_pte_ltd,23/08/2025,Tokio Marine,Trade and other payables,-16031.8
sg_pte_ltd,23/08/2025,Tokio Marine,Trade and other payables,-13787.96
sg_pte_ltd,23/08/2025,Tokio Marine,Trade and other payables,-20931.82
sg_pte_ltd,23/08/2025,Tokio Marine,Trade and other payables,-10902.18
sg_pte_ltd,25/08/2025,CHENG CHUAN MOTOR SERVICES,Trade and other payables,-880.0
sg_pte_ltd,25/08/2025,CHENG CHUAN MOTOR SERVICES,Cost of Overhead Related to Service:Operating Expenses:Workshop,880.0
sg_pte_ltd,25/08/2025,Intercom,Trade and other payables - USD,-24565.93
sg_pte_ltd,26/08/2025,Venture Haven,Trade and other payables,-109.0
sg_pte_ltd,26/08/2025,Venture Haven,Due From Ventures,109.0
sg_pte_ltd,26/08/2025,Venture Haven,Trade and other payables,-109.0
sg_pte_ltd,26/08/2025,AWS,Trade and other payables,-86.64
sg_pte_ltd,26/08/2025,ACCORD AUTOCARE PTE LTD,Trade and other payables,-2372.34
sg_pte_ltd,26/08/2025,ACCORD AUTOCARE PTE LTD,Cost of Overhead Related to Service:Operating Expenses:Workshop,2372.34
sg_pte_ltd,27/08/2025,Fixedlah,Trade and other payables,-689.0
sg_pte_ltd,27/08/2025,Fixedlah,Cost of Overhead Related to Service:Operating Expenses:Workshop,689.0
sg_pte_ltd,27/08/2025,Venture Haven,Trade and other payables,-3825.9
sg_pte_ltd,27/08/2025,Venture Haven,Due From Ventures,3825.9
sg_pte_ltd,28/08/2025,Pier Counsel,Trade and other payables,-4750.0
sg_pte_ltd,28/08/2025,Pier Counsel,Due From Ventures,4750.0
sg_pte_ltd,28/08/2025,Cycle and Carriage,Trade and other payables,-22650.0
sg_pte_ltd,29/08/2025,Inland Revenue Authority of Singapore,Trade and other payables,-2783.88
sg_pte_ltd,29/08/2025,Inland Revenue Authority of Singapore,Due From Ventures,2783.88
sg_pte_ltd,29/08/2025,Aircall,Trade and other payables - USD,-3862.46
sg_pte_ltd,29/08/2025,Aircall,Other Operating Expenses:Technology System Cost,3862.46
sg_pte_ltd,29/08/2025,Fixedlah,Trade and other payables,-1255.0
sg_pte_ltd,29/08/2025,Fixedlah,Cost of Overhead Related to Service:Operating Expenses:Workshop,1255.0
sg_pte_ltd,31/08/2025,KORE Wireless Inc.,Trade and other payables - USD,-449.83
sg_pte_ltd,31/08/2025,KORE Wireless Inc.,Other Operating Expenses:Technology System Cost,449.83
sg_pte_ltd,31/08/2025,KORE Wireless Inc.,Trade and other payables - USD,0.0
sg_pte_ltd,31/08/2025,NTUC,Trade and other payables,-4325.29
sg_pte_ltd,31/08/2025,NTUC,Cost of Service:Insurance,4325.29
sg_pte_ltd,31/08/2025,AWS,Trade and other payables,-7823.5
sg_pte_ltd,31/08/2025,AWS,Other Operating Expenses:Technology System Cost,7823.5
sg_pte_ltd,01/09/2025,AWS,Trade and other payables,-9730.12
sg_pte_ltd,01/09/2025,AWS,Other Operating Expenses:Technology System Cost,9730.12
sg_pte_ltd,01/09/2025,AWS,Trade and other payables,-166.51
sg_pte_ltd,01/09/2025,AWS,Other Operating Expenses:Technology System Cost,166.51
sg_pte_ltd,01/09/2025,Abwin Leasing,Trade and other payables,-1526.0
sg_pte_ltd,01/09/2025,ComfortDelGro Rent-A-Car Pte Ltd,Trade and other payables,-11143.31
sg_pte_ltd,01/09/2025,ComfortDelGro Rent-A-Car Pte Ltd,Trade and other payables,-11252.96
sg_pte_ltd,03/09/2025,Fixedlah,Trade and other payables,0.0
sg_pte_ltd,03/09/2025,Intercom,Trade and other payables - USD,-355.93
sg_pte_ltd,03/09/2025,Intercom,Other Operating Expenses:Technology System Cost,355.93
sg_pte_ltd,03/09/2025,Fixedlah,Trade and other payables,-2420.0
sg_pte_ltd,03/09/2025,Fixedlah,Trade and other payables,-4300.0
sg_pte_ltd,03/09/2025,Fixedlah,Trade and other payables,-6158.0
sg_pte_ltd,04/09/2025,Onfido,Trade and other payables - USD,-6441.75
sg_pte_ltd,04/09/2025,Onfido,Exchange Gain or Loss,-6441.75
sg_pte_ltd,04/09/2025,Onfido,Trade and other payables - USD,104.51
sg_pte_ltd,04/09/2025,Onfido,Exchange Gain or Loss,-104.51
sg_pte_ltd,06/09/2025,KORE Wireless Inc.,Trade and other payables - USD,-449.83
sg_pte_ltd,08/09/2025,CHENG CHUAN MOTOR SERVICES,Trade and other payables,-600.0
sg_pte_ltd,08/09/2025,CHENG CHUAN MOTOR SERVICES,Cost of Overhead Related to Service:Operating Expenses:Workshop,600.0
sg_pte_ltd,09/09/2025,Inland Revenue Authority of Singapore,Trade and other payables,-2783.88
sg_pte_ltd,10/09/2025,ComfortDelGro Rent-A-Car Pte Ltd,Trade and other payables,-70.0
sg_pte_ltd,12/09/2025,Pier Counsel,Trade and other payables,-4730.27
sg_pte_ltd,12/09/2025,Fixedlah,Trade and other payables,-3500.0
sg_pte_ltd,12/09/2025,Fixedlah,Cost of Overhead Related to Service:Operating Expenses:Workshop,3500.0
sg_pte_ltd,13/09/2025,Fixedlah,Trade and other payables,-520.0
sg_pte_ltd,13/09/2025,Fixedlah,Cost of Overhead Related to Service:Operating Expenses:Workshop,520.0
sg_pte_ltd,14/09/2025,Abwin Leasing,Trade and other payables,-1526.0
sg_pte_ltd,14/09/2025,Abwin Leasing,Due from Fleet,1526.0
sg_pte_ltd,18/09/2025,AWS,Trade and other payables,-191.19
sg_pte_ltd,18/09/2025,AWS,Other Operating Expenses:Corporate - Fines and Penalties,191.19
sg_pte_ltd,19/09/2025,SELECTE PTE LTD,Trade and other payables,-300.0
sg_pte_ltd,19/09/2025,Fixedlah,Trade and other payables,-1000.0
sg_pte_ltd,19/09/2025,Fixedlah,Cost of Overhead Related to Service:Operating Expenses:Workshop,1000.0
sg_pte_ltd,20/09/2025,Fixedlah,Trade and other payables,-650.0
sg_pte_ltd,20/09/2025,Fixedlah,Cost of Overhead Related to Service:Operating Expenses:Workshop,650.0
sg_pte_ltd,20/09/2025,Fixedlah,Trade and other payables,0.0
sg_pte_ltd,21/09/2025,Tow lah,Trade and other payables,-80.0
sg_pte_ltd,21/09/2025,Tow lah,Cost of Overhead Related to Service:Operating Expenses:Towing,80.0
sg_pte_ltd,22/09/2025,AWS,Trade and other payables,0.0
sg_pte_ltd,22/09/2025,AWS,Trade and other payables,0.0
sg_pte_ltd,22/09/2025,Fixedlah,Trade and other payables,-650.0
sg_pte_ltd,25/09/2025,SELECTE PTE LTD,Trade and other payables,-300.0
sg_pte_ltd,25/09/2025,SELECTE PTE LTD,Other Operating Expenses:Corporate - General Expenses,300.0
sg_pte_ltd,25/09/2025,Abwin Leasing,Trade and other payables,-1526.0
sg_pte_ltd,29/09/2025,Aircall,Trade and other payables - USD,-4351.83
sg_pte_ltd,29/09/2025,Aircall,Other Operating Expenses:Technology System Cost,4351.83
sg_pte_ltd,30/09/2025,NTUC,Trade and other payables,-3823.23
sg_pte_ltd,30/09/2025,NTUC,Cost of Service:Insurance,3823.23
sg_pte_ltd,30/09/2025,Onfido,Trade and other payables - USD,-5428.25
sg_pte_ltd,30/09/2025,Onfido,Other Operating Expenses:Technology System Cost,5428.25
sg_pte_ltd,01/10/2025,CHENG CHUAN MOTOR SERVICES,Trade and other payables,-250.0
sg_pte_ltd,01/10/2025,CHENG CHUAN MOTOR SERVICES,Cost of Overhead Related to Service:Operating Expenses:Workshop,250.0
sg_pte_ltd,02/10/2025,Intercom,Trade and other payables - USD,-399.04
sg_pte_ltd,02/10/2025,Intercom,Other Operating Expenses:Technology System Cost,399.04
sg_pte_ltd,02/10/2025,Abwin Leasing,Trade and other payables,-1526.0
sg_pte_ltd,02/10/2025,Abwin Leasing,Due from Fleet,1526.0
sg_pte_ltd,02/10/2025,Cycle and Carriage,Trade and other payables,-2180.0
sg_pte_ltd,02/10/2025,Cycle and Carriage,Due from Fleet,2180.0
sg_pte_ltd,03/10/2025,Intercom,Trade and other payables - USD,-23146.79
sg_pte_ltd,03/10/2025,Intercom,Other Operating Expenses:Technology System Cost,23146.79
sg_pte_ltd,07/10/2025,CITY NET EMPLOYMENT AGENCY PTE LTD,Trade and other payables,-1500.0
sg_pte_ltd,07/10/2025,CITY NET EMPLOYMENT AGENCY PTE LTD,Other Operating Expenses:Corporate - Legal Fees,1500.0
sg_pte_ltd,08/10/2025,GOH CHEE CHENG,Trade and other payables,-500.0
sg_pte_ltd,14/10/2025,Philhealthcare,Trade and other payables - USD,-6212.95
sg_pte_ltd,14/10/2025,Philhealthcare,Cost of Overhead Related to Service:Operating Expenses,6212.95
sg_pte_ltd,15/10/2025,Aircall,Trade and other payables - USD,-3867.58
sg_pte_ltd,15/10/2025,Aircall,Other Operating Expenses:Technology System Cost,3867.58
sg_pte_ltd,15/10/2025,Abwin Leasing,Trade and other payables,-1526.0
sg_pte_ltd,17/10/2025,Fixedlah,Trade and other payables,-610.0
sg_pte_ltd,17/10/2025,Fixedlah,Cost of Overhead Related to Service:Operating Expenses:Workshop,610.0
sg_pte_ltd,18/10/2025,Cycle and Carriage,Trade and other payables,-10000.0
sg_pte_ltd,22/10/2025,CITY NET EMPLOYMENT AGENCY PTE LTD,Trade and other payables,-1500.0
sg_pte_ltd,23/10/2025,NTUC,Trade and other payables,-4325.29
sg_pte_ltd,25/10/2025,Tokio Marine,Trade and other payables,-3270.0
sg_pte_ltd,25/10/2025,Tokio Marine,Cost of Service:Insurance,3270.0
sg_pte_ltd,27/10/2025,AWS,Trade and other payables,-233.68
sg_pte_ltd,27/10/2025,AWS,Other Operating Expenses:Corporate - Fines and Penalties,233.68
sg_pte_ltd,27/10/2025,Intercom,Trade and other payables - USD,-357.93
sg_pte_ltd,27/10/2025,Intercom,Exchange Gain or Loss,-357.93
sg_pte_ltd,29/10/2025,NTUC,Trade and other payables,-3823.23
sg_pte_ltd,29/10/2025,Aircall,Trade and other payables - USD,-4101.43
sg_pte_ltd,29/10/2025,Aircall,Other Operating Expenses:Technology System Cost,4101.43
sg_pte_ltd,31/10/2025,Onfido,Trade and other payables - USD,-5980.47
sg_pte_ltd,31/10/2025,Onfido,Other Operating Expenses:Technology System Cost,5980.47
sg_pte_ltd,31/10/2025,AWS,Trade and other payables,-169.88
sg_pte_ltd,31/10/2025,AWS,Other Operating Expenses:Technology System Cost,169.88
sg_pte_ltd,31/10/2025,AWS,Trade and other payables,-223.97
sg_pte_ltd,31/10/2025,AWS,Other Operating Expenses:Corporate - Fines and Penalties,223.97
sg_pte_ltd,31/10/2025,AWS,Trade and other payables,-8719.34
sg_pte_ltd,31/10/2025,AWS,Other Operating Expenses:Technology System Cost,8719.34
sg_pte_ltd,01/11/2025,AWS,Trade and other payables,-9099.82
sg_pte_ltd,01/11/2025,AWS,Other Operating Expenses:Technology System Cost,9099.82
sg_pte_ltd,03/11/2025,Fixedlah,Trade and other payables,-670.0
sg_pte_ltd,03/11/2025,Fixedlah,Trade and other payables,-750.0
sg_pte_ltd,03/11/2025,Fixedlah,Trade and other payables,-400.0
sg_pte_ltd,03/11/2025,Fixedlah,Trade and other payables,-300.0
sg_pte_ltd,03/11/2025,Fixedlah,Trade and other payables,-800.0
sg_pte_ltd,03/11/2025,Fixedlah,Trade and other payables,-540.0
sg_pte_ltd,03/11/2025,Fixedlah,Trade and other payables,-3750.0
sg_pte_ltd,03/11/2025,Intercom,Trade and other payables - USD,-392.83
sg_pte_ltd,03/11/2025,Intercom,Other Operating Expenses:Technology System Cost,392.83
sg_pte_ltd,03/11/2025,Fixedlah,Trade and other payables,-705.0
sg_pte_ltd,05/11/2025,Cycle and Carriage,Trade and other payables,-10000.0
sg_pte_ltd,06/11/2025,Fixedlah,Trade and other payables,-1670.0
sg_pte_ltd,06/11/2025,Fixedlah,Trade and other payables,-500.0
sg_pte_ltd,06/11/2025,Fixedlah,Trade and other payables,-1255.0
sg_pte_ltd,06/11/2025,Fixedlah,Trade and other payables,-689.0
sg_pte_ltd,06/11/2025,CHENG CHUAN MOTOR SERVICES,Trade and other payables,-500.0
sg_pte_ltd,06/11/2025,CHENG CHUAN MOTOR SERVICES,Trade and other payables,-880.0
sg_pte_ltd,06/11/2025,NTUC,Trade and other payables,0.0
sg_pte_ltd,06/11/2025,Fixedlah,Trade and other payables,-1000.0
sg_pte_ltd,06/11/2025,CHENG CHUAN MOTOR SERVICES,Trade and other payables,-250.0
sg_pte_ltd,06/11/2025,CHENG CHUAN MOTOR SERVICES,Trade and other payables,-600.0
sg_pte_ltd,06/11/2025,CHENG CHUAN MOTOR SERVICES,Trade and other payables,-200.0
sg_pte_ltd,09/11/2025,Tokio Marine,Trade and other payables,-3270.0
sg_pte_ltd,09/11/2025,Tokio Marine,Cost of Service:Insurance,3270.0
sg_pte_ltd,10/11/2025,Tokio Marine,Trade and other payables,-3270.0
sg_pte_ltd,10/11/2025,Tokio Marine,Cost of Service:Insurance,3270.0
sg_pte_ltd,10/11/2025,Fixedlah,Trade and other payables,-500.0
sg_pte_ltd,10/11/2025,Fixedlah,Cost of Overhead Related to Service:Operating Expenses:Workshop,500.0
sg_pte_ltd,12/11/2025,Pier Counsel,Trade and other payables,-4730.27
sg_pte_ltd,14/11/2025,Abwin Leasing,Trade and other payables,-1526.0
sg_pte_ltd,14/11/2025,Abwin Leasing,Due from Fleet,1526.0
sg_pte_ltd,15/11/2025,Philhealthcare,Trade and other payables - USD,-6212.95
sg_pte_ltd,18/11/2025,Abwin Leasing,Trade and other payables,-1526.0
sg_pte_ltd,20/11/2025,Onfido,Trade and other payables - USD,-5428.25
sg_pte_ltd,20/11/2025,Intercom,Trade and other payables - USD,-1116.55
sg_pte_ltd,20/11/2025,Intercom,Trade and other payables - USD,-399.04
sg_pte_ltd,20/11/2025,Intercom,Trade and other payables - USD,-392.83
sg_pte_ltd,20/11/2025,Intercom,Trade and other payables - USD,-842.94
sg_pte_ltd,21/11/2025,Onfido,Trade and other payables - USD,-50.67
sg_pte_ltd,21/11/2025,Onfido,Exchange Gain or Loss,50.67
sg_pte_ltd,21/11/2025,Onfido,Trade and other payables - USD,-87.75
sg_pte_ltd,21/11/2025,Onfido,Exchange Gain or Loss,87.75
sg_pte_ltd,21/11/2025,NTUC,Trade and other payables,-3681.68
sg_pte_ltd,21/11/2025,NTUC,Cost of Service:Insurance,3681.68
sg_pte_ltd,21/11/2025,NTUC,Trade and other payables,-3912.71
sg_pte_ltd,21/11/2025,NTUC,Cost of Service:Insurance,3912.71
sg_pte_ltd,23/11/2025,Abwin Leasing,Trade and other payables,0.0
sg_pte_ltd,23/11/2025,SELECTE PTE LTD,Trade and other payables,0.0
sg_pte_ltd,25/11/2025,Fixedlah,Trade and other payables,-3700.0
sg_pte_ltd,25/11/2025,Fixedlah,Cost of Overhead Related to Service:Operating Expenses:Workshop,3700.0
sg_pte_ltd,28/11/2025,Aircall,Trade and other payables - USD,-3873.75
sg_pte_ltd,29/11/2025,CHENG AUTO BODYWORKS,Trade and other payables,-3270.0
sg_pte_ltd,29/11/2025,CHENG AUTO BODYWORKS,Cost of Overhead Related to Service:Operating Expenses:Damage,3270.0
sg_pte_ltd,30/11/2025,Onfido,Trade and other payables - USD,-5995.58
sg_pte_ltd,30/11/2025,Onfido,Other Operating Expenses:Technology System Cost,5995.58
sg_pte_ltd,30/11/2025,AWS,Trade and other payables,-171.88
sg_pte_ltd,30/11/2025,AWS,Other Operating Expenses:Technology System Cost,171.88
sg_pte_ltd,30/11/2025,Intercom,Trade and other payables - USD,-293.21
sg_pte_ltd,30/11/2025,Intercom,Other Operating Expenses:Technology System Cost,293.21
sg_pte_ltd,30/11/2025,KORE Wireless Inc.,Trade and other payables - USD,-451.02
sg_pte_ltd,30/11/2025,KORE Wireless Inc.,Other Operating Expenses:Technology System Cost,451.02
sg_pte_ltd,30/11/2025,NTUC,Trade and other payables,-4036.55
sg_pte_ltd,30/11/2025,NTUC,Cost of Service:Insurance,4036.55
sg_pte_ltd,01/12/2025,Venture Haven,Trade and other payables,-3825.9
sg_pte_ltd,01/12/2025,Venture Haven,Trade and other payables,-1800.0
sg_pte_ltd,01/12/2025,Venture Haven,Due From Ventures,1800.0
sg_pte_ltd,01/12/2025,Aircall,Trade and other payables - USD,-3792.97
sg_pte_ltd,01/12/2025,Aircall,Other Operating Expenses:Technology System Cost,3792.97
sg_pte_ltd,02/12/2025,Venture Haven,Trade and other payables,-1800.0
sg_pte_ltd,02/12/2025,Venture Haven,Trade and other payables,-1800.0
sg_pte_ltd,02/12/2025,Venture Haven,Other Operating Expenses:Corporate - Fines and Penalties,1800.0
sg_pte_ltd,10/12/2025,Venture Haven,Trade and other payables,-490.5
sg_pte_ltd,10/12/2025,Venture Haven,Other Operating Expenses:Corporate - Legal Fees,490.5
sg_pte_ltd,10/12/2025,Venture Haven,Trade and other payables,-490.5
sg_pte_ltd,10/12/2025,Venture Haven,Other Operating Expenses:Corporate - Legal Fees,490.5
sg_pte_ltd,11/12/2025,Venture Haven,Trade and other payables,-1200.0
sg_pte_ltd,12/12/2025,Aircall,Trade and other payables - USD,-5904.28
sg_pte_ltd,12/12/2025,Cycle and Carriage,Trade and other payables,-20000.0
sg_pte_ltd,15/12/2025,AWS,Trade and other payables,-6842.77
sg_pte_ltd,15/12/2025,AWS,Trade and other payables,-7823.5
sg_pte_ltd,15/12/2025,Venture Haven,Trade and other payables,-490.5
sg_pte_ltd,15/12/2025,Venture Haven,Trade and other payables,-490.5
sg_pte_ltd,15/12/2025,Venture Haven,Trade and other payables,-481.5
sg_pte_ltd,15/12/2025,Venture Haven,Other Operating Expenses:Corporate - Legal Fees,481.5
sg_pte_ltd,17/12/2025,Tokio Marine,Trade and other payables,-4360.0
sg_pte_ltd,17/12/2025,NTUC,Trade and other payables,-3519.42
sg_pte_ltd,17/12/2025,NTUC,Trade and other payables,-3912.71
sg_pte_ltd,18/12/2025,Tokio Marine,Trade and other payables,-13701.85
sg_pte_ltd,18/12/2025,Tokio Marine,Cost of Service:Insurance,13701.85
sg_pte_ltd,24/12/2025,Onfido,Trade and other payables - USD,61.2
sg_pte_ltd,24/12/2025,Onfido,Exchange Gain or Loss,-61.2
sg_pte_ltd,24/12/2025,Intercom,Trade and other payables - USD,1621.76
sg_pte_ltd,24/12/2025,Intercom,Exchange Gain or Loss,-1621.76
sg_pte_ltd,30/12/2025,CHOON HUAT TYRE & BATTERY CO,Trade and other payables,-30.0
sg_pte_ltd,30/12/2025,CHOON HUAT TYRE & BATTERY CO,Cost of Overhead Related to Service:Operating Expenses:Workshop,30.0
sg_pte_ltd,30/12/2025,Venture Haven,Trade and other payables,-263.5
sg_pte_ltd,30/12/2025,Venture Haven,Other Operating Expenses:Corporate - Legal Fees,263.5
sg_pte_ltd,31/12/2025,Pier Counsel,Trade and other payables,-6129.76
sg_pte_ltd,31/12/2025,AWS,Trade and other payables,-171.33
sg_pte_ltd,31/12/2025,AWS,Other Operating Expenses:Technology System Cost,171.33
sg_pte_ltd,31/12/2025,AWS,Trade and other payables,-10574.6
sg_pte_ltd,31/12/2025,AWS,Other Operating Expenses:Technology System Cost,10574.6
sg_pte_ltd,31/12/2025,Pier Counsel,Trade and other payables,0.0
sg_pte_ltd,31/12/2025,Onfido,Trade and other payables - USD,-7569.1
sg_pte_ltd,31/12/2025,Onfido,Other Operating Expenses:Technology System Cost,7569.1
sg_pte_ltd,31/12/2025,Intercom,Trade and other payables - USD,-232.15
sg_pte_ltd,31/12/2025,Intercom,Other Operating Expenses:Technology System Cost,232.15
sg_pte_ltd,31/12/2025,KORE Wireless Inc.,Trade and other payables - USD,-461.35
sg_pte_ltd,31/12/2025,KORE Wireless Inc.,Other Operating Expenses:Technology System Cost,461.35
sg_pte_ltd,31/12/2025,NTUC,Trade and other payables,-5850.83
sg_pte_ltd,31/12/2025,NTUC,Cost of Service:Insurance,5850.83
sg_pte_ltd,02/01/2026,CHOON HUAT TYRE & BATTERY CO,Trade and other payables,-30.0
sg_pte_ltd,05/01/2026,KORE Wireless Inc.,Trade and other payables - USD,-461.35
sg_pte_ltd,07/01/2026,AWS,Trade and other payables,-171.33
sg_pte_ltd,07/01/2026,AWS,Trade and other payables,-171.88
sg_pte_ltd,07/01/2026,AWS,Trade and other payables,-223.97
sg_pte_ltd,07/01/2026,AWS,Trade and other payables,-169.88
sg_pte_ltd,07/01/2026,AWS,Trade and other payables,-233.68
sg_pte_ltd,07/01/2026,AWS,Trade and other payables,-166.51
sg_pte_ltd,07/01/2026,AWS,Trade and other payables,-9730.12
sg_pte_ltd,07/01/2026,AWS,Trade and other payables,-191.19
sg_pte_ltd,07/01/2026,AWS,Trade and other payables,-168.18
sg_pte_ltd,09/01/2026,Fixedlah,Trade and other payables,-800.0
sg_pte_ltd,09/01/2026,Fixedlah,Cost of Overhead Related to Service:Operating Expenses:Workshop,800.0
sg_pte_ltd,10/01/2026,Philhealthcare,Trade and other payables - USD,-6065.96
sg_pte_ltd,10/01/2026,Philhealthcare,Cost of Overhead Related to Service:Operating Expenses,6065.96
sg_pte_ltd,12/01/2026,Tokio Marine,Trade and other payables,-3270.0
sg_pte_ltd,12/01/2026,Fixedlah,Trade and other payables,-800.0
sg_pte_ltd,12/01/2026,CHENG AUTO BODYWORKS,Trade and other payables,-3270.0
sg_pte_ltd,12/01/2026,SIVAPRAKASAM GOKULA KRISHNAN,Trade and other payables,-840.0
sg_pte_ltd,14/01/2026,Commissioner of Inland Revenue,Trade and other payables,-3261.99
sg_pte_ltd,14/01/2026,Commissioner of Inland Revenue,Due From Ventures,3261.99
sg_pte_ltd,15/01/2026,Commissioner of Inland Revenue,Trade and other payables,-3261.99
sg_pte_ltd,15/01/2026,Tokio Marine,Trade and other payables,-3270.0
sg_pte_ltd,15/01/2026,NTUC,Trade and other payables,-1500.0
sg_pte_ltd,15/01/2026,NTUC,Cost of Service:Insurance,1500.0
sg_pte_ltd,15/01/2026,NTUC,Trade and other payables,-1500.0
sg_pte_ltd,15/01/2026,NTUC,Trade and other payables,-1803.5
sg_pte_ltd,15/01/2026,NTUC,Trade and other payables,-2653.33
sg_pte_ltd,15/01/2026,NTUC,Trade and other payables,-476.18
sg_pte_ltd,16/01/2026,AWS,Trade and other payables,-8719.34
sg_pte_ltd,16/01/2026,Cycle and Carriage,Trade and other payables,-5300.0
sg_pte_ltd,17/01/2026,CHENG CHUAN MOTOR SERVICES,Trade and other payables,-280.0
sg_pte_ltd,17/01/2026,CHENG CHUAN MOTOR SERVICES,Cost of Overhead Related to Service:Operating Expenses:Workshop,280.0
sg_pte_ltd,22/01/2026,Pro - Jex v2d,Trade and other payables,-2542.97
sg_pte_ltd,22/01/2026,Pro - Jex v2d,Cost of Overhead Related to Service:Operating Expenses:Workshop,2542.97
sg_pte_ltd,22/01/2026,Tokio Marine,Trade and other payables,-5784.91
sg_pte_ltd,22/01/2026,Tokio Marine,Cost of Service:Insurance,5784.91
sg_pte_ltd,23/01/2026,AWS,Trade and other payables,-9099.82
sg_pte_ltd,24/01/2026,Tokio Marine,Trade and other payables,-3270.0
sg_pte_ltd,24/01/2026,Tokio Marine,Cost of Service:Insurance,3270.0
sg_pte_ltd,26/01/2026,Tokio Marine,Trade and other payables,-18195.37
sg_pte_ltd,26/01/2026,Tokio Marine,Cost of Service:Insurance,18195.37
sg_pte_ltd,28/01/2026,Aircall,Trade and other payables - USD,-3611.5
sg_pte_ltd,28/01/2026,Aircall,Other Operating Expenses:Technology System Cost,3611.5
sg_pte_ltd,29/01/2026,Aircall,Trade and other payables - USD,-3609.89
sg_pte_ltd,29/01/2026,Aircall,Other Operating Expenses:Technology System Cost,3609.89
sg_pte_ltd,31/01/2026,NTUC,Trade and other payables,-4246.07
sg_pte_ltd,31/01/2026,NTUC,Cost of Service:Insurance,4246.07
sg_pte_ltd,31/01/2026,AWS,Trade and other payables,-170.05
sg_pte_ltd,31/01/2026,AWS,Other Operating Expenses:Technology System Cost,170.05
sg_pte_ltd,31/01/2026,AWS,Trade and other payables,-10365.04
sg_pte_ltd,31/01/2026,AWS,Other Operating Expenses:Technology System Cost,10365.04
sg_pte_ltd,31/01/2026,Onfido,Trade and other payables - USD,-7863.86
sg_pte_ltd,31/01/2026,Onfido,Other Operating Expenses:Technology System Cost,7863.86
sg_pte_ltd,31/01/2026,Tow lah,Trade and other payables,-120.0
sg_pte_ltd,31/01/2026,Tow lah,Cost of Overhead Related to Service:Operating Expenses:Towing,120.0
sg_pte_ltd,01/02/2026,Netrust Pte Ltd,Trade and other payables,-545.0
sg_pte_ltd,01/02/2026,Netrust Pte Ltd,Other Operating Expenses:Technology System Cost,545.0
sg_pte_ltd,01/02/2026,Onfido,Trade and other payables - USD,-15444.29
sg_pte_ltd,01/02/2026,Onfido,Other Operating Expenses:Technology System Cost,15444.29
sg_pte_ltd,02/02/2026,Mova Automotive Pte Ltd,Trade and other payables,-2539.7
sg_pte_ltd,02/02/2026,Mova Automotive Pte Ltd,Cost of Overhead Related to Service:Operating Expenses:Workshop,2539.7
sg_pte_ltd,03/02/2026,Intercom,Trade and other payables - USD,-226.35
sg_pte_ltd,03/02/2026,Intercom,Other Operating Expenses:Technology System Cost,226.35
sg_pte_ltd,04/02/2026,Tokio Marine,Trade and other payables,-3270.0
sg_pte_ltd,04/02/2026,Fixedlah,Trade and other payables,-140.0
sg_pte_ltd,04/02/2026,Fixedlah,Cost of Overhead Related to Service:Operating Expenses:Workshop,140.0
sg_pte_ltd,04/02/2026,Pro - Jex v2d,Trade and other payables,-2542.97
sg_pte_ltd,04/02/2026,Philhealthcare,Trade and other payables - USD,-5986.56
sg_pte_ltd,04/02/2026,Philhealthcare,Exchange Gain or Loss,-5986.56
sg_pte_ltd,05/02/2026,ELITE AM PTE LTD,Trade and other payables,-3270.0
sg_pte_ltd,05/02/2026,ELITE AM PTE LTD,Cost of Overhead Related to Service:Operating Expenses:Workshop,3270.0
sg_pte_ltd,06/02/2026,NTUC,Trade and other payables,-4036.55
sg_pte_ltd,06/02/2026,NTUC,Trade and other payables,-5850.83
sg_pte_ltd,09/02/2026,CHENG CHUAN MOTOR SERVICES,Trade and other payables,-250.0
sg_pte_ltd,09/02/2026,CHENG CHUAN MOTOR SERVICES,Cost of Overhead Related to Service:Operating Expenses:Workshop,250.0
sg_pte_ltd,09/02/2026,CHENG CHUAN MOTOR SERVICES,Trade and other payables,-250.0
sg_pte_ltd,09/02/2026,CHENG CHUAN MOTOR SERVICES,Cost of Overhead Related to Service:Operating Expenses:Workshop,250.0
sg_pte_ltd,10/02/2026,Netrust Pte Ltd,Trade and other payables,0.0
sg_pte_ltd,10/02/2026,Onfido,Trade and other payables - USD,0.0
sg_pte_ltd,11/02/2026,Fixedlah,Trade and other payables,-140.0
sg_pte_ltd,11/02/2026,Fixedlah,Trade and other payables,-3500.0
sg_pte_ltd,11/02/2026,Fixedlah,Trade and other payables,-520.0
sg_pte_ltd,11/02/2026,Fixedlah,Trade and other payables,-500.0
sg_pte_ltd,11/02/2026,Fixedlah,Trade and other payables,-610.0
sg_pte_ltd,12/02/2026,ComfortDelGro Rent-A-Car Pte Ltd,Trade and other payables,-10110.92
sg_pte_ltd,15/02/2026,SELECTE PTE LTD,Trade and other payables,-600.0
sg_pte_ltd,15/02/2026,SELECTE PTE LTD,Other Operating Expenses:Corporate - General Expenses,600.0
sg_pte_ltd,19/02/2026,Aircall,Trade and other payables - USD,-4007.65
sg_pte_ltd,19/02/2026,Aircall,Exchange Gain or Loss,-4007.65
sg_pte_ltd,19/02/2026,Aircall,Trade and other payables - USD,-1782.33
sg_pte_ltd,19/02/2026,Aircall,Exchange Gain or Loss,-1782.33
sg_pte_ltd,20/02/2026,Aircall,Trade and other payables - USD,-3609.89
sg_pte_ltd,20/02/2026,Aircall,Trade and other payables - USD,-3792.97
sg_pte_ltd,20/02/2026,Aircall,Trade and other payables - USD,-3611.5
sg_pte_ltd,20/02/2026,SELECTE PTE LTD,Trade and other payables,-600.0
sg_pte_ltd,25/02/2026,CHENG CHUAN MOTOR SERVICES,Trade and other payables,-1000.0
sg_pte_ltd,25/02/2026,CHENG CHUAN MOTOR SERVICES,Cost of Overhead Related to Service:Operating Expenses:Workshop,1000.0
sg_pte_ltd,28/02/2026,AWS,Trade and other payables,-9862.47
sg_pte_ltd,28/02/2026,AWS,Other Operating Expenses:Technology System Cost,9862.47
sg_pte_ltd,28/02/2026,AWS,Trade and other payables,-166.38
sg_pte_ltd,28/02/2026,AWS,Other Operating Expenses:Technology System Cost,166.38
sg_pte_ltd,28/02/2026,Netrust Pte Ltd,Trade and other payables,-545.0
sg_pte_ltd,28/02/2026,Netrust Pte Ltd,Other Operating Expenses:Technology System Cost,545.0
sg_pte_ltd,28/02/2026,Onfido,Trade and other payables - USD,-8671.74
sg_pte_ltd,28/02/2026,Onfido,Other Operating Expenses:Technology System Cost,8671.74
sg_pte_ltd,28/02/2026,Aircall,Trade and other payables - USD,-3048.29
sg_pte_ltd,28/02/2026,Aircall,Other Operating Expenses:Technology System Cost,3048.29
sg_pte_ltd,28/02/2026,NTUC,Trade and other payables,-4246.07
sg_pte_ltd,28/02/2026,NTUC,Cost of Service:Insurance,4246.07
sg_pte_ltd,01/03/2026,Venture Haven,Trade and other payables,0.0
sg_pte_ltd,03/03/2026,Intercom,Trade and other payables - USD,-215.56
sg_pte_ltd,03/03/2026,Intercom,Other Operating Expenses:Technology System Cost,215.56
sg_pte_ltd,03/03/2026,CHENG CHUAN MOTOR SERVICES,Trade and other payables,-750.0
sg_pte_ltd,03/03/2026,CHENG CHUAN MOTOR SERVICES,Cost of Overhead Related to Service:Operating Expenses:Workshop,750.0
sg_pte_ltd,09/03/2026,ELITE AM PTE LTD,Trade and other payables,-3270.0
sg_pte_ltd,09/03/2026,SELECTE PTE LTD,Trade and other payables,-200.0
sg_pte_ltd,12/03/2026,NTUC,Trade and other payables,-3000.0
sg_pte_ltd,12/03/2026,NTUC,Cost of Service:Insurance,3000.0
sg_pte_ltd,12/03/2026,Tokio Marine,Trade and other payables,-20000.0
sg_pte_ltd,15/03/2026,SELECTE PTE LTD,Trade and other payables,-200.0
sg_pte_ltd,15/03/2026,SELECTE PTE LTD,Other Operating Expenses:Corporate - General Expenses,200.0
sg_pte_ltd,16/03/2026,Philhealthcare,Trade and other payables - USD,-4780.85
sg_pte_ltd,16/03/2026,Philhealthcare,Cost of Overhead Related to Service:Operating Expenses,4780.85
sg_pte_ltd,17/03/2026,Fixedlah,Trade and other payables,-180.0
sg_pte_ltd,17/03/2026,Fixedlah,Cost of Overhead Related to Service:Operating Expenses:Workshop,180.0
sg_pte_ltd,17/03/2026,Fixedlah,Trade and other payables,-150.0
sg_pte_ltd,17/03/2026,Fixedlah,Cost of Overhead Related to Service:Operating Expenses:Workshop,150.0
sg_pte_ltd,20/03/2026,NTUC,Trade and other payables,-3000.0
sg_pte_ltd,25/03/2026,Venture Haven,Trade and other payables,-2185.5
sg_pte_ltd,25/03/2026,Venture Haven,Other Operating Expenses:Corporate - Legal Fees,2185.5
sg_pte_ltd,25/03/2026,Venture Haven,Trade and other payables,-5553.6
sg_pte_ltd,25/03/2026,Venture Haven,Other Operating Expenses:Corporate - Legal Fees,5553.6
sg_pte_ltd,25/03/2026,CHENG CHUAN MOTOR SERVICES,Trade and other payables,-100.0
sg_pte_ltd,25/03/2026,CHENG CHUAN MOTOR SERVICES,Cost of Overhead Related to Service:Operating Expenses:Workshop,100.0
sg_pte_ltd,26/03/2026,Mova Automotive Pte Ltd,Trade and other payables,-3270.0
sg_pte_ltd,26/03/2026,Mova Automotive Pte Ltd,Cost of Overhead Related to Service:Operating Expenses:Workshop,3270.0
sg_pte_ltd,27/03/2026,Intercom,Trade and other payables - USD,-23146.79
sg_pte_ltd,27/03/2026,Onfido,Trade and other payables - USD,-12853.5
sg_pte_ltd,27/03/2026,Onfido,Exchange Gain or Loss,-12853.5
sg_pte_ltd,31/03/2026,AWS,Trade and other payables,-169.52
sg_pte_ltd,31/03/2026,AWS,Other Operating Expenses:Technology System Cost,169.52
sg_pte_ltd,31/03/2026,Onfido,Trade and other payables - USD,-8953.46
sg_pte_ltd,31/03/2026,Onfido,Other Operating Expenses:Technology System Cost,8953.46
sg_pte_ltd,31/03/2026,AWS,Trade and other payables,-11315.15
sg_pte_ltd,31/03/2026,AWS,Other Operating Expenses:Technology System Cost,11315.15
au,14/12/2025,Penguin Risk Solutions,Accounts Payable (A/P),-82274.34
au,12/12/2025,Penguin Risk Solutions,Accounts Payable (A/P),-82274.34
au,10/09/2024,Defiant,Accounts Payable (A/P),-10996.7
au,23/08/2024,Defiant,Accounts Payable (A/P),-9038.38
au,27/06/2024,WP Towing,Accounts Payable (A/P),-385.0
au,18/04/2023,Insuret Premium (deleted),Accounts Payable (A/P),-20260.29
au,26/03/2023,Insuret Premium (deleted),Accounts Payable (A/P),-20260.29
au,30/04/2026,ISS First Response,Accounts Payable (A/P),-9659.49
au,30/04/2026,NORMAN CHAN,Accounts Payable (A/P),-198.0
au,30/04/2026,NORMAN CHAN,Accounts Payable (A/P),-1045.0
au,30/04/2026,SentriLock,Accounts Payable (A/P),-970.32
au,29/04/2026,Penguin Risk Solutions,Accounts Payable (A/P),-69472.07
au,29/04/2026,Autorola,Accounts Payable (A/P),-717.31
au,28/04/2026,Thinxtra,Accounts Payable (A/P),-10742.2
au,27/04/2026,Stephen Inner West Smash Repairs Pty Ltd,Accounts Payable (A/P),-1980.0
au,27/04/2026,Stephen Inner West Smash Repairs Pty Ltd,Accounts Payable (A/P),-3801.6
au,24/04/2026,Altimobility Corp -,Accounts Payable (A/P) - USD,-14045.54
au,15/04/2026,Rohde Smash Repair,Accounts Payable (A/P),-440.0
au,15/04/2026,ATO direct,Accounts Payable (A/P),-13546.18
au,10/04/2026,AUTOBODIES GOLD COAST,Accounts Payable (A/P),-4105.98
au,24/03/2026,Combined Towing,Accounts Payable (A/P),-1584.72
au,24/03/2026,Auto Tow Nominees Pty Ltd,Accounts Payable (A/P),-598.0
au,16/03/2026,1ST CLASS TOWING PTY LTD,Accounts Payable (A/P),-440.0
au,06/03/2026,EXPERIAN AUSTRALIA OPERATIONS,Accounts Payable (A/P),-5877.3
au,06/03/2026,EXPERIAN AUSTRALIA OPERATIONS,Accounts Payable (A/P),-5491.2
au,05/03/2026,U R Drive,Accounts Payable (A/P),-2000.0
au,04/03/2026,The Hollard Insurance Company,Accounts Payable (A/P),-3650.0
au,04/03/2026,Stephen Inner West Smash Repairs Pty Ltd,Accounts Payable (A/P),-5000.0
au,04/03/2026,Rohde Smash Repair,Accounts Payable (A/P),-3909.3
au,04/03/2026,NORMAN CHAN,Accounts Payable (A/P),-1034.0
au,04/03/2026,Stephen Inner West Smash Repairs Pty Ltd,Accounts Payable (A/P),-2090.0
au,04/03/2026,The Hollard Insurance Company,Accounts Payable (A/P),-2306.0
au,04/03/2026,MELBOURNE PRESTIGE CENTRE,Accounts Payable (A/P),-968.0
au,04/03/2026,Northside Autocare Pty Ltd,Accounts Payable (A/P),-296.0
au,23/02/2026,ACE,Accounts Payable (A/P),-770.0
au,23/02/2026,ACE,Accounts Payable (A/P),-1100.0
au,23/02/2026,ACE,Accounts Payable (A/P),-907.5
au,13/02/2026,ISS First Response,Accounts Payable (A/P),-7573.9
au,13/02/2026,ISS First Response,Accounts Payable (A/P),-2841.03
au,13/02/2026,Focussed Assessing Pty Ltd,Accounts Payable (A/P),-220.0
au,09/02/2026,MPDG Services Pty Ltd,Accounts Payable (A/P),-6600.0
au,04/02/2026,EXPERIAN AUSTRALIA OPERATIONS,Accounts Payable (A/P),-5469.75
au,02/02/2026,Autorola,Accounts Payable (A/P),-1252.35
au,02/02/2026,The Hollard Insurance Company,Accounts Payable (A/P),-5000.0
au,02/02/2026,U R Drive,Accounts Payable (A/P),-2000.0
au,02/02/2026,Illion,Accounts Payable (A/P),-5316.03
au,02/02/2026,AFCA,Accounts Payable (A/P),-388.69
au,02/02/2026,AFCA,Accounts Payable (A/P),-1255.63
au,02/02/2026,AFCA,Accounts Payable (A/P),-402.29
au,02/02/2026,AFCA,Accounts Payable (A/P),-2511.26
au,02/02/2026,AFCA,Accounts Payable (A/P),-109.52
au,02/02/2026,AFCA,Accounts Payable (A/P),-411.44
au,02/02/2026,AFCA,Accounts Payable (A/P),-3847.61
au,02/02/2026,AFCA,Accounts Payable (A/P),-411.44
au,02/02/2026,Stephen Inner West Smash Repairs Pty Ltd,Accounts Payable (A/P),-3092.2
au,30/01/2026,SentriLock,Accounts Payable (A/P),-1185.57
au,30/01/2026,SentriLock,Accounts Payable (A/P),-1374.08
au,30/01/2026,SentriLock,Accounts Payable (A/P),-1408.86
au,28/01/2026,Thinxtra,Accounts Payable (A/P),-12184.74
au,28/01/2026,Thinxtra,Accounts Payable (A/P),-13496.98
au,23/01/2026,SMD Lawyers Pty Ltd,Accounts Payable (A/P),-385.0
au,23/01/2026,Thinxtra,Accounts Payable (A/P),-12436.32
au,23/01/2026,Thinxtra,Accounts Payable (A/P),-22180.1
au,23/01/2026,Thinxtra,Accounts Payable (A/P),-1660.06
au,22/01/2026,CAVALO SERVICE DEPARTMENT,Accounts Payable (A/P),-3612.3
au,22/01/2026,CAVALO SERVICE DEPARTMENT,Accounts Payable (A/P),-2558.6
au,22/01/2026,SMD Lawyers Pty Ltd,Accounts Payable (A/P),-1760.0
au,20/01/2026,Klean Air Aus Decontamination,Accounts Payable (A/P),-2200.0
au,20/01/2026,Yarra Trams,Accounts Payable (A/P),-1292.51
au,20/01/2026,NORMAN CHAN,Accounts Payable (A/P),-924.0
au,20/01/2026,NORMAN CHAN,Accounts Payable (A/P),-814.0
au,20/01/2026,NORMAN CHAN,Accounts Payable (A/P),-1144.0
au,20/01/2026,Stuttgart Autos,Accounts Payable (A/P),-1898.6
au,20/01/2026,Altimobility Corp,Accounts Payable (A/P),-14846.71
au,20/01/2026,A1 Smash Repairs,Accounts Payable (A/P),-1452.0
au,16/01/2026,CDC Australia,Accounts Payable (A/P),-25072.0
au,15/01/2026,Pack & Send,Accounts Payable (A/P),-1194.68
au,15/01/2026,Pack & Send,Accounts Payable (A/P),-7507.5
au,15/01/2026,Pack & Send,Accounts Payable (A/P),-1005.07
au,15/01/2026,Pack & Send,Accounts Payable (A/P),-1270.57
au,15/01/2026,Pack & Send,Accounts Payable (A/P),-465.54
au,15/01/2026,Pack & Send,Accounts Payable (A/P),-426.14
au,15/01/2026,Pack & Send,Accounts Payable (A/P),-2079.0
au,15/01/2026,Pack & Send,Accounts Payable (A/P),-214.52
au,15/01/2026,Pack & Send,Accounts Payable (A/P),-320.83
au,15/01/2026,Pack & Send,Accounts Payable (A/P),-330.0
au,12/01/2026,U R Drive,Accounts Payable (A/P),-2000.0
au,12/01/2026,Rohde Smash Repair,Accounts Payable (A/P),-2156.69
au,12/01/2026,Clayton Towing,Accounts Payable (A/P),-1210.0
au,12/01/2026,GT insurance,Accounts Payable (A/P),-3000.0
au,12/01/2026,SHARPS,Accounts Payable (A/P),-514.05
au,12/01/2026,Vehicle Heroes Pty Ltd,Accounts Payable (A/P),-6762.11
au,02/01/2026,ACE,Accounts Payable (A/P),-1155.0
au,02/01/2026,ACE,Accounts Payable (A/P),-907.5
au,02/01/2026,ACE,Accounts Payable (A/P),-880.0
au,02/01/2026,ACE,Accounts Payable (A/P),-1430.0
au,23/12/2025,Rohde Smash Repair,Accounts Payable (A/P),-1796.28
au,23/12/2025,Rohde Smash Repair,Accounts Payable (A/P),-1322.2
au,23/12/2025,Rohde Smash Repair,Accounts Payable (A/P),-2789.6
au,23/12/2025,Rohde Smash Repair,Accounts Payable (A/P),-1842.5
au,23/12/2025,Rohde Smash Repair,Accounts Payable (A/P),-3952.5
au,23/12/2025,Rohde Smash Repair,Accounts Payable (A/P),-3000.0
au,23/12/2025,Stephen Inner West Smash Repairs Pty Ltd,Accounts Payable (A/P),-3900.0
au,23/12/2025,Stephen Inner West Smash Repairs Pty Ltd,Accounts Payable (A/P),-1340.0
au,23/12/2025,Stephen Inner West Smash Repairs Pty Ltd,Accounts Payable (A/P),-3432.0
au,23/12/2025,Stephen Inner West Smash Repairs Pty Ltd,Accounts Payable (A/P),-1727.66
au,23/12/2025,Stephen Inner West Smash Repairs Pty Ltd,Accounts Payable (A/P),-1595.0
au,23/12/2025,Stephen Inner West Smash Repairs Pty Ltd,Accounts Payable (A/P),-5000.0
au,23/12/2025,Stephen Inner West Smash Repairs Pty Ltd,Accounts Payable (A/P),-2090.0
au,23/12/2025,Stephen Inner West Smash Repairs Pty Ltd,Accounts Payable (A/P),-880.0
au,23/12/2025,Rohde Smash Repair,Accounts Payable (A/P),-1859.0
au,23/12/2025,Rohde Smash Repair,Accounts Payable (A/P),-1430.0
au,23/12/2025,Rohde Smash Repair,Accounts Payable (A/P),-1602.15
au,23/12/2025,Rohde Smash Repair,Accounts Payable (A/P),-3000.0
au,23/12/2025,Rohde Smash Repair,Accounts Payable (A/P),-3000.0
au,19/12/2025,Stephen Inner West Smash Repairs Pty Ltd,Accounts Payable (A/P),-210.0
au,19/12/2025,Stephen Inner West Smash Repairs Pty Ltd,Accounts Payable (A/P),-175.0
au,19/12/2025,Stephen Inner West Smash Repairs Pty Ltd,Accounts Payable (A/P),-462.0
au,19/12/2025,Stephen Inner West Smash Repairs Pty Ltd,Accounts Payable (A/P),-330.0
au,19/12/2025,Stephen Inner West Smash Repairs Pty Ltd,Accounts Payable (A/P),-450.0
au,19/12/2025,Stephen Inner West Smash Repairs Pty Ltd,Accounts Payable (A/P),-495.0
au,19/12/2025,Altimobility Corp,Accounts Payable (A/P),-15105.74
au,18/12/2025,Danyal Trucking,Accounts Payable (A/P),-390.0
au,18/12/2025,Danyal Trucking,Accounts Payable (A/P),-790.0
au,17/12/2025,Victorian Auto Services,Accounts Payable (A/P),-450.0
au,17/12/2025,Victorian Auto Services,Accounts Payable (A/P),-220.0
au,17/12/2025,Victorian Auto Services,Accounts Payable (A/P),-240.0
au,17/12/2025,Victorian Auto Services,Accounts Payable (A/P),-350.0
au,17/12/2025,Victorian Auto Services,Accounts Payable (A/P),-330.0
au,17/12/2025,Victorian Auto Services,Accounts Payable (A/P),-295.0
au,17/12/2025,North East Crash Repairs PTY LTD,Accounts Payable (A/P),-5000.0
au,15/12/2025,Focussed Claims  Management,Accounts Payable (A/P),-385.0
au,15/12/2025,Focussed Claims  Management,Accounts Payable (A/P),-385.0
au,15/12/2025,Focussed Claims  Management,Accounts Payable (A/P),-385.0
au,15/12/2025,Focussed Claims  Management,Accounts Payable (A/P),-181.5
au,15/12/2025,Focussed Claims  Management,Accounts Payable (A/P),-165.0
au,10/12/2025,U R Drive,Accounts Payable (A/P),-2000.0
au,10/12/2025,Focussed Assessing Pty Ltd,Accounts Payable (A/P),-330.0
au,10/12/2025,Focussed Assessing Pty Ltd,Accounts Payable (A/P),-165.0
au,10/12/2025,Focussed Assessing Pty Ltd,Accounts Payable (A/P),-165.0
au,10/12/2025,Focussed Assessing Pty Ltd,Accounts Payable (A/P),-330.0
au,10/12/2025,Focussed Assessing Pty Ltd,Accounts Payable (A/P),-220.0
au,10/12/2025,Focussed Assessing Pty Ltd,Accounts Payable (A/P),-220.0
au,10/12/2025,Focussed Assessing Pty Ltd,Accounts Payable (A/P),-165.0
au,10/12/2025,Focussed Assessing Pty Ltd,Accounts Payable (A/P),-165.0
au,10/12/2025,Focussed Assessing Pty Ltd,Accounts Payable (A/P),-110.0
au,10/12/2025,Focussed Assessing Pty Ltd,Accounts Payable (A/P),-220.0
au,10/12/2025,Focussed Assessing Pty Ltd,Accounts Payable (A/P),-220.0
au,10/12/2025,Focussed Assessing Pty Ltd,Accounts Payable (A/P),-220.0
au,10/12/2025,Focussed Assessing Pty Ltd,Accounts Payable (A/P),-165.0
au,10/12/2025,Focussed Assessing Pty Ltd,Accounts Payable (A/P),-330.0
au,09/12/2025,GT insurance,Accounts Payable (A/P),-300.0
au,05/12/2025,SentriLock,Accounts Payable (A/P),-1438.29
au,02/12/2025,Rohde Smash Repair,Accounts Payable (A/P),-1100.0
au,01/12/2025,Thinxtra,Accounts Payable (A/P),-13000.0
au,26/11/2025,Altimobility Corp,Accounts Payable (A/P),-18582.19
au,21/11/2025,Stephen Inner West Smash Repairs Pty Ltd,Accounts Payable (A/P),-175.0
au,21/11/2025,Stephen Inner West Smash Repairs Pty Ltd,Accounts Payable (A/P),-4180.0
au,21/11/2025,Stephen Inner West Smash Repairs Pty Ltd,Accounts Payable (A/P),-1200.0
au,20/11/2025,Thinxtra,Accounts Payable (A/P),-7000.0
au,13/11/2025,ATO direct,Accounts Payable (A/P),-1842.61
au,12/11/2025,Focussed Assessing Pty Ltd,Accounts Payable (A/P),-220.0
au,12/11/2025,Focussed Assessing Pty Ltd,Accounts Payable (A/P),-165.0
au,12/11/2025,Rohde Smash Repair,Accounts Payable (A/P),-577.5
au,12/11/2025,Rohde Smash Repair,Accounts Payable (A/P),-693.0
au,12/11/2025,SHARPS,Accounts Payable (A/P),-1108.59
au,12/11/2025,SHARPS,Accounts Payable (A/P),-371.79
au,12/11/2025,SHARPS,Accounts Payable (A/P),-510.18
au,12/11/2025,SHARPS,Accounts Payable (A/P),-427.35
au,12/11/2025,SHARPS,Accounts Payable (A/P),-567.86
au,12/11/2025,Stephen Inner West Smash Repairs Pty Ltd,Accounts Payable (A/P),-198.0
au,12/11/2025,Stephen Inner West Smash Repairs Pty Ltd,Accounts Payable (A/P),-787.0
au,12/11/2025,Stephen Inner West Smash Repairs Pty Ltd,Accounts Payable (A/P),-250.0
au,12/11/2025,Stephen Inner West Smash Repairs Pty Ltd,Accounts Payable (A/P),-175.0
au,12/11/2025,Stephen Inner West Smash Repairs Pty Ltd,Accounts Payable (A/P),-335.5
au,10/11/2025,U R Drive,Accounts Payable (A/P),-2000.0
au,06/11/2025,J&D Quality Smash Repairs,Accounts Payable (A/P),-5052.47
au,06/11/2025,NORMAN CHAN,Accounts Payable (A/P),-814.0
au,06/11/2025,NORMAN CHAN,Accounts Payable (A/P),-1023.0
au,06/11/2025,MELBOURNE PRESTIGE CENTRE,Accounts Payable (A/P),-5000.0
au,06/11/2025,SHARPS,Accounts Payable (A/P),-661.39
au,06/11/2025,SHARPS,Accounts Payable (A/P),-309.98
au,06/11/2025,SHARPS,Accounts Payable (A/P),-542.94
au,06/11/2025,SHARPS,Accounts Payable (A/P),-689.56
au,06/11/2025,The Hollard Insurance Company,Accounts Payable (A/P),-5000.0
au,05/11/2025,Thinxtra,Accounts Payable (A/P),-21564.35
au,04/11/2025,Bastian's Towing,Accounts Payable (A/P),-330.0
au,20/10/2025,ACE,Accounts Payable (A/P),-1760.0
au,20/10/2025,ACE,Accounts Payable (A/P),-907.5
au,20/10/2025,ACE,Accounts Payable (A/P),-1100.0
au,20/10/2025,ACE,Accounts Payable (A/P),-1100.0
au,20/10/2025,ACE,Accounts Payable (A/P),-1210.0
au,16/10/2025,Altimobility Corp,Accounts Payable (A/P),-18677.36
au,13/10/2025,Anytime Towing Service Pty Ltd,Accounts Payable (A/P),-473.0
au,03/10/2025,SentriLock,Accounts Payable (A/P),-1551.65
au,03/10/2025,SentriLock,Accounts Payable (A/P),-1451.54
au,02/10/2025,SEMITS SMASH REPAIRS PTY LTD,Accounts Payable (A/P),-4601.3
au,02/10/2025,GT insurance,Accounts Payable (A/P),-5000.0
au,02/10/2025,GT insurance,Accounts Payable (A/P),-2000.0
au,01/10/2025,U R Drive,Accounts Payable (A/P),-2000.0
au,17/09/2025,Harveys Towing Service,Accounts Payable (A/P),-1178.8
au,17/09/2025,Harveys Towing Service,Accounts Payable (A/P),-778.5
au,10/09/2025,Illion,Accounts Payable (A/P),-2316.6
au,10/09/2025,The Hollard Insurance Company,Accounts Payable (A/P),-309.1
au,10/09/2025,Penguin Risk Solutions,Accounts Payable (A/P),-82274.34
au,09/09/2025,Keydup Locksmiths,Accounts Payable (A/P),-1350.0
au,09/09/2025,Nova Smash Repairs,Accounts Payable (A/P),-5000.0
au,09/09/2025,Sheen Panel Service,Accounts Payable (A/P),-5000.0
au,09/09/2025,Stephen Inner West Smash Repairs Pty Ltd,Accounts Payable (A/P),-5327.56
au,09/09/2025,The Hollard Insurance Company,Accounts Payable (A/P),-5000.0
au,09/09/2025,Stephen Inner West Smash Repairs Pty Ltd,Accounts Payable (A/P),-1843.6
au,09/09/2025,Stephen Inner West Smash Repairs Pty Ltd,Accounts Payable (A/P),-2200.0
au,09/09/2025,Stephen Inner West Smash Repairs Pty Ltd,Accounts Payable (A/P),-3575.0
au,09/09/2025,Stephen Inner West Smash Repairs Pty Ltd,Accounts Payable (A/P),-5000.0
au,08/09/2025,The ASE Group,Accounts Payable (A/P),-50.53
au,05/09/2025,Stephen Inner West Smash Repairs Pty Ltd,Accounts Payable (A/P),-825.0
au,05/09/2025,Stephen Inner West Smash Repairs Pty Ltd,Accounts Payable (A/P),-330.0
au,04/09/2025,Pack & Send,Accounts Payable (A/P),-3922.04
au,04/09/2025,Rohde Smash Repair,Accounts Payable (A/P),-1539.52
au,04/09/2025,Rohde Smash Repair,Accounts Payable (A/P),-770.88
au,04/09/2025,Top Dents,Accounts Payable (A/P),-2200.0
au,04/09/2025,Focussed Assessing Pty Ltd,Accounts Payable (A/P),-220.0
au,04/09/2025,Focussed Assessing Pty Ltd,Accounts Payable (A/P),-165.0
au,04/09/2025,Focussed Assessing Pty Ltd,Accounts Payable (A/P),-220.0
au,04/09/2025,Focussed Assessing Pty Ltd,Accounts Payable (A/P),-220.0
au,04/09/2025,Focussed Assessing Pty Ltd,Accounts Payable (A/P),-330.0
au,04/09/2025,Focussed Assessing Pty Ltd,Accounts Payable (A/P),-220.0
au,04/09/2025,Pack & Send,Accounts Payable (A/P),-7507.5
au,03/09/2025,The Hollard Insurance Company,Accounts Payable (A/P),-505.46
au,29/08/2025,Pack & Send,Accounts Payable (A/P),-2091.87
au,29/08/2025,Pack & Send,Accounts Payable (A/P),-7507.5
au,29/08/2025,Pack & Send,Accounts Payable (A/P),-2324.5
au,29/08/2025,Pack & Send,Accounts Payable (A/P),-7507.5
au,28/08/2025,CDC Australia,Accounts Payable (A/P),-48834.86
au,28/08/2025,CDC Australia,Accounts Payable (A/P),-26417.0
au,28/08/2025,Pack & Send,Accounts Payable (A/P),-7507.5
au,28/08/2025,Pack & Send,Accounts Payable (A/P),-7507.5
au,28/08/2025,Pack & Send,Accounts Payable (A/P),-425.37
au,28/08/2025,Pack & Send,Accounts Payable (A/P),-556.42
au,27/08/2025,Humax,Accounts Payable (A/P),-20519.3
au,27/08/2025,Illion,Accounts Payable (A/P),-2059.2
au,27/08/2025,Thinxtra,Accounts Payable (A/P),-21439.87
au,27/08/2025,Thinxtra,Accounts Payable (A/P),-21613.29
au,25/08/2025,GT insurance,Accounts Payable (A/P),-2000.0
au,25/08/2025,MELBOURNE PRESTIGE CENTRE,Accounts Payable (A/P),-5000.0
au,25/08/2025,RACQ,Accounts Payable (A/P),-1489.59
au,25/08/2025,U R Drive,Accounts Payable (A/P),-2000.0
au,25/08/2025,U R Drive,Accounts Payable (A/P),-2000.0
au,25/08/2025,Rohde Smash Repair,Accounts Payable (A/P),-1182.5
au,25/08/2025,RACQ,Accounts Payable (A/P),-3969.92
au,25/08/2025,RACQ,Accounts Payable (A/P),-300.0
au,25/08/2025,J&D Quality Smash Repairs,Accounts Payable (A/P),-5000.0
au,25/08/2025,J&D Quality Smash Repairs,Accounts Payable (A/P),-3355.85
au,25/08/2025,J&D Quality Smash Repairs,Accounts Payable (A/P),-1916.98
au,25/08/2025,GT insurance,Accounts Payable (A/P),-5000.0
au,25/08/2025,GT insurance,Accounts Payable (A/P),-2000.0
au,25/08/2025,GT insurance,Accounts Payable (A/P),-5000.0
au,25/08/2025,GT insurance,Accounts Payable (A/P),-3000.0
au,25/08/2025,GT insurance,Accounts Payable (A/P),-2650.0
au,25/08/2025,GT insurance,Accounts Payable (A/P),-2700.0
au,25/08/2025,RACQ,Accounts Payable (A/P),-6228.24
au,25/08/2025,RACQ,Accounts Payable (A/P),-1258.0
au,25/08/2025,RACQ,Accounts Payable (A/P),-3572.99
au,25/08/2025,RACQ,Accounts Payable (A/P),-2907.97
au,24/08/2025,J&D Quality Smash Repairs,Accounts Payable (A/P),-4408.57
au,22/08/2025,MELBOURNE PRESTIGE CENTRE,Accounts Payable (A/P),-1200.0
au,22/08/2025,MELBOURNE PRESTIGE CENTRE,Accounts Payable (A/P),-1200.0
au,22/08/2025,MELBOURNE PRESTIGE CENTRE,Accounts Payable (A/P),-2200.0
au,21/08/2025,NORMAN CHAN,Accounts Payable (A/P),-1133.0
au,21/08/2025,NORMAN CHAN,Accounts Payable (A/P),-924.0
au,08/08/2025,U R Drive,Accounts Payable (A/P),-2000.0
au,30/07/2025,Penguin Risk Solutions,Accounts Payable (A/P),-82274.32
au,30/07/2025,Penguin Risk Solutions,Accounts Payable (A/P),-82272.63
au,30/07/2025,Penguin Risk Solutions,Accounts Payable (A/P),-82272.63
au,29/07/2025,Rohde Smash Repair,Accounts Payable (A/P),-825.0
au,29/07/2025,Rohde Smash Repair,Accounts Payable (A/P),-1155.0
au,29/07/2025,Rohde Smash Repair,Accounts Payable (A/P),-1630.84
au,29/07/2025,Rohde Smash Repair,Accounts Payable (A/P),-1100.0
au,29/07/2025,Rohde Smash Repair,Accounts Payable (A/P),-880.0
au,29/07/2025,Rohde Smash Repair,Accounts Payable (A/P),-2304.31
au,29/07/2025,Rohde Smash Repair,Accounts Payable (A/P),-2101.0
au,23/07/2025,Car Solutions Motor Vehicle Consultants,Accounts Payable (A/P),-605.0
au,23/07/2025,Car Solutions Motor Vehicle Consultants,Accounts Payable (A/P),-605.0
au,23/07/2025,Illion,Accounts Payable (A/P),-3521.38
au,22/07/2025,Anytime Towing Service Pty Ltd,Accounts Payable (A/P),-1890.0
au,22/07/2025,Watterson,Accounts Payable (A/P),-4141.85
au,22/07/2025,GT insurance,Accounts Payable (A/P),-100.0
au,19/07/2025,GT insurance,Accounts Payable (A/P),-650.0
au,17/07/2025,ACT Collision Management,Accounts Payable (A/P),-5000.0
au,17/07/2025,GT insurance,Accounts Payable (A/P),-5000.0
au,17/07/2025,GT insurance,Accounts Payable (A/P),-300.0
au,17/07/2025,GT insurance,Accounts Payable (A/P),-300.0
au,17/07/2025,GT insurance,Accounts Payable (A/P),-300.0
au,17/07/2025,GT insurance,Accounts Payable (A/P),-3000.0
au,15/07/2025,Stephen Inner West Smash Repairs Pty Ltd,Accounts Payable (A/P),-440.0
au,15/07/2025,Stephen Inner West Smash Repairs Pty Ltd,Accounts Payable (A/P),-2750.0
au,14/07/2025,Stephen Inner West Smash Repairs Pty Ltd,Accounts Payable (A/P),-5000.0
au,09/07/2025,Focussed Assessing Pty Ltd,Accounts Payable (A/P),-165.0
au,09/07/2025,Focussed Assessing Pty Ltd,Accounts Payable (A/P),-165.0
au,09/07/2025,U R Drive,Accounts Payable (A/P),-2750.0
au,09/07/2025,Top Dents,Accounts Payable (A/P),-2000.0
au,09/07/2025,Top Dents,Accounts Payable (A/P),-2800.0
au,09/07/2025,Top Dents,Accounts Payable (A/P),-1655.0
au,09/07/2025,MELBOURNE PRESTIGE CENTRE,Accounts Payable (A/P),-5000.0
au,09/07/2025,Focussed Assessing Pty Ltd,Accounts Payable (A/P),-220.0
au,09/07/2025,Focussed Assessing Pty Ltd,Accounts Payable (A/P),-165.0
au,09/07/2025,Focussed Assessing Pty Ltd,Accounts Payable (A/P),-220.0
au,09/07/2025,Focussed Assessing Pty Ltd,Accounts Payable (A/P),-165.0
au,09/07/2025,Focussed Assessing Pty Ltd,Accounts Payable (A/P),-165.0
au,09/07/2025,Focussed Assessing Pty Ltd,Accounts Payable (A/P),-165.0
au,09/07/2025,Focussed Assessing Pty Ltd,Accounts Payable (A/P),-220.0
au,09/07/2025,Focussed Assessing Pty Ltd,Accounts Payable (A/P),-165.0
au,09/07/2025,Focussed Assessing Pty Ltd,Accounts Payable (A/P),-165.0
au,09/07/2025,Focussed Assessing Pty Ltd,Accounts Payable (A/P),-220.0
au,09/07/2025,Focussed Assessing Pty Ltd,Accounts Payable (A/P),-165.0
au,09/07/2025,Focussed Assessing Pty Ltd,Accounts Payable (A/P),-220.0
au,09/07/2025,Focussed Assessing Pty Ltd,Accounts Payable (A/P),-165.0
au,09/07/2025,Focussed Assessing Pty Ltd,Accounts Payable (A/P),-165.0
au,09/07/2025,Focussed Assessing Pty Ltd,Accounts Payable (A/P),-220.0
au,04/07/2025,SentriLock,Accounts Payable (A/P),-2292.24
au,03/07/2025,Harveys Towing Service,Accounts Payable (A/P),-1560.8
au,03/07/2025,Pack & Send,Accounts Payable (A/P),-7507.5
au,03/07/2025,SentriLock,Accounts Payable (A/P),-1637.03
au,03/07/2025,SentriLock,Accounts Payable (A/P),-1600.79
au,03/07/2025,Pack & Send,Accounts Payable (A/P),-838.49
au,03/07/2025,Pack & Send,Accounts Payable (A/P),-946.16
au,03/07/2025,Pack & Send,Accounts Payable (A/P),-543.49
au,03/07/2025,Pack & Send,Accounts Payable (A/P),-661.7
au,02/07/2025,Rohde Smash Repair,Accounts Payable (A/P),-1773.15
au,02/07/2025,Rohde Smash Repair,Accounts Payable (A/P),-1815.0
au,02/07/2025,Rohde Smash Repair,Accounts Payable (A/P),-1815.0
au,02/07/2025,Rohde Smash Repair,Accounts Payable (A/P),-4840.0
au,02/07/2025,Rohde Smash Repair,Accounts Payable (A/P),-2021.25
au,02/07/2025,MELBOURNE PRESTIGE CENTRE,Accounts Payable (A/P),-2750.0
au,02/07/2025,MELBOURNE PRESTIGE CENTRE,Accounts Payable (A/P),-5000.0
au,27/06/2025,GT insurance,Accounts Payable (A/P),-2000.0
au,27/06/2025,GT insurance,Accounts Payable (A/P),-5000.0
au,27/06/2025,GT insurance,Accounts Payable (A/P),-300.0
au,26/06/2025,ACE,Accounts Payable (A/P),-1100.0
au,26/06/2025,Penguin Risk Solutions,Accounts Payable (A/P),-82274.34
au,25/06/2025,Collision Towing & Recovery Services,Accounts Payable (A/P),-3619.0
au,25/06/2025,GT insurance,Accounts Payable (A/P),-300.0
au,18/06/2025,Thinxtra,Accounts Payable (A/P),-20279.03
au,11/06/2025,Monash Storage and Towing,Accounts Payable (A/P),-1655.4
au,11/06/2025,GT insurance,Accounts Payable (A/P),-5000.0
au,11/06/2025,Bris Towing,Accounts Payable (A/P),-99.0
au,06/06/2025,Collision Towing & Recovery Services,Accounts Payable (A/P),-1308.2
au,06/06/2025,Humax,Accounts Payable (A/P),-20460.86
au,02/06/2025,Illion,Accounts Payable (A/P),-4005.53
au,02/06/2025,U R Drive,Accounts Payable (A/P),-2750.0
au,02/06/2025,U R Drive,Accounts Payable (A/P),-2750.0
au,29/05/2025,Top Dents,Accounts Payable (A/P),-2468.4
au,29/05/2025,CDC Australia,Accounts Payable (A/P),-3000.0
au,29/05/2025,Top Dents,Accounts Payable (A/P),-1000.0
au,29/05/2025,Top Dents,Accounts Payable (A/P),-1000.0
au,28/05/2025,Anytime Towing Service Pty Ltd,Accounts Payable (A/P),-2070.0
au,22/05/2025,MELBOURNE PRESTIGE CENTRE,Accounts Payable (A/P),-5000.0
au,19/05/2025,GT insurance,Accounts Payable (A/P),-2000.0
au,16/05/2025,RACQ,Accounts Payable (A/P),-6115.81
au,16/05/2025,RACQ,Accounts Payable (A/P),-2065.01
au,16/05/2025,RACQ,Accounts Payable (A/P),-400.0
au,16/05/2025,RACQ,Accounts Payable (A/P),-480.0
au,16/05/2025,RACQ,Accounts Payable (A/P),-200.0
au,15/05/2025,Illion,Accounts Payable (A/P),-3313.08
au,14/05/2025,Springfield gates,Accounts Payable (A/P),-440.0
au,13/05/2025,CDC Australia,Accounts Payable (A/P),-25122.41
au,09/05/2025,Thinxtra,Accounts Payable (A/P),-22182.11
au,08/05/2025,1ST CLASS TOWING PTY LTD,Accounts Payable (A/P),-1135.77
au,08/05/2025,ACE,Accounts Payable (A/P),-1100.0
au,08/05/2025,ACE,Accounts Payable (A/P),-1210.0
au,08/05/2025,ACE,Accounts Payable (A/P),-907.5
au,08/05/2025,ACT Collision Management,Accounts Payable (A/P),-140.0
au,08/05/2025,Collision Towing & Recovery Services,Accounts Payable (A/P),-440.0
au,08/05/2025,MELBOURNE PRESTIGE CENTRE,Accounts Payable (A/P),-5000.0
au,08/05/2025,Pack & Send,Accounts Payable (A/P),-10868.9
au,08/05/2025,South East Smash,Accounts Payable (A/P),-2825.6
au,08/05/2025,Stephen Inner West Smash Repairs Pty Ltd,Accounts Payable (A/P),-3080.0
au,08/05/2025,Sydney Transport Provider,Accounts Payable (A/P),-440.0
au,08/05/2025,Rohde Smash Repair,Accounts Payable (A/P),-3000.0
au,08/05/2025,John Clough Auto Trim,Accounts Payable (A/P),-220.0
au,08/05/2025,GT insurance,Accounts Payable (A/P),-2500.0
au,08/05/2025,GT insurance,Accounts Payable (A/P),-2000.0
au,08/05/2025,GT insurance,Accounts Payable (A/P),-5000.0
au,28/04/2025,Autorola,Accounts Payable (A/P),-814.37
au,28/04/2025,Bird & Bird,Accounts Payable (A/P),-1850.0
au,28/04/2025,Gardenstate Towing,Accounts Payable (A/P),-836.0
au,28/04/2025,GT insurance,Accounts Payable (A/P),-2000.0
au,28/04/2025,TNA Towing Pty Ltd,Accounts Payable (A/P),-1200.0
au,28/04/2025,GT insurance,Accounts Payable (A/P),-2000.0
au,28/04/2025,GT insurance,Accounts Payable (A/P),-2500.0
au,23/04/2025,Humax,Accounts Payable (A/P),-20385.15
au,22/04/2025,Penguin Risk Solutions,Accounts Payable (A/P),-82274.34
au,15/04/2025,Illion,Accounts Payable (A/P),-10982.41
au,15/04/2025,Watterson,Accounts Payable (A/P),-2276.34
au,15/04/2025,Watterson,Accounts Payable (A/P),-4703.22
au,15/04/2025,Pack & Send,Accounts Payable (A/P),-7507.5
au,15/04/2025,Pack & Send,Accounts Payable (A/P),-7507.5
au,15/04/2025,Pack & Send,Accounts Payable (A/P),-1198.55
au,15/04/2025,Pack & Send,Accounts Payable (A/P),-7507.5
au,15/04/2025,GT insurance,Accounts Payable (A/P),-2000.0
au,15/04/2025,GT insurance,Accounts Payable (A/P),-2000.0
au,14/04/2025,MELBOURNE PRESTIGE CENTRE,Accounts Payable (A/P),-2970.0
au,14/04/2025,Pack & Send,Accounts Payable (A/P),-1933.71
au,14/04/2025,GT insurance,Accounts Payable (A/P),-2000.0
au,08/04/2025,1 Key Locksmiths,Accounts Payable (A/P),-7650.0
au,07/04/2025,Digital matter,Accounts Payable (A/P),-999.62
au,07/04/2025,Digital matter,Accounts Payable (A/P),-975.24
au,07/04/2025,Digital matter,Accounts Payable (A/P),-950.22
au,03/04/2025,Bytchenkov Pty Ltd,Accounts Payable (A/P),-440.0
au,03/04/2025,Bytchenkov Pty Ltd,Accounts Payable (A/P),-440.0
au,03/04/2025,Collision Towing & Recovery Services,Accounts Payable (A/P),-337.04
au,03/04/2025,Collision Towing & Recovery Services,Accounts Payable (A/P),-552.2
au,03/04/2025,NORMAN CHAN,Accounts Payable (A/P),-1419.0
au,03/04/2025,SHARPS,Accounts Payable (A/P),-663.25
au,03/04/2025,Stephen Inner West Smash Repairs Pty Ltd,Accounts Payable (A/P),-3600.0
au,03/04/2025,Sydney Transport Provider,Accounts Payable (A/P),-440.0
au,03/04/2025,GT insurance,Accounts Payable (A/P),-300.0
au,03/04/2025,GT insurance,Accounts Payable (A/P),-2000.0
au,03/04/2025,Focussed Assessing Pty Ltd,Accounts Payable (A/P),-330.0
au,03/04/2025,Focussed Assessing Pty Ltd,Accounts Payable (A/P),-330.0
au,03/04/2025,Focussed Assessing Pty Ltd,Accounts Payable (A/P),-165.0
au,03/04/2025,Aura Towing,Accounts Payable (A/P),-154.0
au,03/04/2025,J&D Quality Smash Repairs,Accounts Payable (A/P),-2692.8
au,03/04/2025,J&D Quality Smash Repairs,Accounts Payable (A/P),-3523.85
au,03/04/2025,J&D Quality Smash Repairs,Accounts Payable (A/P),-2824.25
au,03/04/2025,Focussed Assessing Pty Ltd,Accounts Payable (A/P),-220.0
au,03/04/2025,Focussed Assessing Pty Ltd,Accounts Payable (A/P),-165.0
au,03/04/2025,Focussed Assessing Pty Ltd,Accounts Payable (A/P),-165.0
au,03/04/2025,Focussed Assessing Pty Ltd,Accounts Payable (A/P),-165.0
au,03/04/2025,Focussed Assessing Pty Ltd,Accounts Payable (A/P),-220.0
au,01/04/2025,Pack & Send,Accounts Payable (A/P),-660.0
au,01/04/2025,Watterson,Accounts Payable (A/P),-2500.0
au,01/04/2025,Watterson,Accounts Payable (A/P),-6927.47
au,01/04/2025,Penguin Risk Solutions,Accounts Payable (A/P),-82384.34
au,31/03/2025,Illion,Accounts Payable (A/P),-3846.7
au,31/03/2025,Illion,Accounts Payable (A/P),-168.97
au,31/03/2025,Illion,Accounts Payable (A/P),-1100.0
au,31/03/2025,Illion,Accounts Payable (A/P),-80.69
au,31/03/2025,Pack & Send,Accounts Payable (A/P),-993.3
au,31/03/2025,SentriLock,Accounts Payable (A/P),-1781.14
au,31/03/2025,CDC Australia,Accounts Payable (A/P),-33918.4
au,31/03/2025,GT insurance,Accounts Payable (A/P),-170.0
au,31/03/2025,GT insurance,Accounts Payable (A/P),-2300.0
au,31/03/2025,GT insurance,Accounts Payable (A/P),-2300.0
au,31/03/2025,GT insurance,Accounts Payable (A/P),-3300.0
au,31/03/2025,Pack & Send,Accounts Payable (A/P),-1287.24
au,31/03/2025,Pack & Send,Accounts Payable (A/P),-1548.39
au,29/03/2025,Bird & Bird,Accounts Payable (A/P),-8880.63
au,29/03/2025,Thinxtra,Accounts Payable (A/P),-19009.38
au,28/03/2025,Bird & Bird,Accounts Payable (A/P),-8000.0
au,28/03/2025,Humax,Accounts Payable (A/P),-20806.23
au,27/03/2025,Humax,Accounts Payable (A/P),-12413.44
au,26/03/2025,GT insurance,Accounts Payable (A/P),-300.0
au,25/03/2025,Focussed Assessing Pty Ltd,Accounts Payable (A/P),-330.0
au,25/03/2025,Focussed Assessing Pty Ltd,Accounts Payable (A/P),-330.0
au,25/03/2025,Focussed Assessing Pty Ltd,Accounts Payable (A/P),-330.0
au,25/03/2025,Focussed Assessing Pty Ltd,Accounts Payable (A/P),-330.0
au,25/03/2025,Focussed Assessing Pty Ltd,Accounts Payable (A/P),-330.0
au,25/03/2025,Focussed Assessing Pty Ltd,Accounts Payable (A/P),-330.0
au,25/03/2025,Focussed Assessing Pty Ltd,Accounts Payable (A/P),-330.0
au,25/03/2025,Focussed Assessing Pty Ltd,Accounts Payable (A/P),-165.0
au,25/03/2025,Focussed Assessing Pty Ltd,Accounts Payable (A/P),-220.0
au,25/03/2025,Focussed Assessing Pty Ltd,Accounts Payable (A/P),-220.0
au,25/03/2025,Focussed Assessing Pty Ltd,Accounts Payable (A/P),-220.0
au,25/03/2025,Focussed Assessing Pty Ltd,Accounts Payable (A/P),-220.0
au,25/03/2025,Focussed Assessing Pty Ltd,Accounts Payable (A/P),-330.0
au,25/03/2025,Focussed Assessing Pty Ltd,Accounts Payable (A/P),-165.0
au,21/03/2025,GT insurance,Accounts Payable (A/P),-1000.0
au,21/03/2025,Thinxtra,Accounts Payable (A/P),-18715.48
au,17/03/2025,Collision Towing & Recovery Services,Accounts Payable (A/P),-425.7
au,15/03/2025,Humax,Accounts Payable (A/P),-7904.51
au,15/03/2025,Penguin Risk Solutions,Accounts Payable (A/P),-64323.21
au,14/03/2025,U R Drive,Accounts Payable (A/P),-2750.0
au,11/03/2025,Clayton Towing,Accounts Payable (A/P),-2625.96
au,11/03/2025,MELBOURNE PRESTIGE CENTRE,Accounts Payable (A/P),-1281.5
au,11/03/2025,Mill Park Towing Service,Accounts Payable (A/P),-3603.6
au,11/03/2025,Top Dents,Accounts Payable (A/P),-3583.65
au,11/03/2025,Focussed Assessing Pty Ltd,Accounts Payable (A/P),-165.0
au,11/03/2025,Focussed Assessing Pty Ltd,Accounts Payable (A/P),-165.0
au,11/03/2025,Focussed Assessing Pty Ltd,Accounts Payable (A/P),-165.0
au,11/03/2025,Focussed Assessing Pty Ltd,Accounts Payable (A/P),-220.0
au,07/03/2025,GT insurance,Accounts Payable (A/P),-2000.0
au,06/03/2025,TNA Towing Pty Ltd,Accounts Payable (A/P),-2820.0
au,06/03/2025,TNA Towing Pty Ltd,Accounts Payable (A/P),-178.0
au,06/03/2025,Penguin Risk Solutions,Accounts Payable (A/P),-28637.07
au,06/03/2025,GT insurance,Accounts Payable (A/P),-300.0
au,06/03/2025,JD Windscreen,Accounts Payable (A/P),-495.0
au,05/03/2025,Penguin Risk Solutions,Accounts Payable (A/P),-15354.71
au,28/02/2025,Collision Towing & Recovery Services,Accounts Payable (A/P),-185.9
au,28/02/2025,GT insurance,Accounts Payable (A/P),-300.0
au,28/02/2025,Harveys Towing Service,Accounts Payable (A/P),-5539.05
au,28/02/2025,NORMAN CHAN,Accounts Payable (A/P),-1144.0
au,28/02/2025,NORMAN CHAN,Accounts Payable (A/P),-814.0
au,28/02/2025,Pack & Send,Accounts Payable (A/P),-321.42
au,28/02/2025,GT insurance,Accounts Payable (A/P),-2000.0
au,28/02/2025,GT insurance,Accounts Payable (A/P),-2000.0
au,28/02/2025,GT insurance,Accounts Payable (A/P),-2000.0
au,28/02/2025,Pack & Send,Accounts Payable (A/P),-2374.13
au,28/02/2025,Pack & Send,Accounts Payable (A/P),-612.2
au,28/02/2025,Pack & Send,Accounts Payable (A/P),-804.59
au,28/02/2025,Pack & Send,Accounts Payable (A/P),-8497.5
au,28/02/2025,NSC Towing,Accounts Payable (A/P),-731.5
au,28/02/2025,City Toyota,Accounts Payable (A/P),-862.93
au,28/02/2025,Top Dents,Accounts Payable (A/P),-1500.0
au,28/02/2025,Top Dents,Accounts Payable (A/P),-1000.0
au,26/02/2025,1 Key Locksmiths,Accounts Payable (A/P),-4850.0
au,26/02/2025,1 Key Locksmiths,Accounts Payable (A/P),-2600.0
au,26/02/2025,NCIS,Accounts Payable (A/P),-3738.0
au,25/02/2025,Collision Towing & Recovery Services,Accounts Payable (A/P),-208.0
au,25/02/2025,MELBOURNE PRESTIGE CENTRE,Accounts Payable (A/P),-2915.0
au,25/02/2025,MELBOURNE PRESTIGE CENTRE,Accounts Payable (A/P),-880.0
au,25/02/2025,MELBOURNE PRESTIGE CENTRE,Accounts Payable (A/P),-1780.0
au,25/02/2025,MELBOURNE PRESTIGE CENTRE,Accounts Payable (A/P),-950.4
au,25/02/2025,MELBOURNE PRESTIGE CENTRE,Accounts Payable (A/P),-1815.0
au,25/02/2025,MELBOURNE PRESTIGE CENTRE,Accounts Payable (A/P),-363.0
au,25/02/2025,MELBOURNE PRESTIGE CENTRE,Accounts Payable (A/P),-2950.0
au,21/02/2025,NCIS,Accounts Payable (A/P),-10000.0
au,20/02/2025,Collision Towing & Recovery Services,Accounts Payable (A/P),-228.8
au,20/02/2025,GWS CHADSTONE PTY LTD,Accounts Payable (A/P),-1027.93
au,19/02/2025,RACQ,Accounts Payable (A/P),-2783.48
au,19/02/2025,RACQ,Accounts Payable (A/P),-2775.34
au,19/02/2025,RACQ,Accounts Payable (A/P),-2955.01
au,19/02/2025,RACQ,Accounts Payable (A/P),-4134.97
au,19/02/2025,RACQ,Accounts Payable (A/P),-3922.99
au,19/02/2025,RACQ,Accounts Payable (A/P),-100.0
au,19/02/2025,RACQ,Accounts Payable (A/P),-3787.56
au,18/02/2025,GT insurance,Accounts Payable (A/P),-2000.0
au,18/02/2025,GT insurance,Accounts Payable (A/P),-2000.0
au,18/02/2025,GT insurance,Accounts Payable (A/P),-2000.0
au,18/02/2025,GT insurance,Accounts Payable (A/P),-2000.0
au,17/02/2025,Pack & Send,Accounts Payable (A/P),-1566.36
au,17/02/2025,Pack & Send,Accounts Payable (A/P),-599.06
au,17/02/2025,Pack & Send,Accounts Payable (A/P),-470.87
au,17/02/2025,Pack & Send,Accounts Payable (A/P),-423.4
au,17/02/2025,Pack & Send,Accounts Payable (A/P),-470.58
au,17/02/2025,Pack & Send,Accounts Payable (A/P),-913.15
au,17/02/2025,Pack & Send,Accounts Payable (A/P),-7507.5
au,13/02/2025,U R Drive,Accounts Payable (A/P),-8800.0
au,11/02/2025,1 Key Locksmiths,Accounts Payable (A/P),-4900.0
au,11/02/2025,1 Key Locksmiths,Accounts Payable (A/P),-3200.0
au,11/02/2025,Connect Repair Logistics,Accounts Payable (A/P),-1210.0
au,11/02/2025,Rohde Smash Repair,Accounts Payable (A/P),-2987.38
au,11/02/2025,MELBOURNE PRESTIGE CENTRE,Accounts Payable (A/P),-1980.0
au,11/02/2025,Focussed Assessing Pty Ltd,Accounts Payable (A/P),-1375.0
au,10/02/2025,AAAC Towing Pty Ltd,Accounts Payable (A/P),-1215.7
au,10/02/2025,ACE,Accounts Payable (A/P),-1815.0
au,10/02/2025,ACE,Accounts Payable (A/P),-1391.5
au,10/02/2025,BM Precision Paint works,Accounts Payable (A/P),-1572.0
au,10/02/2025,GT insurance,Accounts Payable (A/P),-2000.0
au,10/02/2025,GT insurance,Accounts Payable (A/P),-600.0
au,10/02/2025,GT insurance,Accounts Payable (A/P),-2000.0
au,10/02/2025,GT insurance,Accounts Payable (A/P),-2000.0
au,10/02/2025,Mill Park Towing Service,Accounts Payable (A/P),-3344.0
au,10/02/2025,NORMAN CHAN,Accounts Payable (A/P),-1089.0
au,10/02/2025,GT insurance,Accounts Payable (A/P),-2000.0
au,10/02/2025,GT insurance,Accounts Payable (A/P),-2000.0
au,10/02/2025,GT insurance,Accounts Payable (A/P),-2000.0
au,10/02/2025,GT insurance,Accounts Payable (A/P),-2000.0
au,10/02/2025,GT insurance,Accounts Payable (A/P),-2000.0
au,10/02/2025,GT insurance,Accounts Payable (A/P),-2000.0
au,10/02/2025,GT insurance,Accounts Payable (A/P),-2000.0
au,10/02/2025,GT insurance,Accounts Payable (A/P),-1000.0
au,05/02/2025,Penguin Risk Solutions,Accounts Payable (A/P),-40388.21
au,04/02/2025,Thinxtra,Accounts Payable (A/P),-18758.61
au,04/02/2025,Penguin Risk Solutions,Accounts Payable (A/P),-50000.0
au,01/02/2025,Keydup Locksmiths,Accounts Payable (A/P),-18080.0
au,30/01/2025,NCIS,Accounts Payable (A/P),-10000.0
au,24/01/2025,GT insurance,Accounts Payable (A/P),-2000.0
au,24/01/2025,GT insurance,Accounts Payable (A/P),-2000.0
au,24/01/2025,GT insurance,Accounts Payable (A/P),-2300.0
au,24/01/2025,Top Dents,Accounts Payable (A/P),-2539.68
au,24/01/2025,Top Dents,Accounts Payable (A/P),-1000.0
au,24/01/2025,GT insurance,Accounts Payable (A/P),-2000.0
au,24/01/2025,GT insurance,Accounts Payable (A/P),-2000.0
au,24/01/2025,GT insurance,Accounts Payable (A/P),-2000.0
au,24/01/2025,GT insurance,Accounts Payable (A/P),-2000.0
au,23/01/2025,RACQ,Accounts Payable (A/P),-1079.99
au,23/01/2025,RACQ,Accounts Payable (A/P),-480.0
au,23/01/2025,RACQ,Accounts Payable (A/P),-1025.01
au,23/01/2025,GT insurance,Accounts Payable (A/P),-2000.0
au,21/01/2025,Cedar towing,Accounts Payable (A/P),-500.0
au,21/01/2025,GT insurance,Accounts Payable (A/P),-2000.0
au,20/01/2025,Auto Tech Locksmiths,Accounts Payable (A/P),-3300.0
au,20/01/2025,Auto Tech Locksmiths,Accounts Payable (A/P),-3520.0
au,20/01/2025,Auto Tech Locksmiths,Accounts Payable (A/P),-3905.0
au,20/01/2025,Auto Tech Locksmiths,Accounts Payable (A/P),-3635.5
au,20/01/2025,Auto Tech Locksmiths,Accounts Payable (A/P),-1430.0
au,20/01/2025,SEMITS SMASH REPAIRS PTY LTD,Accounts Payable (A/P),-5725.42
au,17/01/2025,NORMAN CHAN,Accounts Payable (A/P),-1133.0
au,15/01/2025,Illion,Accounts Payable (A/P),-148.5
au,15/01/2025,TNA Towing Pty Ltd,Accounts Payable (A/P),-667.0
au,03/01/2025,Rohde Smash Repair,Accounts Payable (A/P),-2805.89
au,03/01/2025,GT insurance,Accounts Payable (A/P),-2000.0
au,03/01/2025,GT insurance,Accounts Payable (A/P),-2000.0
au,03/01/2025,GT insurance,Accounts Payable (A/P),-2000.0
au,03/01/2025,GT insurance,Accounts Payable (A/P),-2000.0
au,03/01/2025,GT insurance,Accounts Payable (A/P),-2000.0
au,03/01/2025,GT insurance,Accounts Payable (A/P),-2000.0
au,03/01/2025,GT insurance,Accounts Payable (A/P),-2000.0
au,03/01/2025,GT insurance,Accounts Payable (A/P),-2000.0
au,02/01/2025,ACE,Accounts Payable (A/P),-3278.0
au,02/01/2025,ACE,Accounts Payable (A/P),-2530.0
au,02/01/2025,Action Towing Pty Ltd,Accounts Payable (A/P),-1020.79
au,24/12/2024,Thinxtra,Accounts Payable (A/P),-17569.09
au,24/12/2024,SentriLock,Accounts Payable (A/P),-2195.18
au,23/12/2024,GT insurance,Accounts Payable (A/P),-2000.0
au,20/12/2024,NORMAN CHAN,Accounts Payable (A/P),-1254.0
au,20/12/2024,NORMAN CHAN,Accounts Payable (A/P),-627.0
au,20/12/2024,NORMAN CHAN,Accounts Payable (A/P),-297.0
au,20/12/2024,NORMAN CHAN,Accounts Payable (A/P),-1133.0
au,18/12/2024,Illion,Accounts Payable (A/P),-132.0
au,16/12/2024,NCIS,Accounts Payable (A/P),-1980.0
au,16/12/2024,NCIS,Accounts Payable (A/P),-1760.0
au,16/12/2024,NCIS,Accounts Payable (A/P),-385.0
au,16/12/2024,NCIS,Accounts Payable (A/P),-1210.0
au,16/12/2024,NCIS,Accounts Payable (A/P),-1045.0
au,16/12/2024,NCIS,Accounts Payable (A/P),-3575.0
au,16/12/2024,NCIS,Accounts Payable (A/P),-1650.0
au,16/12/2024,NCIS,Accounts Payable (A/P),-275.0
au,16/12/2024,NCIS,Accounts Payable (A/P),-715.0
au,16/12/2024,NCIS,Accounts Payable (A/P),-1342.0
au,16/12/2024,U R Drive,Accounts Payable (A/P),-8800.0
au,16/12/2024,NCIS,Accounts Payable (A/P),-275.0
au,16/12/2024,NCIS,Accounts Payable (A/P),-1045.0
au,16/12/2024,GT insurance,Accounts Payable (A/P),-2350.0
au,16/12/2024,GT insurance,Accounts Payable (A/P),-2000.0
au,11/12/2024,U R Drive,Accounts Payable (A/P),-8800.0
au,05/12/2024,CDC Australia,Accounts Payable (A/P),-47789.6
au,05/12/2024,GT insurance,Accounts Payable (A/P),-2300.0
au,02/12/2024,Rebel Print Studio,Accounts Payable (A/P),-1028.5
au,29/11/2024,Pack & Send,Accounts Payable (A/P),-3159.5
au,29/11/2024,Pack & Send,Accounts Payable (A/P),-13165.9
au,29/11/2024,Pack & Send,Accounts Payable (A/P),-8478.0
au,28/11/2024,Illion,Accounts Payable (A/P),-533.5
au,25/11/2024,Defiant,Accounts Payable (A/P),-3976.89
au,23/11/2024,Cedar towing,Accounts Payable (A/P),-660.0
au,23/11/2024,SNN Smash repairs,Accounts Payable (A/P),-1980.0
au,21/11/2024,Sydney Transport Provider,Accounts Payable (A/P),-869.66
au,20/11/2024,Common Design Pty Ltd,Accounts Payable (A/P),-704.0
au,20/11/2024,Thinxtra,Accounts Payable (A/P),-22762.54
au,19/11/2024,JustCo (Australia Onshore) Pty Ltd,Accounts Payable (A/P),-14880.0
au,19/11/2024,AUSTRALIAN TAXATION OFFICE,Accounts Payable (A/P),-5592.54
au,16/11/2024,GT insurance,Accounts Payable (A/P),-2000.0
au,15/11/2024,Mycar,Accounts Payable (A/P),-3471.97
au,15/11/2024,Digital Matter Pty Ltd,Accounts Payable (A/P),-957.6
au,15/11/2024,Digital Matter Pty Ltd,Accounts Payable (A/P),-853.84
au,11/11/2024,GT insurance,Accounts Payable (A/P),-2000.0
au,07/11/2024,Radaro Australia Pty Ltd,Accounts Payable (A/P),-1529.0
au,05/11/2024,NORMAN CHAN,Accounts Payable (A/P),-924.0
au,02/11/2024,CDC Australia,Accounts Payable (A/P),-48075.2
au,01/11/2024,Defiant,Accounts Payable (A/P),-10996.7
au,23/10/2024,SHEENGROUP TOWING PTY LTD,Accounts Payable (A/P),-187.0
au,22/10/2024,Thinxtra,Accounts Payable (A/P),-280.54
au,22/10/2024,Thinxtra,Accounts Payable (A/P),-414.7
au,17/10/2024,Abwin Leasing,Accounts Payable (A/P),-1736.52
au,09/10/2024,NCIS,Accounts Payable (A/P),-1122.0
au,09/10/2024,NORMAN CHAN,Accounts Payable (A/P),-1023.0
au,04/10/2024,CDC Australia,Accounts Payable (A/P),-42823.2
au,04/10/2024,Defiant,Accounts Payable (A/P),-495.0
au,01/10/2024,Defiant,Accounts Payable (A/P),-10996.7
au,26/09/2024,WORKCOVER QUEENSLAND,Accounts Payable (A/P),-517.89
au,24/09/2024,PSC Connect Pty Ltd,Accounts Payable (A/P),-25377.33
au,20/09/2024,Christopher J Malan,Accounts Payable (A/P),-2750.0
au,19/09/2024,Defiant,Accounts Payable (A/P),-495.0
au,13/09/2024,Tweed Byron Towing,Accounts Payable (A/P),-521.4
au,10/09/2024,JustCo (Australia Onshore) Pty Ltd,Accounts Payable (A/P),-0.66
au,09/09/2024,Bytchenkov Pty Ltd,Accounts Payable (A/P),-2970.0
au,09/09/2024,Drive Accident Solutions,Accounts Payable (A/P),-7865.54
au,06/09/2024,Bytchenkov Pty Ltd,Accounts Payable (A/P),-2860.0
au,05/09/2024,CDC Australia,Accounts Payable (A/P),-42192.0
au,27/08/2024,Illion,Accounts Payable (A/P),-187.0
au,27/08/2024,Granville Collision Centre,Accounts Payable (A/P),-970.0
au,15/08/2024,Digital matter,Accounts Payable (A/P),-1644.32
au,06/08/2024,RACQ,Accounts Payable (A/P),-5220.0
au,30/07/2024,CDC Australia,Accounts Payable (A/P),-42033.6
au,30/07/2024,CDC Australia,Accounts Payable (A/P),-3000.0
au,16/07/2024,ACE,Accounts Payable (A/P),-2282.5
au,12/07/2024,Rohde Smash Repair,Accounts Payable (A/P),-3059.1
au,11/07/2024,AUSTRALIAN TAXATION OFFICE,Accounts Payable (A/P),-2335.73
au,11/07/2024,RACQ,Accounts Payable (A/P),-349.67
au,10/07/2024,RACQ,Accounts Payable (A/P),-519.5
au,08/07/2024,Defiant,Accounts Payable (A/P),-6596.7
au,08/07/2024,Digital matter,Accounts Payable (A/P),-819.91
au,26/06/2024,PSC Connect Pty Ltd,Accounts Payable (A/P),-14115.86
au,24/06/2024,Inner West Towing,Accounts Payable (A/P),-804.1
au,19/06/2024,CDC Australia,Accounts Payable (A/P),-41144.8
au,18/06/2024,Bytchenkov Pty Ltd,Accounts Payable (A/P),-2265.0
au,15/06/2024,Granville Collision Centre,Accounts Payable (A/P),-1100.0
au,05/06/2024,RACQ,Accounts Payable (A/P),-501.0
au,03/06/2024,RACQ,Accounts Payable (A/P),-240.0
au,30/05/2024,Digital matter,Accounts Payable (A/P),-806.83
au,30/05/2024,Digital matter,Accounts Payable (A/P),-822.09
au,28/05/2024,Rohde Smash Repair,Accounts Payable (A/P),-2513.58
au,27/05/2024,AUSTRALIAN SECURITIES  INVESTMENTS COMMISSION,Accounts Payable (A/P),-20.0
au,21/05/2024,CDC Australia,Accounts Payable (A/P),-37736.0
au,14/05/2024,GWS CHADSTONE PTY LTD,Accounts Payable (A/P),-210.0
au,11/05/2024,Illion,Accounts Payable (A/P),-159.5
au,11/05/2024,Illion,Accounts Payable (A/P),-165.0
au,11/05/2024,Illion,Accounts Payable (A/P),-170.5
au,20/04/2024,ACE,Accounts Payable (A/P),-1182.5
au,20/04/2024,CDC Australia,Accounts Payable (A/P),-35469.94
au,17/04/2024,Greg Giraud,Accounts Payable (A/P),-1845.0
au,08/04/2024,Digital matter,Accounts Payable (A/P),-758.35
au,25/03/2024,RACQ,Accounts Payable (A/P),-100.0
au,20/03/2024,West Melbourne Smash Repairs,Accounts Payable (A/P),-2240.13
au,20/03/2024,West Melbourne Smash Repairs,Accounts Payable (A/P),-1034.0
au,16/03/2024,CDC Australia,Accounts Payable (A/P),-26636.46
au,15/03/2024,South East Smash,Accounts Payable (A/P),-5009.45
au,09/03/2024,Digital matter,Accounts Payable (A/P),-711.73
au,04/03/2024,The Fleet Dr Pty Ltd,Accounts Payable (A/P),-880.0
au,19/02/2024,CDC Australia,Accounts Payable (A/P),-14602.45
au,07/02/2024,illion Australia Pty Ltd,Accounts Payable (A/P),-132.0
au,30/01/2024,RACQ,Accounts Payable (A/P),-120.0
au,30/01/2024,RACQ,Accounts Payable (A/P),-100.0
au,30/01/2024,RACQ,Accounts Payable (A/P),-310.0
au,30/01/2024,RACQ,Accounts Payable (A/P),-200.0
au,26/01/2024,Focussed Claims  Management,Accounts Payable (A/P),-385.0
au,13/01/2024,Six Films,Accounts Payable (A/P),-473.0
au,13/01/2024,Six Films,Accounts Payable (A/P),-440.0
au,13/01/2024,Six Films,Accounts Payable (A/P),-473.0
au,13/01/2024,Mister Minit Mobile,Accounts Payable (A/P),-91.66
au,09/01/2024,ACE,Accounts Payable (A/P),-2062.5
au,21/11/2023,Digital Matter Pty Ltd,Accounts Payable (A/P),-2561.63
au,19/10/2023,Focussed Claims  Management,Accounts Payable (A/P),-583.0
au,15/07/2023,Focussed Claims  Management,Accounts Payable (A/P),-517.0
au,20/02/2026,Altimobility Corp -,Accounts Payable (A/P) - USD,-14244.47
