entity,date,bank_account,contra_account,amount,kind
au,27/03/2026,1100 Stripe - Clearing Account,1101 Savings (7311),-42000.0,transfer
au,20/03/2026,1100 Stripe - Clearing Account,1101 Savings (7311),-28000.0,transfer
au,17/02/2026,1100 Stripe - Clearing Account,1101 Savings (7311),-20000.0,transfer
au,28/01/2026,1100 Stripe - Clearing Account,1101 Savings (7311),-12000.0,transfer
au,27/01/2026,1100 Stripe - Clearing Account,1101 Savings (7311),-10000.0,transfer
au,16/01/2026,1100 Stripe - Clearing Account,1101 Savings (7311),-25000.0,transfer
au,01/12/2025,1100 Stripe - Clearing Account,1101 Savings (7311),-18000.0,transfer
au,20/11/2025,1100 Stripe - Clearing Account,1101 Savings (7311),-15000.0,transfer
au,19/11/2025,1100 Stripe - Clearing Account,1101 Savings (7311),-4000.0,transfer
au,18/11/2025,1100 Stripe - Clearing Account,1101 Savings (7311),-5000.0,transfer
au,17/11/2025,1100 Stripe - Clearing Account,1101 Savings (7311),-7500.0,transfer
au,30/10/2025,1100 Stripe - Clearing Account,1101 Savings (7311),-18000.0,transfer
au,29/10/2025,1100 Stripe - Clearing Account,1101 Savings (7311),-6000.0,transfer
au,28/10/2025,1100 Stripe - Clearing Account,1101 Savings (7311),-8500.0,transfer
au,27/10/2025,1100 Stripe - Clearing Account,1101 Savings (7311),-34000.0,transfer
au,13/10/2025,1100 Stripe - Clearing Account,1101 Savings (7311),-10000.0,transfer
au,07/10/2025,1100 Stripe - Clearing Account,1101 Savings (7311),-1542.75,transfer
au,27/09/2025,1100 Stripe - Clearing Account,1101 Savings (7311),-7000.0,transfer
au,24/09/2025,1100 Stripe - Clearing Account,1101 Savings (7311),-12000.0,transfer
au,22/09/2025,1100 Stripe - Clearing Account,1101 Savings (7311),-4500.0,transfer
au,17/09/2025,1100 Stripe - Clearing Account,1101 Savings (7311),-12000.0,transfer
au,03/09/2025,1100 Stripe - Clearing Account,1101 Savings (7311),-25000.0,transfer
au,05/08/2025,1100 Stripe - Clearing Account,1101 Savings (7311),-8000.0,transfer
au,30/07/2025,1100 Stripe - Clearing Account,1101 Savings (7311),-13000.0,transfer
au,28/07/2025,1100 Stripe - Clearing Account,1101 Savings (7311),-30000.0,transfer
au,18/07/2025,1100 Stripe - Clearing Account,1101 Savings (7311),-9000.0,transfer
au,17/07/2025,1100 Stripe - Clearing Account,1101 Savings (7311),-3000.0,transfer
au,14/07/2025,1100 Stripe - Clearing Account,1101 Savings (7311),-4000.0,transfer
au,09/07/2025,1100 Stripe - Clearing Account,1101 Savings (7311),-20.16,transfer
au,08/07/2025,1100 Stripe - Clearing Account,1101 Savings (7311),-15000.0,transfer
au,08/07/2025,1100 Stripe - Clearing Account,1101 Savings (7311),-5000.0,transfer
au,20/06/2025,1100 Stripe - Clearing Account,1101 Savings (7311),-12000.0,transfer
au,18/06/2025,1100 Stripe - Clearing Account,1101 Savings (7311),-10000.0,transfer
au,17/06/2025,1100 Stripe - Clearing Account,1101 Savings (7311),-10000.0,transfer
au,16/06/2025,1100 Stripe - Clearing Account,1101 Savings (7311),-4500.0,transfer
au,05/06/2025,1100 Stripe - Clearing Account,1101 Savings (7311),-20000.0,transfer
au,29/05/2025,1100 Stripe - Clearing Account,1101 Savings (7311),-25000.0,transfer
au,27/05/2025,1100 Stripe - Clearing Account,1101 Savings (7311),-15000.0,transfer
au,22/05/2025,1100 Stripe - Clearing Account,1101 Savings (7311),-20000.0,transfer
au,16/05/2025,1100 Stripe - Clearing Account,1101 Savings (7311),-5000.0,transfer
au,15/05/2025,1100 Stripe - Clearing Account,1101 Savings (7311),-10000.0,transfer
au,01/05/2025,1100 Stripe - Clearing Account,1101 Savings (7311),-5000.0,transfer
au,30/04/2025,1100 Stripe - Clearing Account,1101 Savings (7311),-15000.0,transfer
au,14/04/2025,1100 Stripe - Clearing Account,1101 Savings (7311),-29.4,transfer
au,14/04/2025,1100 Stripe - Clearing Account,1101 Savings (7311),-20.0,transfer
au,02/04/2025,1100 Stripe - Clearing Account,1101 Savings (7311),-25000.0,transfer
au,02/04/2025,1100 Stripe - Clearing Account,1101 Savings (7311),-20000.0,transfer
au,20/03/2025,1100 Stripe - Clearing Account,1101 Savings (7311),-25000.0,transfer
au,14/03/2025,1100 Stripe - Clearing Account,1101 Savings (7311),-9000.0,transfer
au,07/03/2025,1100 Stripe - Clearing Account,1101 Savings (7311),-15000.0,transfer
au,04/03/2025,1100 Stripe - Clearing Account,1101 Savings (7311),-5000.0,transfer
au,26/02/2025,1100 Stripe - Clearing Account,1101 Savings (7311),-50000.0,transfer
au,25/02/2025,1100 Stripe - Clearing Account,1101 Savings (7311),-15000.0,transfer
au,19/02/2025,1100 Stripe - Clearing Account,1101 Savings (7311),-15000.0,transfer
au,12/02/2025,1100 Stripe - Clearing Account,1101 Savings (7311),-7500.0,transfer
au,07/02/2025,1100 Stripe - Clearing Account,1101 Savings (7311),-92.72,transfer
au,07/02/2025,1100 Stripe - Clearing Account,1101 Savings (7311),-60.0,transfer
au,07/02/2025,1100 Stripe - Clearing Account,1101 Savings (7311),-52.07,transfer
au,07/02/2025,1100 Stripe - Clearing Account,1101 Savings (7311),-39.62,transfer
au,07/02/2025,1100 Stripe - Clearing Account,1101 Savings (7311),-33.0,transfer
au,07/02/2025,1100 Stripe - Clearing Account,1101 Savings (7311),-32.64,transfer
au,31/01/2025,1100 Stripe - Clearing Account,1101 Savings (7311),-25000.0,transfer
au,28/01/2025,1100 Stripe - Clearing Account,1101 Savings (7311),-10000.0,transfer
au,24/01/2025,1100 Stripe - Clearing Account,1101 Savings (7311),-25000.0,transfer
au,23/01/2025,1100 Stripe - Clearing Account,1101 Savings (7311),-35000.0,transfer
au,21/01/2025,1100 Stripe - Clearing Account,1101 Savings (7311),-15000.0,transfer
au,21/01/2025,1100 Stripe - Clearing Account,1101 Savings (7311),-70000.0,transfer
au,13/01/2025,1100 Stripe - Clearing Account,1101 Savings (7311),-30000.0,transfer
au,10/01/2025,1100 Stripe - Clearing Account,Operating Expenses:Bank Fees,-2.0,transfer
au,08/01/2025,1100 Stripe - Clearing Account,1101 Savings (7311),-65000.0,transfer
au,03/01/2025,1100 Stripe - Clearing Account,1101 Savings (7311),-45000.0,transfer
au,02/01/2025,1100 Stripe - Clearing Account,1101 Savings (7311),-45000.0,transfer
au,31/12/2024,1100 Stripe - Clearing Account,2400-STRIPE-HOST Stripe - Host Payables,-440941.06,transfer
au,31/12/2024,1100 Stripe - Clearing Account,1101 Savings (7311),-245000.0,transfer
au,30/11/2024,1100 Stripe - Clearing Account,2400-STRIPE-HOST Stripe - Host Payables,-417395.51,transfer
au,30/11/2024,1100 Stripe - Clearing Account,1101 Savings (7311),-192000.0,transfer
au,31/10/2024,1100 Stripe - Clearing Account,2400-STRIPE-HOST Stripe - Host Payables,-335113.65,transfer
au,31/10/2024,1100 Stripe - Clearing Account,1101 Savings (7311),-195000.0,transfer
au,30/09/2024,1100 Stripe - Clearing Account,2400-STRIPE-HOST Stripe - Host Payables,-235621.16,transfer
au,30/09/2024,1100 Stripe - Clearing Account,1101 Savings (7311),-119500.0,transfer
au,31/08/2024,1100 Stripe - Clearing Account,2400-STRIPE-HOST Stripe - Host Payables,-57185.71,transfer
au,31/08/2024,1100 Stripe - Clearing Account,1101 Savings (7311),-34500.0,transfer
au,31/07/2024,1100 Stripe - Clearing Account,2400-STRIPE-HOST Stripe - Host Payables,-15726.51,transfer
au,31/07/2024,1100 Stripe - Clearing Account,1101 Savings (7311),-45000.0,transfer
au,30/06/2024,1100 Stripe - Clearing Account,2400-STRIPE-HOST Stripe - Host Payables,-14998.65,transfer
au,30/06/2024,1100 Stripe - Clearing Account,1101 Savings (7311),-29000.0,transfer
au,31/05/2024,1100 Stripe - Clearing Account,2400-STRIPE-HOST Stripe - Host Payables,-20951.33,transfer
au,31/05/2024,1100 Stripe - Clearing Account,1101 Savings (7311),-33000.0,transfer
au,30/04/2024,1100 Stripe - Clearing Account,2400-STRIPE-HOST Stripe - Host Payables,-17683.16,transfer
au,30/04/2024,1100 Stripe - Clearing Account,1101 Savings (7311),-50000.0,transfer
au,31/03/2024,1100 Stripe - Clearing Account,2400-STRIPE-HOST Stripe - Host Payables,-20369.68,transfer
au,31/03/2024,1100 Stripe - Clearing Account,1101 Savings (7311),-35000.0,transfer
au,29/02/2024,1100 Stripe - Clearing Account,2400-STRIPE-HOST Stripe - Host Payables,-21664.99,transfer
au,31/01/2024,1100 Stripe - Clearing Account,2400-STRIPE-HOST Stripe - Host Payables,-6106.12,transfer
au,31/03/2026,1101 Savings (7311),Operating Expenses:Bank Fees,-9.34,transfer
au,31/03/2026,1101 Savings (7311),Operating Expenses:Bank Fees,-1.99,transfer
au,27/03/2026,1101 Savings (7311),1102 Wise AU,-30000.0,transfer
au,27/03/2026,1101 Savings (7311),1102 Wise AU,-11000.0,transfer
au,27/03/2026,1101 Savings (7311),1102 Wise AU,-50000.0,transfer
au,27/03/2026,1101 Savings (7311),1100 Stripe - Clearing Account,42000.0,transfer
au,25/03/2026,1101 Savings (7311),Operating Expenses:Bank Fees,-2.66,transfer
au,24/03/2026,1101 Savings (7311),Operating Expenses:Bank Fees,-10.12,transfer
au,24/03/2026,1101 Savings (7311),Operating Expenses:Bank Fees,-0.27,transfer
au,24/03/2026,1101 Savings (7311),1102 Wise AU,-2000.0,transfer
au,23/03/2026,1101 Savings (7311),1102 Wise AU,-15000.0,transfer
au,21/03/2026,1101 Savings (7311),Operating Expenses:Bank Fees,-0.75,transfer
au,20/03/2026,1101 Savings (7311),1102 Wise AU,-5000.0,transfer
au,20/03/2026,1101 Savings (7311),1100 Stripe - Clearing Account,28000.0,transfer
au,18/03/2026,1101 Savings (7311),Operating Expenses:Bank Fees,-3.02,transfer
au,18/03/2026,1101 Savings (7311),Operating Expenses:Bank Fees,-1.0,transfer
au,17/03/2026,1101 Savings (7311),Operating Expenses:Bank Fees,-1.93,transfer
au,17/03/2026,1101 Savings (7311),Operating Expenses:Bank Fees,-1.1,transfer
au,17/03/2026,1101 Savings (7311),Operating Expenses:Bank Fees,-0.99,transfer
au,17/03/2026,1101 Savings (7311),Operating Expenses:Bank Fees,-8.17,transfer
au,16/03/2026,1101 Savings (7311),1102 Wise AU,-12000.0,transfer
au,14/03/2026,1101 Savings (7311),Operating Expenses:Bank Fees,-47.84,transfer
au,14/03/2026,1101 Savings (7311),Operating Expenses:Bank Fees,-1.24,transfer
au,10/03/2026,1101 Savings (7311),Operating Expenses:Bank Fees,-1.1,transfer
au,09/03/2026,1101 Savings (7311),1102 Wise AU,-2500.0,transfer
au,07/03/2026,1101 Savings (7311),Operating Expenses:Bank Fees,-1.21,transfer
au,07/03/2026,1101 Savings (7311),Operating Expenses:Bank Fees,-3.27,transfer
au,07/03/2026,1101 Savings (7311),1102 Wise AU,-5000.0,transfer
au,06/03/2026,1101 Savings (7311),1102 Wise AU,-15000.0,transfer
au,06/03/2026,1101 Savings (7311),1102 Wise AU,-4000.0,transfer
au,04/03/2026,1101 Savings (7311),1102 Wise AU,-37741.0,transfer
au,03/03/2026,1101 Savings (7311),Operating Expenses:Bank Fees,-1.93,transfer
au,03/03/2026,1101 Savings (7311),Operating Expenses:Bank Fees,-3.71,transfer
au,03/03/2026,1101 Savings (7311),Operating Expenses:Bank Fees,-0.39,transfer
au,03/03/2026,1101 Savings (7311),Operating Expenses:Bank Fees,-10.34,transfer
au,28/02/2026,1101 Savings (7311),Operating Expenses:Bank Fees,-13.01,transfer
au,27/02/2026,1101 Savings (7311),1102 Wise AU,-50000.0,transfer
au,27/02/2026,1101 Savings (7311),1102 Wise AU,-20000.0,transfer
au,25/02/2026,1101 Savings (7311),Operating Expenses:Bank Fees,-2.65,transfer
au,24/02/2026,1101 Savings (7311),Operating Expenses:Bank Fees,-0.27,transfer
au,21/02/2026,1101 Savings (7311),Operating Expenses:Bank Fees,-0.75,transfer
au,20/02/2026,1101 Savings (7311),Operating Expenses:Bank Fees,-0.11,transfer
au,20/02/2026,1101 Savings (7311),1102 Wise AU,-30000.0,transfer
au,19/02/2026,1101 Savings (7311),Operating Expenses:Bank Fees,-0.08,transfer
au,19/02/2026,1101 Savings (7311),Operating Expenses:Bank Fees,-0.11,transfer
au,19/02/2026,1101 Savings (7311),1102 Wise AU,-22000.0,transfer
au,18/02/2026,1101 Savings (7311),Operating Expenses:Bank Fees,-0.11,transfer
au,18/02/2026,1101 Savings (7311),Operating Expenses:Bank Fees,-0.99,transfer
au,18/02/2026,1101 Savings (7311),Operating Expenses:Bank Fees,-0.06,transfer
au,18/02/2026,1101 Savings (7311),Operating Expenses:Bank Fees,-0.04,transfer
au,17/02/2026,1101 Savings (7311),Operating Expenses:Bank Fees,-8.9,transfer
au,17/02/2026,1101 Savings (7311),Operating Expenses:Bank Fees,-1.04,transfer
au,17/02/2026,1101 Savings (7311),Operating Expenses:Bank Fees,-1.93,transfer
au,17/02/2026,1101 Savings (7311),Operating Expenses:Bank Fees,-1.09,transfer
au,17/02/2026,1101 Savings (7311),Operating Expenses:Bank Fees,-0.99,transfer
au,17/02/2026,1101 Savings (7311),1100 Stripe - Clearing Account,20000.0,transfer
au,14/02/2026,1101 Savings (7311),Operating Expenses:Bank Fees,-0.06,transfer
au,14/02/2026,1101 Savings (7311),Operating Expenses:Bank Fees,-1.24,transfer
au,14/02/2026,1101 Savings (7311),Operating Expenses:Bank Fees,-0.2,transfer
au,13/02/2026,1101 Savings (7311),1102 Wise AU,-11000.0,transfer
au,11/02/2026,1101 Savings (7311),Operating Expenses:Bank Fees,-0.06,transfer
au,11/02/2026,1101 Savings (7311),Operating Expenses:Bank Fees,-0.11,transfer
au,11/02/2026,1101 Savings (7311),1102 Wise AU,-7000.0,transfer
au,10/02/2026,1101 Savings (7311),Operating Expenses:Bank Fees,-1.11,transfer
au,10/02/2026,1101 Savings (7311),Operating Expenses:Bank Fees,-0.06,transfer
au,10/02/2026,1101 Savings (7311),1102 Wise AU,-10000.0,transfer
au,09/02/2026,1101 Savings (7311),1102 Wise AU,-7000.0,transfer
au,07/02/2026,1101 Savings (7311),Operating Expenses:Bank Fees,-0.06,transfer
au,07/02/2026,1101 Savings (7311),Operating Expenses:Bank Fees,-1.21,transfer
au,06/02/2026,1101 Savings (7311),Operating Expenses:Bank Fees,-3.28,transfer
au,06/02/2026,1101 Savings (7311),1102 Wise AU,-10000.0,transfer
au,05/02/2026,1101 Savings (7311),1102 Wise AU,-5000.0,transfer
au,04/02/2026,1101 Savings (7311),1102 Wise AU,-10000.0,transfer
au,03/02/2026,1101 Savings (7311),Operating Expenses:Bank Fees,-0.4,transfer
au,03/02/2026,1101 Savings (7311),Operating Expenses:Bank Fees,-3.77,transfer
au,02/02/2026,1101 Savings (7311),1102 Wise AU,-32000.0,transfer
au,30/01/2026,1101 Savings (7311),Operating Expenses:Bank Fees,-10.62,transfer
au,30/01/2026,1101 Savings (7311),Operating Expenses:Bank Fees,-1.98,transfer
au,30/01/2026,1101 Savings (7311),1102 Wise AU,-8000.0,transfer
au,29/01/2026,1101 Savings (7311),Operating Expenses:Bank Fees,-48.67,transfer
au,29/01/2026,1101 Savings (7311),Due from Singapore,-1390.51,IC
au,28/01/2026,1101 Savings (7311),Operating Expenses:Bank Fees,-2.91,transfer
au,28/01/2026,1101 Savings (7311),1102 Wise AU,-50000.0,transfer
au,28/01/2026,1101 Savings (7311),1102 Wise AU,-20233.0,transfer
au,28/01/2026,1101 Savings (7311),1100 Stripe - Clearing Account,12000.0,transfer
au,27/01/2026,1101 Savings (7311),1102 Wise AU,-50000.0,transfer
au,27/01/2026,1101 Savings (7311),Due from Singapore,-15201.0,IC
au,27/01/2026,1101 Savings (7311),1100 Stripe - Clearing Account,10000.0,transfer
au,23/01/2026,1101 Savings (7311),1102 Wise AU,-37000.0,transfer
au,23/01/2026,1101 Savings (7311),1102 Wise AU,-5000.0,transfer
au,22/01/2026,1101 Savings (7311),Operating Expenses:Bank Fees,-0.29,transfer
au,22/01/2026,1101 Savings (7311),Operating Expenses:Bank Fees,-0.06,transfer
au,22/01/2026,1101 Savings (7311),Operating Expenses:Bank Fees,-0.79,transfer
au,22/01/2026,1101 Savings (7311),Operating Expenses:Bank Fees,-0.05,transfer
au,21/01/2026,1101 Savings (7311),1102 Wise AU,-7000.0,transfer
au,20/01/2026,1101 Savings (7311),Operating Expenses:Bank Fees,-3.41,transfer
au,20/01/2026,1101 Savings (7311),Operating Expenses:Bank Fees,-1.05,transfer
au,20/01/2026,1101 Savings (7311),1102 Wise AU,-33000.0,transfer
au,16/01/2026,1101 Savings (7311),Operating Expenses:Bank Fees,-1.05,transfer
au,16/01/2026,1101 Savings (7311),Operating Expenses:Bank Fees,-1.15,transfer
au,16/01/2026,1101 Savings (7311),1102 Wise AU,-30000.0,transfer
au,16/01/2026,1101 Savings (7311),1102 Wise AU,-25000.0,transfer
au,16/01/2026,1101 Savings (7311),1100 Stripe - Clearing Account,25000.0,transfer
au,15/01/2026,1101 Savings (7311),Operating Expenses:Bank Fees,-2.05,transfer
au,15/01/2026,1101 Savings (7311),Operating Expenses:Bank Fees,-8.66,transfer
au,15/01/2026,1101 Savings (7311),1102 Wise AU,-40000.0,transfer
au,14/01/2026,1101 Savings (7311),Operating Expenses:Bank Fees,-0.06,transfer
au,14/01/2026,1101 Savings (7311),Operating Expenses:Bank Fees,-0.12,transfer
au,14/01/2026,1101 Savings (7311),Operating Expenses:Bank Fees,-1.31,transfer
au,13/01/2026,1101 Savings (7311),Operating Expenses:Bank Fees,-0.06,transfer
au,13/01/2026,1101 Savings (7311),Operating Expenses:Bank Fees,-1.25,transfer
au,12/01/2026,1101 Savings (7311),1102 Wise AU,-20000.0,transfer
au,08/01/2026,1101 Savings (7311),Operating Expenses:Bank Fees,-3.2,transfer
au,08/01/2026,1101 Savings (7311),Operating Expenses:Bank Fees,-1.05,transfer
au,08/01/2026,1101 Savings (7311),1102 Wise AU,-30000.0,transfer
au,07/01/2026,1101 Savings (7311),Operating Expenses:Bank Fees,-0.04,transfer
au,07/01/2026,1101 Savings (7311),Operating Expenses:Bank Fees,-0.06,transfer
au,06/01/2026,1101 Savings (7311),Operating Expenses:Bank Fees,-2.15,transfer
au,06/01/2026,1101 Savings (7311),Operating Expenses:Bank Fees,-3.42,transfer
au,02/01/2026,1101 Savings (7311),1102 Wise AU,-5000.0,transfer
au,01/01/2026,1101 Savings (7311),Operating Expenses:Bank Fees,-3.93,transfer
au,01/01/2026,1101 Savings (7311),Operating Expenses:Bank Fees,-0.42,transfer
au,01/01/2026,1101 Savings (7311),Operating Expenses:Bank Fees,-0.12,transfer
au,31/12/2025,1101 Savings (7311),Operating Expenses:Bank Fees,-0.78,transfer
au,31/12/2025,1101 Savings (7311),1102 Wise AU,-2000.0,transfer
au,30/12/2025,1101 Savings (7311),Operating Expenses:Bank Fees,-0.34,transfer
au,30/12/2025,1101 Savings (7311),Operating Expenses:Bank Fees,-0.15,transfer
au,30/12/2025,1101 Savings (7311),Operating Expenses:Bank Fees,-0.06,transfer
au,30/12/2025,1101 Savings (7311),Operating Expenses:Bank Fees,-0.17,transfer
au,30/12/2025,1101 Savings (7311),Operating Expenses:Bank Fees,-3.1,transfer
au,30/12/2025,1101 Savings (7311),Operating Expenses:Bank Fees,-10.94,transfer
au,30/12/2025,1101 Savings (7311),Operating Expenses:Bank Fees,-5.26,transfer
au,30/12/2025,1101 Savings (7311),Operating Expenses:Bank Fees,-2.04,transfer
au,27/12/2025,1101 Savings (7311),Due from Singapore,-15632.0,IC
au,27/12/2025,1101 Savings (7311),1102 Wise AU,-50000.0,transfer
au,25/12/2025,1101 Savings (7311),Operating Expenses:Bank Fees,-0.06,transfer
au,25/12/2025,1101 Savings (7311),Operating Expenses:Bank Fees,-1.08,transfer
au,25/12/2025,1101 Savings (7311),Operating Expenses:Bank Fees,-1.06,transfer
au,25/12/2025,1101 Savings (7311),Operating Expenses:Bank Fees,-2.96,transfer
au,24/12/2025,1101 Savings (7311),1102 Wise AU,-40000.0,transfer
au,23/12/2025,1101 Savings (7311),Operating Expenses:Bank Fees,-0.9,transfer
au,23/12/2025,1101 Savings (7311),Operating Expenses:Bank Fees,-0.29,transfer
au,23/12/2025,1101 Savings (7311),Operating Expenses:Bank Fees,-0.8,transfer
au,23/12/2025,1101 Savings (7311),1102 Wise AU,-50000.0,transfer
au,22/12/2025,1101 Savings (7311),Due from Singapore,-12416.41,IC
au,19/12/2025,1101 Savings (7311),Operating Expenses:Bank Fees,-0.06,transfer
au,19/12/2025,1101 Savings (7311),Operating Expenses:Bank Fees,-0.11,transfer
au,19/12/2025,1101 Savings (7311),Operating Expenses:Bank Fees,-1.06,transfer
au,19/12/2025,1101 Savings (7311),Operating Expenses:Bank Fees,-0.32,transfer
au,19/12/2025,1101 Savings (7311),1102 Wise AU,-16000.0,transfer
au,18/12/2025,1101 Savings (7311),Operating Expenses:Bank Fees,-1.06,transfer
au,18/12/2025,1101 Savings (7311),Operating Expenses:Bank Fees,-4.26,transfer
au,18/12/2025,1101 Savings (7311),Operating Expenses:Bank Fees,-3.34,transfer
au,17/12/2025,1101 Savings (7311),Operating Expenses:Bank Fees,-0.14,transfer
au,17/12/2025,1101 Savings (7311),Operating Expenses:Bank Fees,-1.16,transfer
au,17/12/2025,1101 Savings (7311),Operating Expenses:Bank Fees,-1.06,transfer
au,17/12/2025,1101 Savings (7311),1102 Wise AU,-10000.0,transfer
au,16/12/2025,1101 Savings (7311),Operating Expenses:Bank Fees,-8.71,transfer
au,16/12/2025,1101 Savings (7311),Operating Expenses:Bank Fees,-1.06,transfer
au,16/12/2025,1101 Savings (7311),Operating Expenses:Bank Fees,-1.85,transfer
au,16/12/2025,1101 Savings (7311),Operating Expenses:Bank Fees,-1.32,transfer
au,12/12/2025,1101 Savings (7311),Operating Expenses:Bank Fees,-3.31,transfer
au,12/12/2025,1101 Savings (7311),1102 Wise AU,-5000.0,transfer
au,11/12/2025,1101 Savings (7311),Operating Expenses:Bank Fees,-0.04,transfer
au,11/12/2025,1101 Savings (7311),Operating Expenses:Bank Fees,-1.27,transfer
au,11/12/2025,1101 Savings (7311),Operating Expenses:Bank Fees,-0.12,transfer
au,10/12/2025,1101 Savings (7311),1102 Wise AU,-5000.0,transfer
au,09/12/2025,1101 Savings (7311),Operating Expenses:Bank Fees,-3.21,transfer
au,09/12/2025,1101 Savings (7311),Operating Expenses:Bank Fees,-1.06,transfer
au,06/12/2025,1101 Savings (7311),Operating Expenses:Bank Fees,-0.12,transfer
au,06/12/2025,1101 Savings (7311),Operating Expenses:Bank Fees,-0.85,transfer
au,06/12/2025,1101 Savings (7311),Operating Expenses:Bank Fees,-0.15,transfer
au,06/12/2025,1101 Savings (7311),Operating Expenses:Bank Fees,-0.1,transfer
au,06/12/2025,1101 Savings (7311),Operating Expenses:Bank Fees,-3.48,transfer
au,06/12/2025,1101 Savings (7311),Operating Expenses:Bank Fees,-0.34,transfer
au,05/12/2025,1101 Savings (7311),Operating Expenses:Bank Fees,-2.15,transfer
au,05/12/2025,1101 Savings (7311),1102 Wise AU,-19000.0,transfer
au,05/12/2025,1101 Savings (7311),1102 Wise AU,-1000.0,transfer
au,04/12/2025,1101 Savings (7311),Operating Expenses:Bank Fees,-0.12,transfer
au,02/12/2025,1101 Savings (7311),Operating Expenses:Bank Fees,-11.24,transfer
au,02/12/2025,1101 Savings (7311),Operating Expenses:Bank Fees,-2.1,transfer
au,02/12/2025,1101 Savings (7311),Operating Expenses:Bank Fees,-4.03,transfer
au,02/12/2025,1101 Savings (7311),Operating Expenses:Bank Fees,-0.81,transfer
au,02/12/2025,1101 Savings (7311),Operating Expenses:Bank Fees,-0.43,transfer
au,02/12/2025,1101 Savings (7311),1102 Wise AU,-2000.0,transfer
au,01/12/2025,1101 Savings (7311),1100 Stripe - Clearing Account,18000.0,transfer
au,01/12/2025,1101 Savings (7311),1102 Wise AU,-13000.0,transfer
au,01/12/2025,1101 Savings (7311),1102 Wise AU,-4500.0,transfer
au,01/12/2025,1101 Savings (7311),1102 Wise AU,-4000.0,transfer
au,27/11/2025,1101 Savings (7311),Operating Expenses:Bank Fees,-2.18,transfer
au,27/11/2025,1101 Savings (7311),1102 Wise AU,-30000.0,transfer
au,27/11/2025,1101 Savings (7311),1102 Wise AU,-50000.0,transfer
au,26/11/2025,1101 Savings (7311),1102 Wise AU,-18000.0,transfer
au,25/11/2025,1101 Savings (7311),Operating Expenses:Bank Fees,-1.09,transfer
au,25/11/2025,1101 Savings (7311),Operating Expenses:Bank Fees,-0.12,transfer
au,25/11/2025,1101 Savings (7311),Operating Expenses:Bank Fees,-3.05,transfer
au,24/11/2025,1101 Savings (7311),1102 Wise AU,-6000.0,transfer
au,22/11/2025,1101 Savings (7311),Operating Expenses:Bank Fees,-0.3,transfer
au,21/11/2025,1101 Savings (7311),Operating Expenses:Bank Fees,-0.68,transfer
au,21/11/2025,1101 Savings (7311),Operating Expenses:Bank Fees,-0.81,transfer
au,21/11/2025,1101 Savings (7311),1102 Wise AU,-20000.0,transfer
au,20/11/2025,1101 Savings (7311),1102 Wise AU,-10000.0,transfer
au,20/11/2025,1101 Savings (7311),1100 Stripe - Clearing Account,15000.0,transfer
au,19/11/2025,1101 Savings (7311),Operating Expenses:Bank Fees,-1.08,transfer
au,19/11/2025,1101 Savings (7311),1100 Stripe - Clearing Account,4000.0,transfer
au,18/11/2025,1101 Savings (7311),Operating Expenses:Bank Fees,-1.07,transfer
au,18/11/2025,1101 Savings (7311),Operating Expenses:Bank Fees,-1.18,transfer
au,18/11/2025,1101 Savings (7311),Operating Expenses:Bank Fees,-3.25,transfer
au,18/11/2025,1101 Savings (7311),Operating Expenses:Bank Fees,-1.08,transfer
au,18/11/2025,1101 Savings (7311),1100 Stripe - Clearing Account,5000.0,transfer
au,17/11/2025,1101 Savings (7311),1102 Wise AU,-7500.0,transfer
au,17/11/2025,1101 Savings (7311),1100 Stripe - Clearing Account,7500.0,transfer
au,15/11/2025,1101 Savings (7311),Operating Expenses:Bank Fees,-0.35,transfer
au,15/11/2025,1101 Savings (7311),Operating Expenses:Bank Fees,-8.87,transfer
au,15/11/2025,1101 Savings (7311),Operating Expenses:Bank Fees,-1.88,transfer
au,15/11/2025,1101 Savings (7311),Operating Expenses:Bank Fees,-3.23,transfer
au,15/11/2025,1101 Savings (7311),1102 Wise AU,-10000.0,transfer
au,14/11/2025,1101 Savings (7311),Operating Expenses:Bank Fees,-1.35,transfer
au,13/11/2025,1101 Savings (7311),Operating Expenses:Bank Fees,-1.3,transfer
au,13/11/2025,1101 Savings (7311),1102 Wise AU,-2000.0,transfer
au,11/11/2025,1101 Savings (7311),Operating Expenses:Bank Fees,-0.26,transfer
au,11/11/2025,1101 Savings (7311),Operating Expenses:Bank Fees,-0.29,transfer
au,11/11/2025,1101 Savings (7311),Operating Expenses:Bank Fees,-0.2,transfer
au,11/11/2025,1101 Savings (7311),Operating Expenses:Bank Fees,-0.37,transfer
au,11/11/2025,1101 Savings (7311),Operating Expenses:Bank Fees,-0.27,transfer
au,11/11/2025,1101 Savings (7311),Operating Expenses:Bank Fees,-1.52,transfer
au,11/11/2025,1101 Savings (7311),Operating Expenses:Bank Fees,-0.32,transfer
au,11/11/2025,1101 Savings (7311),Operating Expenses:Bank Fees,-0.12,transfer
au,11/11/2025,1101 Savings (7311),Operating Expenses:Bank Fees,-0.41,transfer
au,11/11/2025,1101 Savings (7311),Operating Expenses:Bank Fees,-0.42,transfer
au,11/11/2025,1101 Savings (7311),Due from Singapore,-7.68,IC
au,08/11/2025,1101 Savings (7311),Operating Expenses:Bank Fees,-0.83,transfer
au,08/11/2025,1101 Savings (7311),Operating Expenses:Bank Fees,-1.08,transfer
au,08/11/2025,1101 Savings (7311),Operating Expenses:Bank Fees,-0.17,transfer
au,08/11/2025,1101 Savings (7311),Operating Expenses:Bank Fees,-2.92,transfer
au,08/11/2025,1101 Savings (7311),Operating Expenses:Bank Fees,-0.27,transfer
au,08/11/2025,1101 Savings (7311),Due from Singapore,-7.6,IC
au,07/11/2025,1101 Savings (7311),Operating Expenses:Bank Fees,-1.37,transfer
au,06/11/2025,1101 Savings (7311),Operating Expenses:Bank Fees,-0.25,transfer
au,06/11/2025,1101 Savings (7311),Operating Expenses:Bank Fees,-1.18,transfer
au,06/11/2025,1101 Savings (7311),Operating Expenses:Bank Fees,-18.12,transfer
au,06/11/2025,1101 Savings (7311),Operating Expenses:Bank Fees,-0.12,transfer
au,06/11/2025,1101 Savings (7311),Operating Expenses:Bank Fees,-0.04,transfer
au,06/11/2025,1101 Savings (7311),Operating Expenses:Bank Fees,-0.87,transfer
au,06/11/2025,1101 Savings (7311),Operating Expenses:Bank Fees,-1.74,transfer
au,06/11/2025,1101 Savings (7311),Operating Expenses:Bank Fees,-2.52,transfer
au,06/11/2025,1101 Savings (7311),Operating Expenses:Bank Fees,-50.95,transfer
au,06/11/2025,1101 Savings (7311),Operating Expenses:Bank Fees,-0.17,transfer
au,06/11/2025,1101 Savings (7311),Operating Expenses:Bank Fees,-0.13,transfer
au,06/11/2025,1101 Savings (7311),Operating Expenses:Bank Fees,-0.28,transfer
au,06/11/2025,1101 Savings (7311),Due from Singapore,-1455.76,IC
au,05/11/2025,1101 Savings (7311),Operating Expenses:Bank Fees,-0.12,transfer
au,05/11/2025,1101 Savings (7311),1102 Wise AU,-50000.0,transfer
au,04/11/2025,1101 Savings (7311),1102 Wise AU,-6000.0,transfer
au,01/11/2025,1101 Savings (7311),Operating Expenses:Bank Fees,-0.43,transfer
au,01/11/2025,1101 Savings (7311),Operating Expenses:Bank Fees,-1.06,transfer
au,01/11/2025,1101 Savings (7311),Operating Expenses:Bank Fees,-4.0,transfer
au,31/10/2025,1101 Savings (7311),Operating Expenses:Bank Fees,-0.8,transfer
au,31/10/2025,1101 Savings (7311),Operating Expenses:Bank Fees,-2.09,transfer
au,30/10/2025,1101 Savings (7311),Operating Expenses:Bank Fees,-0.27,transfer
au,30/10/2025,1101 Savings (7311),Operating Expenses:Bank Fees,-0.08,transfer
au,30/10/2025,1101 Savings (7311),Operating Expenses:Bank Fees,-11.23,transfer
au,30/10/2025,1101 Savings (7311),1100 Stripe - Clearing Account,18000.0,transfer
au,30/10/2025,1101 Savings (7311),1102 Wise AU,-18000.0,transfer
au,29/10/2025,1101 Savings (7311),1100 Stripe - Clearing Account,6000.0,transfer
au,29/10/2025,1101 Savings (7311),1102 Wise AU,-6000.0,transfer
au,28/10/2025,1101 Savings (7311),Operating Expenses:Bank Fees,-0.17,transfer
au,28/10/2025,1101 Savings (7311),Operating Expenses:Bank Fees,-0.88,transfer
au,28/10/2025,1101 Savings (7311),1100 Stripe - Clearing Account,8500.0,transfer
au,28/10/2025,1101 Savings (7311),1102 Wise AU,-8500.0,transfer
au,27/10/2025,1101 Savings (7311),1100 Stripe - Clearing Account,34000.0,transfer
au,27/10/2025,1101 Savings (7311),1102 Wise AU,-34000.0,transfer
au,27/10/2025,1101 Savings (7311),1102 Wise AU,-18000.0,transfer
au,25/10/2025,1101 Savings (7311),Operating Expenses:Bank Fees,-1.08,transfer
au,25/10/2025,1101 Savings (7311),Operating Expenses:Bank Fees,-3.02,transfer
au,24/10/2025,1101 Savings (7311),Operating Expenses:Bank Fees,-0.12,transfer
au,24/10/2025,1101 Savings (7311),Operating Expenses:Bank Fees,-4.33,transfer
au,24/10/2025,1101 Savings (7311),1102 Wise AU,-3000.0,transfer
au,22/10/2025,1101 Savings (7311),Operating Expenses:Bank Fees,-0.82,transfer
au,21/10/2025,1101 Savings (7311),Operating Expenses:Bank Fees,-1.08,transfer
au,18/10/2025,1101 Savings (7311),Operating Expenses:Bank Fees,-2.23,transfer
au,18/10/2025,1101 Savings (7311),Operating Expenses:Bank Fees,-1.08,transfer
au,17/10/2025,1101 Savings (7311),Operating Expenses:Bank Fees,-1.36,transfer
au,17/10/2025,1101 Savings (7311),Operating Expenses:Bank Fees,-1.09,transfer
au,17/10/2025,1101 Savings (7311),1102 Wise AU,-14523.0,transfer
au,16/10/2025,1101 Savings (7311),Operating Expenses:Bank Fees,-1.19,transfer
au,16/10/2025,1101 Savings (7311),Operating Expenses:Bank Fees,-1.08,transfer
au,16/10/2025,1101 Savings (7311),Operating Expenses:Bank Fees,-1.89,transfer
au,16/10/2025,1101 Savings (7311),1102 Wise AU,-18000.0,transfer
au,15/10/2025,1101 Savings (7311),Operating Expenses:Bank Fees,-10.72,transfer
au,14/10/2025,1101 Savings (7311),Operating Expenses:Bank Fees,-0.12,transfer
au,14/10/2025,1101 Savings (7311),Operating Expenses:Bank Fees,-1.35,transfer
au,13/10/2025,1101 Savings (7311),1100 Stripe - Clearing Account,10000.0,transfer
au,10/10/2025,1101 Savings (7311),Operating Expenses:Bank Fees,-0.12,transfer
au,10/10/2025,1101 Savings (7311),Operating Expenses:Bank Fees,-1.28,transfer
au,10/10/2025,1101 Savings (7311),1102 Wise AU,-5000.0,transfer
au,09/10/2025,1101 Savings (7311),Operating Expenses:Bank Fees,-0.12,transfer
au,09/10/2025,1101 Savings (7311),Operating Expenses:Bank Fees,-1.2,transfer
au,09/10/2025,1101 Savings (7311),Operating Expenses:Bank Fees,-0.17,transfer
au,09/10/2025,1101 Savings (7311),1102 Wise AU,-2500.0,transfer
au,08/10/2025,1101 Savings (7311),Operating Expenses:Bank Fees,-1.06,transfer
au,07/10/2025,1101 Savings (7311),Operating Expenses:Bank Fees,-2.12,transfer
au,07/10/2025,1101 Savings (7311),Operating Expenses:Bank Fees,-2.66,transfer
au,07/10/2025,1101 Savings (7311),Operating Expenses:Bank Fees,-0.08,transfer
au,07/10/2025,1101 Savings (7311),Operating Expenses:Bank Fees,-0.12,transfer
au,07/10/2025,1101 Savings (7311),Operating Expenses:Bank Fees,-0.69,transfer
au,07/10/2025,1101 Savings (7311),1100 Stripe - Clearing Account,1542.75,transfer
au,03/10/2025,1101 Savings (7311),1102 Wise AU,-4000.0,transfer
au,02/10/2025,1101 Savings (7311),Operating Expenses:Bank Fees,-0.43,transfer
au,02/10/2025,1101 Savings (7311),Operating Expenses:Bank Fees,-4.01,transfer
au,02/10/2025,1101 Savings (7311),1102 Wise AU,-12000.0,transfer
au,02/10/2025,1101 Savings (7311),1102 Wise AU,-5000.0,transfer
au,01/10/2025,1101 Savings (7311),Operating Expenses:Bank Fees,-11.24,transfer
au,01/10/2025,1101 Savings (7311),1102 Wise AU,-5000.0,transfer
au,30/09/2025,1101 Savings (7311),Operating Expenses:Bank Fees,-1.68,transfer
au,30/09/2025,1101 Savings (7311),Operating Expenses:Bank Fees,-0.05,transfer
au,27/09/2025,1101 Savings (7311),1100 Stripe - Clearing Account,7000.0,transfer
au,27/09/2025,1101 Savings (7311),Due from Singapore,-7000.0,IC
au,27/09/2025,1101 Savings (7311),Due from Singapore,-7000.0,IC
au,25/09/2025,1101 Savings (7311),Operating Expenses:Bank Fees,-2.97,transfer
au,25/09/2025,1101 Savings (7311),Operating Expenses:Bank Fees,-1.07,transfer
au,24/09/2025,1101 Savings (7311),1100 Stripe - Clearing Account,12000.0,transfer
au,24/09/2025,1101 Savings (7311),1102 Wise AU,-18000.0,transfer
au,22/09/2025,1101 Savings (7311),1100 Stripe - Clearing Account,4500.0,transfer
au,22/09/2025,1101 Savings (7311),1102 Wise AU,-33000.0,transfer
au,19/09/2025,1101 Savings (7311),Operating Expenses:Bank Fees,-0.34,transfer
au,19/09/2025,1101 Savings (7311),Operating Expenses:Bank Fees,-1.05,transfer
au,17/09/2025,1101 Savings (7311),1100 Stripe - Clearing Account,12000.0,transfer
au,17/09/2025,1101 Savings (7311),Operating Expenses:Bank Fees,-1.16,transfer
au,17/09/2025,1101 Savings (7311),Operating Expenses:Bank Fees,-1.06,transfer
au,16/09/2025,1101 Savings (7311),Operating Expenses:Bank Fees,-1.85,transfer
au,16/09/2025,1101 Savings (7311),Operating Expenses:Bank Fees,-1.06,transfer
au,16/09/2025,1101 Savings (7311),Operating Expenses:Bank Fees,-10.46,transfer
au,16/09/2025,1101 Savings (7311),Operating Expenses:Bank Fees,-1.33,transfer
au,16/09/2025,1101 Savings (7311),1102 Wise AU,-5000.0,transfer
au,13/09/2025,1101 Savings (7311),Operating Expenses:Bank Fees,-0.11,transfer
au,13/09/2025,1101 Savings (7311),Operating Expenses:Bank Fees,-1.05,transfer
au,11/09/2025,1101 Savings (7311),Operating Expenses:Bank Fees,-1.29,transfer
au,09/09/2025,1101 Savings (7311),Operating Expenses:Bank Fees,-2.13,transfer
au,09/09/2025,1101 Savings (7311),Operating Expenses:Bank Fees,-1.08,transfer
au,09/09/2025,1101 Savings (7311),Operating Expenses:Bank Fees,-2.12,transfer
au,06/09/2025,1101 Savings (7311),Operating Expenses:Bank Fees,-3.24,transfer
au,05/09/2025,1101 Savings (7311),Operating Expenses:Bank Fees,-0.38,transfer
au,04/09/2025,1101 Savings (7311),1102 Wise AU,-25000.0,transfer
au,03/09/2025,1101 Savings (7311),1100 Stripe - Clearing Account,25000.0,transfer
au,02/09/2025,1101 Savings (7311),Due from Singapore,-1.34,IC
au,02/09/2025,1101 Savings (7311),Operating Expenses:Bank Fees,-0.25,transfer
au,02/09/2025,1101 Savings (7311),Operating Expenses:Bank Fees,-0.19,transfer
au,02/09/2025,1101 Savings (7311),Operating Expenses:Bank Fees,-0.43,transfer
au,02/09/2025,1101 Savings (7311),Operating Expenses:Bank Fees,-4.03,transfer
au,02/09/2025,1101 Savings (7311),Operating Expenses:Bank Fees,-0.21,transfer
au,02/09/2025,1101 Savings (7311),Operating Expenses:Bank Fees,-0.73,transfer
au,02/09/2025,1101 Savings (7311),Operating Expenses:Bank Fees,-0.14,transfer
au,02/09/2025,1101 Savings (7311),Operating Expenses:Bank Fees,-0.05,transfer
au,01/09/2025,1101 Savings (7311),Operating Expenses:Bank Fees,-0.29,transfer
au,01/09/2025,1101 Savings (7311),Operating Expenses:Bank Fees,-8.19,transfer
au,01/09/2025,1101 Savings (7311),Operating Expenses:Bank Fees,-1.11,transfer
au,30/08/2025,1101 Savings (7311),Operating Expenses:Bank Fees,-0.31,transfer
au,30/08/2025,1101 Savings (7311),Operating Expenses:Bank Fees,-11.34,transfer
au,30/08/2025,1101 Savings (7311),Operating Expenses:Bank Fees,-5.1,transfer
au,30/08/2025,1101 Savings (7311),Operating Expenses:Bank Fees,-0.34,transfer
au,30/08/2025,1101 Savings (7311),Operating Expenses:Bank Fees,-0.71,transfer
au,30/08/2025,1101 Savings (7311),Operating Expenses:Bank Fees,-1.18,transfer
au,29/08/2025,1101 Savings (7311),Operating Expenses:Bank Fees,-0.09,transfer
au,29/08/2025,1101 Savings (7311),Operating Expenses:Bank Fees,-6.1,transfer
au,29/08/2025,1101 Savings (7311),Operating Expenses:Bank Fees,-0.31,transfer
au,28/08/2025,1101 Savings (7311),Operating Expenses:Bank Fees,-2.18,transfer
au,26/08/2025,1101 Savings (7311),Operating Expenses:Bank Fees,-1.09,transfer
au,26/08/2025,1101 Savings (7311),Operating Expenses:Bank Fees,-3.05,transfer
au,26/08/2025,1101 Savings (7311),Operating Expenses:Bank Fees,-1.11,transfer
au,26/08/2025,1101 Savings (7311),Operating Expenses:Bank Fees,-23.69,transfer
au,26/08/2025,1101 Savings (7311),Operating Expenses:Bank Fees,-9.43,transfer
au,26/08/2025,1101 Savings (7311),Operating Expenses:Bank Fees,-126.46,transfer
au,25/08/2025,1101 Savings (7311),Due to Ventures,76923.08,IC
au,25/08/2025,1101 Savings (7311),1102 Wise AU,-25000.0,transfer
au,25/08/2025,1101 Savings (7311),1102 Wise AU,-50000.0,transfer
au,25/08/2025,1101 Savings (7311),1102 Wise AU,-7500.0,transfer
au,22/08/2025,1101 Savings (7311),1102 Wise AU,-4500.0,transfer
au,21/08/2025,1101 Savings (7311),1102 Wise AU,-10000.0,transfer
au,20/08/2025,1101 Savings (7311),Operating Expenses:Bank Fees,-0.81,transfer
au,20/08/2025,1101 Savings (7311),Operating Expenses:Bank Fees,-0.76,transfer
au,19/08/2025,1101 Savings (7311),Operating Expenses:Bank Fees,-1.08,transfer
au,19/08/2025,1101 Savings (7311),Operating Expenses:Bank Fees,-3.27,transfer
au,16/08/2025,1101 Savings (7311),Operating Expenses:Bank Fees,-1.07,transfer
au,16/08/2025,1101 Savings (7311),Operating Expenses:Bank Fees,-1.18,transfer
au,15/08/2025,1101 Savings (7311),Operating Expenses:Bank Fees,-10.7,transfer
au,15/08/2025,1101 Savings (7311),Operating Expenses:Bank Fees,-1.89,transfer
au,14/08/2025,1101 Savings (7311),Operating Expenses:Bank Fees,-1.35,transfer
au,13/08/2025,1101 Savings (7311),Operating Expenses:Bank Fees,-1.13,transfer
au,12/08/2025,1101 Savings (7311),Operating Expenses:Bank Fees,-1.3,transfer
au,08/08/2025,1101 Savings (7311),Operating Expenses:Bank Fees,-1.09,transfer
au,07/08/2025,1101 Savings (7311),Operating Expenses:Bank Fees,-1.08,transfer
au,07/08/2025,1101 Savings (7311),Operating Expenses:Bank Fees,-2.17,transfer
au,06/08/2025,1101 Savings (7311),Operating Expenses:Bank Fees,-0.07,transfer
au,05/08/2025,1101 Savings (7311),1100 Stripe - Clearing Account,8000.0,transfer
au,05/08/2025,1101 Savings (7311),1102 Wise AU,-7500.0,transfer
au,01/08/2025,1101 Savings (7311),Operating Expenses:Bank Fees,-0.43,transfer
au,01/08/2025,1101 Savings (7311),Operating Expenses:Bank Fees,-4.04,transfer
au,31/07/2025,1101 Savings (7311),1102 Wise AU,-45000.0,transfer
au,31/07/2025,1101 Savings (7311),1102 Wise AU,-2500.0,transfer
au,31/07/2025,1101 Savings (7311),1102 Wise AU,-12000.0,transfer
au,30/07/2025,1101 Savings (7311),1102 Wise AU,-50000.0,transfer
au,30/07/2025,1101 Savings (7311),Operating Expenses:Bank Fees,-8.39,transfer
au,30/07/2025,1101 Savings (7311),1100 Stripe - Clearing Account,13000.0,transfer
au,29/07/2025,1101 Savings (7311),1102 Wise AU,-30000.0,transfer
au,28/07/2025,1101 Savings (7311),1100 Stripe - Clearing Account,30000.0,transfer
au,25/07/2025,1101 Savings (7311),Operating Expenses:Bank Fees,-3.01,transfer
au,25/07/2025,1101 Savings (7311),Operating Expenses:Bank Fees,-1.08,transfer
au,24/07/2025,1101 Savings (7311),Due to Ventures,51857.22,IC
au,24/07/2025,1101 Savings (7311),1102 Wise AU,-50000.0,transfer
au,23/07/2025,1101 Savings (7311),1102 Wise AU,-4000.0,transfer
au,21/07/2025,1101 Savings (7311),1102 Wise AU,-9000.0,transfer
au,19/07/2025,1101 Savings (7311),Operating Expenses:Bank Fees,-1.08,transfer
au,18/07/2025,1101 Savings (7311),1102 Wise AU,-5000.0,transfer
au,18/07/2025,1101 Savings (7311),Operating Expenses:Bank Fees,-1.08,transfer
au,18/07/2025,1101 Savings (7311),1100 Stripe - Clearing Account,9000.0,transfer
au,17/07/2025,1101 Savings (7311),1102 Wise AU,-5000.0,transfer
au,17/07/2025,1101 Savings (7311),Operating Expenses:Bank Fees,-1.07,transfer
au,17/07/2025,1101 Savings (7311),1102 Wise AU,-3000.0,transfer
au,17/07/2025,1101 Savings (7311),1100 Stripe - Clearing Account,3000.0,transfer
au,16/07/2025,1101 Savings (7311),Operating Expenses:Bank Fees,-1.17,transfer
au,16/07/2025,1101 Savings (7311),Operating Expenses:Bank Fees,-1.87,transfer
au,15/07/2025,1101 Savings (7311),Operating Expenses:Bank Fees,-10.57,transfer
au,15/07/2025,1101 Savings (7311),1102 Wise AU,-4000.0,transfer
au,15/07/2025,1101 Savings (7311),Operating Expenses:Bank Fees,-1.34,transfer
au,14/07/2025,1101 Savings (7311),1102 Wise AU,-5000.0,transfer
au,14/07/2025,1101 Savings (7311),1100 Stripe - Clearing Account,4000.0,transfer
au,12/07/2025,1101 Savings (7311),Operating Expenses:Bank Fees,-1.29,transfer
au,11/07/2025,1101 Savings (7311),Operating Expenses:Bank Fees,-2.16,transfer
au,10/07/2025,1101 Savings (7311),Operating Expenses:Bank Fees,-1.07,transfer
au,10/07/2025,1101 Savings (7311),Operating Expenses:Bank Fees,-1.99,transfer
au,09/07/2025,1101 Savings (7311),1102 Wise AU,-5000.0,transfer
au,09/07/2025,1101 Savings (7311),1102 Wise AU,-15000.0,transfer
au,09/07/2025,1101 Savings (7311),1100 Stripe - Clearing Account,20.16,transfer
au,08/07/2025,1101 Savings (7311),1102 Wise AU,-10000.0,transfer
au,08/07/2025,1101 Savings (7311),Operating Expenses:Bank Fees,-1.07,transfer
au,08/07/2025,1101 Savings (7311),1100 Stripe - Clearing Account,15000.0,transfer
au,08/07/2025,1101 Savings (7311),1100 Stripe - Clearing Account,5000.0,transfer
au,05/07/2025,1101 Savings (7311),Operating Expenses:Bank Fees,-0.83,transfer
au,04/07/2025,1101 Savings (7311),1102 Wise AU,-5000.0,transfer
au,03/07/2025,1101 Savings (7311),1102 Wise AU,-17000.0,transfer
au,03/07/2025,1101 Savings (7311),Operating Expenses:Bank Fees,-0.3,transfer
au,02/07/2025,1101 Savings (7311),Operating Expenses:Bank Fees,-4.03,transfer
au,02/07/2025,1101 Savings (7311),1102 Wise AU,-20000.0,transfer
au,02/07/2025,1101 Savings (7311),Operating Expenses:Bank Fees,-0.43,transfer
au,01/07/2025,1101 Savings (7311),Operating Expenses:Bank Fees,-1.86,transfer
au,01/07/2025,1101 Savings (7311),Operating Expenses:Bank Fees,-0.23,transfer
au,01/07/2025,1101 Savings (7311),Operating Expenses:Bank Fees,-2.99,transfer
au,01/07/2025,1101 Savings (7311),Operating Expenses:Bank Fees,-0.57,transfer
au,01/07/2025,1101 Savings (7311),Operating Expenses:Bank Fees,-1.85,transfer
au,01/07/2025,1101 Savings (7311),Operating Expenses:Bank Fees,-8.44,transfer
au,01/07/2025,1101 Savings (7311),Operating Expenses:Bank Fees,-0.15,transfer
au,01/07/2025,1101 Savings (7311),Operating Expenses:Bank Fees,-0.09,transfer
au,01/07/2025,1101 Savings (7311),Operating Expenses:Bank Fees,-0.08,transfer
au,30/06/2025,1101 Savings (7311),Due from Singapore,-16065.0,IC
au,28/06/2025,1101 Savings (7311),Operating Expenses:Bank Fees,-0.25,transfer
au,28/06/2025,1101 Savings (7311),Operating Expenses:Bank Fees,-1.88,transfer
au,28/06/2025,1101 Savings (7311),Operating Expenses:Bank Fees,-0.51,transfer
au,28/06/2025,1101 Savings (7311),Operating Expenses:Bank Fees,-2.28,transfer
au,27/06/2025,1101 Savings (7311),Operating Expenses:Bank Fees,-3.75,transfer
au,27/06/2025,1101 Savings (7311),Operating Expenses:Bank Fees,-1.17,transfer
au,27/06/2025,1101 Savings (7311),Operating Expenses:Bank Fees,-3.74,transfer
au,27/06/2025,1101 Savings (7311),Operating Expenses:Bank Fees,-0.85,transfer
au,27/06/2025,1101 Savings (7311),Operating Expenses:Bank Fees,-0.35,transfer
au,27/06/2025,1101 Savings (7311),Operating Expenses:Bank Fees,-0.25,transfer
au,27/06/2025,1101 Savings (7311),Operating Expenses:Bank Fees,-0.66,transfer
au,27/06/2025,1101 Savings (7311),1102 Wise AU,50000.0,transfer
au,27/06/2025,1101 Savings (7311),1102 Wise AU,-25000.0,transfer
au,27/06/2025,1101 Savings (7311),1102 Wise AU,-50000.0,transfer
au,26/06/2025,1101 Savings (7311),Due to Ventures,150501.74,IC
au,26/06/2025,1101 Savings (7311),1102 Wise AU,-50000.0,transfer
au,25/06/2025,1101 Savings (7311),Operating Expenses:Bank Fees,-11.0,transfer
au,25/06/2025,1101 Savings (7311),Operating Expenses:Bank Fees,-1.09,transfer
au,25/06/2025,1101 Savings (7311),Operating Expenses:Bank Fees,-3.03,transfer
au,25/06/2025,1101 Savings (7311),1102 Wise AU,-10000.0,transfer
au,24/06/2025,1101 Savings (7311),Operating Expenses:Bank Fees,-0.81,transfer
au,20/06/2025,1101 Savings (7311),1100 Stripe - Clearing Account,12000.0,transfer
au,19/06/2025,1101 Savings (7311),Operating Expenses:Bank Fees,-1.08,transfer
au,18/06/2025,1101 Savings (7311),Operating Expenses:Bank Fees,-1.08,transfer
au,18/06/2025,1101 Savings (7311),1100 Stripe - Clearing Account,10000.0,transfer
au,18/06/2025,1101 Savings (7311),1102 Wise AU,-25000.0,transfer
au,17/06/2025,1101 Savings (7311),Operating Expenses:Bank Fees,-1.89,transfer
au,17/06/2025,1101 Savings (7311),Operating Expenses:Bank Fees,-11.17,transfer
au,17/06/2025,1101 Savings (7311),Operating Expenses:Bank Fees,-1.19,transfer
au,17/06/2025,1101 Savings (7311),1100 Stripe - Clearing Account,10000.0,transfer
au,16/06/2025,1101 Savings (7311),1100 Stripe - Clearing Account,4500.0,transfer
au,14/06/2025,1101 Savings (7311),Operating Expenses:Bank Fees,-1.35,transfer
au,12/06/2025,1101 Savings (7311),Operating Expenses:Bank Fees,-1.3,transfer
au,11/06/2025,1101 Savings (7311),Operating Expenses:Bank Fees,-1.19,transfer
au,11/06/2025,1101 Savings (7311),1102 Wise AU,-10000.0,transfer
au,10/06/2025,1101 Savings (7311),Operating Expenses:Bank Fees,-1.08,transfer
au,09/06/2025,1101 Savings (7311),1102 Wise AU,-4000.0,transfer
au,06/06/2025,1101 Savings (7311),1102 Wise AU,-20000.0,transfer
au,05/06/2025,1101 Savings (7311),1100 Stripe - Clearing Account,20000.0,transfer
au,03/06/2025,1101 Savings (7311),Operating Expenses:Bank Fees,-4.1,transfer
au,03/06/2025,1101 Savings (7311),Operating Expenses:Bank Fees,-0.44,transfer
au,02/06/2025,1101 Savings (7311),1102 Wise AU,-5000.0,transfer
au,31/05/2025,1101 Savings (7311),1102 Wise AU,-5500.0,transfer
au,30/05/2025,1101 Savings (7311),Operating Expenses:Bank Fees,-9.07,transfer
au,30/05/2025,1101 Savings (7311),1102 Wise AU,-9000.0,transfer
au,29/05/2025,1101 Savings (7311),1100 Stripe - Clearing Account,25000.0,transfer
au,29/05/2025,1101 Savings (7311),1102 Wise AU,-5000.0,transfer
au,28/05/2025,1101 Savings (7311),1102 Wise AU,-10000.0,transfer
au,28/05/2025,1101 Savings (7311),1102 Wise AU,-8000.0,transfer
au,27/05/2025,1101 Savings (7311),Operating Expenses:Bank Fees,-3.28,transfer
au,27/05/2025,1101 Savings (7311),Operating Expenses:Bank Fees,-3.05,transfer
au,27/05/2025,1101 Savings (7311),Due from Singapore,-5000.0,IC
au,27/05/2025,1101 Savings (7311),1100 Stripe - Clearing Account,15000.0,transfer
au,27/05/2025,1101 Savings (7311),1102 Wise AU,-40000.0,transfer
au,27/05/2025,1101 Savings (7311),1102 Wise AU,-50000.0,transfer
au,27/05/2025,1101 Savings (7311),Due from Singapore,-5000.0,IC
au,26/05/2025,1101 Savings (7311),Due to Ventures,82178.92,IC
au,22/05/2025,1101 Savings (7311),1100 Stripe - Clearing Account,20000.0,transfer
au,21/05/2025,1101 Savings (7311),Operating Expenses:Bank Fees,-1.1,transfer
au,21/05/2025,1101 Savings (7311),1102 Wise AU,-5000.0,transfer
au,20/05/2025,1101 Savings (7311),Operating Expenses:Bank Fees,-1.1,transfer
au,19/05/2025,1101 Savings (7311),1102 Wise AU,-1000.0,transfer
au,17/05/2025,1101 Savings (7311),Operating Expenses:Bank Fees,-1.09,transfer
au,16/05/2025,1101 Savings (7311),Operating Expenses:Bank Fees,-5.23,transfer
au,16/05/2025,1101 Savings (7311),1100 Stripe - Clearing Account,5000.0,transfer
au,16/05/2025,1101 Savings (7311),1102 Wise AU,-7000.0,transfer
au,16/05/2025,1101 Savings (7311),1102 Wise AU,-3000.0,transfer
au,15/05/2025,1101 Savings (7311),Operating Expenses:Bank Fees,-1.93,transfer
au,15/05/2025,1101 Savings (7311),Operating Expenses:Bank Fees,-9.09,transfer
au,15/05/2025,1101 Savings (7311),1102 Wise AU,-25000.0,transfer
au,15/05/2025,1101 Savings (7311),1100 Stripe - Clearing Account,10000.0,transfer
au,14/05/2025,1101 Savings (7311),Operating Expenses:Bank Fees,-1.37,transfer
au,13/05/2025,1101 Savings (7311),1102 Wise AU,-30000.0,transfer
au,10/05/2025,1101 Savings (7311),Operating Expenses:Bank Fees,-1.31,transfer
au,09/05/2025,1101 Savings (7311),1102 Wise AU,-25000.0,transfer
au,08/05/2025,1101 Savings (7311),Due to Ventures,61002.81,IC
au,08/05/2025,1101 Savings (7311),Operating Expenses:Bank Fees,-1.09,transfer
au,08/05/2025,1101 Savings (7311),1102 Wise AU,-50000.0,transfer
au,07/05/2025,1101 Savings (7311),Operating Expenses:Bank Fees,-1.21,transfer
au,02/05/2025,1101 Savings (7311),Operating Expenses:Bank Fees,-4.12,transfer
au,02/05/2025,1101 Savings (7311),Operating Expenses:Bank Fees,-0.44,transfer
au,01/05/2025,1101 Savings (7311),Operating Expenses:Bank Fees,-0.04,transfer
au,01/05/2025,1101 Savings (7311),1100 Stripe - Clearing Account,5000.0,transfer
au,01/05/2025,1101 Savings (7311),1102 Wise AU,-11300.0,transfer
au,30/04/2025,1101 Savings (7311),Operating Expenses:Bank Fees,-7.54,transfer
au,30/04/2025,1101 Savings (7311),1100 Stripe - Clearing Account,15000.0,transfer
au,28/04/2025,1101 Savings (7311),Due to Ventures,61396.2,IC
au,28/04/2025,1101 Savings (7311),1102 Wise AU,-50000.0,transfer
au,25/04/2025,1101 Savings (7311),Operating Expenses:Bank Fees,-3.07,transfer
au,23/04/2025,1101 Savings (7311),1102 Wise AU,-15000.0,transfer
au,22/04/2025,1101 Savings (7311),Due to Ventures,91705.07,IC
au,22/04/2025,1101 Savings (7311),1102 Wise AU,-32000.0,transfer
au,22/04/2025,1101 Savings (7311),1102 Wise AU,-50000.0,transfer
au,18/04/2025,1101 Savings (7311),Operating Expenses:Bank Fees,-1.11,transfer
au,16/04/2025,1101 Savings (7311),Operating Expenses:Bank Fees,-1.98,transfer
au,16/04/2025,1101 Savings (7311),1102 Wise AU,-18000.0,transfer
au,15/04/2025,1101 Savings (7311),Operating Expenses:Bank Fees,-9.35,transfer
au,15/04/2025,1101 Savings (7311),Due to Ventures,77593.6,IC
au,15/04/2025,1101 Savings (7311),Operating Expenses:Bank Fees,-15.0,transfer
au,15/04/2025,1101 Savings (7311),1102 Wise AU,-45000.0,transfer
au,14/04/2025,1101 Savings (7311),1100 Stripe - Clearing Account,29.4,transfer
au,14/04/2025,1101 Savings (7311),1100 Stripe - Clearing Account,20.0,transfer
au,14/04/2025,1101 Savings (7311),1102 Wise AU,-8000.0,transfer
au,10/04/2025,1101 Savings (7311),Operating Expenses:Bank Fees,-1.38,transfer
au,09/04/2025,1101 Savings (7311),Operating Expenses:Bank Fees,-1.15,transfer
au,08/04/2025,1101 Savings (7311),Operating Expenses:Bank Fees,-1.24,transfer
au,03/04/2025,1101 Savings (7311),1102 Wise AU,-25000.0,transfer
au,03/04/2025,1101 Savings (7311),1102 Wise AU,-19000.0,transfer
au,03/04/2025,1101 Savings (7311),1102 Wise AU,-1500.0,transfer
au,02/04/2025,1101 Savings (7311),1100 Stripe - Clearing Account,25000.0,transfer
au,02/04/2025,1101 Savings (7311),1100 Stripe - Clearing Account,20000.0,transfer
au,01/04/2025,1101 Savings (7311),Operating Expenses:Bank Fees,-4.18,transfer
au,01/04/2025,1101 Savings (7311),Operating Expenses:Bank Fees,-7.66,transfer
au,01/04/2025,1101 Savings (7311),1102 Wise AU,-50000.0,transfer
au,01/04/2025,1101 Savings (7311),Operating Expenses:Bank Fees,-0.44,transfer
au,31/03/2025,1101 Savings (7311),Due to Ventures,138965.64,IC
au,31/03/2025,1101 Savings (7311),1102 Wise AU,-50000.0,transfer
au,29/03/2025,1101 Savings (7311),1102 Wise AU,-40000.0,transfer
au,28/03/2025,1101 Savings (7311),1102 Wise AU,-50000.0,transfer
au,27/03/2025,1101 Savings (7311),1102 Wise AU,-50000.0,transfer
au,26/03/2025,1101 Savings (7311),Due to Ventures,155535.19,IC
au,25/03/2025,1101 Savings (7311),Operating Expenses:Bank Fees,-3.12,transfer
au,25/03/2025,1101 Savings (7311),1102 Wise AU,-4000.0,transfer
au,21/03/2025,1101 Savings (7311),1102 Wise AU,-20000.0,transfer
au,20/03/2025,1101 Savings (7311),1100 Stripe - Clearing Account,25000.0,transfer
au,18/03/2025,1101 Savings (7311),Operating Expenses:Bank Fees,-1.12,transfer
au,18/03/2025,1101 Savings (7311),Operating Expenses:Bank Fees,-6.32,transfer
au,18/03/2025,1101 Savings (7311),1102 Wise AU,-6000.0,transfer
au,15/03/2025,1101 Savings (7311),Operating Expenses:Bank Fees,-9.2,transfer
au,15/03/2025,1101 Savings (7311),Operating Expenses:Bank Fees,-1.95,transfer
au,15/03/2025,1101 Savings (7311),1102 Wise AU,-30000.0,transfer
au,14/03/2025,1101 Savings (7311),1100 Stripe - Clearing Account,9000.0,transfer
au,14/03/2025,1101 Savings (7311),1102 Wise AU,-50000.0,transfer
au,13/03/2025,1101 Savings (7311),Operating Expenses:Bank Fees,-1.34,transfer
au,13/03/2025,1101 Savings (7311),1102 Wise AU,-7000.0,transfer
au,11/03/2025,1101 Savings (7311),1102 Wise AU,-5000.0,transfer
au,11/03/2025,1101 Savings (7311),1102 Wise AU,-15000.0,transfer
au,08/03/2025,1101 Savings (7311),Operating Expenses:Bank Fees,-3.16,transfer
au,07/03/2025,1101 Savings (7311),1100 Stripe - Clearing Account,15000.0,transfer
au,06/03/2025,1101 Savings (7311),Operating Expenses:Bank Fees,-1.24,transfer
au,06/03/2025,1101 Savings (7311),1102 Wise AU,-28000.0,transfer
au,05/03/2025,1101 Savings (7311),Due to Ventures,14063.49,IC
au,05/03/2025,1101 Savings (7311),1102 Wise AU,-18000.0,transfer
au,04/03/2025,1101 Savings (7311),Operating Expenses:Bank Fees,-4.21,transfer
au,04/03/2025,1101 Savings (7311),Operating Expenses:Bank Fees,-0.45,transfer
au,04/03/2025,1101 Savings (7311),Operating Expenses:Bank Fees,-7.72,transfer
au,04/03/2025,1101 Savings (7311),5100-STRIPE-HTRIP Stripe - Host Trip Expenses,8500.0,transfer
au,04/03/2025,1101 Savings (7311),1100 Stripe - Clearing Account,5000.0,transfer
au,04/03/2025,1101 Savings (7311),1102 Wise AU,-8500.0,transfer
au,03/03/2025,1101 Savings (7311),1102 Wise AU,-6000.0,transfer
au,28/02/2025,1101 Savings (7311),1102 Wise AU,-48000.0,transfer
au,27/02/2025,1101 Savings (7311),1102 Wise AU,-40000.0,transfer
au,26/02/2025,1101 Savings (7311),1100 Stripe - Clearing Account,50000.0,transfer
au,26/02/2025,1101 Savings (7311),1102 Wise AU,-20000.0,transfer
au,26/02/2025,1101 Savings (7311),1102 Wise AU,-30000.0,transfer
au,25/02/2025,1101 Savings (7311),Operating Expenses:Bank Fees,-1.43,transfer
au,25/02/2025,1101 Savings (7311),Due to Ventures,92639.78,IC
au,25/02/2025,1101 Savings (7311),1100 Stripe - Clearing Account,15000.0,transfer
au,25/02/2025,1101 Savings (7311),1102 Wise AU,-12000.0,transfer
au,22/02/2025,1101 Savings (7311),1102 Wise AU,-2500.0,transfer
au,22/02/2025,1101 Savings (7311),1102 Wise AU,-10000.0,transfer
au,21/02/2025,1101 Savings (7311),1102 Wise AU,-9000.0,transfer
au,19/02/2025,1101 Savings (7311),1100 Stripe - Clearing Account,15000.0,transfer
au,19/02/2025,1101 Savings (7311),1102 Wise AU,-21000.0,transfer
au,18/02/2025,1101 Savings (7311),Operating Expenses:Bank Fees,-1.11,transfer
au,18/02/2025,1101 Savings (7311),1102 Wise AU,-5000.0,transfer
au,17/02/2025,1101 Savings (7311),1102 Wise AU,-15000.0,transfer
au,15/02/2025,1101 Savings (7311),Operating Expenses:Bank Fees,-1.97,transfer
au,15/02/2025,1101 Savings (7311),Operating Expenses:Bank Fees,-9.27,transfer
au,15/02/2025,1101 Savings (7311),1102 Wise AU,-2000.0,transfer
au,13/02/2025,1101 Savings (7311),Operating Expenses:Bank Fees,-1.34,transfer
au,13/02/2025,1101 Savings (7311),Due to Ventures,78054.01,IC
au,12/02/2025,1101 Savings (7311),1100 Stripe - Clearing Account,7500.0,transfer
au,11/02/2025,1101 Savings (7311),1102 Wise AU,-25000.0,transfer
au,10/02/2025,1101 Savings (7311),Due to Ventures,75000.0,IC
au,10/02/2025,1101 Savings (7311),1102 Wise AU,-50000.0,transfer
au,07/02/2025,1101 Savings (7311),1100 Stripe - Clearing Account,92.72,transfer
au,07/02/2025,1101 Savings (7311),1100 Stripe - Clearing Account,60.0,transfer
au,07/02/2025,1101 Savings (7311),1100 Stripe - Clearing Account,52.07,transfer
au,07/02/2025,1101 Savings (7311),1100 Stripe - Clearing Account,39.62,transfer
au,07/02/2025,1101 Savings (7311),1100 Stripe - Clearing Account,33.0,transfer
au,07/02/2025,1101 Savings (7311),1100 Stripe - Clearing Account,32.64,transfer
au,06/02/2025,1101 Savings (7311),Operating Expenses:Bank Fees,-1.27,transfer
au,05/02/2025,1101 Savings (7311),1102 Wise AU,-43000.0,transfer
au,04/02/2025,1101 Savings (7311),Due to Ventures,94537.75,IC
au,04/02/2025,1101 Savings (7311),1102 Wise AU,-50000.0,transfer
au,03/02/2025,1101 Savings (7311),1102 Wise AU,-23000.0,transfer
au,01/02/2025,1101 Savings (7311),Operating Expenses:Bank Fees,-0.45,transfer
au,01/02/2025,1101 Savings (7311),Operating Expenses:Bank Fees,-4.23,transfer
au,31/01/2025,1101 Savings (7311),Operating Expenses:Bank Fees,-3.31,transfer
au,31/01/2025,1101 Savings (7311),1100 Stripe - Clearing Account,25000.0,transfer
au,31/01/2025,1101 Savings (7311),1102 Wise AU,-4000.0,transfer
au,30/01/2025,1101 Savings (7311),Operating Expenses:Bank Fees,-9.85,transfer
au,30/01/2025,1101 Savings (7311),1102 Wise AU,-15000.0,transfer
au,28/01/2025,1101 Savings (7311),1100 Stripe - Clearing Account,10000.0,transfer
au,28/01/2025,1101 Savings (7311),1102 Wise AU,-20000.0,transfer
au,28/01/2025,1101 Savings (7311),1102 Wise AU,-30000.0,transfer
au,27/01/2025,1101 Savings (7311),1102 Wise AU,-50000.0,transfer
au,26/01/2025,1101 Savings (7311),Operating Expenses:Bank Fees,-12.68,transfer
au,24/01/2025,1101 Savings (7311),1100 Stripe - Clearing Account,25000.0,transfer
au,24/01/2025,1101 Savings (7311),1102 Wise AU,-10000.0,transfer
au,24/01/2025,1101 Savings (7311),1102 Wise AU,-14000.0,transfer
au,23/01/2025,1101 Savings (7311),1100 Stripe - Clearing Account,35000.0,transfer
au,23/01/2025,1101 Savings (7311),1102 Wise AU,-17000.0,transfer
au,21/01/2025,1101 Savings (7311),1100 Stripe - Clearing Account,15000.0,transfer
au,21/01/2025,1101 Savings (7311),1100 Stripe - Clearing Account,70000.0,transfer
au,21/01/2025,1101 Savings (7311),1102 Wise AU,-6000.0,transfer
au,20/01/2025,1101 Savings (7311),1102 Wise AU,-15000.0,transfer
au,20/01/2025,1101 Savings (7311),1102 Wise AU,-5000.0,transfer
au,20/01/2025,1101 Savings (7311),1102 Wise AU,-3000.0,transfer
au,18/01/2025,1101 Savings (7311),Operating Expenses:Bank Fees,-1.13,transfer
au,17/01/2025,1101 Savings (7311),1102 Wise AU,-2500.0,transfer
au,15/01/2025,1101 Savings (7311),Operating Expenses:Bank Fees,-2.0,transfer
au,15/01/2025,1101 Savings (7311),Operating Expenses:Bank Fees,-9.96,transfer
au,15/01/2025,1101 Savings (7311),1102 Wise AU,-40000.0,transfer
au,14/01/2025,1101 Savings (7311),1102 Wise AU,-2000.0,transfer
au,13/01/2025,1101 Savings (7311),1100 Stripe - Clearing Account,30000.0,transfer
au,10/01/2025,1101 Savings (7311),1102 Wise AU,-10000.0,transfer
au,09/01/2025,1101 Savings (7311),1102 Wise AU,-15000.0,transfer
au,08/01/2025,1101 Savings (7311),1100 Stripe - Clearing Account,65000.0,transfer
au,07/01/2025,1101 Savings (7311),Operating Expenses:Bank Fees,-1.24,transfer
au,07/01/2025,1101 Savings (7311),1102 Wise AU,-7500.0,transfer
au,06/01/2025,1101 Savings (7311),1102 Wise AU,-44000.0,transfer
au,03/01/2025,1101 Savings (7311),1100 Stripe - Clearing Account,45000.0,transfer
au,03/01/2025,1101 Savings (7311),1102 Wise AU,-24000.0,transfer
au,02/01/2025,1101 Savings (7311),1100 Stripe - Clearing Account,45000.0,transfer
au,02/01/2025,1101 Savings (7311),1102 Wise AU,-10000.0,transfer
au,01/01/2025,1101 Savings (7311),Operating Expenses:Bank Fees,-0.45,transfer
au,01/01/2025,1101 Savings (7311),Operating Expenses:Bank Fees,-4.24,transfer
au,31/12/2024,1101 Savings (7311),Operating Expenses:Bank Fees,-4.21,transfer
au,31/12/2024,1101 Savings (7311),Operating Expenses:Bank Fees,-12.19,transfer
au,31/12/2024,1101 Savings (7311),1100 Stripe - Clearing Account,245000.0,transfer
au,30/12/2024,1101 Savings (7311),1102 Wise AU,-5000.0,transfer
au,27/12/2024,1101 Savings (7311),1102 Wise AU,-20000.0,transfer
au,27/12/2024,1101 Savings (7311),1102 Wise AU,-35000.0,transfer
au,24/12/2024,1101 Savings (7311),Due to Aus Fleet,103.5,IC
au,24/12/2024,1101 Savings (7311),Due to Aus Fleet,524.0,IC
au,24/12/2024,1101 Savings (7311),1102 Wise AU,-37000.0,transfer
au,23/12/2024,1101 Savings (7311),Due to Ventures,54866.14,IC
au,23/12/2024,1101 Savings (7311),Due to Aus Fleet,5.25,IC
au,23/12/2024,1101 Savings (7311),Due to Aus Fleet,31.5,IC
au,23/12/2024,1101 Savings (7311),Due to Aus Fleet,2.25,IC
au,20/12/2024,1101 Savings (7311),1102 Wise AU,-40000.0,transfer
au,19/12/2024,1101 Savings (7311),Due to Aus Fleet,5.95,IC
au,19/12/2024,1101 Savings (7311),Due to Aus Fleet,15.0,IC
au,18/12/2024,1101 Savings (7311),Operating Expenses:Bank Fees,-1.1,transfer
au,18/12/2024,1101 Savings (7311),Due to Aus Fleet,42.0,IC
au,17/12/2024,1101 Savings (7311),Operating Expenses:Bank Fees,-1.65,transfer
au,17/12/2024,1101 Savings (7311),Operating Expenses:Bank Fees,-7.27,transfer
au,17/12/2024,1101 Savings (7311),Due to Aus Fleet,0.81,IC
au,17/12/2024,1101 Savings (7311),Due to Aus Fleet,37.5,IC
au,17/12/2024,1101 Savings (7311),1102 Wise AU,-1500.0,transfer
au,16/12/2024,1101 Savings (7311),Due to Aus Fleet,0.75,IC
au,16/12/2024,1101 Savings (7311),Due to Aus Fleet,6.99,IC
au,16/12/2024,1101 Savings (7311),Due to Aus Fleet,30.0,IC
au,16/12/2024,1101 Savings (7311),Due to Aus Fleet,13.5,IC
au,16/12/2024,1101 Savings (7311),Due to Aus Fleet,2.34,IC
au,16/12/2024,1101 Savings (7311),Due to Aus Fleet,75.97,IC
au,16/12/2024,1101 Savings (7311),Due to Aus Fleet,31.5,IC
au,16/12/2024,1101 Savings (7311),Due to Aus Fleet,12.75,IC
au,16/12/2024,1101 Savings (7311),Due to Aus Fleet,4.99,IC
au,16/12/2024,1101 Savings (7311),Due to Aus Fleet,8.0,IC
au,16/12/2024,1101 Savings (7311),1102 Wise AU,-20000.0,transfer
au,16/12/2024,1101 Savings (7311),1102 Wise AU,-19000.0,transfer
au,13/12/2024,1101 Savings (7311),Due to Aus Fleet,27.84,IC
au,13/12/2024,1101 Savings (7311),Due to Aus Fleet,0.75,IC
au,13/12/2024,1101 Savings (7311),Due to Aus Fleet,5.4,IC
au,13/12/2024,1101 Savings (7311),Due to Aus Fleet,0.81,IC
au,13/12/2024,1101 Savings (7311),Due to Aus Fleet,2.61,IC
au,12/12/2024,1101 Savings (7311),Operating Expenses:Bank Fees,-0.23,transfer
au,12/12/2024,1101 Savings (7311),Due to Aus Fleet,31.5,IC
au,12/12/2024,1101 Savings (7311),Due to Aus Fleet,0.75,IC
au,12/12/2024,1101 Savings (7311),Due to Aus Fleet,2.25,IC
au,12/12/2024,1101 Savings (7311),Due to Aus Fleet,3.24,IC
au,11/12/2024,1101 Savings (7311),Due to Aus Fleet,31.5,IC
au,11/12/2024,1101 Savings (7311),Due to Aus Fleet,7.5,IC
au,11/12/2024,1101 Savings (7311),Due to Aus Fleet,7.21,IC
au,11/12/2024,1101 Savings (7311),Due to Aus Fleet,0.52,IC
au,11/12/2024,1101 Savings (7311),Due to Aus Fleet,30.0,IC
au,11/12/2024,1101 Savings (7311),Due to Aus Fleet,4.5,IC
au,11/12/2024,1101 Savings (7311),1102 Wise AU,-9000.0,transfer
au,10/12/2024,1101 Savings (7311),Operating Expenses:Bank Fees,-0.14,transfer
au,10/12/2024,1101 Savings (7311),Operating Expenses:Bank Fees,-0.21,transfer
au,10/12/2024,1101 Savings (7311),Operating Expenses:Bank Fees,-0.31,transfer
au,10/12/2024,1101 Savings (7311),Operating Expenses:Bank Fees,-0.16,transfer
au,10/12/2024,1101 Savings (7311),Operating Expenses:Bank Fees,-49.91,transfer
au,10/12/2024,1101 Savings (7311),Operating Expenses:Bank Fees,-0.44,transfer
au,10/12/2024,1101 Savings (7311),Operating Expenses:Bank Fees,-0.12,transfer
au,10/12/2024,1101 Savings (7311),Operating Expenses:Bank Fees,-2.66,transfer
au,10/12/2024,1101 Savings (7311),Operating Expenses:Bank Fees,-0.34,transfer
au,10/12/2024,1101 Savings (7311),Operating Expenses:Bank Fees,-0.37,transfer
au,10/12/2024,1101 Savings (7311),Due to Aus Fleet,41.25,IC
au,10/12/2024,1101 Savings (7311),1102 Wise AU,-17000.0,transfer
au,09/12/2024,1101 Savings (7311),Due to Aus Fleet,7.5,IC
au,09/12/2024,1101 Savings (7311),Due to Aus Fleet,31.5,IC
au,09/12/2024,1101 Savings (7311),Due to Aus Fleet,2.61,IC
au,09/12/2024,1101 Savings (7311),Due to Aus Fleet,15.0,IC
au,09/12/2024,1101 Savings (7311),Due to Aus Fleet,109.46,IC
au,09/12/2024,1101 Savings (7311),Due to Aus Fleet,41.25,IC
au,09/12/2024,1101 Savings (7311),Due to Aus Fleet,5.46,IC
au,09/12/2024,1101 Savings (7311),Due to Aus Fleet,259.0,IC
au,09/12/2024,1101 Savings (7311),1102 Wise AU,-10000.0,transfer
au,07/12/2024,1101 Savings (7311),Operating Expenses:Bank Fees,-1.22,transfer
au,07/12/2024,1101 Savings (7311),Operating Expenses:Bank Fees,-0.62,transfer
au,07/12/2024,1101 Savings (7311),Operating Expenses:Bank Fees,-0.48,transfer
au,07/12/2024,1101 Savings (7311),Operating Expenses:Bank Fees,-0.11,transfer
au,07/12/2024,1101 Savings (7311),Operating Expenses:Bank Fees,-11.34,transfer
au,06/12/2024,1101 Savings (7311),Operating Expenses:Bank Fees,-1.19,transfer
au,06/12/2024,1101 Savings (7311),Operating Expenses:Bank Fees,-0.35,transfer
au,06/12/2024,1101 Savings (7311),Operating Expenses:Bank Fees,-2.39,transfer
au,06/12/2024,1101 Savings (7311),Due to Aus Fleet,15.0,IC
au,06/12/2024,1101 Savings (7311),Due to Aus Fleet,7.5,IC
au,06/12/2024,1101 Savings (7311),Due to Aus Fleet,6.99,IC
au,06/12/2024,1101 Savings (7311),Due to Aus Fleet,13.25,IC
au,06/12/2024,1101 Savings (7311),Due to Aus Fleet,4.99,IC
au,06/12/2024,1101 Savings (7311),Due to Aus Fleet,31.5,IC
au,05/12/2024,1101 Savings (7311),Operating Expenses:Bank Fees,-8.51,transfer
au,05/12/2024,1101 Savings (7311),Operating Expenses:Bank Fees,-2.15,transfer
au,05/12/2024,1101 Savings (7311),Operating Expenses:Bank Fees,-0.16,transfer
au,05/12/2024,1101 Savings (7311),Due to Aus Fleet,15.0,IC
au,05/12/2024,1101 Savings (7311),Due to Aus Fleet,4.5,IC
au,05/12/2024,1101 Savings (7311),Due to Aus Fleet,4.99,IC
au,05/12/2024,1101 Savings (7311),Due to Aus Fleet,31.5,IC
au,05/12/2024,1101 Savings (7311),Due to Aus Fleet,14.16,IC
au,05/12/2024,1101 Savings (7311),Due to Aus Fleet,51.75,IC
au,05/12/2024,1101 Savings (7311),Due to Aus Fleet,5.25,IC
au,05/12/2024,1101 Savings (7311),Due to Aus Fleet,3.75,IC
au,05/12/2024,1101 Savings (7311),Due to Aus Fleet,41.25,IC
au,05/12/2024,1101 Savings (7311),1102 Wise AU,-25000.0,transfer
au,04/12/2024,1101 Savings (7311),Operating Expenses:Bank Fees,-0.09,transfer
au,04/12/2024,1101 Savings (7311),Due to Aus Fleet,15.0,IC
au,04/12/2024,1101 Savings (7311),Due to Aus Fleet,31.5,IC
au,04/12/2024,1101 Savings (7311),Due to Aus Fleet,30.0,IC
au,04/12/2024,1101 Savings (7311),1102 Wise AU,-20000.0,transfer
au,03/12/2024,1101 Savings (7311),Operating Expenses:Bank Fees,-4.04,transfer
au,03/12/2024,1101 Savings (7311),Due to Aus Fleet,41.25,IC
au,02/12/2024,1101 Savings (7311),Due to Aus Fleet,15.0,IC
au,02/12/2024,1101 Savings (7311),Due to Aus Fleet,41.25,IC
au,02/12/2024,1101 Savings (7311),Due to Aus Fleet,31.5,IC
au,02/12/2024,1101 Savings (7311),1102 Wise AU,-15000.0,transfer
au,30/11/2024,1101 Savings (7311),Operating Expenses:Bank Fees,-9.57,transfer
au,30/11/2024,1101 Savings (7311),1100 Stripe - Clearing Account,192000.0,transfer
au,29/11/2024,1101 Savings (7311),Due to Aus Fleet,15.0,IC
au,29/11/2024,1101 Savings (7311),Due to Aus Fleet,1.0,IC
au,29/11/2024,1101 Savings (7311),Due to Aus Fleet,18.75,IC
au,29/11/2024,1101 Savings (7311),Due to Aus Fleet,5.25,IC
au,29/11/2024,1101 Savings (7311),Due to Aus Fleet,31.5,IC
au,29/11/2024,1101 Savings (7311),1102 Wise AU,-25000.0,transfer
au,29/11/2024,1101 Savings (7311),1102 Wise AU,-2000.0,transfer
au,28/11/2024,1101 Savings (7311),Due to Aus Fleet,9.0,IC
au,28/11/2024,1101 Savings (7311),Due to Aus Fleet,29.75,IC
au,28/11/2024,1101 Savings (7311),Due to Aus Fleet,7.5,IC
au,28/11/2024,1101 Savings (7311),Due to Aus Fleet,22.5,IC
au,28/11/2024,1101 Savings (7311),Due to Aus Fleet,31.5,IC
au,28/11/2024,1101 Savings (7311),Due to Aus Fleet,4.5,IC
au,28/11/2024,1101 Savings (7311),Due to Aus Fleet,5.25,IC
au,27/11/2024,1101 Savings (7311),Due to Aus Fleet,4.99,IC
au,27/11/2024,1101 Savings (7311),Due to Aus Fleet,31.5,IC
au,27/11/2024,1101 Savings (7311),Due to Aus Fleet,9.0,IC
au,27/11/2024,1101 Savings (7311),Due to Aus Fleet,42.0,IC
au,27/11/2024,1101 Savings (7311),Due to Aus Fleet,6.0,IC
au,26/11/2024,1101 Savings (7311),Due to Aus Fleet,41.25,IC
au,26/11/2024,1101 Savings (7311),1102 Wise AU,-35000.0,transfer
au,26/11/2024,1101 Savings (7311),1102 Wise AU,-50000.0,transfer
au,25/11/2024,1101 Savings (7311),Due to Aus Fleet,9.0,IC
au,25/11/2024,1101 Savings (7311),Due to Aus Fleet,1.0,IC
au,25/11/2024,1101 Savings (7311),Due to Aus Fleet,31.5,IC
au,25/11/2024,1101 Savings (7311),Due to Aus Fleet,5.0,IC
au,25/11/2024,1101 Savings (7311),Due to Aus Fleet,7.5,IC
au,25/11/2024,1101 Savings (7311),Due to Aus Fleet,4.5,IC
au,25/11/2024,1101 Savings (7311),Due to Aus Fleet,15.0,IC
au,25/11/2024,1101 Savings (7311),Due to Aus Fleet,41.25,IC
au,25/11/2024,1101 Savings (7311),Due to Aus Fleet,6.0,IC
au,25/11/2024,1101 Savings (7311),Due to Aus Fleet,2.5,IC
au,25/11/2024,1101 Savings (7311),Due to Aus Fleet,13.5,IC
au,25/11/2024,1101 Savings (7311),Due to Aus Fleet,4.99,IC
au,23/11/2024,1101 Savings (7311),1102 Wise AU,-19500.0,transfer
au,22/11/2024,1101 Savings (7311),Due to Aus Fleet,2.25,IC
au,22/11/2024,1101 Savings (7311),Due to Aus Fleet,9.0,IC
au,22/11/2024,1101 Savings (7311),Due to Aus Fleet,11.9,IC
au,22/11/2024,1101 Savings (7311),Due to Aus Fleet,15.0,IC
au,22/11/2024,1101 Savings (7311),Due to Aus Fleet,3.75,IC
au,22/11/2024,1101 Savings (7311),Due to Aus Fleet,31.5,IC
au,22/11/2024,1101 Savings (7311),Due to Aus Fleet,41.25,IC
au,22/11/2024,1101 Savings (7311),Due to Aus Fleet,18.75,IC
au,22/11/2024,1101 Savings (7311),Due to Aus Fleet,5.95,IC
au,22/11/2024,1101 Savings (7311),Due to Aus Fleet,3.0,IC
au,22/11/2024,1101 Savings (7311),Due to Aus Fleet,7.5,IC
au,21/11/2024,1101 Savings (7311),Due to Aus Fleet,7.0,IC
au,21/11/2024,1101 Savings (7311),Due to Aus Fleet,11.9,IC
au,21/11/2024,1101 Savings (7311),Due to Aus Fleet,31.5,IC
au,21/11/2024,1101 Savings (7311),Due to Aus Fleet,15.0,IC
au,20/11/2024,1101 Savings (7311),Operating Expenses:Bank Fees,-1.58,transfer
au,20/11/2024,1101 Savings (7311),Due to Aus Fleet,31.5,IC
au,20/11/2024,1101 Savings (7311),Due to Aus Fleet,409.84,IC
au,20/11/2024,1101 Savings (7311),Due to Aus Fleet,0.75,IC
au,20/11/2024,1101 Savings (7311),Due to Aus Fleet,4.5,IC
au,20/11/2024,1101 Savings (7311),1102 Wise AU,-19500.0,transfer
au,19/11/2024,1101 Savings (7311),Operating Expenses:Bank Fees,-1.09,transfer
au,19/11/2024,1101 Savings (7311),Due to Aus Fleet,41.25,IC
au,19/11/2024,1101 Savings (7311),1102 Wise AU,-19500.0,transfer
au,18/11/2024,1101 Savings (7311),Due to Aus Fleet,8.0,IC
au,18/11/2024,1101 Savings (7311),Due to Aus Fleet,31.5,IC
au,18/11/2024,1101 Savings (7311),Due to Aus Fleet,3.0,IC
au,18/11/2024,1101 Savings (7311),Due to Aus Fleet,24.18,IC
au,18/11/2024,1101 Savings (7311),Due to Aus Fleet,41.25,IC
au,18/11/2024,1101 Savings (7311),Due to Aus Fleet,2.25,IC
au,18/11/2024,1101 Savings (7311),1102 Wise AU,-19500.0,transfer
au,15/11/2024,1101 Savings (7311),Operating Expenses:Bank Fees,-1.07,transfer
au,15/11/2024,1101 Savings (7311),Operating Expenses:Bank Fees,-0.54,transfer
au,15/11/2024,1101 Savings (7311),Operating Expenses:Bank Fees,-7.1,transfer
au,15/11/2024,1101 Savings (7311),Due to Aus Fleet,11.9,IC
au,15/11/2024,1101 Savings (7311),Due to Aus Fleet,55000.0,IC
au,14/11/2024,1101 Savings (7311),Due to Aus Fleet,13.6,IC
au,14/11/2024,1101 Savings (7311),1102 Wise AU,-15000.0,transfer
au,11/11/2024,1101 Savings (7311),Due to Aus Fleet,126.0,IC
au,09/11/2024,1101 Savings (7311),1102 Wise AU,-8000.0,transfer
au,08/11/2024,1101 Savings (7311),Due to Aus Fleet,15.0,IC
au,08/11/2024,1101 Savings (7311),Due to Aus Fleet,59.25,IC
au,08/11/2024,1101 Savings (7311),Due from Singapore,-15824.0,IC
au,07/11/2024,1101 Savings (7311),Operating Expenses:Bank Fees,-106.84,transfer
au,06/11/2024,1101 Savings (7311),Operating Expenses:Bank Fees,-1.18,transfer
au,06/11/2024,1101 Savings (7311),Due from Singapore,-15824.0,IC
au,04/11/2024,1101 Savings (7311),Due to Aus Fleet,31.5,IC
au,04/11/2024,1101 Savings (7311),Due to Aus Fleet,49.5,IC
au,02/11/2024,1101 Savings (7311),1102 Wise AU,-20000.0,transfer
au,01/11/2024,1101 Savings (7311),Operating Expenses:Bank Fees,-4.01,transfer
au,01/11/2024,1101 Savings (7311),Operating Expenses:Bank Fees,-0.43,transfer
au,01/11/2024,1101 Savings (7311),Due to Aus Fleet,39.75,IC
au,01/11/2024,1101 Savings (7311),Due to Aus Fleet,31.5,IC
au,01/11/2024,1101 Savings (7311),Due to Aus Fleet,49.5,IC
au,01/11/2024,1101 Savings (7311),1102 Wise AU,-20000.0,transfer
au,31/10/2024,1101 Savings (7311),Operating Expenses:Bank Fees,-9.37,transfer
au,31/10/2024,1101 Savings (7311),Due to Aus Fleet,10.5,IC
au,31/10/2024,1101 Savings (7311),Due to Aus Fleet,11.9,IC
au,31/10/2024,1101 Savings (7311),Due to Aus Fleet,49.5,IC
au,31/10/2024,1101 Savings (7311),Due to Aus Fleet,16.5,IC
au,31/10/2024,1101 Savings (7311),Due from Singapore,40285.45,IC
au,31/10/2024,1101 Savings (7311),1102 Wise AU,-20000.0,transfer
au,31/10/2024,1101 Savings (7311),1100 Stripe - Clearing Account,195000.0,transfer
au,30/10/2024,1101 Savings (7311),Due to Aus Fleet,39.75,IC
au,30/10/2024,1101 Savings (7311),Due to Aus Fleet,15.0,IC
au,30/10/2024,1101 Savings (7311),Due to Aus Fleet,49.5,IC
au,30/10/2024,1101 Savings (7311),Due to Aus Fleet,7.5,IC
au,30/10/2024,1101 Savings (7311),Due to Aus Fleet,138.75,IC
au,30/10/2024,1101 Savings (7311),1102 Wise AU,-10000.0,transfer
au,29/10/2024,1101 Savings (7311),Due to Aus Fleet,79.5,IC
au,29/10/2024,1101 Savings (7311),1102 Wise AU,-7000.0,transfer
au,28/10/2024,1101 Savings (7311),Due to Aus Fleet,31.5,IC
au,28/10/2024,1101 Savings (7311),Due to Aus Fleet,79.5,IC
au,28/10/2024,1101 Savings (7311),Due to Aus Fleet,49.5,IC
au,28/10/2024,1101 Savings (7311),Due to Aus Fleet,99.0,IC
au,28/10/2024,1101 Savings (7311),Due to Aus Fleet,138.75,IC
au,28/10/2024,1101 Savings (7311),Due to Aus Fleet,39.75,IC
au,28/10/2024,1101 Savings (7311),1102 Wise AU,-10000.0,transfer
au,26/10/2024,1101 Savings (7311),1102 Wise AU,-15000.0,transfer
au,26/10/2024,1101 Savings (7311),1102 Wise AU,-5000.0,transfer
au,25/10/2024,1101 Savings (7311),Due to Aus Fleet,49.5,IC
au,25/10/2024,1101 Savings (7311),Due to Aus Fleet,59.25,IC
au,25/10/2024,1101 Savings (7311),1102 Wise AU,-20000.0,transfer
au,24/10/2024,1101 Savings (7311),Due to Aus Fleet,15.0,IC
au,24/10/2024,1101 Savings (7311),Due to Aus Fleet,180.0,IC
au,24/10/2024,1101 Savings (7311),Due to Aus Fleet,16.5,IC
au,24/10/2024,1101 Savings (7311),Due to Aus Fleet,118.5,IC
au,24/10/2024,1101 Savings (7311),1102 Wise AU,-6000.0,transfer
au,23/10/2024,1101 Savings (7311),Due to Aus Fleet,42.0,IC
au,23/10/2024,1101 Savings (7311),Due to Aus Fleet,11.9,IC
au,23/10/2024,1101 Savings (7311),Due to Aus Fleet,15.0,IC
au,23/10/2024,1101 Savings (7311),Due to Aus Fleet,7.5,IC
au,22/10/2024,1101 Savings (7311),Operating Expenses:Bank Fees,-1.52,transfer
au,22/10/2024,1101 Savings (7311),Due to Aus Fleet,84.0,IC
au,21/10/2024,1101 Savings (7311),Due to Aus Fleet,148.5,IC
au,21/10/2024,1101 Savings (7311),Due to Aus Fleet,31.5,IC
au,21/10/2024,1101 Savings (7311),Due to Aus Fleet,12.0,IC
au,21/10/2024,1101 Savings (7311),Due to Aus Fleet,7.5,IC
au,21/10/2024,1101 Savings (7311),Due to Aus Fleet,22.5,IC
au,21/10/2024,1101 Savings (7311),Due to Aus Fleet,15.0,IC
au,21/10/2024,1101 Savings (7311),Due to Aus Fleet,415.5,IC
au,21/10/2024,1101 Savings (7311),Due to Aus Fleet,37.5,IC
au,21/10/2024,1101 Savings (7311),Due to Aus Fleet,120.5,IC
au,21/10/2024,1101 Savings (7311),Due to Aus Fleet,11.9,IC
au,21/10/2024,1101 Savings (7311),Due to Aus Fleet,13.5,IC
au,21/10/2024,1101 Savings (7311),Due to Aus Fleet,25.0,IC
au,21/10/2024,1101 Savings (7311),Operating Expenses:Bank Fees,-25.0,transfer
au,18/10/2024,1101 Savings (7311),Operating Expenses:Bank Fees,-1.05,transfer
au,18/10/2024,1101 Savings (7311),Due to Aus Fleet,39.75,IC
au,18/10/2024,1101 Savings (7311),Due to Aus Fleet,58.5,IC
au,18/10/2024,1101 Savings (7311),Due to Aus Fleet,31.5,IC
au,17/10/2024,1101 Savings (7311),Due to Aus Fleet,41.25,IC
au,17/10/2024,1101 Savings (7311),Due to Aus Fleet,156.0,IC
au,17/10/2024,1101 Savings (7311),Due to Aus Fleet,17.0,IC
au,17/10/2024,1101 Savings (7311),Due to Aus Fleet,138.75,IC
au,17/10/2024,1101 Savings (7311),Due to Aus Fleet,66.0,IC
au,17/10/2024,1101 Savings (7311),1102 Wise AU,-20000.0,transfer
au,16/10/2024,1101 Savings (7311),Due to Aus Fleet,72.75,IC
au,16/10/2024,1101 Savings (7311),Due to Aus Fleet,198.75,IC
au,16/10/2024,1101 Savings (7311),Due to Aus Fleet,67.5,IC
au,16/10/2024,1101 Savings (7311),Due to Aus Fleet,32.5,IC
au,16/10/2024,1101 Savings (7311),Due to Aus Fleet,39.75,IC
au,15/10/2024,1101 Savings (7311),Operating Expenses:Bank Fees,-6.87,transfer
au,15/10/2024,1101 Savings (7311),Operating Expenses:Bank Fees,-0.59,transfer
au,15/10/2024,1101 Savings (7311),Due to Aus Fleet,33.0,IC
au,15/10/2024,1101 Savings (7311),1102 Wise AU,-15000.0,transfer
au,14/10/2024,1101 Savings (7311),Due to Aus Fleet,39.75,IC
au,14/10/2024,1101 Savings (7311),Due to Aus Fleet,49.5,IC
au,14/10/2024,1101 Savings (7311),Due from Singapore,-41508.54,IC
au,11/10/2024,1101 Savings (7311),Due to Aus Fleet,41.25,IC
au,10/10/2024,1101 Savings (7311),Due to Aus Fleet,36.75,IC
au,10/10/2024,1101 Savings (7311),Due to Aus Fleet,132.5,IC
au,10/10/2024,1101 Savings (7311),Due to Aus Fleet,17.85,IC
au,10/10/2024,1101 Savings (7311),Due to Aus Fleet,141.75,IC
au,10/10/2024,1101 Savings (7311),Due to Aus Fleet,13.5,IC
au,09/10/2024,1101 Savings (7311),Due to Aus Fleet,89.0,IC
au,09/10/2024,1101 Savings (7311),Due to Aus Fleet,145.5,IC
au,09/10/2024,1101 Savings (7311),Due to Aus Fleet,15.0,IC
au,09/10/2024,1101 Savings (7311),Due to Aus Fleet,27.72,IC
au,08/10/2024,1101 Savings (7311),Operating Expenses:Bank Fees,-0.46,transfer
au,08/10/2024,1101 Savings (7311),Operating Expenses:Bank Fees,-1.13,transfer
au,08/10/2024,1101 Savings (7311),Due to Aus Fleet,25.0,IC
au,07/10/2024,1101 Savings (7311),Due to Aus Fleet,21.78,IC
au,07/10/2024,1101 Savings (7311),Due to Aus Fleet,13.5,IC
au,07/10/2024,1101 Savings (7311),Due to Aus Fleet,37.5,IC
au,07/10/2024,1101 Savings (7311),Due to Aus Fleet,316.5,IC
au,07/10/2024,1101 Savings (7311),Due to Aus Fleet,7.5,IC
au,07/10/2024,1101 Savings (7311),Due to Aus Fleet,17.5,IC
au,07/10/2024,1101 Savings (7311),Due to Aus Fleet,99.0,IC
au,07/10/2024,1101 Savings (7311),Due to Aus Fleet,33.75,IC
au,07/10/2024,1101 Savings (7311),Due to Aus Fleet,18.75,IC
au,07/10/2024,1101 Savings (7311),Due to Aus Fleet,30.6,IC
au,07/10/2024,1101 Savings (7311),Due to Aus Fleet,36.0,IC
au,05/10/2024,1101 Savings (7311),Operating Expenses:Bank Fees,-2.55,transfer
au,04/10/2024,1101 Savings (7311),Due to Aus Fleet,18.75,IC
au,04/10/2024,1101 Savings (7311),Due to Aus Fleet,63.0,IC
au,04/10/2024,1101 Savings (7311),Due to Aus Fleet,26.75,IC
au,04/10/2024,1101 Savings (7311),Due to Aus Fleet,39.75,IC
au,04/10/2024,1101 Savings (7311),Due to Aus Fleet,7.5,IC
au,04/10/2024,1101 Savings (7311),Due to Aus Fleet,31.5,IC
au,04/10/2024,1101 Savings (7311),Due to Aus Fleet,41.25,IC
au,04/10/2024,1101 Savings (7311),Due to Aus Fleet,6.0,IC
au,04/10/2024,1101 Savings (7311),Due to Aus Fleet,37.5,IC
au,04/10/2024,1101 Savings (7311),1102 Wise AU,-15000.0,transfer
au,02/10/2024,1101 Savings (7311),Operating Expenses:Bank Fees,-3.82,transfer
au,02/10/2024,1101 Savings (7311),Operating Expenses:Bank Fees,-0.41,transfer
au,02/10/2024,1101 Savings (7311),Due to Aus Fleet,31.5,IC
au,02/10/2024,1101 Savings (7311),Due to Aus Fleet,120.5,IC
au,02/10/2024,1101 Savings (7311),Due to Aus Fleet,20.0,IC
au,02/10/2024,1101 Savings (7311),Due to Aus Fleet,12.75,IC
au,02/10/2024,1101 Savings (7311),Due to Aus Fleet,64.25,IC
au,30/09/2024,1101 Savings (7311),Due to Aus Fleet,0.75,IC
au,30/09/2024,1101 Savings (7311),Due to Aus Fleet,25.0,IC
au,30/09/2024,1101 Savings (7311),Due to Aus Fleet,31.5,IC
au,30/09/2024,1101 Savings (7311),Due to Aus Fleet,6.5,IC
au,30/09/2024,1101 Savings (7311),1102 Wise AU,-20000.0,transfer
au,30/09/2024,1101 Savings (7311),1100 Stripe - Clearing Account,119500.0,transfer
au,29/09/2024,1101 Savings (7311),Due from Singapore,-15193.0,IC
au,29/09/2024,1101 Savings (7311),Due to Aus Fleet,259.0,IC
au,28/09/2024,1101 Savings (7311),Due from Singapore,-15193.0,IC
au,27/09/2024,1101 Savings (7311),Due to Aus Fleet,189.88,IC
au,27/09/2024,1101 Savings (7311),Due to Aus Fleet,41.25,IC
au,27/09/2024,1101 Savings (7311),Payroll clearing,-8272.67,transfer
au,26/09/2024,1101 Savings (7311),Operating Expenses:Bank Fees,-0.27,transfer
au,26/09/2024,1101 Savings (7311),Operating Expenses:Bank Fees,-0.09,transfer
au,26/09/2024,1101 Savings (7311),Due to Aus Fleet,49.5,IC
au,26/09/2024,1101 Savings (7311),Due to Aus Fleet,48.0,IC
au,26/09/2024,1101 Savings (7311),Due to Aus Fleet,7.5,IC
au,26/09/2024,1101 Savings (7311),Due to Aus Fleet,33.5,IC
au,25/09/2024,1101 Savings (7311),Due to Ventures,28480.03,IC
au,25/09/2024,1101 Savings (7311),Due to Aus Fleet,43.5,IC
au,25/09/2024,1101 Savings (7311),Due to Aus Fleet,5.5,IC
au,25/09/2024,1101 Savings (7311),Due to Aus Fleet,10.0,IC
au,25/09/2024,1101 Savings (7311),1102 Wise AU,-20000.0,transfer
au,24/09/2024,1101 Savings (7311),Operating Expenses:Bank Fees,-3.08,transfer
au,24/09/2024,1101 Savings (7311),Operating Expenses:Bank Fees,-0.3,transfer
au,24/09/2024,1101 Savings (7311),Operating Expenses:Bank Fees,-0.19,transfer
au,24/09/2024,1101 Savings (7311),Operating Expenses:Bank Fees,-0.07,transfer
au,24/09/2024,1101 Savings (7311),Operating Expenses:Bank Fees,-0.08,transfer
au,24/09/2024,1101 Savings (7311),Operating Expenses:Bank Fees,-0.5,transfer
au,24/09/2024,1101 Savings (7311),Operating Expenses:Bank Fees,-1.71,transfer
au,24/09/2024,1101 Savings (7311),1102 Wise AU,-20000.0,transfer
au,23/09/2024,1101 Savings (7311),Due to Aus Fleet,31.5,IC
au,23/09/2024,1101 Savings (7311),Due to Aus Fleet,9.5,IC
au,23/09/2024,1101 Savings (7311),Due to Aus Fleet,63.0,IC
au,23/09/2024,1101 Savings (7311),Due to Aus Fleet,1.0,IC
au,23/09/2024,1101 Savings (7311),Due to Aus Fleet,114.0,IC
au,23/09/2024,1101 Savings (7311),Due to Aus Fleet,41.25,IC
au,21/09/2024,1101 Savings (7311),Operating Expenses:Bank Fees,-0.55,transfer
au,21/09/2024,1101 Savings (7311),Operating Expenses:Bank Fees,-1.27,transfer
au,21/09/2024,1101 Savings (7311),Operating Expenses:Bank Fees,-0.18,transfer
au,21/09/2024,1101 Savings (7311),Operating Expenses:Bank Fees,-1.44,transfer
au,20/09/2024,1101 Savings (7311),Operating Expenses:Bank Fees,-1.11,transfer
au,20/09/2024,1101 Savings (7311),Operating Expenses:Bank Fees,-7.41,transfer
au,20/09/2024,1101 Savings (7311),Operating Expenses:Bank Fees,-0.44,transfer
au,20/09/2024,1101 Savings (7311),Operating Expenses:Bank Fees,-0.18,transfer
au,20/09/2024,1101 Savings (7311),Operating Expenses:Bank Fees,-0.99,transfer
au,20/09/2024,1101 Savings (7311),Operating Expenses:Bank Fees,-0.48,transfer
au,20/09/2024,1101 Savings (7311),Due to Aus Fleet,49.5,IC
au,20/09/2024,1101 Savings (7311),Due to Aus Fleet,41.25,IC
au,20/09/2024,1101 Savings (7311),Due to Aus Fleet,4.0,IC
au,19/09/2024,1101 Savings (7311),Operating Expenses:Bank Fees,-0.44,transfer
au,19/09/2024,1101 Savings (7311),Operating Expenses:Bank Fees,-1.57,transfer
au,19/09/2024,1101 Savings (7311),Operating Expenses:Bank Fees,-12.08,transfer
au,19/09/2024,1101 Savings (7311),Operating Expenses:Bank Fees,-1.22,transfer
au,19/09/2024,1101 Savings (7311),Operating Expenses:Bank Fees,-0.52,transfer
au,19/09/2024,1101 Savings (7311),Due to Aus Fleet,30.0,IC
au,19/09/2024,1101 Savings (7311),Due to Aus Fleet,103.5,IC
au,19/09/2024,1101 Savings (7311),Due to Aus Fleet,22.0,IC
au,19/09/2024,1101 Savings (7311),Due to Aus Fleet,12.5,IC
au,19/09/2024,1101 Savings (7311),Due to Aus Fleet,1.5,IC
au,18/09/2024,1101 Savings (7311),Operating Expenses:Bank Fees,-1.05,transfer
au,18/09/2024,1101 Savings (7311),Operating Expenses:Bank Fees,-0.78,transfer
au,18/09/2024,1101 Savings (7311),Due to Aus Fleet,15.0,IC
au,18/09/2024,1101 Savings (7311),1102 Wise AU,-15000.0,transfer
au,17/09/2024,1101 Savings (7311),Operating Expenses:Bank Fees,-3.47,transfer
au,16/09/2024,1101 Savings (7311),Due to Ventures,29216.95,IC
au,16/09/2024,1101 Savings (7311),Due to Aus Fleet,7.0,IC
au,16/09/2024,1101 Savings (7311),Due to Aus Fleet,79.5,IC
au,16/09/2024,1101 Savings (7311),Due to Aus Fleet,39.75,IC
au,16/09/2024,1101 Savings (7311),Due to Aus Fleet,8.0,IC
au,16/09/2024,1101 Savings (7311),Due to Aus Fleet,15.0,IC
au,16/09/2024,1101 Savings (7311),Due to Aus Fleet,43.5,IC
au,14/09/2024,1101 Savings (7311),Due to Aus Fleet,259.0,IC
au,13/09/2024,1101 Savings (7311),Due to Aus Fleet,1.5,IC
au,13/09/2024,1101 Savings (7311),Due to Aus Fleet,49.5,IC
au,13/09/2024,1101 Savings (7311),Due to Aus Fleet,31.5,IC
au,13/09/2024,1101 Savings (7311),Due to Aus Fleet,20.0,IC
au,12/09/2024,1101 Savings (7311),Due to Aus Fleet,0.75,IC
au,12/09/2024,1101 Savings (7311),Due to Aus Fleet,49.5,IC
au,12/09/2024,1101 Savings (7311),Due to Aus Fleet,1.0,IC
au,12/09/2024,1101 Savings (7311),1102 Wise AU,-15000.0,transfer
au,11/09/2024,1101 Savings (7311),Due to Aus Fleet,31.5,IC
au,11/09/2024,1101 Savings (7311),Due to Aus Fleet,39.75,IC
au,11/09/2024,1101 Savings (7311),Due to Aus Fleet,48.0,IC
au,11/09/2024,1101 Savings (7311),Due to Aus Fleet,28.0,IC
au,11/09/2024,1101 Savings (7311),Due to Aus Fleet,1.5,IC
au,09/09/2024,1101 Savings (7311),Due to Aus Fleet,1.5,IC
au,09/09/2024,1101 Savings (7311),Due to Aus Fleet,157.5,IC
au,09/09/2024,1101 Savings (7311),Due to Aus Fleet,30.5,IC
au,09/09/2024,1101 Savings (7311),Due to Aus Fleet,43.5,IC
au,09/09/2024,1101 Savings (7311),Due to Aus Fleet,15.0,IC
au,09/09/2024,1101 Savings (7311),Due to Aus Fleet,31.5,IC
au,09/09/2024,1101 Savings (7311),Due to Aus Fleet,1.0,IC
au,09/09/2024,1101 Savings (7311),Due to Aus Fleet,39.75,IC
au,09/09/2024,1101 Savings (7311),Due to Aus Fleet,198.75,IC
au,09/09/2024,1101 Savings (7311),Due to Aus Fleet,63.0,IC
au,09/09/2024,1101 Savings (7311),Due to Aus Fleet,20.0,IC
au,09/09/2024,1101 Savings (7311),1102 Wise AU,-14000.0,transfer
au,06/09/2024,1101 Savings (7311),Operating Expenses:Bank Fees,-1.15,transfer
au,06/09/2024,1101 Savings (7311),Due to Aus Fleet,51.75,IC
au,06/09/2024,1101 Savings (7311),Due to Aus Fleet,42.0,IC
au,06/09/2024,1101 Savings (7311),Due to Aus Fleet,31.5,IC
au,06/09/2024,1101 Savings (7311),Due to Aus Fleet,49.5,IC
au,06/09/2024,1101 Savings (7311),Due to Aus Fleet,39.75,IC
au,05/09/2024,1101 Savings (7311),Due to Aus Fleet,32.5,IC
au,05/09/2024,1101 Savings (7311),Due to Aus Fleet,15.0,IC
au,05/09/2024,1101 Savings (7311),Due to Aus Fleet,51.75,IC
au,05/09/2024,1101 Savings (7311),Due to Aus Fleet,17.0,IC
au,05/09/2024,1101 Savings (7311),1102 Wise AU,-20000.0,transfer
au,04/09/2024,1101 Savings (7311),Due to Ventures,73004.02,IC
au,04/09/2024,1101 Savings (7311),Due to Aus Fleet,44.25,IC
au,04/09/2024,1101 Savings (7311),Due to Aus Fleet,31.5,IC
au,04/09/2024,1101 Savings (7311),Due to Aus Fleet,61.5,IC
au,04/09/2024,1101 Savings (7311),Due to Aus Fleet,39.75,IC
au,04/09/2024,1101 Savings (7311),Due to Aus Fleet,72.75,IC
au,04/09/2024,1101 Savings (7311),Due to Aus Fleet,1550.0,IC
au,04/09/2024,1101 Savings (7311),1102 Wise AU,-18000.0,transfer
au,03/09/2024,1101 Savings (7311),Operating Expenses:Bank Fees,-0.41,transfer
au,02/09/2024,1101 Savings (7311),Due to Aus Fleet,32.5,IC
au,02/09/2024,1101 Savings (7311),Due to Aus Fleet,63.0,IC
au,02/09/2024,1101 Savings (7311),Due to Aus Fleet,8.0,IC
au,02/09/2024,1101 Savings (7311),Due to Aus Fleet,1.0,IC
au,02/09/2024,1101 Savings (7311),Due to Aus Fleet,50.0,IC
au,02/09/2024,1101 Savings (7311),Due to Aus Fleet,39.75,IC
au,02/09/2024,1101 Savings (7311),Due to Aus Fleet,85.0,IC
au,02/09/2024,1101 Savings (7311),Due to Aus Fleet,1.5,IC
au,02/09/2024,1101 Savings (7311),Due to Aus Fleet,0.75,IC
au,02/09/2024,1101 Savings (7311),Due to Aus Fleet,142.75,IC
au,31/08/2024,1101 Savings (7311),Due from Singapore,-15429.33,IC
au,31/08/2024,1101 Savings (7311),Due to Aus Fleet,259.0,IC
au,31/08/2024,1101 Savings (7311),1100 Stripe - Clearing Account,34500.0,transfer
au,30/08/2024,1101 Savings (7311),Due to Aus Fleet,10.0,IC
au,30/08/2024,1101 Savings (7311),Due to Aus Fleet,41.25,IC
au,30/08/2024,1101 Savings (7311),Due to Aus Fleet,21.5,IC
au,30/08/2024,1101 Savings (7311),Due to Aus Fleet,39.75,IC
au,30/08/2024,1101 Savings (7311),Payroll clearing,-8272.67,transfer
au,29/08/2024,1101 Savings (7311),Due to Ventures,36080.66,IC
au,29/08/2024,1101 Savings (7311),Due to Aus Fleet,103.5,IC
au,29/08/2024,1101 Savings (7311),Due to Aus Fleet,1.0,IC
au,29/08/2024,1101 Savings (7311),Due to Aus Fleet,99.0,IC
au,29/08/2024,1101 Savings (7311),Due to Aus Fleet,41.25,IC
au,29/08/2024,1101 Savings (7311),Due to Aus Fleet,0.75,IC
au,29/08/2024,1101 Savings (7311),1102 Wise AU,-15000.0,transfer
au,28/08/2024,1101 Savings (7311),Due to Aus Fleet,49.5,IC
au,28/08/2024,1101 Savings (7311),Due to Aus Fleet,39.75,IC
au,26/08/2024,1101 Savings (7311),Due to Aus Fleet,39.75,IC
au,23/08/2024,1101 Savings (7311),Due to Aus Fleet,41.25,IC
au,23/08/2024,1101 Savings (7311),Due to Aus Fleet,39.75,IC
au,22/08/2024,1101 Savings (7311),Due to Aus Fleet,138.75,IC
au,22/08/2024,1101 Savings (7311),Due to Aus Fleet,51.0,IC
au,21/08/2024,1101 Savings (7311),Due to Aus Fleet,39.75,IC
au,20/08/2024,1101 Savings (7311),Operating Expenses:Bank Fees,-1.07,transfer
au,19/08/2024,1101 Savings (7311),Due to Aus Fleet,39.75,IC
au,19/08/2024,1101 Savings (7311),Due to Aus Fleet,186.59,IC
au,16/08/2024,1101 Savings (7311),Due to Aus Fleet,1.0,IC
au,15/08/2024,1101 Savings (7311),Operating Expenses:Bank Fees,-3.52,transfer
au,15/08/2024,1101 Savings (7311),1102 Wise AU,-7000.0,transfer
au,14/08/2024,1101 Savings (7311),Due to Aus Fleet,1.5,IC
au,14/08/2024,1101 Savings (7311),Due to Aus Fleet,63.0,IC
au,14/08/2024,1101 Savings (7311),Due to Aus Fleet,1.0,IC
au,12/08/2024,1101 Savings (7311),Due to Aus Fleet,39.75,IC
au,12/08/2024,1101 Savings (7311),Due to Aus Fleet,50.0,IC
au,09/08/2024,1101 Savings (7311),Due to Aus Fleet,93.0,IC
au,09/08/2024,1101 Savings (7311),Due to Aus Fleet,1.0,IC
au,09/08/2024,1101 Savings (7311),Due to Aus Fleet,0.75,IC
au,09/08/2024,1101 Savings (7311),Due to Aus Fleet,41.25,IC
au,08/08/2024,1101 Savings (7311),Due to Aus Fleet,41.25,IC
au,08/08/2024,1101 Savings (7311),Due to Aus Fleet,178.5,IC
au,08/08/2024,1101 Savings (7311),Due to Aus Fleet,259.0,IC
au,07/08/2024,1101 Savings (7311),Due to Aus Fleet,31.5,IC
au,07/08/2024,1101 Savings (7311),Due to Aus Fleet,49.5,IC
au,06/08/2024,1101 Savings (7311),Operating Expenses:Bank Fees,-1.19,transfer
au,06/08/2024,1101 Savings (7311),Due to Aus Fleet,8.0,IC
au,06/08/2024,1101 Savings (7311),1102 Wise AU,-5000.0,transfer
au,05/08/2024,1101 Savings (7311),Due to Aus Fleet,49.5,IC
au,05/08/2024,1101 Savings (7311),Due to Aus Fleet,31.5,IC
au,05/08/2024,1101 Savings (7311),Due to Aus Fleet,42.0,IC
au,05/08/2024,1101 Savings (7311),Due to Aus Fleet,46.2,IC
au,05/08/2024,1101 Savings (7311),Due to Aus Fleet,16.8,IC
au,02/08/2024,1101 Savings (7311),Due to Aus Fleet,74.8,IC
au,02/08/2024,1101 Savings (7311),Due to Aus Fleet,59.25,IC
au,02/08/2024,1101 Savings (7311),Due to Aus Fleet,27.2,IC
au,02/08/2024,1101 Savings (7311),Due to Aus Fleet,102.0,IC
au,02/08/2024,1101 Savings (7311),Due to Aus Fleet,186.59,IC
au,02/08/2024,1101 Savings (7311),Due to Aus Fleet,63.0,IC
au,02/08/2024,1101 Savings (7311),Due to Aus Fleet,42.0,IC
au,02/08/2024,1101 Savings (7311),1102 Wise AU,-5000.0,transfer
au,01/08/2024,1101 Savings (7311),Operating Expenses:Bank Fees,-0.43,transfer
au,01/08/2024,1101 Savings (7311),Due to Aus Fleet,49.5,IC
au,01/08/2024,1101 Savings (7311),Due to Aus Fleet,51.75,IC
au,01/08/2024,1101 Savings (7311),Due to Aus Fleet,41.25,IC
au,31/07/2024,1101 Savings (7311),Due to Aus Fleet,49.5,IC
au,31/07/2024,1101 Savings (7311),Due to Aus Fleet,31.5,IC
au,31/07/2024,1101 Savings (7311),1100 Stripe - Clearing Account,45000.0,transfer
au,30/07/2024,1101 Savings (7311),Due to Aus Fleet,49.5,IC
au,30/07/2024,1101 Savings (7311),Due to Aus Fleet,108.75,IC
au,30/07/2024,1101 Savings (7311),Due to Aus Fleet,59.25,IC
au,30/07/2024,1101 Savings (7311),1102 Wise AU,-20000.0,transfer
au,29/07/2024,1101 Savings (7311),Due to Aus Fleet,39.75,IC
au,29/07/2024,1101 Savings (7311),Due to Aus Fleet,31.5,IC
au,29/07/2024,1101 Savings (7311),Due to Aus Fleet,63.0,IC
au,29/07/2024,1101 Savings (7311),Due to Aus Fleet,41.25,IC
au,29/07/2024,1101 Savings (7311),1102 Wise AU,-20000.0,transfer
au,27/07/2024,1101 Savings (7311),Due from Singapore,-16012.9,IC
au,26/07/2024,1101 Savings (7311),Due to Aus Fleet,1.5,IC
au,26/07/2024,1101 Savings (7311),Due to Aus Fleet,31.5,IC
au,26/07/2024,1101 Savings (7311),Due to Aus Fleet,49.5,IC
au,26/07/2024,1101 Savings (7311),Due to Aus Fleet,235.0,IC
au,26/07/2024,1101 Savings (7311),Due to Singapore Account,28383.81,IC
au,26/07/2024,1101 Savings (7311),1102 Wise AU,-10000.0,transfer
au,24/07/2024,1101 Savings (7311),Due to Aus Fleet,186.59,IC
au,22/07/2024,1101 Savings (7311),Due to Aus Fleet,39.75,IC
au,22/07/2024,1101 Savings (7311),Due to Aus Fleet,1.5,IC
au,22/07/2024,1101 Savings (7311),Due to Aus Fleet,49.5,IC
au,22/07/2024,1101 Savings (7311),Due to Aus Fleet,129.0,IC
au,22/07/2024,1101 Savings (7311),Due to Aus Fleet,31.5,IC
au,22/07/2024,1101 Savings (7311),Due to Aus Fleet,0.75,IC
au,19/07/2024,1101 Savings (7311),Due to Aus Fleet,0.75,IC
au,19/07/2024,1101 Savings (7311),Due to Aus Fleet,31.5,IC
au,19/07/2024,1101 Savings (7311),Due to Aus Fleet,41.25,IC
au,18/07/2024,1101 Savings (7311),Operating Expenses:Bank Fees,-1.04,transfer
au,18/07/2024,1101 Savings (7311),Due to Aus Fleet,0.75,IC
au,18/07/2024,1101 Savings (7311),Due to Aus Fleet,41.25,IC
au,18/07/2024,1101 Savings (7311),Due to Aus Fleet,138.75,IC
au,18/07/2024,1101 Savings (7311),Due to Aus Fleet,31.5,IC
au,15/07/2024,1101 Savings (7311),Due to Aus Fleet,1.5,IC
au,15/07/2024,1101 Savings (7311),Due to Aus Fleet,1.0,IC
au,15/07/2024,1101 Savings (7311),Due to Aus Fleet,31.5,IC
au,15/07/2024,1101 Savings (7311),Due to Aus Fleet,0.75,IC
au,15/07/2024,1101 Savings (7311),Due to Aus Fleet,186.59,IC
au,15/07/2024,1101 Savings (7311),Due to Aus Fleet,79.5,IC
au,15/07/2024,1101 Savings (7311),Due to Aus Fleet,63.0,IC
au,12/07/2024,1101 Savings (7311),Due to Aus Fleet,39.75,IC
au,12/07/2024,1101 Savings (7311),Due to Aus Fleet,41.25,IC
au,12/07/2024,1101 Savings (7311),Due to Aus Fleet,53.35,IC
au,12/07/2024,1101 Savings (7311),Due to Aus Fleet,49.5,IC
au,12/07/2024,1101 Savings (7311),Due to Aus Fleet,31.5,IC
au,12/07/2024,1101 Savings (7311),1102 Wise AU,-10000.0,transfer
au,11/07/2024,1101 Savings (7311),Due to Aus Fleet,36.3,IC
au,11/07/2024,1101 Savings (7311),Due to Aus Fleet,41.25,IC
au,10/07/2024,1101 Savings (7311),Due to Aus Fleet,39.75,IC
au,10/07/2024,1101 Savings (7311),Due to Aus Fleet,1.5,IC
au,10/07/2024,1101 Savings (7311),Due to Aus Fleet,19.4,IC
au,10/07/2024,1101 Savings (7311),Due to Aus Fleet,31.5,IC
au,10/07/2024,1101 Savings (7311),Due to Aus Fleet,1.0,IC
au,08/07/2024,1101 Savings (7311),Due to Aus Fleet,63.0,IC
au,08/07/2024,1101 Savings (7311),Due to Aus Fleet,39.75,IC
au,08/07/2024,1101 Savings (7311),Due to Aus Fleet,31.5,IC
au,08/07/2024,1101 Savings (7311),Due to Aus Fleet,13.2,IC
au,08/07/2024,1101 Savings (7311),Due to Aus Fleet,94.5,IC
au,08/07/2024,1101 Savings (7311),1102 Wise AU,-15000.0,transfer
au,06/07/2024,1101 Savings (7311),Operating Expenses:Bank Fees,-1.16,transfer
au,05/07/2024,1101 Savings (7311),Due to Aus Fleet,31.5,IC
au,04/07/2024,1101 Savings (7311),Due to Aus Fleet,1.5,IC
au,04/07/2024,1101 Savings (7311),Due to Aus Fleet,79.5,IC
au,03/07/2024,1101 Savings (7311),Due to Aus Fleet,31.5,IC
au,03/07/2024,1101 Savings (7311),Due to Aus Fleet,145.5,IC
au,03/07/2024,1101 Savings (7311),Due to Aus Fleet,1.0,IC
au,03/07/2024,1101 Savings (7311),Due to Aus Fleet,186.59,IC
au,02/07/2024,1101 Savings (7311),Operating Expenses:Bank Fees,-0.42,transfer
au,01/07/2024,1101 Savings (7311),Due to Aus Fleet,1.5,IC
au,01/07/2024,1101 Savings (7311),Due to Aus Fleet,119.25,IC
au,30/06/2024,1101 Savings (7311),1100 Stripe - Clearing Account,29000.0,transfer
au,28/06/2024,1101 Savings (7311),Due to Aus Fleet,39.75,IC
au,28/06/2024,1101 Savings (7311),Due to Aus Fleet,1.0,IC
au,28/06/2024,1101 Savings (7311),Due to Aus Fleet,31.5,IC
au,28/06/2024,1101 Savings (7311),Due from Singapore,-15815.87,IC
au,28/06/2024,1101 Savings (7311),Due to Aus Fleet,49.5,IC
au,28/06/2024,1101 Savings (7311),Due to Aus Fleet,1.5,IC
au,28/06/2024,1101 Savings (7311),1102 Wise AU,-4000.0,transfer
au,27/06/2024,1101 Savings (7311),Due to Aus Fleet,41.25,IC
au,26/06/2024,1101 Savings (7311),Due to Aus Fleet,89.25,IC
au,26/06/2024,1101 Savings (7311),Due to Aus Fleet,39.75,IC
au,26/06/2024,1101 Savings (7311),Due to Aus Fleet,31.5,IC
au,26/06/2024,1101 Savings (7311),1102 Wise AU,-20000.0,transfer
au,24/06/2024,1101 Savings (7311),Due to Aus Fleet,39.75,IC
au,24/06/2024,1101 Savings (7311),Due to Aus Fleet,31.5,IC
au,21/06/2024,1101 Savings (7311),Due to Aus Fleet,186.59,IC
au,21/06/2024,1101 Savings (7311),Due to Aus Fleet,79.5,IC
au,21/06/2024,1101 Savings (7311),Due to Aus Fleet,49.5,IC
au,21/06/2024,1101 Savings (7311),Due to Aus Fleet,41.25,IC
au,20/06/2024,1101 Savings (7311),Due to Aus Fleet,42.0,IC
au,20/06/2024,1101 Savings (7311),Due to Aus Fleet,41.25,IC
au,19/06/2024,1101 Savings (7311),Due to Aus Fleet,42.0,IC
au,18/06/2024,1101 Savings (7311),Operating Expenses:Bank Fees,-1.06,transfer
au,18/06/2024,1101 Savings (7311),1102 Wise AU,-20000.0,transfer
au,17/06/2024,1101 Savings (7311),Due to Aus Fleet,39.75,IC
au,17/06/2024,1101 Savings (7311),Due to Aus Fleet,79.5,IC
au,17/06/2024,1101 Savings (7311),Due to Aus Fleet,41.25,IC
au,17/06/2024,1101 Savings (7311),Due to Aus Fleet,36.75,IC
au,17/06/2024,1101 Savings (7311),Due to Aus Fleet,31.5,IC
au,17/06/2024,1101 Savings (7311),Due to Aus Fleet,21.75,IC
au,17/06/2024,1101 Savings (7311),1102 Wise AU,-20000.0,transfer
au,13/06/2024,1101 Savings (7311),Due to Aus Fleet,99.0,IC
au,13/06/2024,1101 Savings (7311),Due to Aus Fleet,41.25,IC
au,13/06/2024,1101 Savings (7311),Due to Aus Fleet,1.5,IC
au,12/06/2024,1101 Savings (7311),Due to Aus Fleet,221.76,IC
au,12/06/2024,1101 Savings (7311),Due to Aus Fleet,99.0,IC
au,12/06/2024,1101 Savings (7311),Due to Aus Fleet,89.25,IC
au,12/06/2024,1101 Savings (7311),Due to Aus Fleet,39.75,IC
au,12/06/2024,1101 Savings (7311),Due to Aus Fleet,1.5,IC
au,11/06/2024,1101 Savings (7311),Due to Aus Fleet,39.75,IC
au,10/06/2024,1101 Savings (7311),Due to Aus Fleet,79.5,IC
au,10/06/2024,1101 Savings (7311),Due to Aus Fleet,31.5,IC
au,10/06/2024,1101 Savings (7311),Due to Aus Fleet,1.5,IC
au,07/06/2024,1101 Savings (7311),Due to Aus Fleet,41.25,IC
au,07/06/2024,1101 Savings (7311),Due to Aus Fleet,39.75,IC
au,07/06/2024,1101 Savings (7311),Due to Aus Fleet,36.75,IC
au,07/06/2024,1101 Savings (7311),Due to Aus Fleet,31.5,IC
au,06/06/2024,1101 Savings (7311),Due to Aus Fleet,89.25,IC
au,06/06/2024,1101 Savings (7311),Due to Aus Fleet,41.25,IC
au,05/06/2024,1101 Savings (7311),Due to Aus Fleet,31.5,IC
au,03/06/2024,1101 Savings (7311),Due to Aus Fleet,150.4,IC
au,03/06/2024,1101 Savings (7311),Due to Aus Fleet,39.75,IC
au,01/06/2024,1101 Savings (7311),Operating Expenses:Bank Fees,-0.42,transfer
au,01/06/2024,1101 Savings (7311),Operating Expenses:Bank Fees,-1.57,transfer
au,31/05/2024,1101 Savings (7311),Due to Aus Fleet,79.5,IC
au,31/05/2024,1101 Savings (7311),Due to Aus Fleet,59.25,IC
au,31/05/2024,1101 Savings (7311),Due to Aus Fleet,49.5,IC
au,31/05/2024,1101 Savings (7311),Due to Aus Fleet,39.75,IC
au,31/05/2024,1101 Savings (7311),Due to Aus Fleet,31.5,IC
au,31/05/2024,1101 Savings (7311),Due to Aus Fleet,1.5,IC
au,31/05/2024,1101 Savings (7311),Due to Aus Fleet,1.0,IC
au,31/05/2024,1101 Savings (7311),Due to Aus Fleet,0.75,IC
au,31/05/2024,1101 Savings (7311),1100 Stripe - Clearing Account,33000.0,transfer
au,30/05/2024,1101 Savings (7311),Due to Aus Fleet,49.5,IC
au,28/05/2024,1101 Savings (7311),Operating Expenses:Bank Fees,-24.24,transfer
au,28/05/2024,1101 Savings (7311),Due from Singapore,-15750.0,IC
au,27/05/2024,1101 Savings (7311),Due to Aus Fleet,164.5,IC
au,27/05/2024,1101 Savings (7311),Due to Aus Fleet,150.4,IC
au,27/05/2024,1101 Savings (7311),Due to Aus Fleet,148.5,IC
au,27/05/2024,1101 Savings (7311),Due to Aus Fleet,79.5,IC
au,27/05/2024,1101 Savings (7311),Due to Aus Fleet,39.75,IC
au,27/05/2024,1101 Savings (7311),Due to Aus Fleet,1.5,IC
au,27/05/2024,1101 Savings (7311),1102 Wise AU,-20000.0,transfer
au,24/05/2024,1101 Savings (7311),Due to Aus Fleet,108.75,IC
au,24/05/2024,1101 Savings (7311),Due to Aus Fleet,83.25,IC
au,24/05/2024,1101 Savings (7311),Due to Aus Fleet,73.5,IC
au,24/05/2024,1101 Savings (7311),Due to Aus Fleet,49.5,IC
au,24/05/2024,1101 Savings (7311),Due to Aus Fleet,39.75,IC
au,23/05/2024,1101 Savings (7311),Due to Aus Fleet,240.17,IC
au,23/05/2024,1101 Savings (7311),Due to Aus Fleet,59.25,IC
au,23/05/2024,1101 Savings (7311),Due to Aus Fleet,46.5,IC
au,23/05/2024,1101 Savings (7311),1102 Wise AU,-20000.0,transfer
au,22/05/2024,1101 Savings (7311),Due to Aus Fleet,49.5,IC
au,21/05/2024,1101 Savings (7311),Due to Aus Fleet,148.5,IC
au,21/05/2024,1101 Savings (7311),Due to Aus Fleet,39.75,IC
au,21/05/2024,1101 Savings (7311),1102 Wise AU,-20000.0,transfer
au,20/05/2024,1101 Savings (7311),Due to Aus Fleet,142.7,IC
au,20/05/2024,1101 Savings (7311),Due to Aus Fleet,79.5,IC
au,20/05/2024,1101 Savings (7311),Due to Aus Fleet,50.0,IC
au,20/05/2024,1101 Savings (7311),Due to Aus Fleet,49.5,IC
au,20/05/2024,1101 Savings (7311),Due to Aus Fleet,39.75,IC
au,20/05/2024,1101 Savings (7311),Due to Aus Fleet,31.5,IC
au,20/05/2024,1101 Savings (7311),1102 Wise AU,-20000.0,transfer
au,18/05/2024,1101 Savings (7311),Operating Expenses:Bank Fees,-0.91,transfer
au,17/05/2024,1101 Savings (7311),Due to Aus Fleet,184.5,IC
au,17/05/2024,1101 Savings (7311),Due to Aus Fleet,99.0,IC
au,17/05/2024,1101 Savings (7311),Due to Aus Fleet,79.5,IC
au,17/05/2024,1101 Savings (7311),Due to Aus Fleet,63.0,IC
au,17/05/2024,1101 Savings (7311),Due to Aus Fleet,49.5,IC
au,17/05/2024,1101 Savings (7311),Due to Aus Fleet,41.25,IC
au,17/05/2024,1101 Savings (7311),Due to Aus Fleet,39.75,IC
au,17/05/2024,1101 Savings (7311),Due to Aus Fleet,36.75,IC
au,16/05/2024,1101 Savings (7311),Due to Aus Fleet,31.5,IC
au,15/05/2024,1101 Savings (7311),Due to Aus Fleet,54.75,IC
au,15/05/2024,1101 Savings (7311),Due to Aus Fleet,39.75,IC
au,13/05/2024,1101 Savings (7311),Due to Aus Fleet,79.5,IC
au,13/05/2024,1101 Savings (7311),Due to Aus Fleet,39.75,IC
au,13/05/2024,1101 Savings (7311),Due to Aus Fleet,33.75,IC
au,13/05/2024,1101 Savings (7311),Due to Aus Fleet,30.75,IC
au,13/05/2024,1101 Savings (7311),Due to Aus Fleet,19.5,IC
au,13/05/2024,1101 Savings (7311),Due to Aus Fleet,18.0,IC
au,13/05/2024,1101 Savings (7311),Due to Aus Fleet,6.0,IC
au,13/05/2024,1101 Savings (7311),Due to Aus Fleet,1.0,IC
au,10/05/2024,1101 Savings (7311),Due to Aus Fleet,109.5,IC
au,10/05/2024,1101 Savings (7311),Due to Aus Fleet,41.25,IC
au,10/05/2024,1101 Savings (7311),Due to Aus Fleet,39.75,IC
au,10/05/2024,1101 Savings (7311),Due to Aus Fleet,31.5,IC
au,10/05/2024,1101 Savings (7311),Due to Aus Fleet,15.0,IC
au,10/05/2024,1101 Savings (7311),Due to Aus Fleet,7.0,IC
au,10/05/2024,1101 Savings (7311),Due to Aus Fleet,6.0,IC
au,09/05/2024,1101 Savings (7311),Due to Aus Fleet,49.5,IC
au,09/05/2024,1101 Savings (7311),Due to Aus Fleet,41.25,IC
au,09/05/2024,1101 Savings (7311),Due to Aus Fleet,39.75,IC
au,09/05/2024,1101 Savings (7311),Due to Aus Fleet,7.0,IC
au,08/05/2024,1101 Savings (7311),Due to Aus Fleet,39.75,IC
au,08/05/2024,1101 Savings (7311),Due to Aus Fleet,15.0,IC
au,08/05/2024,1101 Savings (7311),Due to Aus Fleet,7.0,IC
au,08/05/2024,1101 Savings (7311),Due to Aus Fleet,0.75,IC
au,08/05/2024,1101 Savings (7311),Due to Aus Fleet,0.5,IC
au,08/05/2024,1101 Savings (7311),Due to Aus Fleet,8.0,IC
au,07/05/2024,1101 Savings (7311),Operating Expenses:Bank Fees,-0.41,transfer
au,07/05/2024,1101 Savings (7311),Due to Aus Fleet,40000.0,IC
au,06/05/2024,1101 Savings (7311),Due to Aus Fleet,94.5,IC
au,06/05/2024,1101 Savings (7311),Due to Aus Fleet,63.0,IC
au,06/05/2024,1101 Savings (7311),Due to Aus Fleet,42.0,IC
au,06/05/2024,1101 Savings (7311),Due to Aus Fleet,39.75,IC
au,06/05/2024,1101 Savings (7311),Due to Aus Fleet,35.75,IC
au,06/05/2024,1101 Savings (7311),Due to Aus Fleet,30.0,IC
au,06/05/2024,1101 Savings (7311),Due to Aus Fleet,15.0,IC
au,06/05/2024,1101 Savings (7311),Due to Aus Fleet,8.0,IC
au,06/05/2024,1101 Savings (7311),Due to Aus Fleet,4.0,IC
au,03/05/2024,1101 Savings (7311),Due to Aus Fleet,126.0,IC
au,03/05/2024,1101 Savings (7311),Due to Aus Fleet,89.25,IC
au,03/05/2024,1101 Savings (7311),Due to Aus Fleet,49.5,IC
au,03/05/2024,1101 Savings (7311),Due to Aus Fleet,39.75,IC
au,03/05/2024,1101 Savings (7311),Due to Aus Fleet,31.5,IC
au,03/05/2024,1101 Savings (7311),Due to Aus Fleet,29.5,IC
au,03/05/2024,1101 Savings (7311),Due to Aus Fleet,19.75,IC
au,03/05/2024,1101 Savings (7311),Due to Aus Fleet,15.0,IC
au,02/05/2024,1101 Savings (7311),Operating Expenses:Bank Fees,-0.37,transfer
au,02/05/2024,1101 Savings (7311),Due to Aus Fleet,114.0,IC
au,02/05/2024,1101 Savings (7311),Due to Aus Fleet,99.0,IC
au,02/05/2024,1101 Savings (7311),Due to Aus Fleet,97.5,IC
au,02/05/2024,1101 Savings (7311),Due to Aus Fleet,82.5,IC
au,02/05/2024,1101 Savings (7311),Due to Aus Fleet,49.5,IC
au,02/05/2024,1101 Savings (7311),Due to Aus Fleet,40.5,IC
au,02/05/2024,1101 Savings (7311),Due to Aus Fleet,39.74,IC
au,02/05/2024,1101 Savings (7311),Due to Aus Fleet,29.5,IC
au,02/05/2024,1101 Savings (7311),Due to Aus Fleet,20.0,IC
au,02/05/2024,1101 Savings (7311),Due to Aus Fleet,15.0,IC
au,01/05/2024,1101 Savings (7311),Due to Aus Fleet,29.61,IC
au,01/05/2024,1101 Savings (7311),Due to Aus Fleet,1.0,IC
au,01/05/2024,1101 Savings (7311),Due to Aus Fleet,69.25,IC
au,01/05/2024,1101 Savings (7311),Due to Aus Fleet,0.75,IC
au,01/05/2024,1101 Savings (7311),Due to Aus Fleet,7.0,IC
au,01/05/2024,1101 Savings (7311),Due to Aus Fleet,228.0,IC
au,30/04/2024,1101 Savings (7311),1100 Stripe - Clearing Account,50000.0,transfer
au,29/04/2024,1101 Savings (7311),Due from Singapore,-16067.0,IC
au,28/04/2024,1101 Savings (7311),Due from Singapore,-16067.0,IC
au,23/04/2024,1101 Savings (7311),Operating Expenses:Bank Fees,-0.1,transfer
au,23/04/2024,1101 Savings (7311),Operating Expenses:Bank Fees,-5.57,transfer
au,23/04/2024,1101 Savings (7311),1102 Wise AU,-10000.0,transfer
au,19/04/2024,1101 Savings (7311),1102 Wise AU,-20000.0,transfer
au,18/04/2024,1101 Savings (7311),Operating Expenses:Bank Fees,-0.93,transfer
au,18/04/2024,1101 Savings (7311),1102 Wise AU,-20000.0,transfer
au,16/04/2024,1101 Savings (7311),Operating Expenses:Bank Fees,-19.07,transfer
au,31/03/2024,1101 Savings (7311),1100 Stripe - Clearing Account,35000.0,transfer
au,29/03/2024,1101 Savings (7311),Due from Singapore,-16122.0,IC
au,28/03/2024,1101 Savings (7311),Due to Aus Fleet,145.5,IC
au,28/03/2024,1101 Savings (7311),Due to Aus Fleet,72.75,IC
au,28/03/2024,1101 Savings (7311),Due to Aus Fleet,41.25,IC
au,27/03/2024,1101 Savings (7311),Due to Aus Fleet,72.75,IC
au,27/03/2024,1101 Savings (7311),Due to Aus Fleet,63.0,IC
au,27/03/2024,1101 Savings (7311),Due to Aus Fleet,138.65,IC
au,25/03/2024,1101 Savings (7311),Due to Aus Fleet,539.05,IC
au,25/03/2024,1101 Savings (7311),Due to Aus Fleet,31.5,IC
au,22/03/2024,1101 Savings (7311),Due to Aus Fleet,31.5,IC
au,22/03/2024,1101 Savings (7311),Due to Aus Fleet,99.0,IC
au,22/03/2024,1101 Savings (7311),Due to Aus Fleet,104.25,IC
au,22/03/2024,1101 Savings (7311),Due to Aus Fleet,79.5,IC
au,22/03/2024,1101 Savings (7311),Due to Aus Fleet,94.5,IC
au,22/03/2024,1101 Savings (7311),Due to Aus Fleet,63.0,IC
au,20/03/2024,1101 Savings (7311),Due to Aus Fleet,104.25,IC
au,20/03/2024,1101 Savings (7311),Due to Aus Fleet,129.0,IC
au,20/03/2024,1101 Savings (7311),1102 Wise AU,-10000.0,transfer
au,19/03/2024,1101 Savings (7311),Operating Expenses:Bank Fees,-0.92,transfer
au,19/03/2024,1101 Savings (7311),Due to Aus Fleet,186.75,IC
au,18/03/2024,1101 Savings (7311),Due to Aus Fleet,31.5,IC
au,18/03/2024,1101 Savings (7311),Due to Aus Fleet,56.25,IC
au,18/03/2024,1101 Savings (7311),Due to Aus Fleet,2.9,IC
au,18/03/2024,1101 Savings (7311),Due to Aus Fleet,42.0,IC
au,18/03/2024,1101 Savings (7311),Due to Aus Fleet,84.0,IC
au,18/03/2024,1101 Savings (7311),Due to Aus Fleet,26.25,IC
au,16/03/2024,1101 Savings (7311),1102 Wise AU,-10000.0,transfer
au,15/03/2024,1101 Savings (7311),Due to Aus Fleet,614.25,IC
au,15/03/2024,1101 Savings (7311),Due to Aus Fleet,82.5,IC
au,15/03/2024,1101 Savings (7311),Due to Aus Fleet,31.5,IC
au,15/03/2024,1101 Savings (7311),Due to Aus Fleet,39.75,IC
au,15/03/2024,1101 Savings (7311),Due to Aus Fleet,42.0,IC
au,15/03/2024,1101 Savings (7311),Due to Aus Fleet,3.0,IC
au,15/03/2024,1101 Savings (7311),Due to Aus Fleet,51.75,IC
au,15/03/2024,1101 Savings (7311),Due to Aus Fleet,30.0,IC
au,15/03/2024,1101 Savings (7311),Due to Aus Fleet,63.0,IC
au,15/03/2024,1101 Savings (7311),Due to Aus Fleet,36.75,IC
au,14/03/2024,1101 Savings (7311),Due to Aus Fleet,114.0,IC
au,14/03/2024,1101 Savings (7311),Due to Aus Fleet,188.25,IC
au,14/03/2024,1101 Savings (7311),Due to Aus Fleet,43.75,IC
au,14/03/2024,1101 Savings (7311),Due to Aus Fleet,177.0,IC
au,14/03/2024,1101 Savings (7311),1102 Wise AU,-20000.0,transfer
au,11/03/2024,1101 Savings (7311),Due to Aus Fleet,36.75,IC
au,11/03/2024,1101 Savings (7311),Due to Aus Fleet,14.9,IC
au,11/03/2024,1101 Savings (7311),Due to Aus Fleet,15.0,IC
au,11/03/2024,1101 Savings (7311),Due to Aus Fleet,7.0,IC
au,11/03/2024,1101 Savings (7311),Due to Aus Fleet,183.75,IC
au,08/03/2024,1101 Savings (7311),Due to Aus Fleet,153.75,IC
au,07/03/2024,1101 Savings (7311),Due to Aus Fleet,15.0,IC
au,07/03/2024,1101 Savings (7311),Due to Aus Fleet,87.0,IC
au,07/03/2024,1101 Savings (7311),Due to Aus Fleet,1.0,IC
au,04/03/2024,1101 Savings (7311),Due to Aus Fleet,147.0,IC
au,04/03/2024,1101 Savings (7311),Due to Aus Fleet,48.75,IC
au,04/03/2024,1101 Savings (7311),Due to Aus Fleet,0.75,IC
au,04/03/2024,1101 Savings (7311),Due to Aus Fleet,73.5,IC
au,04/03/2024,1101 Savings (7311),Due to Aus Fleet,47.5,IC
au,01/03/2024,1101 Savings (7311),Due from Singapore,-2164.0,IC
au,01/03/2024,1101 Savings (7311),Due to Aus Fleet,36.75,IC
au,01/03/2024,1101 Savings (7311),Due to Aus Fleet,56.25,IC
au,01/03/2024,1101 Savings (7311),Due to Aus Fleet,33.5,IC
au,01/03/2024,1101 Savings (7311),Due to Aus Fleet,48.75,IC
au,01/03/2024,1101 Savings (7311),Due to Aus Fleet,141.25,IC
au,29/02/2024,1101 Savings (7311),Due from Singapore,-14000.0,IC
au,29/02/2024,1101 Savings (7311),Payroll clearing,-5091.0,transfer
au,29/02/2024,1101 Savings (7311),Due to Aus Fleet,97.5,IC
au,29/02/2024,1101 Savings (7311),Due to Aus Fleet,126.0,IC
au,29/02/2024,1101 Savings (7311),Due to Aus Fleet,78.75,IC
au,29/02/2024,1101 Savings (7311),Due to Aus Fleet,103.75,IC
au,29/02/2024,1101 Savings (7311),Due to Aus Fleet,109.75,IC
au,28/02/2024,1101 Savings (7311),Due to Aus Fleet,123.75,IC
au,26/02/2024,1101 Savings (7311),Due to Aus Fleet,73.5,IC
au,26/02/2024,1101 Savings (7311),Due to Aus Fleet,55.5,IC
au,26/02/2024,1101 Savings (7311),Due to Aus Fleet,110.25,IC
au,26/02/2024,1101 Savings (7311),Due to Aus Fleet,36.75,IC
au,23/02/2024,1101 Savings (7311),Due to Aus Fleet,43.5,IC
au,23/02/2024,1101 Savings (7311),Due to Aus Fleet,153.75,IC
au,23/02/2024,1101 Savings (7311),Due to Aus Fleet,117.0,IC
au,21/02/2024,1101 Savings (7311),Due to Aus Fleet,52.5,IC
au,21/02/2024,1101 Savings (7311),Due to Aus Fleet,160.5,IC
au,20/02/2024,1101 Savings (7311),Operating Expenses:Bank Fees,-0.93,transfer
au,19/02/2024,1101 Savings (7311),Due to Aus Fleet,73.5,IC
au,19/02/2024,1101 Savings (7311),Due to Aus Fleet,80.25,IC
au,19/02/2024,1101 Savings (7311),Due to Aus Fleet,36.25,IC
au,19/02/2024,1101 Savings (7311),Due to Aus Fleet,78.75,IC
au,19/02/2024,1101 Savings (7311),Due to Aus Fleet,5.55,IC
au,19/02/2024,1101 Savings (7311),Due to Aus Fleet,7.77,IC
au,19/02/2024,1101 Savings (7311),Due to Aus Fleet,20.0,IC
au,19/02/2024,1101 Savings (7311),Due to Aus Fleet,50.0,IC
au,19/02/2024,1101 Savings (7311),Due to Aus Fleet,5.18,IC
au,19/02/2024,1101 Savings (7311),Due to Aus Fleet,10.0,IC
au,19/02/2024,1101 Savings (7311),1102 Wise AU,-20000.0,transfer
au,16/02/2024,1101 Savings (7311),Due to Aus Fleet,117.0,IC
au,16/02/2024,1101 Savings (7311),Due to Aus Fleet,56.25,IC
au,16/02/2024,1101 Savings (7311),Due to Aus Fleet,15.75,IC
au,16/02/2024,1101 Savings (7311),Due to Aus Fleet,23.5,IC
au,16/02/2024,1101 Savings (7311),Due to Aus Fleet,73.5,IC
au,15/02/2024,1101 Savings (7311),Due to Aus Fleet,130.5,IC
au,12/02/2024,1101 Savings (7311),Due to Aus Fleet,58.75,IC
au,12/02/2024,1101 Savings (7311),Due to Aus Fleet,110.5,IC
au,12/02/2024,1101 Savings (7311),1102 Wise AU,-5000.0,transfer
au,05/02/2024,1101 Savings (7311),Due to Aus Fleet,48.75,IC
au,05/02/2024,1101 Savings (7311),Due to Aus Fleet,60.0,IC
au,05/02/2024,1101 Savings (7311),Due to Aus Fleet,78.75,IC
au,31/01/2024,1101 Savings (7311),Due to Aus Fleet,70.75,IC
au,31/01/2024,1101 Savings (7311),Due to Aus Fleet,78.75,IC
au,31/01/2024,1101 Savings (7311),Due to Aus Fleet,159.75,IC
au,31/01/2024,1101 Savings (7311),Due to Aus Fleet,60.0,IC
au,31/01/2024,1101 Savings (7311),Due to Aus Fleet,58.75,IC
au,30/01/2024,1101 Savings (7311),Due from Singapore,-15817.0,IC
au,29/01/2024,1101 Savings (7311),Payroll clearing,-5630.0,transfer
au,29/01/2024,1101 Savings (7311),Due to Aus Fleet,36.75,IC
au,29/01/2024,1101 Savings (7311),Due to Aus Fleet,43.5,IC
au,25/01/2024,1101 Savings (7311),1102 Wise AU,-5000.0,transfer
au,24/01/2024,1101 Savings (7311),Due to Aus Fleet,7.98,IC
au,23/01/2024,1101 Savings (7311),Operating Expenses:Bank Fees,-0.91,transfer
au,22/01/2024,1101 Savings (7311),Due to Aus Fleet,12.0,IC
au,19/01/2024,1101 Savings (7311),Due to Aus Fleet,11.25,IC
au,18/01/2024,1101 Savings (7311),Due to Ventures,240000.0,IC
au,18/01/2024,1101 Savings (7311),Operating Expenses:Bank Fees,-0.9,transfer
au,18/01/2024,1101 Savings (7311),Due to Aus Fleet,0.75,IC
au,18/01/2024,1101 Savings (7311),Due to Aus Fleet,12.0,IC
au,15/01/2024,1101 Savings (7311),Due to Aus Fleet,11.25,IC
au,12/01/2024,1101 Savings (7311),Due to Aus Fleet,1.2,IC
au,12/01/2024,1101 Savings (7311),Due to Aus Fleet,59.25,IC
au,11/01/2024,1101 Savings (7311),Due to Aus Fleet,11.25,IC
au,11/01/2024,1101 Savings (7311),Due to Aus Fleet,1.32,IC
au,11/01/2024,1101 Savings (7311),Due to Aus Fleet,1.2,IC
au,11/01/2024,1101 Savings (7311),Due to Aus Fleet,12.0,IC
au,11/01/2024,1101 Savings (7311),Due to Aus Fleet,0.75,IC
au,11/01/2024,1101 Savings (7311),Due to Aus Fleet,0.42,IC
au,10/01/2024,1101 Savings (7311),Due to Aus Fleet,7.98,IC
au,10/01/2024,1101 Savings (7311),Due to Aus Fleet,15.75,IC
au,10/01/2024,1101 Savings (7311),Due to Aus Fleet,3.75,IC
au,08/01/2024,1101 Savings (7311),Due to Aus Fleet,5.55,IC
au,08/01/2024,1101 Savings (7311),Due to Aus Fleet,12.0,IC
au,08/01/2024,1101 Savings (7311),Due to Aus Fleet,10.0,IC
au,08/01/2024,1101 Savings (7311),1102 Wise AU,-5000.0,transfer
au,05/01/2024,1101 Savings (7311),Due to Aus Fleet,9.75,IC
au,28/12/2023,1101 Savings (7311),Due from Singapore,-15352.0,IC
au,28/12/2023,1101 Savings (7311),Payroll clearing,-5091.0,transfer
au,19/12/2023,1101 Savings (7311),Operating Expenses:Bank Fees,-0.9,transfer
au,30/11/2023,1101 Savings (7311),Operating Expenses:Bank Fees,-7.44,transfer
au,30/11/2023,1101 Savings (7311),Due to Ventures,58112.64,IC
au,28/11/2023,1101 Savings (7311),Operating Expenses:Bank Fees,-22.17,transfer
au,28/11/2023,1101 Savings (7311),Operating Expenses:Bank Fees,-4.46,transfer
au,28/11/2023,1101 Savings (7311),Due to Ventures,14543.92,IC
au,28/11/2023,1101 Savings (7311),Due from Singapore,-15901.0,IC
au,28/11/2023,1101 Savings (7311),Payroll clearing,-4921.3,transfer
au,20/11/2023,1101 Savings (7311),1102 Wise AU,-12000.0,transfer
au,18/11/2023,1101 Savings (7311),Operating Expenses:Bank Fees,-0.93,transfer
au,16/11/2023,1101 Savings (7311),Operating Expenses:Bank Fees,-0.42,transfer
au,16/11/2023,1101 Savings (7311),Operating Expenses:Bank Fees,-0.38,transfer
au,07/11/2023,1101 Savings (7311),1102 Wise AU,-5000.0,transfer
au,30/10/2023,1101 Savings (7311),Due to Ventures,22748.31,IC
au,28/10/2023,1101 Savings (7311),Due from Singapore,-16492.13,IC
au,27/10/2023,1101 Savings (7311),Payroll clearing,-5091.0,transfer
au,21/10/2023,1101 Savings (7311),Operating Expenses:Bank Fees,-37.34,transfer
au,19/10/2023,1101 Savings (7311),Due to Ventures,38146.29,IC
au,19/10/2023,1101 Savings (7311),1102 Wise AU,-5000.0,transfer
au,18/10/2023,1101 Savings (7311),Operating Expenses:Bank Fees,-0.95,transfer
au,17/10/2023,1101 Savings (7311),Motor vehicles at cost,-17200.0,transfer
au,14/10/2023,1101 Savings (7311),Motor vehicles at cost,-46000.0,transfer
au,06/10/2023,1101 Savings (7311),Due to Ventures,113138.76,IC
au,04/10/2023,1101 Savings (7311),Due from Singapore,-16613.0,IC
au,29/09/2023,1101 Savings (7311),Payroll clearing,-5091.0,transfer
au,27/09/2023,1101 Savings (7311),Due from Singapore,-15645.0,IC
au,26/09/2023,1101 Savings (7311),Operating Expenses:Bank Fees,-93.39,transfer
au,21/09/2023,1101 Savings (7311),Operating Expenses:Bank Fees,-18.25,transfer
au,21/09/2023,1101 Savings (7311),Operating Expenses:Bank Fees,-19.65,transfer
au,21/09/2023,1101 Savings (7311),Operating Expenses:Bank Fees,-17.22,transfer
au,16/09/2023,1101 Savings (7311),Operating Expenses:Bank Fees,-5.81,transfer
au,12/09/2023,1101 Savings (7311),Operating Expenses:Bank Fees,-94.41,transfer
au,31/08/2023,1101 Savings (7311),Due from Singapore,-2.49,IC
au,29/08/2023,1101 Savings (7311),Due to Ventures,33010.56,IC
au,29/08/2023,1101 Savings (7311),Payroll clearing,-5091.0,transfer
au,26/08/2023,1101 Savings (7311),Operating Expenses:Bank Fees,-3.08,transfer
au,19/08/2023,1101 Savings (7311),Due from Singapore,-930.23,IC
au,19/08/2023,1101 Savings (7311),Operating Expenses:Bank Fees,-27.91,transfer
au,16/08/2023,1101 Savings (7311),Operating Expenses:Bank Fees,-0.41,transfer
au,16/08/2023,1101 Savings (7311),Operating Expenses:Bank Fees,-5.74,transfer
au,12/08/2023,1101 Savings (7311),Operating Expenses:Bank Fees,-1.39,transfer
au,08/08/2023,1101 Savings (7311),Operating Expenses:Bank Fees,-0.25,transfer
au,08/08/2023,1101 Savings (7311),Operating Expenses:Bank Fees,-8.39,transfer
au,01/08/2023,1101 Savings (7311),Due from Singapore,-2.49,IC
au,28/07/2023,1101 Savings (7311),Due from Singapore,-15645.32,IC
au,28/07/2023,1101 Savings (7311),Payroll clearing,-5091.0,transfer
au,19/07/2023,1101 Savings (7311),Due from Singapore,-878.48,IC
au,19/07/2023,1101 Savings (7311),Operating Expenses:Bank Fees,-26.35,transfer
au,18/07/2023,1101 Savings (7311),Operating Expenses:Bank Fees,-6.25,transfer
au,14/07/2023,1101 Savings (7311),1102 Wise AU,-5000.0,transfer
au,08/07/2023,1101 Savings (7311),Operating Expenses:Bank Fees,-0.41,transfer
au,06/07/2023,1101 Savings (7311),Operating Expenses:Bank Fees,-90.9,transfer
au,05/07/2023,1101 Savings (7311),Due to Ventures,43055.33,IC
au,01/07/2023,1101 Savings (7311),Due from Singapore,-2.49,IC
au,28/06/2023,1101 Savings (7311),Due from Singapore,-15827.36,IC
au,28/06/2023,1101 Savings (7311),Payroll clearing,-5090.67,transfer
au,20/06/2023,1101 Savings (7311),Due from Singapore,-886.92,IC
au,20/06/2023,1101 Savings (7311),Operating Expenses:Bank Fees,-26.61,transfer
au,20/06/2023,1101 Savings (7311),Due to Ventures,28053.16,IC
au,20/06/2023,1101 Savings (7311),Due from Singapore,3800.0,IC
au,17/06/2023,1101 Savings (7311),Operating Expenses:Bank Fees,-0.44,transfer
au,16/06/2023,1101 Savings (7311),Operating Expenses:Bank Fees,-5.53,transfer
au,15/06/2023,1101 Savings (7311),Uncategorised Asset,-220.0,transfer
au,15/06/2023,1101 Savings (7311),Uncategorised Asset,-330.0,transfer
au,09/06/2023,1101 Savings (7311),Operating Expenses:Bank Fees,-0.41,transfer
au,31/05/2023,1101 Savings (7311),Due from Singapore,-2.49,IC
au,28/05/2023,1101 Savings (7311),Due from Singapore,-16108.95,IC
au,28/05/2023,1101 Savings (7311),Payroll clearing,-5090.67,transfer
au,26/05/2023,1101 Savings (7311),Due to Ventures,73903.36,IC
au,19/05/2023,1101 Savings (7311),Operating Expenses:Bank Fees,-27.13,transfer
au,19/05/2023,1101 Savings (7311),Due from Singapore,-904.29,IC
au,16/05/2023,1101 Savings (7311),Operating Expenses:Bank Fees,-5.61,transfer
au,16/05/2023,1101 Savings (7311),Operating Expenses:Bank Fees,-4.42,transfer
au,09/05/2023,1101 Savings (7311),Operating Expenses:Bank Fees,-5.83,transfer
au,09/05/2023,1101 Savings (7311),Operating Expenses:Bank Fees,-1.64,transfer
au,09/05/2023,1101 Savings (7311),Operating Expenses:Bank Fees,-0.32,transfer
au,09/05/2023,1101 Savings (7311),Operating Expenses:Bank Fees,-0.27,transfer
au,09/05/2023,1101 Savings (7311),Operating Expenses:Bank Fees,-0.35,transfer
au,09/05/2023,1101 Savings (7311),Operating Expenses:Bank Fees,-0.16,transfer
au,09/05/2023,1101 Savings (7311),Operating Expenses:Bank Fees,-0.14,transfer
au,06/05/2023,1101 Savings (7311),Operating Expenses:Bank Fees,-0.15,transfer
au,06/05/2023,1101 Savings (7311),Operating Expenses:Bank Fees,-1.97,transfer
au,06/05/2023,1101 Savings (7311),Operating Expenses:Bank Fees,-0.88,transfer
au,06/05/2023,1101 Savings (7311),Operating Expenses:Bank Fees,-0.24,transfer
au,05/05/2023,1101 Savings (7311),Operating Expenses:Bank Fees,-0.29,transfer
au,05/05/2023,1101 Savings (7311),Operating Expenses:Bank Fees,-1.19,transfer
au,05/05/2023,1101 Savings (7311),Operating Expenses:Bank Fees,-0.33,transfer
au,05/05/2023,1101 Savings (7311),Operating Expenses:Bank Fees,-2.18,transfer
au,05/05/2023,1101 Savings (7311),Operating Expenses:Bank Fees,-4.27,transfer
au,04/05/2023,1101 Savings (7311),Operating Expenses:Bank Fees,-0.97,transfer
au,04/05/2023,1101 Savings (7311),Operating Expenses:Bank Fees,-1.58,transfer
au,03/05/2023,1101 Savings (7311),Due from Singapore,-3800.0,IC
au,02/05/2023,1101 Savings (7311),Due from Singapore,-2.49,IC
au,01/05/2023,1101 Savings (7311),Payroll clearing,-7847.3,transfer
au,22/04/2023,1101 Savings (7311),Due from Singapore,-1749.0,IC
au,21/04/2023,1101 Savings (7311),Operating Expenses:Bank Fees,-0.99,transfer
au,20/04/2023,1101 Savings (7311),Due from Singapore,-14040.0,IC
au,20/04/2023,1101 Savings (7311),Due from Singapore,-1541.0,IC
au,18/04/2023,1101 Savings (7311),Operating Expenses:Bank Fees,-5.6,transfer
au,18/04/2023,1101 Savings (7311),Due to Ventures,71729.13,IC
au,12/04/2023,1101 Savings (7311),Operating Expenses:Bank Fees,-33.99,transfer
au,12/04/2023,1101 Savings (7311),Due from Singapore,-1133.01,IC
au,31/03/2023,1101 Savings (7311),Due from Singapore,-2.49,IC
au,30/03/2023,1101 Savings (7311),Stripe,7500.0,transfer
au,28/03/2023,1101 Savings (7311),Payroll clearing,-7847.3,transfer
au,23/03/2023,1101 Savings (7311),Operating Expenses:Bank Fees,-5.94,transfer
au,17/03/2023,1101 Savings (7311),Operating Expenses:Bank Fees,-5.67,transfer
au,03/03/2023,1101 Savings (7311),Due from Singapore,-2.49,IC
au,03/03/2023,1101 Savings (7311),Due to Ventures,28522.65,IC
au,03/03/2023,1101 Savings (7311),Payroll clearing,-7847.3,transfer
au,21/02/2023,1101 Savings (7311),Stripe,8000.0,transfer
au,16/02/2023,1101 Savings (7311),Operating Expenses:Bank Fees,-5.4,transfer
au,31/01/2023,1101 Savings (7311),Due from Singapore,-2.49,IC
au,30/01/2023,1101 Savings (7311),Payroll clearing,-5090.67,transfer
au,19/01/2023,1101 Savings (7311),Due from Singapore,-864.8,IC
au,19/01/2023,1101 Savings (7311),Operating Expenses:Bank Fees,-25.94,transfer
au,17/01/2023,1101 Savings (7311),Operating Expenses:Bank Fees,-5.38,transfer
au,17/01/2023,1101 Savings (7311),Operating Expenses:Bank Fees,-2.7,transfer
au,11/01/2023,1101 Savings (7311),Due from Singapore,-111.63,IC
au,05/01/2023,1101 Savings (7311),Due from Singapore,-15330.0,IC
au,05/01/2023,1101 Savings (7311),Due from Singapore,-15330.0,IC
au,05/01/2023,1101 Savings (7311),Due from Singapore,-2890.0,IC
au,02/01/2023,1101 Savings (7311),Due from Singapore,-19500.0,IC
au,01/01/2023,1101 Savings (7311),Due from Singapore,-2380.3,IC
au,31/12/2022,1101 Savings (7311),Due from Singapore,-2.49,IC
au,29/12/2022,1101 Savings (7311),Payroll clearing,-5090.67,transfer
au,20/12/2022,1101 Savings (7311),Operating Expenses:Bank Fees,-26.97,transfer
au,19/12/2022,1101 Savings (7311),Stripe,25000.0,transfer
au,16/12/2022,1101 Savings (7311),Due from Singapore,-14000.0,IC
au,16/12/2022,1101 Savings (7311),Due from Singapore,-2500.0,IC
au,16/12/2022,1101 Savings (7311),Operating Expenses:Bank Fees,-5.52,transfer
au,06/12/2022,1101 Savings (7311),Operating Expenses:Bank Fees,-0.57,transfer
au,04/12/2022,1101 Savings (7311),Operating Expenses:Bank Fees,0.0,transfer
au,03/12/2022,1101 Savings (7311),Operating Expenses:Bank Fees,0.0,transfer
au,03/12/2022,1101 Savings (7311),Due from Singapore,-20000.0,IC
au,03/12/2022,1101 Savings (7311),Operating Expenses:Bank Fees,-1.66,transfer
au,02/12/2022,1101 Savings (7311),Operating Expenses:Bank Fees,0.0,transfer
au,01/12/2022,1101 Savings (7311),Operating Expenses:Bank Fees,0.0,transfer
au,01/12/2022,1101 Savings (7311),Due from Singapore,-8312.34,IC
au,01/12/2022,1101 Savings (7311),Due from Singapore,-2.49,IC
au,29/11/2022,1101 Savings (7311),Due from Singapore,-4600.0,IC
au,29/11/2022,1101 Savings (7311),Due from Singapore,-20685.0,IC
au,28/11/2022,1101 Savings (7311),Due from Singapore,-6500.0,IC
au,28/11/2022,1101 Savings (7311),Payroll clearing,-5090.67,transfer
au,27/11/2022,1101 Savings (7311),Due from Singapore,-2788.65,IC
au,27/11/2022,1101 Savings (7311),Due from Singapore,-15540.0,IC
au,27/11/2022,1101 Savings (7311),Due from Singapore,-15540.0,IC
au,27/11/2022,1101 Savings (7311),Due from Singapore,-2930.0,IC
au,25/11/2022,1101 Savings (7311),Due from Singapore,-4674.55,IC
au,25/11/2022,1101 Savings (7311),Due from Singapore,-16962.28,IC
au,24/11/2022,1101 Savings (7311),Due from Singapore,1509.53,IC
au,24/11/2022,1101 Savings (7311),Due from Singapore,1524.19,IC
au,24/11/2022,1101 Savings (7311),Due from Singapore,1562.26,IC
au,24/11/2022,1101 Savings (7311),Due from Singapore,1551.43,IC
au,24/11/2022,1101 Savings (7311),Due from Singapore,1498.57,IC
au,24/11/2022,1101 Savings (7311),Due from Singapore,1511.73,IC
au,24/11/2022,1101 Savings (7311),Due from Singapore,1530.03,IC
au,24/11/2022,1101 Savings (7311),Due from Singapore,1540.27,IC
au,24/11/2022,1101 Savings (7311),Due from Singapore,1583.51,IC
au,24/11/2022,1101 Savings (7311),Due from Singapore,1499.73,IC
au,24/11/2022,1101 Savings (7311),Due from Singapore,1502.45,IC
au,24/11/2022,1101 Savings (7311),Due from Singapore,1517.5,IC
au,24/11/2022,1101 Savings (7311),Due from Singapore,1553.82,IC
au,24/11/2022,1101 Savings (7311),Due from Singapore,556.12,IC
au,22/11/2022,1101 Savings (7311),Due from Singapore,-900.9,IC
au,22/11/2022,1101 Savings (7311),Operating Expenses:Bank Fees,-27.03,transfer
au,21/11/2022,1101 Savings (7311),Due from Singapore,-3200.0,IC
au,19/11/2022,1101 Savings (7311),Due from Singapore,-7920.31,IC
au,19/11/2022,1101 Savings (7311),Due from Singapore,-6365.7,IC
au,18/11/2022,1101 Savings (7311),Operating Expenses:Bank Fees,-40.51,transfer
au,16/11/2022,1101 Savings (7311),Operating Expenses:Bank Fees,-5.66,transfer
au,15/11/2022,1101 Savings (7311),Due from Singapore,-1536.39,IC
au,15/11/2022,1101 Savings (7311),Due from Singapore,-1532.72,IC
au,15/11/2022,1101 Savings (7311),Due from Singapore,-1589.47,IC
au,15/11/2022,1101 Savings (7311),Due from Singapore,-1524.18,IC
au,15/11/2022,1101 Savings (7311),Due from Singapore,-1592.04,IC
au,15/11/2022,1101 Savings (7311),Due from Singapore,-1551.31,IC
au,15/11/2022,1101 Savings (7311),Due from Singapore,-1590.05,IC
au,15/11/2022,1101 Savings (7311),Due from Singapore,-1525.23,IC
au,15/11/2022,1101 Savings (7311),Due from Singapore,-1529.03,IC
au,15/11/2022,1101 Savings (7311),Due from Singapore,-1538.03,IC
au,15/11/2022,1101 Savings (7311),Due from Singapore,-1538.62,IC
au,15/11/2022,1101 Savings (7311),Due from Singapore,-1538.93,IC
au,15/11/2022,1101 Savings (7311),Due from Singapore,-1557.25,IC
au,15/11/2022,1101 Savings (7311),Due from Singapore,-1700.27,IC
au,15/11/2022,1101 Savings (7311),Due from Singapore,-1565.11,IC
au,15/11/2022,1101 Savings (7311),Due from Singapore,-1577.2,IC
au,15/11/2022,1101 Savings (7311),Due from Singapore,-1567.67,IC
au,15/11/2022,1101 Savings (7311),Due from Singapore,-1801.31,IC
au,15/11/2022,1101 Savings (7311),Due from Singapore,-1547.73,IC
au,15/11/2022,1101 Savings (7311),Due from Singapore,-1525.45,IC
au,15/11/2022,1101 Savings (7311),Due from Singapore,-1611.68,IC
au,15/11/2022,1101 Savings (7311),Due from Singapore,-1526.41,IC
au,15/11/2022,1101 Savings (7311),Due from Singapore,-1538.85,IC
au,15/11/2022,1101 Savings (7311),Due from Singapore,-1530.44,IC
au,15/11/2022,1101 Savings (7311),Due from Singapore,-1554.36,IC
au,15/11/2022,1101 Savings (7311),Due from Singapore,-1537.12,IC
au,15/11/2022,1101 Savings (7311),Due from Singapore,-1576.35,IC
au,15/11/2022,1101 Savings (7311),Due from Singapore,-1608.88,IC
au,15/11/2022,1101 Savings (7311),Due from Singapore,-1529.18,IC
au,15/11/2022,1101 Savings (7311),Due from Singapore,-1544.49,IC
au,15/11/2022,1101 Savings (7311),Due from Singapore,-1581.46,IC
au,15/11/2022,1101 Savings (7311),Due from Singapore,-1588.03,IC
au,15/11/2022,1101 Savings (7311),Due from Singapore,-1579.03,IC
au,15/11/2022,1101 Savings (7311),Due from Singapore,-1644.57,IC
au,15/11/2022,1101 Savings (7311),Operating Expenses:Bank Fees,-46.72,transfer
au,15/11/2022,1101 Savings (7311),Operating Expenses:Bank Fees,-45.76,transfer
au,15/11/2022,1101 Savings (7311),Operating Expenses:Bank Fees,-45.73,transfer
au,15/11/2022,1101 Savings (7311),Operating Expenses:Bank Fees,-45.79,transfer
au,15/11/2022,1101 Savings (7311),Operating Expenses:Bank Fees,-46.09,transfer
au,15/11/2022,1101 Savings (7311),Operating Expenses:Bank Fees,-47.64,transfer
au,15/11/2022,1101 Savings (7311),Operating Expenses:Bank Fees,-47.44,transfer
au,15/11/2022,1101 Savings (7311),Operating Expenses:Bank Fees,-47.32,transfer
au,15/11/2022,1101 Savings (7311),Operating Expenses:Bank Fees,-46.14,transfer
au,15/11/2022,1101 Savings (7311),Operating Expenses:Bank Fees,-48.35,transfer
au,15/11/2022,1101 Savings (7311),Operating Expenses:Bank Fees,-45.87,transfer
au,15/11/2022,1101 Savings (7311),Operating Expenses:Bank Fees,-46.54,transfer
au,15/11/2022,1101 Savings (7311),Operating Expenses:Bank Fees,-45.91,transfer
au,15/11/2022,1101 Savings (7311),Operating Expenses:Bank Fees,-45.98,transfer
au,15/11/2022,1101 Savings (7311),Operating Expenses:Bank Fees,-47.03,transfer
au,15/11/2022,1101 Savings (7311),Operating Expenses:Bank Fees,-47.68,transfer
au,15/11/2022,1101 Savings (7311),Operating Expenses:Bank Fees,-46.11,transfer
au,15/11/2022,1101 Savings (7311),Operating Expenses:Bank Fees,-45.88,transfer
au,15/11/2022,1101 Savings (7311),Operating Expenses:Bank Fees,-46.63,transfer
au,15/11/2022,1101 Savings (7311),Operating Expenses:Bank Fees,-46.43,transfer
au,15/11/2022,1101 Savings (7311),Operating Expenses:Bank Fees,-47.76,transfer
au,15/11/2022,1101 Savings (7311),Operating Expenses:Bank Fees,-49.34,transfer
au,15/11/2022,1101 Savings (7311),Operating Expenses:Bank Fees,-46.17,transfer
au,15/11/2022,1101 Savings (7311),Operating Expenses:Bank Fees,-48.27,transfer
au,15/11/2022,1101 Savings (7311),Operating Expenses:Bank Fees,-54.04,transfer
au,15/11/2022,1101 Savings (7311),Operating Expenses:Bank Fees,-51.01,transfer
au,15/11/2022,1101 Savings (7311),Operating Expenses:Bank Fees,-47.37,transfer
au,15/11/2022,1101 Savings (7311),Operating Expenses:Bank Fees,-47.29,transfer
au,15/11/2022,1101 Savings (7311),Operating Expenses:Bank Fees,-46.16,transfer
au,15/11/2022,1101 Savings (7311),Operating Expenses:Bank Fees,-46.95,transfer
au,15/11/2022,1101 Savings (7311),Operating Expenses:Bank Fees,-47.7,transfer
au,15/11/2022,1101 Savings (7311),Operating Expenses:Bank Fees,-46.33,transfer
au,11/11/2022,1101 Savings (7311),Due from Singapore,-3285.11,IC
au,09/11/2022,1101 Savings (7311),Operating Expenses:Bank Fees,-6.0,transfer
au,09/11/2022,1101 Savings (7311),Due from Singapore,-17302.91,IC
au,03/11/2022,1101 Savings (7311),Due from Singapore,-100.0,IC
au,01/11/2022,1101 Savings (7311),Due from Singapore,-2.49,IC
au,29/10/2022,1101 Savings (7311),Due from Singapore,-14000.0,IC
au,28/10/2022,1101 Savings (7311),Due from Singapore,-16000.0,IC
au,28/10/2022,1101 Savings (7311),Payroll clearing,-5090.67,transfer
au,28/10/2022,1101 Savings (7311),Payroll clearing,0.0,transfer
au,26/10/2022,1101 Savings (7311),Due from Singapore,-2660.2,IC
au,26/10/2022,1101 Savings (7311),Due from Singapore,-16447.0,IC
au,26/10/2022,1101 Savings (7311),Due from Singapore,-3101.0,IC
au,26/10/2022,1101 Savings (7311),Due from Singapore,-16447.0,IC
au,26/10/2022,1101 Savings (7311),Operating Expenses:Bank Fees,-79.81,transfer
au,25/10/2022,1101 Savings (7311),Due from Singapore,-62.59,IC
au,25/10/2022,1101 Savings (7311),Operating Expenses:Bank Fees,-1.88,transfer
au,19/10/2022,1101 Savings (7311),Due from Singapore,-968.77,IC
au,19/10/2022,1101 Savings (7311),Operating Expenses:Bank Fees,-29.06,transfer
au,18/10/2022,1101 Savings (7311),Operating Expenses:Bank Fees,-6.03,transfer
au,12/10/2022,1101 Savings (7311),Operating Expenses:Bank Fees,-0.71,transfer
au,04/10/2022,1101 Savings (7311),Due from Singapore,-1925.88,IC
au,04/10/2022,1101 Savings (7311),Due from Singapore,-1019.0,IC
au,03/10/2022,1101 Savings (7311),Due from Singapore,-995.0,IC
au,01/10/2022,1101 Savings (7311),Due from Singapore,-1452.11,IC
au,01/10/2022,1101 Savings (7311),Due from Singapore,-2.49,IC
au,01/10/2022,1101 Savings (7311),Operating Expenses:Bank Fees,-43.56,transfer
au,30/09/2022,1101 Savings (7311),Due from Singapore,-1448.7,IC
au,30/09/2022,1101 Savings (7311),Operating Expenses:Bank Fees,-43.46,transfer
au,29/09/2022,1101 Savings (7311),Due from Singapore,-1444.33,IC
au,29/09/2022,1101 Savings (7311),Operating Expenses:Bank Fees,-43.33,transfer
au,28/09/2022,1101 Savings (7311),Due to Ventures,298000.0,IC
au,28/09/2022,1101 Savings (7311),Payroll clearing,-5090.67,transfer
au,27/09/2022,1101 Savings (7311),Due from Singapore,-1436.37,IC
au,27/09/2022,1101 Savings (7311),Operating Expenses:Bank Fees,-43.09,transfer
au,24/09/2022,1101 Savings (7311),Due from Singapore,-5269.58,IC
au,24/09/2022,1101 Savings (7311),Operating Expenses:Bank Fees,-0.35,transfer
au,24/09/2022,1101 Savings (7311),Operating Expenses:Bank Fees,-0.22,transfer
au,24/09/2022,1101 Savings (7311),Operating Expenses:Bank Fees,-0.07,transfer
au,24/09/2022,1101 Savings (7311),Operating Expenses:Bank Fees,-158.09,transfer
au,20/09/2022,1101 Savings (7311),Due from Singapore,-899.82,IC
au,20/09/2022,1101 Savings (7311),Operating Expenses:Bank Fees,-26.99,transfer
au,16/09/2022,1101 Savings (7311),Operating Expenses:Bank Fees,-5.52,transfer
au,15/09/2022,1101 Savings (7311),Operating Expenses:Bank Fees,-0.06,transfer
au,15/09/2022,1101 Savings (7311),Operating Expenses:Bank Fees,-0.07,transfer
au,14/09/2022,1101 Savings (7311),Operating Expenses:Bank Fees,-0.36,transfer
au,13/09/2022,1101 Savings (7311),Operating Expenses:Bank Fees,-0.67,transfer
au,10/09/2022,1101 Savings (7311),Operating Expenses:Bank Fees,-0.38,transfer
au,09/09/2022,1101 Savings (7311),Operating Expenses:Bank Fees,-20.93,transfer
au,02/09/2022,1101 Savings (7311),Due from Singapore,-133.01,IC
au,30/08/2022,1101 Savings (7311),Operating Expenses:Bank Fees,-23.52,transfer
au,29/08/2022,1101 Savings (7311),Payroll clearing,-5090.67,transfer
au,26/08/2022,1101 Savings (7311),Due from Singapore,-72.7,IC
au,26/08/2022,1101 Savings (7311),Operating Expenses:Bank Fees,-2.18,transfer
au,25/08/2022,1101 Savings (7311),Due from Singapore,-1402.66,IC
au,25/08/2022,1101 Savings (7311),Operating Expenses:Bank Fees,-42.08,transfer
au,25/08/2022,1101 Savings (7311),Operating Expenses:Bank Fees,-0.38,transfer
au,24/08/2022,1101 Savings (7311),Due from Singapore,-1401.38,IC
au,24/08/2022,1101 Savings (7311),Operating Expenses:Bank Fees,-42.04,transfer
au,23/08/2022,1101 Savings (7311),Due from Singapore,-1401.38,IC
au,23/08/2022,1101 Savings (7311),Due from Singapore,-1399.97,IC
au,23/08/2022,1101 Savings (7311),Operating Expenses:Bank Fees,-42.0,transfer
au,23/08/2022,1101 Savings (7311),Operating Expenses:Bank Fees,-42.04,transfer
au,20/08/2022,1101 Savings (7311),Due from Singapore,-1398.9,IC
au,20/08/2022,1101 Savings (7311),Operating Expenses:Bank Fees,-41.97,transfer
au,19/08/2022,1101 Savings (7311),Due from Singapore,-858.49,IC
au,19/08/2022,1101 Savings (7311),Operating Expenses:Bank Fees,-25.75,transfer
au,18/08/2022,1101 Savings (7311),Due from Singapore,-1385.86,IC
au,18/08/2022,1101 Savings (7311),Operating Expenses:Bank Fees,-41.58,transfer
au,16/08/2022,1101 Savings (7311),Due from Singapore,-197.67,IC
au,16/08/2022,1101 Savings (7311),Due from Singapore,-1377.38,IC
au,16/08/2022,1101 Savings (7311),Operating Expenses:Bank Fees,-5.93,transfer
au,16/08/2022,1101 Savings (7311),Operating Expenses:Bank Fees,-41.32,transfer
au,16/08/2022,1101 Savings (7311),Operating Expenses:Bank Fees,-5.25,transfer
au,13/08/2022,1101 Savings (7311),Operating Expenses:Bank Fees,-0.86,transfer
au,13/08/2022,1101 Savings (7311),Operating Expenses:Bank Fees,-0.43,transfer
au,12/08/2022,1101 Savings (7311),Due from Singapore,-1395.32,IC
au,12/08/2022,1101 Savings (7311),Operating Expenses:Bank Fees,-41.86,transfer
au,12/08/2022,1101 Savings (7311),Operating Expenses:Bank Fees,-0.65,transfer
au,12/08/2022,1101 Savings (7311),Operating Expenses:Bank Fees,-0.43,transfer
au,11/08/2022,1101 Savings (7311),Due from Singapore,-4.04,IC
au,11/08/2022,1101 Savings (7311),Due from Singapore,-1052.83,IC
au,11/08/2022,1101 Savings (7311),Operating Expenses:Bank Fees,-31.58,transfer
au,11/08/2022,1101 Savings (7311),Operating Expenses:Bank Fees,-0.12,transfer
au,10/08/2022,1101 Savings (7311),Due from Singapore,-1408.16,IC
au,10/08/2022,1101 Savings (7311),Operating Expenses:Bank Fees,-42.24,transfer
au,09/08/2022,1101 Savings (7311),Due from Singapore,-1408.16,IC
au,09/08/2022,1101 Savings (7311),Operating Expenses:Bank Fees,-1.03,transfer
au,09/08/2022,1101 Savings (7311),Operating Expenses:Bank Fees,-0.16,transfer
au,09/08/2022,1101 Savings (7311),Operating Expenses:Bank Fees,-42.24,transfer
au,06/08/2022,1101 Savings (7311),Due from Singapore,-1403.59,IC
au,06/08/2022,1101 Savings (7311),Operating Expenses:Bank Fees,-42.11,transfer
au,04/08/2022,1101 Savings (7311),Due from Singapore,-1391.12,IC
au,04/08/2022,1101 Savings (7311),Due from Singapore,-288.44,IC
au,04/08/2022,1101 Savings (7311),Operating Expenses:Bank Fees,-41.73,transfer
au,04/08/2022,1101 Savings (7311),Operating Expenses:Bank Fees,-8.65,transfer
au,02/08/2022,1101 Savings (7311),Due from Singapore,-1397.87,IC
au,02/08/2022,1101 Savings (7311),Due from Singapore,-1045.14,IC
au,02/08/2022,1101 Savings (7311),Operating Expenses:Bank Fees,-31.35,transfer
au,02/08/2022,1101 Savings (7311),Operating Expenses:Bank Fees,-41.94,transfer
au,30/07/2022,1101 Savings (7311),Due from Singapore,-1394.48,IC
au,30/07/2022,1101 Savings (7311),Due from Singapore,-5201.05,IC
au,30/07/2022,1101 Savings (7311),Operating Expenses:Bank Fees,-41.83,transfer
au,30/07/2022,1101 Savings (7311),Operating Expenses:Bank Fees,-156.03,transfer
au,29/07/2022,1101 Savings (7311),Due from Singapore,-8416.5,IC
au,29/07/2022,1101 Savings (7311),Payroll clearing,-5090.67,transfer
au,29/07/2022,1101 Savings (7311),Due from Singapore,-13585.0,IC
au,28/07/2022,1101 Savings (7311),Due to Ventures,292000.0,IC
au,28/07/2022,1101 Savings (7311),Due from Singapore,-1398.52,IC
au,28/07/2022,1101 Savings (7311),Operating Expenses:Bank Fees,-41.96,transfer
au,27/07/2022,1101 Savings (7311),Due from Singapore,-134.0,IC
au,27/07/2022,1101 Savings (7311),Due from Singapore,-130.6,IC
au,27/07/2022,1101 Savings (7311),Due from Singapore,-101.0,IC
au,27/07/2022,1101 Savings (7311),Due from Singapore,-5214.95,IC
au,27/07/2022,1101 Savings (7311),Operating Expenses:Bank Fees,-156.45,transfer
au,27/07/2022,1101 Savings (7311),Operating Expenses:Bank Fees,-3.92,transfer
au,26/07/2022,1101 Savings (7311),Due from Singapore,-130.62,IC
au,26/07/2022,1101 Savings (7311),Due from Singapore,-130.6,IC
au,26/07/2022,1101 Savings (7311),Due from Singapore,-12.73,IC
au,26/07/2022,1101 Savings (7311),Due from Singapore,-1395.0,IC
au,26/07/2022,1101 Savings (7311),Due from Singapore,-1042.99,IC
au,26/07/2022,1101 Savings (7311),Due from Singapore,-5214.95,IC
au,26/07/2022,1101 Savings (7311),Operating Expenses:Bank Fees,-41.85,transfer
au,26/07/2022,1101 Savings (7311),Operating Expenses:Bank Fees,-31.29,transfer
au,26/07/2022,1101 Savings (7311),Operating Expenses:Bank Fees,-3.92,transfer
au,26/07/2022,1101 Savings (7311),Operating Expenses:Bank Fees,-0.38,transfer
au,26/07/2022,1101 Savings (7311),Operating Expenses:Bank Fees,-156.45,transfer
au,23/07/2022,1101 Savings (7311),Due from Singapore,-816.76,IC
au,23/07/2022,1101 Savings (7311),Due from Singapore,-1396.14,IC
au,23/07/2022,1101 Savings (7311),Operating Expenses:Bank Fees,-41.88,transfer
au,21/07/2022,1101 Savings (7311),Due from Singapore,-1412.83,IC
au,21/07/2022,1101 Savings (7311),Operating Expenses:Bank Fees,-42.38,transfer
au,20/07/2022,1101 Savings (7311),Due from Singapore,-893.25,IC
au,20/07/2022,1101 Savings (7311),Operating Expenses:Bank Fees,-26.8,transfer
au,19/07/2022,1101 Savings (7311),Due from Singapore,-1778.92,IC
au,19/07/2022,1101 Savings (7311),Due from Singapore,-1417.64,IC
au,19/07/2022,1101 Savings (7311),Due from Singapore,-1424.93,IC
au,19/07/2022,1101 Savings (7311),Operating Expenses:Bank Fees,-42.53,transfer
au,19/07/2022,1101 Savings (7311),Operating Expenses:Bank Fees,-42.75,transfer
au,16/07/2022,1101 Savings (7311),Due from Singapore,-184.41,IC
au,16/07/2022,1101 Savings (7311),Due from Singapore,-1414.25,IC
au,16/07/2022,1101 Savings (7311),Operating Expenses:Bank Fees,-42.43,transfer
au,16/07/2022,1101 Savings (7311),Operating Expenses:Bank Fees,-5.53,transfer
au,14/07/2022,1101 Savings (7311),Due from Singapore,-697.71,IC
au,14/07/2022,1101 Savings (7311),Due from Singapore,-1417.38,IC
au,14/07/2022,1101 Savings (7311),Due from Singapore,-201.97,IC
au,14/07/2022,1101 Savings (7311),Operating Expenses:Bank Fees,-6.06,transfer
au,14/07/2022,1101 Savings (7311),Operating Expenses:Bank Fees,-42.52,transfer
au,12/07/2022,1101 Savings (7311),Due from Singapore,-1404.31,IC
au,12/07/2022,1101 Savings (7311),Due from Singapore,-1407.33,IC
au,12/07/2022,1101 Savings (7311),Due from Singapore,-110.86,IC
au,12/07/2022,1101 Savings (7311),Operating Expenses:Bank Fees,-3.33,transfer
au,12/07/2022,1101 Savings (7311),Operating Expenses:Bank Fees,-42.13,transfer
au,12/07/2022,1101 Savings (7311),Operating Expenses:Bank Fees,-0.66,transfer
au,12/07/2022,1101 Savings (7311),Operating Expenses:Bank Fees,-42.22,transfer
au,09/07/2022,1101 Savings (7311),Operating Expenses:Bank Fees,-42.21,transfer
au,08/07/2022,1101 Savings (7311),Due from Singapore,-109.0,IC
au,08/07/2022,1101 Savings (7311),Due from Singapore,-1406.6,IC
au,08/07/2022,1101 Savings (7311),Operating Expenses:Bank Fees,-42.2,transfer
au,07/07/2022,1101 Savings (7311),Due from Singapore,-1409.71,IC
au,07/07/2022,1101 Savings (7311),Operating Expenses:Bank Fees,-42.29,transfer
au,06/07/2022,1101 Savings (7311),Due from Singapore,-1415.5,IC
au,06/07/2022,1101 Savings (7311),Operating Expenses:Bank Fees,-42.47,transfer
au,05/07/2022,1101 Savings (7311),Due from Singapore,-1415.5,IC
au,05/07/2022,1101 Savings (7311),Operating Expenses:Bank Fees,-42.02,transfer
au,05/07/2022,1101 Savings (7311),Operating Expenses:Bank Fees,-42.47,transfer
au,02/07/2022,1101 Savings (7311),Due from Singapore,-1402.76,IC
au,02/07/2022,1101 Savings (7311),Operating Expenses:Bank Fees,-42.08,transfer
au,01/07/2022,1101 Savings (7311),Due from Singapore,-1396.18,IC
au,01/07/2022,1101 Savings (7311),Operating Expenses:Bank Fees,-41.89,transfer
au,30/06/2022,1101 Savings (7311),Due from Singapore,-1397.19,IC
au,30/06/2022,1101 Savings (7311),Operating Expenses:Bank Fees,-41.92,transfer
au,29/06/2022,1101 Savings (7311),Due from Singapore,-1484.29,IC
au,29/06/2022,1101 Savings (7311),Operating Expenses:Bank Fees,-44.53,transfer
au,28/06/2022,1101 Savings (7311),Due from Singapore,-1398.6,IC
au,28/06/2022,1101 Savings (7311),Due from Singapore,-1400.08,IC
au,28/06/2022,1101 Savings (7311),Operating Expenses:Bank Fees,-41.96,transfer
au,28/06/2022,1101 Savings (7311),Operating Expenses:Bank Fees,-42.0,transfer
au,27/06/2022,1101 Savings (7311),Due from Singapore,-13719.0,IC
au,25/06/2022,1101 Savings (7311),Due from Singapore,-13.04,IC
au,25/06/2022,1101 Savings (7311),Due from Singapore,-1399.09,IC
au,25/06/2022,1101 Savings (7311),Operating Expenses:Bank Fees,-0.39,transfer
au,25/06/2022,1101 Savings (7311),Operating Expenses:Bank Fees,-41.97,transfer
au,24/06/2022,1101 Savings (7311),Due from Singapore,-1392.62,IC
au,24/06/2022,1101 Savings (7311),Operating Expenses:Bank Fees,-41.78,transfer
au,23/06/2022,1101 Savings (7311),Due from Singapore,-1396.04,IC
au,23/06/2022,1101 Savings (7311),Operating Expenses:Bank Fees,-41.88,transfer
au,22/06/2022,1101 Savings (7311),Due from Singapore,-1394.41,IC
au,22/06/2022,1101 Savings (7311),Operating Expenses:Bank Fees,-41.83,transfer
au,21/06/2022,1101 Savings (7311),Due from Singapore,-58.38,IC
au,21/06/2022,1101 Savings (7311),Due from Singapore,-1394.41,IC
au,21/06/2022,1101 Savings (7311),Due from Singapore,-1387.8,IC
au,21/06/2022,1101 Savings (7311),Due from Singapore,-864.3,IC
au,21/06/2022,1101 Savings (7311),Operating Expenses:Bank Fees,-41.83,transfer
au,21/06/2022,1101 Savings (7311),Operating Expenses:Bank Fees,-1.75,transfer
au,21/06/2022,1101 Savings (7311),Operating Expenses:Bank Fees,-25.93,transfer
au,21/06/2022,1101 Savings (7311),Operating Expenses:Bank Fees,-41.63,transfer
au,18/06/2022,1101 Savings (7311),Due from Singapore,-1399.84,IC
au,18/06/2022,1101 Savings (7311),Operating Expenses:Bank Fees,-42.0,transfer
au,17/06/2022,1101 Savings (7311),Due from Singapore,-1399.31,IC
au,17/06/2022,1101 Savings (7311),Operating Expenses:Bank Fees,-41.98,transfer
au,16/06/2022,1101 Savings (7311),Due from Singapore,-179.45,IC
au,16/06/2022,1101 Savings (7311),Due from Singapore,-1387.76,IC
au,16/06/2022,1101 Savings (7311),Operating Expenses:Bank Fees,-41.63,transfer
au,16/06/2022,1101 Savings (7311),Operating Expenses:Bank Fees,-5.38,transfer
au,15/06/2022,1101 Savings (7311),Due from Singapore,-1371.31,IC
au,15/06/2022,1101 Savings (7311),Operating Expenses:Bank Fees,-41.14,transfer
au,14/06/2022,1101 Savings (7311),Due from Singapore,-1371.31,IC
au,14/06/2022,1101 Savings (7311),Due from Singapore,-192.54,IC
au,14/06/2022,1101 Savings (7311),Operating Expenses:Bank Fees,-41.14,transfer
au,14/06/2022,1101 Savings (7311),Operating Expenses:Bank Fees,-5.78,transfer
au,14/06/2022,1101 Savings (7311),Operating Expenses:Bank Fees,-0.63,transfer
au,11/06/2022,1101 Savings (7311),Due from Singapore,-265.03,IC
au,11/06/2022,1101 Savings (7311),Due from Singapore,-1354.77,IC
au,11/06/2022,1101 Savings (7311),Operating Expenses:Bank Fees,-40.64,transfer
au,11/06/2022,1101 Savings (7311),Operating Expenses:Bank Fees,-7.95,transfer
au,10/06/2022,1101 Savings (7311),Due from Singapore,-1357.27,IC
au,10/06/2022,1101 Savings (7311),Operating Expenses:Bank Fees,-40.72,transfer
au,09/06/2022,1101 Savings (7311),Due from Singapore,-109.0,IC
au,09/06/2022,1101 Savings (7311),Due from Singapore,-1355.64,IC
au,09/06/2022,1101 Savings (7311),Operating Expenses:Bank Fees,-40.67,transfer
au,07/06/2022,1101 Savings (7311),Due from Singapore,-1349.79,IC
au,07/06/2022,1101 Savings (7311),Operating Expenses:Bank Fees,-40.49,transfer
au,03/06/2022,1101 Savings (7311),Due from Singapore,-1363.3,IC
au,03/06/2022,1101 Savings (7311),Operating Expenses:Bank Fees,-40.9,transfer
au,02/06/2022,1101 Savings (7311),Due from Singapore,-846.86,IC
au,02/06/2022,1101 Savings (7311),Operating Expenses:Bank Fees,-25.41,transfer
au,01/06/2022,1101 Savings (7311),Due from Singapore,-175.02,IC
au,01/06/2022,1101 Savings (7311),Operating Expenses:Bank Fees,-5.25,transfer
au,31/05/2022,1101 Savings (7311),Due from Singapore,-1376.73,IC
au,31/05/2022,1101 Savings (7311),Due from Singapore,-1689.82,IC
au,31/05/2022,1101 Savings (7311),Operating Expenses:Bank Fees,-41.3,transfer
au,31/05/2022,1101 Savings (7311),Operating Expenses:Bank Fees,-50.69,transfer
au,28/05/2022,1101 Savings (7311),Due from Singapore,-1025.82,IC
au,28/05/2022,1101 Savings (7311),Operating Expenses:Bank Fees,-30.77,transfer
au,27/05/2022,1101 Savings (7311),Due from Singapore,-12.81,IC
au,27/05/2022,1101 Savings (7311),Due from Singapore,-781.44,IC
au,27/05/2022,1101 Savings (7311),Operating Expenses:Bank Fees,-0.38,transfer
au,26/05/2022,1101 Savings (7311),Due from Singapore,-13397.0,IC
au,17/05/2022,1101 Savings (7311),Due from Singapore,-132.25,IC
au,17/05/2022,1101 Savings (7311),Operating Expenses:Bank Fees,-3.97,transfer
au,14/05/2022,1101 Savings (7311),Due from Singapore,-82.67,IC
au,14/05/2022,1101 Savings (7311),Due from Singapore,-12476.16,IC
au,14/05/2022,1101 Savings (7311),Due from Singapore,-198.29,IC
au,14/05/2022,1101 Savings (7311),Operating Expenses:Bank Fees,-5.95,transfer
au,14/05/2022,1101 Savings (7311),Operating Expenses:Bank Fees,-2.48,transfer
au,14/05/2022,1101 Savings (7311),Operating Expenses:Bank Fees,-374.28,transfer
au,13/05/2022,1101 Savings (7311),Due from Singapore,-86.98,IC
au,13/05/2022,1101 Savings (7311),Operating Expenses:Bank Fees,-2.61,transfer
au,12/05/2022,1101 Savings (7311),Operating Expenses:Bank Fees,-0.64,transfer
au,10/05/2022,1101 Savings (7311),Due from Singapore,-82.71,IC
au,10/05/2022,1101 Savings (7311),Operating Expenses:Bank Fees,-2.48,transfer
au,07/05/2022,1101 Savings (7311),Due from Singapore,-111.14,IC
au,07/05/2022,1101 Savings (7311),Due from Singapore,-126.97,IC
au,07/05/2022,1101 Savings (7311),Operating Expenses:Bank Fees,-3.81,transfer
au,07/05/2022,1101 Savings (7311),Operating Expenses:Bank Fees,-3.33,transfer
au,06/05/2022,1101 Savings (7311),Due from Singapore,-2117.06,IC
au,06/05/2022,1101 Savings (7311),Operating Expenses:Bank Fees,-63.51,transfer
au,05/05/2022,1101 Savings (7311),Due from Singapore,-82.57,IC
au,05/05/2022,1101 Savings (7311),Due to Ventures,30350.0,IC
au,05/05/2022,1101 Savings (7311),Operating Expenses:Bank Fees,-2.48,transfer
au,04/05/2022,1101 Savings (7311),Due to Ventures,100000.0,IC
au,04/05/2022,1101 Savings (7311),Due from Singapore,-392.28,IC
au,04/05/2022,1101 Savings (7311),Due from Singapore,-20.49,IC
au,04/05/2022,1101 Savings (7311),Operating Expenses:Bank Fees,-11.77,transfer
au,04/05/2022,1101 Savings (7311),Operating Expenses:Bank Fees,-0.61,transfer
au,03/05/2022,1101 Savings (7311),Due from Singapore,-1.64,IC
au,03/05/2022,1101 Savings (7311),Operating Expenses:Bank Fees,-0.05,transfer
au,27/04/2022,1101 Savings (7311),Operating Expenses:Bank Fees,0.0,transfer
au,27/04/2022,1101 Savings (7311),Due from Singapore,0.0,IC
au,27/04/2022,1101 Savings (7311),Due from Singapore,-12.71,IC
au,27/04/2022,1101 Savings (7311),Operating Expenses:Bank Fees,-0.38,transfer
au,20/04/2022,1101 Savings (7311),Operating Expenses:Bank Fees,0.0,transfer
au,20/04/2022,1101 Savings (7311),Due from Singapore,0.0,IC
au,20/04/2022,1101 Savings (7311),Operating Expenses:Bank Fees,0.0,transfer
au,20/04/2022,1101 Savings (7311),Due from Singapore,-812.57,IC
au,20/04/2022,1101 Savings (7311),Operating Expenses:Bank Fees,-5.03,transfer
au,20/04/2022,1101 Savings (7311),Operating Expenses:Bank Fees,-24.38,transfer
au,14/04/2022,1101 Savings (7311),Operating Expenses:Bank Fees,0.0,transfer
au,14/04/2022,1101 Savings (7311),Due from Singapore,0.0,IC
au,14/04/2022,1101 Savings (7311),Due from Singapore,-187.08,IC
au,14/04/2022,1101 Savings (7311),Operating Expenses:Bank Fees,-5.61,transfer
au,12/04/2022,1101 Savings (7311),Operating Expenses:Bank Fees,-0.6,transfer
au,02/04/2022,1101 Savings (7311),Operating Expenses:Bank Fees,0.0,transfer
au,26/03/2022,1101 Savings (7311),Due from Singapore,0.0,IC
au,26/03/2022,1101 Savings (7311),Due from Singapore,0.0,IC
au,26/03/2022,1101 Savings (7311),Due from Singapore,-396.0,IC
au,26/03/2022,1101 Savings (7311),Due from Singapore,-12824.0,IC
au,25/03/2022,1101 Savings (7311),Due from Singapore,0.0,IC
au,25/03/2022,1101 Savings (7311),Operating Expenses:Bank Fees,0.0,transfer
au,25/03/2022,1101 Savings (7311),Due from Singapore,-12.48,IC
au,25/03/2022,1101 Savings (7311),Operating Expenses:Bank Fees,-0.37,transfer
au,23/03/2022,1101 Savings (7311),Operating Expenses:Bank Fees,0.0,transfer
au,23/03/2022,1101 Savings (7311),Operating Expenses:Bank Fees,-2.41,transfer
au,19/03/2022,1101 Savings (7311),Due from Singapore,0.0,IC
au,19/03/2022,1101 Savings (7311),Operating Expenses:Bank Fees,0.0,transfer
au,19/03/2022,1101 Savings (7311),Due from Singapore,-835.89,IC
au,19/03/2022,1101 Savings (7311),Operating Expenses:Bank Fees,-25.08,transfer
au,16/03/2022,1101 Savings (7311),Due from Singapore,0.0,IC
au,16/03/2022,1101 Savings (7311),Operating Expenses:Bank Fees,0.0,transfer
au,16/03/2022,1101 Savings (7311),Operating Expenses:Bank Fees,0.0,transfer
au,16/03/2022,1101 Savings (7311),Due from Singapore,-147.15,IC
au,16/03/2022,1101 Savings (7311),Operating Expenses:Bank Fees,-5.11,transfer
au,16/03/2022,1101 Savings (7311),Operating Expenses:Bank Fees,-4.41,transfer
au,15/03/2022,1101 Savings (7311),Due from Singapore,0.0,IC
au,15/03/2022,1101 Savings (7311),Operating Expenses:Bank Fees,0.0,transfer
au,15/03/2022,1101 Savings (7311),Due from Singapore,-188.15,IC
au,15/03/2022,1101 Savings (7311),Operating Expenses:Bank Fees,-5.64,transfer
au,12/03/2022,1101 Savings (7311),Operating Expenses:Bank Fees,-0.62,transfer
au,02/03/2022,1101 Savings (7311),Operating Expenses:Bank Fees,0.0,transfer
au,25/02/2022,1101 Savings (7311),Due from Singapore,0.0,IC
au,25/02/2022,1101 Savings (7311),Operating Expenses:Bank Fees,0.0,transfer
au,25/02/2022,1101 Savings (7311),Due from Singapore,-13.07,IC
au,25/02/2022,1101 Savings (7311),Operating Expenses:Bank Fees,-0.39,transfer
au,23/02/2022,1101 Savings (7311),Due from Singapore,0.0,IC
au,23/02/2022,1101 Savings (7311),Operating Expenses:Bank Fees,0.0,transfer
au,23/02/2022,1101 Savings (7311),Due from Singapore,-82.37,IC
au,23/02/2022,1101 Savings (7311),Operating Expenses:Bank Fees,-2.47,transfer
au,19/02/2022,1101 Savings (7311),Due from Singapore,0.0,IC
au,19/02/2022,1101 Savings (7311),Operating Expenses:Bank Fees,0.0,transfer
au,19/02/2022,1101 Savings (7311),Due from Singapore,-840.22,IC
au,19/02/2022,1101 Savings (7311),Operating Expenses:Bank Fees,-25.21,transfer
au,18/02/2022,1101 Savings (7311),Due from Singapore,0.0,IC
au,18/02/2022,1101 Savings (7311),Due from Singapore,-16.5,IC
au,17/02/2022,1101 Savings (7311),Operating Expenses:Bank Fees,0.0,transfer
au,17/02/2022,1101 Savings (7311),Operating Expenses:Bank Fees,0.0,transfer
au,17/02/2022,1101 Savings (7311),Operating Expenses:Bank Fees,0.0,transfer
au,17/02/2022,1101 Savings (7311),Operating Expenses:Bank Fees,-3.92,transfer
au,17/02/2022,1101 Savings (7311),Operating Expenses:Bank Fees,-0.22,transfer
au,17/02/2022,1101 Savings (7311),Operating Expenses:Bank Fees,-0.72,transfer
au,16/02/2022,1101 Savings (7311),Due from Singapore,0.0,IC
au,16/02/2022,1101 Savings (7311),Operating Expenses:Bank Fees,0.0,transfer
au,16/02/2022,1101 Savings (7311),Due from Singapore,-174.5,IC
au,16/02/2022,1101 Savings (7311),Operating Expenses:Bank Fees,-5.24,transfer
au,15/02/2022,1101 Savings (7311),Due from Singapore,0.0,IC
au,15/02/2022,1101 Savings (7311),Operating Expenses:Bank Fees,0.0,transfer
au,15/02/2022,1101 Savings (7311),Due from Singapore,-191.79,IC
au,15/02/2022,1101 Savings (7311),Operating Expenses:Bank Fees,-5.75,transfer
au,12/02/2022,1101 Savings (7311),Operating Expenses:Bank Fees,-0.63,transfer
au,04/02/2022,1101 Savings (7311),Operating Expenses:Bank Fees,-23.8,transfer
au,03/02/2022,1101 Savings (7311),Operating Expenses:Bank Fees,-46.43,transfer
au,25/01/2022,1101 Savings (7311),Due from Singapore,0.0,IC
au,25/01/2022,1101 Savings (7311),Due from Singapore,0.0,IC
au,25/01/2022,1101 Savings (7311),Due from Singapore,0.0,IC
au,25/01/2022,1101 Savings (7311),Operating Expenses:Bank Fees,0.0,transfer
au,25/01/2022,1101 Savings (7311),Operating Expenses:Bank Fees,0.0,transfer
au,25/01/2022,1101 Savings (7311),Operating Expenses:Bank Fees,0.0,transfer
au,25/01/2022,1101 Savings (7311),Due from Singapore,-1387.73,IC
au,25/01/2022,1101 Savings (7311),Due from Singapore,-13.13,IC
au,25/01/2022,1101 Savings (7311),Due from Singapore,-81.88,IC
au,25/01/2022,1101 Savings (7311),Operating Expenses:Bank Fees,-0.39,transfer
au,25/01/2022,1101 Savings (7311),Operating Expenses:Bank Fees,-41.63,transfer
au,25/01/2022,1101 Savings (7311),Operating Expenses:Bank Fees,-2.46,transfer
au,19/01/2022,1101 Savings (7311),Operating Expenses:Bank Fees,0.0,transfer
au,19/01/2022,1101 Savings (7311),Due from Singapore,0.0,IC
au,19/01/2022,1101 Savings (7311),Due from Singapore,-834.26,IC
au,19/01/2022,1101 Savings (7311),Operating Expenses:Bank Fees,-25.03,transfer
au,18/01/2022,1101 Savings (7311),Operating Expenses:Bank Fees,0.0,transfer
au,18/01/2022,1101 Savings (7311),Operating Expenses:Bank Fees,-5.12,transfer
au,14/01/2022,1101 Savings (7311),Due from Singapore,0.0,IC
au,14/01/2022,1101 Savings (7311),Operating Expenses:Bank Fees,0.0,transfer
au,14/01/2022,1101 Savings (7311),Due from Singapore,-218.06,IC
au,14/01/2022,1101 Savings (7311),Operating Expenses:Bank Fees,-6.54,transfer
au,12/01/2022,1101 Savings (7311),Due to Ventures,157000.0,IC
au,12/01/2022,1101 Savings (7311),Operating Expenses:Bank Fees,-0.63,transfer
au,07/01/2022,1101 Savings (7311),Due to Ventures,20000.0,IC
au,06/01/2022,1101 Savings (7311),Due to Ventures,57875.0,IC
au,21/12/2021,1101 Savings (7311),Operating Expenses:Bank Fees,0.0,transfer
au,21/12/2021,1101 Savings (7311),Due from Singapore,0.0,IC
au,21/12/2021,1101 Savings (7311),Due from Singapore,-839.98,IC
au,21/12/2021,1101 Savings (7311),Operating Expenses:Bank Fees,-25.2,transfer
au,16/12/2021,1101 Savings (7311),Operating Expenses:Bank Fees,0.0,transfer
au,16/12/2021,1101 Savings (7311),Operating Expenses:Bank Fees,-5.23,transfer
au,14/12/2021,1101 Savings (7311),Operating Expenses:Bank Fees,0.0,transfer
au,14/12/2021,1101 Savings (7311),Operating Expenses:Bank Fees,-5.8,transfer
au,19/11/2021,1101 Savings (7311),Operating Expenses:Bank Fees,0.0,transfer
au,19/11/2021,1101 Savings (7311),Due from Singapore,0.0,IC
au,19/11/2021,1101 Savings (7311),Due from Singapore,-822.93,IC
au,19/11/2021,1101 Savings (7311),Operating Expenses:Bank Fees,-24.69,transfer
au,16/11/2021,1101 Savings (7311),Due from Singapore,0.0,IC
au,16/11/2021,1101 Savings (7311),Due from Singapore,-187.46,IC
au,16/11/2021,1101 Savings (7311),Operating Expenses:Bank Fees,-5.62,transfer
au,16/11/2021,1101 Savings (7311),Operating Expenses:Bank Fees,-5.11,transfer
au,20/10/2021,1101 Savings (7311),Due from Singapore,0.0,IC
au,20/10/2021,1101 Savings (7311),Operating Expenses:Bank Fees,0.0,transfer
au,20/10/2021,1101 Savings (7311),Due from Singapore,-810.7,IC
au,20/10/2021,1101 Savings (7311),Operating Expenses:Bank Fees,-24.32,transfer
au,19/10/2021,1101 Savings (7311),Operating Expenses:Bank Fees,0.0,transfer
au,19/10/2021,1101 Savings (7311),Operating Expenses:Bank Fees,-2.47,transfer
au,16/10/2021,1101 Savings (7311),Operating Expenses:Bank Fees,0.0,transfer
au,16/10/2021,1101 Savings (7311),Operating Expenses:Bank Fees,-2.5,transfer
au,14/10/2021,1101 Savings (7311),Operating Expenses:Bank Fees,0.0,transfer
au,14/10/2021,1101 Savings (7311),Operating Expenses:Bank Fees,-5.67,transfer
au,07/10/2021,1101 Savings (7311),Due to Singapore Account,9.55,IC
au,07/10/2021,1101 Savings (7311),Due to Singapore Account,50305.17,IC
au,23/08/2021,1101 Savings (7311),Due to Ventures,10000.0,IC
au,30/03/2026,1102 Wise AU,Operating Expenses:Bank Fees,-0.21,transfer
au,30/03/2026,1102 Wise AU,Operating Expenses:Bank Fees,-0.1,transfer
au,30/03/2026,1102 Wise AU,Payroll clearing,-5871.67,transfer
au,29/03/2026,1102 Wise AU,Operating Expenses:Bank Fees,-0.09,transfer
au,28/03/2026,1102 Wise AU,Operating Expenses:Bank Fees,-0.04,transfer
au,28/03/2026,1102 Wise AU,Operating Expenses:Bank Fees,-0.09,transfer
au,28/03/2026,1102 Wise AU,Operating Expenses:Bank Fees,-0.01,transfer
au,27/03/2026,1102 Wise AU,1101 Savings (7311),30000.0,transfer
au,27/03/2026,1102 Wise AU,1101 Savings (7311),11000.0,transfer
au,27/03/2026,1102 Wise AU,1101 Savings (7311),50000.0,transfer
au,27/03/2026,1102 Wise AU,Operating Expenses:Bank Fees,-0.79,transfer
au,27/03/2026,1102 Wise AU,Operating Expenses:Bank Fees,-24.88,transfer
au,27/03/2026,1102 Wise AU,Operating Expenses:Bank Fees,-23.14,transfer
au,27/03/2026,1102 Wise AU,Operating Expenses:Bank Fees,-11.68,transfer
au,27/03/2026,1102 Wise AU,Operating Expenses:Bank Fees,-10.78,transfer
au,27/03/2026,1102 Wise AU,Operating Expenses:Bank Fees,-17.57,transfer
au,27/03/2026,1102 Wise AU,Operating Expenses:Bank Fees,-9.68,transfer
au,27/03/2026,1102 Wise AU,Operating Expenses:Bank Fees,-3.91,transfer
au,27/03/2026,1102 Wise AU,Operating Expenses:Bank Fees,-3.41,transfer
au,27/03/2026,1102 Wise AU,Operating Expenses:Bank Fees,-14.55,transfer
au,27/03/2026,1102 Wise AU,Operating Expenses:Bank Fees,-29.45,transfer
au,27/03/2026,1102 Wise AU,Operating Expenses:Bank Fees,-9.42,transfer
au,27/03/2026,1102 Wise AU,Operating Expenses:Bank Fees,-10.04,transfer
au,27/03/2026,1102 Wise AU,Operating Expenses:Bank Fees,-4.15,transfer
au,27/03/2026,1102 Wise AU,Operating Expenses:Bank Fees,-4.05,transfer
au,27/03/2026,1102 Wise AU,Operating Expenses:Bank Fees,-3.38,transfer
au,27/03/2026,1102 Wise AU,Operating Expenses:Bank Fees,-5.26,transfer
au,27/03/2026,1102 Wise AU,Operating Expenses:Bank Fees,-4.15,transfer
au,27/03/2026,1102 Wise AU,Operating Expenses:Bank Fees,-4.89,transfer
au,27/03/2026,1102 Wise AU,Operating Expenses:Bank Fees,-4.15,transfer
au,27/03/2026,1102 Wise AU,Operating Expenses:Bank Fees,-4.15,transfer
au,27/03/2026,1102 Wise AU,Operating Expenses:Bank Fees,-4.15,transfer
au,27/03/2026,1102 Wise AU,Operating Expenses:Bank Fees,-4.15,transfer
au,27/03/2026,1102 Wise AU,Operating Expenses:Bank Fees,-4.15,transfer
au,27/03/2026,1102 Wise AU,Operating Expenses:Bank Fees,-7.03,transfer
au,27/03/2026,1102 Wise AU,Operating Expenses:Bank Fees,-4.15,transfer
au,27/03/2026,1102 Wise AU,Operating Expenses:Bank Fees,-5.26,transfer
au,27/03/2026,1102 Wise AU,Operating Expenses:Bank Fees,-4.89,transfer
au,27/03/2026,1102 Wise AU,Operating Expenses:Bank Fees,-4.15,transfer
au,27/03/2026,1102 Wise AU,Operating Expenses:Bank Fees,-4.15,transfer
au,27/03/2026,1102 Wise AU,Operating Expenses:Bank Fees,-4.15,transfer
au,27/03/2026,1102 Wise AU,Operating Expenses:Bank Fees,-4.15,transfer
au,27/03/2026,1102 Wise AU,Operating Expenses:Bank Fees,-4.15,transfer
au,27/03/2026,1102 Wise AU,Operating Expenses:Bank Fees,-4.15,transfer
au,27/03/2026,1102 Wise AU,Operating Expenses:Bank Fees,-4.15,transfer
au,27/03/2026,1102 Wise AU,Operating Expenses:Bank Fees,-4.15,transfer
au,27/03/2026,1102 Wise AU,Operating Expenses:Bank Fees,-4.15,transfer
au,27/03/2026,1102 Wise AU,Operating Expenses:Bank Fees,-4.15,transfer
au,27/03/2026,1102 Wise AU,Operating Expenses:Bank Fees,-4.15,transfer
au,27/03/2026,1102 Wise AU,Operating Expenses:Bank Fees,-4.15,transfer
au,27/03/2026,1102 Wise AU,Operating Expenses:Bank Fees,-5.26,transfer
au,27/03/2026,1102 Wise AU,Operating Expenses:Bank Fees,-5.62,transfer
au,27/03/2026,1102 Wise AU,Operating Expenses:Bank Fees,-0.39,transfer
au,27/03/2026,1102 Wise AU,Due from Singapore,-864.74,IC
au,27/03/2026,1102 Wise AU,Due from Singapore,-766.57,IC
au,27/03/2026,1102 Wise AU,Due from Singapore,-648.35,IC
au,27/03/2026,1102 Wise AU,Due from Singapore,-792.61,IC
au,27/03/2026,1102 Wise AU,Due from Singapore,-5572.36,IC
au,27/03/2026,1102 Wise AU,Due from Singapore,-640.11,IC
au,27/03/2026,1102 Wise AU,Due from Singapore,-2144.19,IC
au,27/03/2026,1102 Wise AU,Due from Singapore,-5748.84,IC
au,27/03/2026,1102 Wise AU,Due from Singapore,-2209.74,IC
au,27/03/2026,1102 Wise AU,Payroll clearing,-5297.67,transfer
au,27/03/2026,1102 Wise AU,Due from Singapore,-1802.46,IC
au,27/03/2026,1102 Wise AU,Due from Singapore,-630.32,IC
au,27/03/2026,1102 Wise AU,Payroll clearing,-10505.86,transfer
au,27/03/2026,1102 Wise AU,Due from Singapore,-497.18,IC
au,27/03/2026,1102 Wise AU,Due from Singapore,-864.74,IC
au,27/03/2026,1102 Wise AU,Due from Singapore,-2486.38,IC
au,27/03/2026,1102 Wise AU,Due from Singapore,-2708.65,IC
au,27/03/2026,1102 Wise AU,Due from Singapore,-9536.49,IC
au,27/03/2026,1102 Wise AU,Due from Singapore,-1210.97,IC
au,27/03/2026,1102 Wise AU,Due from Singapore,-4181.33,IC
au,26/03/2026,1102 Wise AU,Operating Expenses:Bank Fees,-0.06,transfer
au,26/03/2026,1102 Wise AU,Operating Expenses:Bank Fees,-0.12,transfer
au,25/03/2026,1102 Wise AU,Operating Expenses:Bank Fees,-0.12,transfer
au,24/03/2026,1102 Wise AU,1101 Savings (7311),2000.0,transfer
au,24/03/2026,1102 Wise AU,Operating Expenses:Bank Fees,-0.12,transfer
au,24/03/2026,1102 Wise AU,Operating Expenses:Bank Fees,-0.12,transfer
au,24/03/2026,1102 Wise AU,Operating Expenses:Bank Fees,-0.11,transfer
au,23/03/2026,1102 Wise AU,1101 Savings (7311),15000.0,transfer
au,23/03/2026,1102 Wise AU,Operating Expenses:Bank Fees,-50.07,transfer
au,23/03/2026,1102 Wise AU,Operating Expenses:Bank Fees,-0.67,transfer
au,23/03/2026,1102 Wise AU,Operating Expenses:Bank Fees,-1.41,transfer
au,23/03/2026,1102 Wise AU,112233 WISE AU USD,-14307.12,transfer
au,22/03/2026,1102 Wise AU,Operating Expenses:Bank Fees,-0.11,transfer
au,21/03/2026,1102 Wise AU,Operating Expenses:Bank Fees,-0.11,transfer
au,20/03/2026,1102 Wise AU,1101 Savings (7311),5000.0,transfer
au,20/03/2026,1102 Wise AU,Operating Expenses:Bank Fees,-0.12,transfer
au,20/03/2026,1102 Wise AU,Operating Expenses:Bank Fees,-5.62,transfer
au,20/03/2026,1102 Wise AU,Operating Expenses:Bank Fees,-0.11,transfer
au,20/03/2026,1102 Wise AU,Operating Expenses:Bank Fees,-11.28,transfer
au,20/03/2026,1102 Wise AU,Due from Singapore,-3317.05,IC
au,20/03/2026,1102 Wise AU,Due from Singapore,-1653.62,IC
au,19/03/2026,1102 Wise AU,Operating Expenses:Bank Fees,-0.11,transfer
au,19/03/2026,1102 Wise AU,Operating Expenses:Bank Fees,-0.11,transfer
au,18/03/2026,1102 Wise AU,Operating Expenses:Bank Fees,-0.12,transfer
au,18/03/2026,1102 Wise AU,Operating Expenses:Bank Fees,-2.67,transfer
au,18/03/2026,1102 Wise AU,Operating Expenses:Bank Fees,-0.02,transfer
au,18/03/2026,1102 Wise AU,Operating Expenses:Bank Fees,-0.12,transfer
au,18/03/2026,1102 Wise AU,Operating Expenses:Bank Fees,-0.11,transfer
au,17/03/2026,1102 Wise AU,Operating Expenses:Bank Fees,-0.12,transfer
au,17/03/2026,1102 Wise AU,Operating Expenses:Bank Fees,-0.11,transfer
au,17/03/2026,1102 Wise AU,Operating Expenses:Bank Fees,-0.11,transfer
au,17/03/2026,1102 Wise AU,Operating Expenses:Bank Fees,-0.11,transfer
au,17/03/2026,1102 Wise AU,Operating Expenses:Bank Fees,-0.11,transfer
au,16/03/2026,1102 Wise AU,1101 Savings (7311),12000.0,transfer
au,16/03/2026,1102 Wise AU,Operating Expenses:Bank Fees,-0.11,transfer
au,16/03/2026,1102 Wise AU,Operating Expenses:Bank Fees,-5.61,transfer
au,16/03/2026,1102 Wise AU,Operating Expenses:Bank Fees,-4.75,transfer
au,16/03/2026,1102 Wise AU,Operating Expenses:Bank Fees,-4.75,transfer
au,16/03/2026,1102 Wise AU,Operating Expenses:Bank Fees,-4.75,transfer
au,16/03/2026,1102 Wise AU,Operating Expenses:Bank Fees,-4.75,transfer
au,16/03/2026,1102 Wise AU,Operating Expenses:Bank Fees,-4.75,transfer
au,16/03/2026,1102 Wise AU,Operating Expenses:Bank Fees,-4.75,transfer
au,16/03/2026,1102 Wise AU,Operating Expenses:Bank Fees,-4.75,transfer
au,16/03/2026,1102 Wise AU,Operating Expenses:Bank Fees,-4.75,transfer
au,16/03/2026,1102 Wise AU,Operating Expenses:Bank Fees,-4.75,transfer
au,16/03/2026,1102 Wise AU,Operating Expenses:Bank Fees,-4.75,transfer
au,16/03/2026,1102 Wise AU,Operating Expenses:Bank Fees,-3.18,transfer
au,16/03/2026,1102 Wise AU,Operating Expenses:Bank Fees,-5.36,transfer
au,16/03/2026,1102 Wise AU,Operating Expenses:Bank Fees,-0.11,transfer
au,16/03/2026,1102 Wise AU,Due from Singapore,-638.75,IC
au,16/03/2026,1102 Wise AU,Due from Singapore,-638.75,IC
au,16/03/2026,1102 Wise AU,Due from Singapore,-780.89,IC
au,16/03/2026,1102 Wise AU,Due from Singapore,-382.92,IC
au,16/03/2026,1102 Wise AU,Due from Singapore,-738.24,IC
au,16/03/2026,1102 Wise AU,Operating Expenses:Bank Fees,-4.75,transfer
au,16/03/2026,1102 Wise AU,Operating Expenses:Bank Fees,-4.75,transfer
au,15/03/2026,1102 Wise AU,Operating Expenses:Bank Fees,-0.25,transfer
au,15/03/2026,1102 Wise AU,Operating Expenses:Bank Fees,-0.12,transfer
au,15/03/2026,1102 Wise AU,Operating Expenses:Bank Fees,-0.12,transfer
au,14/03/2026,1102 Wise AU,Operating Expenses:Bank Fees,-0.1,transfer
au,14/03/2026,1102 Wise AU,Operating Expenses:Bank Fees,-0.13,transfer
au,14/03/2026,1102 Wise AU,Operating Expenses:Bank Fees,-0.12,transfer
au,14/03/2026,1102 Wise AU,Operating Expenses:Bank Fees,-0.12,transfer
au,14/03/2026,1102 Wise AU,Operating Expenses:Bank Fees,-0.12,transfer
au,14/03/2026,1102 Wise AU,Operating Expenses:Bank Fees,-0.12,transfer
au,14/03/2026,1102 Wise AU,Operating Expenses:Bank Fees,-0.2,transfer
au,14/03/2026,1102 Wise AU,Operating Expenses:Bank Fees,-0.12,transfer
au,13/03/2026,1102 Wise AU,Operating Expenses:Bank Fees,-0.12,transfer
au,13/03/2026,1102 Wise AU,Operating Expenses:Bank Fees,-0.11,transfer
au,13/03/2026,1102 Wise AU,Operating Expenses:Bank Fees,-0.11,transfer
au,13/03/2026,1102 Wise AU,Operating Expenses:Bank Fees,-1.19,transfer
au,12/03/2026,1102 Wise AU,Operating Expenses:Bank Fees,-0.12,transfer
au,12/03/2026,1102 Wise AU,Operating Expenses:Bank Fees,-1.41,transfer
au,12/03/2026,1102 Wise AU,Operating Expenses:Bank Fees,-0.12,transfer
au,12/03/2026,1102 Wise AU,Operating Expenses:Bank Fees,-0.11,transfer
au,11/03/2026,1102 Wise AU,Operating Expenses:Bank Fees,-0.28,transfer
au,11/03/2026,1102 Wise AU,Operating Expenses:Bank Fees,-0.11,transfer
au,11/03/2026,1102 Wise AU,Operating Expenses:Bank Fees,-0.11,transfer
au,10/03/2026,1102 Wise AU,Operating Expenses:Bank Fees,-0.12,transfer
au,10/03/2026,1102 Wise AU,Operating Expenses:Bank Fees,-0.11,transfer
au,10/03/2026,1102 Wise AU,Operating Expenses:Bank Fees,-0.11,transfer
au,09/03/2026,1102 Wise AU,1101 Savings (7311),2500.0,transfer
au,09/03/2026,1102 Wise AU,Operating Expenses:Bank Fees,-15.24,transfer
au,09/03/2026,1102 Wise AU,Operating Expenses:Bank Fees,-0.12,transfer
au,09/03/2026,1102 Wise AU,Operating Expenses:Bank Fees,-0.11,transfer
au,09/03/2026,1102 Wise AU,Due from Singapore,-4484.76,IC
au,08/03/2026,1102 Wise AU,Operating Expenses:Bank Fees,-0.11,transfer
au,07/03/2026,1102 Wise AU,1101 Savings (7311),5000.0,transfer
au,07/03/2026,1102 Wise AU,Operating Expenses:Bank Fees,-0.12,transfer
au,07/03/2026,1102 Wise AU,Operating Expenses:Bank Fees,-0.16,transfer
au,07/03/2026,1102 Wise AU,Operating Expenses:Bank Fees,-0.11,transfer
au,07/03/2026,1102 Wise AU,Operating Expenses:Bank Fees,-1.31,transfer
au,06/03/2026,1102 Wise AU,1101 Savings (7311),15000.0,transfer
au,06/03/2026,1102 Wise AU,1101 Savings (7311),4000.0,transfer
au,06/03/2026,1102 Wise AU,Operating Expenses:Bank Fees,-0.11,transfer
au,06/03/2026,1102 Wise AU,Operating Expenses:Bank Fees,-0.12,transfer
au,06/03/2026,1102 Wise AU,Operating Expenses:Bank Fees,-6.0,transfer
au,05/03/2026,1102 Wise AU,Operating Expenses:Bank Fees,-0.11,transfer
au,05/03/2026,1102 Wise AU,Operating Expenses:Bank Fees,-0.11,transfer
au,05/03/2026,1102 Wise AU,Operating Expenses:Bank Fees,-1.19,transfer
au,04/03/2026,1102 Wise AU,1101 Savings (7311),37741.0,transfer
au,04/03/2026,1102 Wise AU,Operating Expenses:Bank Fees,-0.11,transfer
au,04/03/2026,1102 Wise AU,Operating Expenses:Bank Fees,-0.11,transfer
au,04/03/2026,1102 Wise AU,Operating Expenses:Bank Fees,-0.12,transfer
au,04/03/2026,1102 Wise AU,Operating Expenses:Bank Fees,-0.11,transfer
au,03/03/2026,1102 Wise AU,Operating Expenses:Bank Fees,-0.12,transfer
au,03/03/2026,1102 Wise AU,Operating Expenses:Bank Fees,-4.4,transfer
au,03/03/2026,1102 Wise AU,Operating Expenses:Bank Fees,-0.11,transfer
au,03/03/2026,1102 Wise AU,Operating Expenses:Bank Fees,-0.12,transfer
au,03/03/2026,1102 Wise AU,Operating Expenses:Bank Fees,-0.11,transfer
au,03/03/2026,1102 Wise AU,Operating Expenses:Bank Fees,-1.11,transfer
au,02/03/2026,1102 Wise AU,Operating Expenses:Bank Fees,-0.11,transfer
au,02/03/2026,1102 Wise AU,Operating Expenses:Bank Fees,-0.08,transfer
au,01/03/2026,1102 Wise AU,Operating Expenses:Bank Fees,-1.16,transfer
au,01/03/2026,1102 Wise AU,Operating Expenses:Bank Fees,-0.11,transfer
au,01/03/2026,1102 Wise AU,Operating Expenses:Bank Fees,-0.01,transfer
au,01/03/2026,1102 Wise AU,Operating Expenses:Bank Fees,-0.11,transfer
au,01/03/2026,1102 Wise AU,Operating Expenses:Bank Fees,-0.05,transfer
au,01/03/2026,1102 Wise AU,Operating Expenses:Bank Fees,-0.05,transfer
au,01/03/2026,1102 Wise AU,Operating Expenses:Bank Fees,-2.98,transfer
au,01/03/2026,1102 Wise AU,Due from Singapore,-290.37,IC
au,28/02/2026,1102 Wise AU,Operating Expenses:Bank Fees,-0.09,transfer
au,28/02/2026,1102 Wise AU,Operating Expenses:Bank Fees,-0.08,transfer
au,28/02/2026,1102 Wise AU,Operating Expenses:Bank Fees,-0.1,transfer
au,27/02/2026,1102 Wise AU,1101 Savings (7311),50000.0,transfer
au,27/02/2026,1102 Wise AU,1101 Savings (7311),20000.0,transfer
au,27/02/2026,1102 Wise AU,Operating Expenses:Bank Fees,-0.09,transfer
au,27/02/2026,1102 Wise AU,Operating Expenses:Bank Fees,-9.8,transfer
au,27/02/2026,1102 Wise AU,Operating Expenses:Bank Fees,-4.07,transfer
au,27/02/2026,1102 Wise AU,Operating Expenses:Bank Fees,-3.99,transfer
au,27/02/2026,1102 Wise AU,Operating Expenses:Bank Fees,-4.07,transfer
au,27/02/2026,1102 Wise AU,Operating Expenses:Bank Fees,-5.15,transfer
au,27/02/2026,1102 Wise AU,Operating Expenses:Bank Fees,-4.07,transfer
au,27/02/2026,1102 Wise AU,Operating Expenses:Bank Fees,-3.5,transfer
au,27/02/2026,1102 Wise AU,Operating Expenses:Bank Fees,-4.07,transfer
au,27/02/2026,1102 Wise AU,Operating Expenses:Bank Fees,-6.22,transfer
au,27/02/2026,1102 Wise AU,Operating Expenses:Bank Fees,-4.07,transfer
au,27/02/2026,1102 Wise AU,Operating Expenses:Bank Fees,-4.07,transfer
au,27/02/2026,1102 Wise AU,Operating Expenses:Bank Fees,-4.07,transfer
au,27/02/2026,1102 Wise AU,Operating Expenses:Bank Fees,-4.07,transfer
au,27/02/2026,1102 Wise AU,Operating Expenses:Bank Fees,-6.86,transfer
au,27/02/2026,1102 Wise AU,Operating Expenses:Bank Fees,-4.07,transfer
au,27/02/2026,1102 Wise AU,Operating Expenses:Bank Fees,-4.4,transfer
au,27/02/2026,1102 Wise AU,Operating Expenses:Bank Fees,-5.15,transfer
au,27/02/2026,1102 Wise AU,Operating Expenses:Bank Fees,-4.07,transfer
au,27/02/2026,1102 Wise AU,Operating Expenses:Bank Fees,-4.79,transfer
au,27/02/2026,1102 Wise AU,Operating Expenses:Bank Fees,-4.07,transfer
au,27/02/2026,1102 Wise AU,Operating Expenses:Bank Fees,-3.0,transfer
au,27/02/2026,1102 Wise AU,Operating Expenses:Bank Fees,-4.07,transfer
au,27/02/2026,1102 Wise AU,Operating Expenses:Bank Fees,-4.07,transfer
au,27/02/2026,1102 Wise AU,Operating Expenses:Bank Fees,-4.07,transfer
au,27/02/2026,1102 Wise AU,Operating Expenses:Bank Fees,-4.07,transfer
au,27/02/2026,1102 Wise AU,Operating Expenses:Bank Fees,-4.07,transfer
au,27/02/2026,1102 Wise AU,Operating Expenses:Bank Fees,-4.07,transfer
au,27/02/2026,1102 Wise AU,Operating Expenses:Bank Fees,-4.07,transfer
au,27/02/2026,1102 Wise AU,Operating Expenses:Bank Fees,-4.07,transfer
au,27/02/2026,1102 Wise AU,Operating Expenses:Bank Fees,-4.07,transfer
au,27/02/2026,1102 Wise AU,Operating Expenses:Bank Fees,-4.07,transfer
au,27/02/2026,1102 Wise AU,Operating Expenses:Bank Fees,-4.07,transfer
au,27/02/2026,1102 Wise AU,Operating Expenses:Bank Fees,-4.07,transfer
au,27/02/2026,1102 Wise AU,Operating Expenses:Bank Fees,-4.07,transfer
au,27/02/2026,1102 Wise AU,Operating Expenses:Bank Fees,-5.15,transfer
au,27/02/2026,1102 Wise AU,Operating Expenses:Bank Fees,-14.62,transfer
au,27/02/2026,1102 Wise AU,Operating Expenses:Bank Fees,-1.92,transfer
au,27/02/2026,1102 Wise AU,Operating Expenses:Bank Fees,-32.14,transfer
au,27/02/2026,1102 Wise AU,Operating Expenses:Bank Fees,-16.7,transfer
au,27/02/2026,1102 Wise AU,Operating Expenses:Bank Fees,-16.28,transfer
au,27/02/2026,1102 Wise AU,Operating Expenses:Bank Fees,-9.07,transfer
au,27/02/2026,1102 Wise AU,Operating Expenses:Bank Fees,-3.66,transfer
au,27/02/2026,1102 Wise AU,Operating Expenses:Bank Fees,-3.42,transfer
au,27/02/2026,1102 Wise AU,Operating Expenses:Bank Fees,-0.08,transfer
au,27/02/2026,1102 Wise AU,Operating Expenses:Bank Fees,-0.09,transfer
au,27/02/2026,1102 Wise AU,Due from Singapore,-840.85,IC
au,27/02/2026,1102 Wise AU,Due from Singapore,-704.95,IC
au,27/02/2026,1102 Wise AU,Due from Singapore,-630.43,IC
au,27/02/2026,1102 Wise AU,Due from Singapore,-518.2,IC
au,27/02/2026,1102 Wise AU,Due from Singapore,-645.19,IC
au,27/02/2026,1102 Wise AU,Due from Singapore,-770.71,IC
au,27/02/2026,1102 Wise AU,Payroll clearing,-3356.72,transfer
au,27/02/2026,1102 Wise AU,Due from Singapore,-1051.28,IC
au,27/02/2026,1102 Wise AU,Due from Singapore,-7016.56,IC
au,27/02/2026,1102 Wise AU,Due from Singapore,-2058.15,IC
au,27/02/2026,1102 Wise AU,Payroll clearing,-5297.67,transfer
au,27/02/2026,1102 Wise AU,Due from Singapore,-840.85,IC
au,27/02/2026,1102 Wise AU,Due from Singapore,-1752.7,IC
au,27/02/2026,1102 Wise AU,Due from Singapore,-612.88,IC
au,27/02/2026,1102 Wise AU,Payroll clearing,-8692.17,transfer
au,27/02/2026,1102 Wise AU,Due from Singapore,-420.0,IC
au,27/02/2026,1102 Wise AU,Payroll clearing,-3495.98,transfer
au,27/02/2026,1102 Wise AU,Due from Singapore,-1177.54,IC
au,27/02/2026,1102 Wise AU,Due from Singapore,-3858.78,IC
au,27/02/2026,1102 Wise AU,Due from Singapore,-693.55,IC
au,27/02/2026,1102 Wise AU,Due from Singapore,-841.93,IC
au,27/02/2026,1102 Wise AU,Due from Singapore,-630.43,IC
au,27/02/2026,1102 Wise AU,Due from Singapore,-209.58,IC
au,26/02/2026,1102 Wise AU,Operating Expenses:Bank Fees,-0.07,transfer
au,26/02/2026,1102 Wise AU,Operating Expenses:Bank Fees,-0.09,transfer
au,26/02/2026,1102 Wise AU,Operating Expenses:Bank Fees,-0.09,transfer
au,26/02/2026,1102 Wise AU,Operating Expenses:Bank Fees,-0.09,transfer
au,26/02/2026,1102 Wise AU,Operating Expenses:Bank Fees,-0.08,transfer
au,26/02/2026,1102 Wise AU,Operating Expenses:Bank Fees,-0.14,transfer
au,26/02/2026,1102 Wise AU,Operating Expenses:Bank Fees,-0.08,transfer
au,26/02/2026,1102 Wise AU,Operating Expenses:Bank Fees,-0.09,transfer
au,20/02/2026,1102 Wise AU,1101 Savings (7311),30000.0,transfer
au,20/02/2026,1102 Wise AU,Operating Expenses:Bank Fees,-0.14,transfer
au,20/02/2026,1102 Wise AU,Operating Expenses:Bank Fees,-0.14,transfer
au,20/02/2026,1102 Wise AU,Operating Expenses:Bank Fees,-41.6,transfer
au,20/02/2026,1102 Wise AU,Operating Expenses:Bank Fees,-37.41,transfer
au,20/02/2026,1102 Wise AU,112233 WISE AU USD,-14962.59,transfer
au,20/02/2026,1102 Wise AU,Due from Singapore,-14958.4,IC
au,19/02/2026,1102 Wise AU,1101 Savings (7311),22000.0,transfer
au,19/02/2026,1102 Wise AU,Operating Expenses:Bank Fees,-0.14,transfer
au,19/02/2026,1102 Wise AU,Operating Expenses:Bank Fees,-0.14,transfer
au,16/02/2026,1102 Wise AU,Operating Expenses:Bank Fees,-4.69,transfer
au,16/02/2026,1102 Wise AU,Due from Singapore,-629.81,IC
au,15/02/2026,1102 Wise AU,Operating Expenses:Bank Fees,-0.24,transfer
au,14/02/2026,1102 Wise AU,Operating Expenses:Bank Fees,-1.03,transfer
au,13/02/2026,1102 Wise AU,1101 Savings (7311),11000.0,transfer
au,13/02/2026,1102 Wise AU,Operating Expenses:Bank Fees,-1.39,transfer
au,11/02/2026,1102 Wise AU,Operating Expenses:Bank Fees,-23.72,transfer
au,11/02/2026,1102 Wise AU,1101 Savings (7311),7000.0,transfer
au,10/02/2026,1102 Wise AU,Operating Expenses:Bank Fees,-0.11,transfer
au,10/02/2026,1102 Wise AU,Operating Expenses:Bank Fees,-56.2,transfer
au,10/02/2026,1102 Wise AU,Operating Expenses:Bank Fees,-31.21,transfer
au,10/02/2026,1102 Wise AU,Operating Expenses:Bank Fees,-3.77,transfer
au,10/02/2026,1102 Wise AU,Operating Expenses:Bank Fees,-0.99,transfer
au,10/02/2026,1102 Wise AU,1101 Savings (7311),10000.0,transfer
au,10/02/2026,1102 Wise AU,Due from Singapore,-6976.28,IC
au,09/02/2026,1102 Wise AU,1101 Savings (7311),7000.0,transfer
au,06/02/2026,1102 Wise AU,Operating Expenses:Bank Fees,-40.66,transfer
au,06/02/2026,1102 Wise AU,1101 Savings (7311),10000.0,transfer
au,06/02/2026,1102 Wise AU,Due from Singapore,-11959.34,IC
au,05/02/2026,1102 Wise AU,Operating Expenses:Bank Fees,-1.78,transfer
au,05/02/2026,1102 Wise AU,Operating Expenses:Bank Fees,-10.05,transfer
au,05/02/2026,1102 Wise AU,1101 Savings (7311),5000.0,transfer
au,05/02/2026,1102 Wise AU,Operating Expenses:Bank Fees,-3.06,transfer
au,04/02/2026,1102 Wise AU,1101 Savings (7311),10000.0,transfer
au,03/02/2026,1102 Wise AU,Operating Expenses:Bank Fees,-2.29,transfer
au,03/02/2026,1102 Wise AU,Due from Singapore,-168.34,IC
au,03/02/2026,1102 Wise AU,Payroll clearing,-1268.87,transfer
au,02/02/2026,1102 Wise AU,Operating Expenses:Bank Fees,-0.91,transfer
au,02/02/2026,1102 Wise AU,1101 Savings (7311),32000.0,transfer
au,30/01/2026,1102 Wise AU,Operating Expenses:Bank Fees,4.58,transfer
au,30/01/2026,1102 Wise AU,Operating Expenses:Bank Fees,-4.58,transfer
au,30/01/2026,1102 Wise AU,Operating Expenses:Bank Fees,-5.06,transfer
au,30/01/2026,1102 Wise AU,Operating Expenses:Bank Fees,-5.15,transfer
au,30/01/2026,1102 Wise AU,1101 Savings (7311),8000.0,transfer
au,29/01/2026,1102 Wise AU,Operating Expenses:Bank Fees,-0.01,transfer
au,29/01/2026,1102 Wise AU,Operating Expenses:Bank Fees,-0.05,transfer
au,28/01/2026,1102 Wise AU,Operating Expenses:Bank Fees,-22.67,transfer
au,28/01/2026,1102 Wise AU,Due from Singapore,-8727.68,IC
au,28/01/2026,1102 Wise AU,Operating Expenses:Bank Fees,-21.48,transfer
au,28/01/2026,1102 Wise AU,Due from Singapore,-5158.05,IC
au,28/01/2026,1102 Wise AU,Operating Expenses:Bank Fees,-11.89,transfer
au,28/01/2026,1102 Wise AU,Due from Singapore,-2758.98,IC
au,28/01/2026,1102 Wise AU,Operating Expenses:Bank Fees,-9.62,transfer
au,28/01/2026,1102 Wise AU,Due from Singapore,-2189.96,IC
au,28/01/2026,1102 Wise AU,Operating Expenses:Bank Fees,-10.03,transfer
au,28/01/2026,1102 Wise AU,Due from Singapore,-2294.96,IC
au,28/01/2026,1102 Wise AU,Operating Expenses:Bank Fees,-16.5,transfer
au,28/01/2026,1102 Wise AU,Due from Singapore,-3911.29,IC
au,28/01/2026,1102 Wise AU,Operating Expenses:Bank Fees,-11.27,transfer
au,28/01/2026,1102 Wise AU,Due from Singapore,-2300.44,IC
au,28/01/2026,1102 Wise AU,Operating Expenses:Bank Fees,-9.19,transfer
au,28/01/2026,1102 Wise AU,Due from Singapore,-2084.67,IC
au,28/01/2026,1102 Wise AU,Operating Expenses:Bank Fees,-14.96,transfer
au,28/01/2026,1102 Wise AU,Operating Expenses:Bank Fees,-2.86,transfer
au,28/01/2026,1102 Wise AU,Due from Singapore,-468.54,IC
au,28/01/2026,1102 Wise AU,Operating Expenses:Bank Fees,-32.79,transfer
au,28/01/2026,1102 Wise AU,Due from Singapore,-7155.64,IC
au,28/01/2026,1102 Wise AU,Operating Expenses:Bank Fees,-3.47,transfer
au,28/01/2026,1102 Wise AU,Due from Singapore,-654.01,IC
au,28/01/2026,1102 Wise AU,Operating Expenses:Bank Fees,-17.04,transfer
au,28/01/2026,1102 Wise AU,Operating Expenses:Bank Fees,-0.02,transfer
au,28/01/2026,1102 Wise AU,Due from Singapore,-858.12,IC
au,28/01/2026,1102 Wise AU,1101 Savings (7311),50000.0,transfer
au,28/01/2026,1102 Wise AU,1101 Savings (7311),20233.0,transfer
au,27/01/2026,1102 Wise AU,Operating Expenses:Bank Fees,-0.02,transfer
au,27/01/2026,1102 Wise AU,Operating Expenses:Bank Fees,-9.99,transfer
au,27/01/2026,1102 Wise AU,Due from Singapore,-1790.01,IC
au,27/01/2026,1102 Wise AU,Operating Expenses:Bank Fees,-4.14,transfer
au,27/01/2026,1102 Wise AU,Due from Singapore,-643.86,IC
au,27/01/2026,1102 Wise AU,Operating Expenses:Bank Fees,-4.04,transfer
au,27/01/2026,1102 Wise AU,Due from Singapore,-625.96,IC
au,27/01/2026,1102 Wise AU,Operating Expenses:Bank Fees,-5.24,transfer
au,27/01/2026,1102 Wise AU,Due from Singapore,-858.76,IC
au,27/01/2026,1102 Wise AU,Operating Expenses:Bank Fees,-3.56,transfer
au,27/01/2026,1102 Wise AU,Due from Singapore,-529.24,IC
au,27/01/2026,1102 Wise AU,Operating Expenses:Bank Fees,-4.15,transfer
au,27/01/2026,1102 Wise AU,Due from Singapore,-643.85,IC
au,27/01/2026,1102 Wise AU,Operating Expenses:Bank Fees,-6.33,transfer
au,27/01/2026,1102 Wise AU,Due from Singapore,-1073.67,IC
au,27/01/2026,1102 Wise AU,Operating Expenses:Bank Fees,-6.99,transfer
au,27/01/2026,1102 Wise AU,Due from Singapore,-1202.61,IC
au,27/01/2026,1102 Wise AU,Operating Expenses:Bank Fees,-4.48,transfer
au,27/01/2026,1102 Wise AU,Due from Singapore,-708.32,IC
au,27/01/2026,1102 Wise AU,Operating Expenses:Bank Fees,-4.87,transfer
au,27/01/2026,1102 Wise AU,Due from Singapore,-787.13,IC
au,27/01/2026,1102 Wise AU,Operating Expenses:Bank Fees,-3.04,transfer
au,27/01/2026,1102 Wise AU,Due from Singapore,-428.96,IC
au,27/01/2026,1102 Wise AU,Due from Singapore,-858.76,IC
au,27/01/2026,1102 Wise AU,Operating Expenses:Bank Fees,-8.53,transfer
au,27/01/2026,1102 Wise AU,Due from Singapore,-2827.06,IC
au,27/01/2026,1102 Wise AU,Operating Expenses:Bank Fees,-7.2,transfer
au,27/01/2026,1102 Wise AU,Due from Singapore,-2279.15,IC
au,27/01/2026,1102 Wise AU,Operating Expenses:Bank Fees,-3.38,transfer
au,27/01/2026,1102 Wise AU,Due from Singapore,-629.63,IC
au,27/01/2026,1102 Wise AU,Operating Expenses:Bank Fees,-3.74,transfer
au,27/01/2026,1102 Wise AU,Due from Singapore,-719.29,IC
au,27/01/2026,1102 Wise AU,Operating Expenses:Bank Fees,-4.22,transfer
au,27/01/2026,1102 Wise AU,Due from Singapore,-838.76,IC
au,27/01/2026,1102 Wise AU,Operating Expenses:Bank Fees,-0.58,transfer
au,27/01/2026,1102 Wise AU,1101 Savings (7311),50000.0,transfer
au,26/01/2026,1102 Wise AU,Operating Expenses:Bank Fees,-0.01,transfer
au,26/01/2026,1102 Wise AU,Operating Expenses:Bank Fees,-0.18,transfer
au,25/01/2026,1102 Wise AU,Operating Expenses:Bank Fees,-0.01,transfer
au,25/01/2026,1102 Wise AU,Operating Expenses:Bank Fees,-2.39,transfer
au,25/01/2026,1102 Wise AU,Due from Singapore,-997.61,IC
au,25/01/2026,1102 Wise AU,Operating Expenses:Bank Fees,-0.44,transfer
au,24/01/2026,1102 Wise AU,Operating Expenses:Bank Fees,-0.01,transfer
au,23/01/2026,1102 Wise AU,Operating Expenses:Bank Fees,-0.01,transfer
au,23/01/2026,1102 Wise AU,1101 Savings (7311),37000.0,transfer
au,23/01/2026,1102 Wise AU,1101 Savings (7311),5000.0,transfer
au,22/01/2026,1102 Wise AU,Due from Singapore,-5891.88,IC
au,22/01/2026,1102 Wise AU,Operating Expenses:Bank Fees,-0.11,transfer
au,22/01/2026,1102 Wise AU,Operating Expenses:Bank Fees,-0.06,transfer
au,22/01/2026,1102 Wise AU,Operating Expenses:Bank Fees,-0.08,transfer
au,22/01/2026,1102 Wise AU,Operating Expenses:Bank Fees,-0.51,transfer
au,22/01/2026,1102 Wise AU,Operating Expenses:Bank Fees,-0.08,transfer
au,22/01/2026,1102 Wise AU,Operating Expenses:Bank Fees,-16.4,transfer
au,21/01/2026,1102 Wise AU,1101 Savings (7311),7000.0,transfer
au,20/01/2026,1102 Wise AU,Operating Expenses:Bank Fees,-49.83,transfer
au,20/01/2026,1102 Wise AU,1101 Savings (7311),33000.0,transfer
au,18/01/2026,1102 Wise AU,Operating Expenses:Bank Fees,-0.04,transfer
au,16/01/2026,1102 Wise AU,Operating Expenses:Bank Fees,-71.82,transfer
au,16/01/2026,1102 Wise AU,Due from Singapore,-29928.18,IC
au,16/01/2026,1102 Wise AU,1101 Savings (7311),30000.0,transfer
au,16/01/2026,1102 Wise AU,1101 Savings (7311),25000.0,transfer
au,15/01/2026,1102 Wise AU,Operating Expenses:Bank Fees,-90.68,transfer
au,15/01/2026,1102 Wise AU,112233 WISE AU USD,-25909.32,transfer
au,15/01/2026,1102 Wise AU,Operating Expenses:Bank Fees,-4.31,transfer
au,15/01/2026,1102 Wise AU,Due from Singapore,-670.69,IC
au,15/01/2026,1102 Wise AU,1101 Savings (7311),40000.0,transfer
au,14/01/2026,1102 Wise AU,Operating Expenses:Bank Fees,-0.2,transfer
au,13/01/2026,1102 Wise AU,Operating Expenses:Bank Fees,-1.25,transfer
au,13/01/2026,1102 Wise AU,Operating Expenses:Bank Fees,-0.12,transfer
au,12/01/2026,1102 Wise AU,1101 Savings (7311),20000.0,transfer
au,10/01/2026,1102 Wise AU,Operating Expenses:Bank Fees,-0.02,transfer
au,10/01/2026,1102 Wise AU,Operating Expenses:Bank Fees,-0.12,transfer
au,09/01/2026,1102 Wise AU,Operating Expenses:Bank Fees,-0.1,transfer
au,09/01/2026,1102 Wise AU,Operating Expenses:Bank Fees,-0.52,transfer
au,08/01/2026,1102 Wise AU,1101 Savings (7311),30000.0,transfer
au,07/01/2026,1102 Wise AU,Operating Expenses:Bank Fees,-0.52,transfer
au,02/01/2026,1102 Wise AU,Operating Expenses:Bank Fees,-0.54,transfer
au,02/01/2026,1102 Wise AU,1101 Savings (7311),5000.0,transfer
au,31/12/2025,1102 Wise AU,Operating Expenses:Bank Fees,-656.82,transfer
au,31/12/2025,1102 Wise AU,1101 Savings (7311),2000.0,transfer
au,27/12/2025,1102 Wise AU,1101 Savings (7311),50000.0,transfer
au,24/12/2025,1102 Wise AU,Due from Singapore,-6886.05,IC
au,24/12/2025,1102 Wise AU,Due from Singapore,-28507.56,IC
au,24/12/2025,1102 Wise AU,1101 Savings (7311),40000.0,transfer
au,23/12/2025,1102 Wise AU,1101 Savings (7311),50000.0,transfer
au,19/12/2025,1102 Wise AU,1101 Savings (7311),16000.0,transfer
au,17/12/2025,1102 Wise AU,1101 Savings (7311),10000.0,transfer
au,12/12/2025,1102 Wise AU,1101 Savings (7311),5000.0,transfer
au,10/12/2025,1102 Wise AU,1101 Savings (7311),5000.0,transfer
au,05/12/2025,1102 Wise AU,1101 Savings (7311),19000.0,transfer
au,05/12/2025,1102 Wise AU,1101 Savings (7311),1000.0,transfer
au,02/12/2025,1102 Wise AU,1101 Savings (7311),2000.0,transfer
au,01/12/2025,1102 Wise AU,1101 Savings (7311),13000.0,transfer
au,01/12/2025,1102 Wise AU,1101 Savings (7311),4500.0,transfer
au,01/12/2025,1102 Wise AU,1101 Savings (7311),4000.0,transfer
au,27/11/2025,1102 Wise AU,1101 Savings (7311),30000.0,transfer
au,27/11/2025,1102 Wise AU,1101 Savings (7311),50000.0,transfer
au,26/11/2025,1102 Wise AU,1101 Savings (7311),18000.0,transfer
au,24/11/2025,1102 Wise AU,1101 Savings (7311),6000.0,transfer
au,21/11/2025,1102 Wise AU,1101 Savings (7311),20000.0,transfer
au,21/11/2025,1102 Wise AU,Due from Singapore,-13180.34,IC
au,20/11/2025,1102 Wise AU,1101 Savings (7311),10000.0,transfer
au,17/11/2025,1102 Wise AU,1101 Savings (7311),7500.0,transfer
au,15/11/2025,1102 Wise AU,1101 Savings (7311),10000.0,transfer
au,13/11/2025,1102 Wise AU,1101 Savings (7311),2000.0,transfer
au,07/11/2025,1102 Wise AU,Due from Singapore,-10000.0,IC
au,06/11/2025,1102 Wise AU,Due from Singapore,-18327.79,IC
au,05/11/2025,1102 Wise AU,1101 Savings (7311),50000.0,transfer
au,04/11/2025,1102 Wise AU,1101 Savings (7311),6000.0,transfer
au,30/10/2025,1102 Wise AU,1101 Savings (7311),18000.0,transfer
au,29/10/2025,1102 Wise AU,1101 Savings (7311),6000.0,transfer
au,28/10/2025,1102 Wise AU,1101 Savings (7311),8500.0,transfer
au,27/10/2025,1102 Wise AU,1101 Savings (7311),34000.0,transfer
au,27/10/2025,1102 Wise AU,1101 Savings (7311),18000.0,transfer
au,24/10/2025,1102 Wise AU,1101 Savings (7311),3000.0,transfer
au,17/10/2025,1102 Wise AU,1101 Savings (7311),14523.0,transfer
au,16/10/2025,1102 Wise AU,1101 Savings (7311),18000.0,transfer
au,10/10/2025,1102 Wise AU,1101 Savings (7311),5000.0,transfer
au,09/10/2025,1102 Wise AU,1101 Savings (7311),2500.0,transfer
au,03/10/2025,1102 Wise AU,1101 Savings (7311),4000.0,transfer
au,02/10/2025,1102 Wise AU,1101 Savings (7311),12000.0,transfer
au,02/10/2025,1102 Wise AU,1101 Savings (7311),5000.0,transfer
au,01/10/2025,1102 Wise AU,1101 Savings (7311),5000.0,transfer
au,24/09/2025,1102 Wise AU,1101 Savings (7311),18000.0,transfer
au,22/09/2025,1102 Wise AU,Due from Singapore,-15107.88,IC
au,22/09/2025,1102 Wise AU,1101 Savings (7311),33000.0,transfer
au,16/09/2025,1102 Wise AU,1101 Savings (7311),5000.0,transfer
au,04/09/2025,1102 Wise AU,Due from Singapore,-3059.51,IC
au,04/09/2025,1102 Wise AU,1101 Savings (7311),25000.0,transfer
au,25/08/2025,1102 Wise AU,1101 Savings (7311),25000.0,transfer
au,25/08/2025,1102 Wise AU,1101 Savings (7311),50000.0,transfer
au,25/08/2025,1102 Wise AU,1101 Savings (7311),7500.0,transfer
au,22/08/2025,1102 Wise AU,1101 Savings (7311),4500.0,transfer
au,21/08/2025,1102 Wise AU,1101 Savings (7311),10000.0,transfer
au,05/08/2025,1102 Wise AU,1101 Savings (7311),7500.0,transfer
au,31/07/2025,1102 Wise AU,1101 Savings (7311),45000.0,transfer
au,31/07/2025,1102 Wise AU,1101 Savings (7311),2500.0,transfer
au,31/07/2025,1102 Wise AU,1101 Savings (7311),12000.0,transfer
au,30/07/2025,1102 Wise AU,1101 Savings (7311),50000.0,transfer
au,29/07/2025,1102 Wise AU,1101 Savings (7311),30000.0,transfer
au,24/07/2025,1102 Wise AU,1101 Savings (7311),50000.0,transfer
au,23/07/2025,1102 Wise AU,1101 Savings (7311),4000.0,transfer
au,21/07/2025,1102 Wise AU,1101 Savings (7311),9000.0,transfer
au,18/07/2025,1102 Wise AU,1101 Savings (7311),5000.0,transfer
au,17/07/2025,1102 Wise AU,1101 Savings (7311),5000.0,transfer
au,17/07/2025,1102 Wise AU,1101 Savings (7311),3000.0,transfer
au,15/07/2025,1102 Wise AU,1101 Savings (7311),4000.0,transfer
au,14/07/2025,1102 Wise AU,1101 Savings (7311),5000.0,transfer
au,09/07/2025,1102 Wise AU,1101 Savings (7311),5000.0,transfer
au,09/07/2025,1102 Wise AU,1101 Savings (7311),15000.0,transfer
au,08/07/2025,1102 Wise AU,1101 Savings (7311),10000.0,transfer
au,04/07/2025,1102 Wise AU,1101 Savings (7311),5000.0,transfer
au,03/07/2025,1102 Wise AU,1101 Savings (7311),17000.0,transfer
au,02/07/2025,1102 Wise AU,1101 Savings (7311),20000.0,transfer
au,27/06/2025,1102 Wise AU,1101 Savings (7311),-50000.0,transfer
au,27/06/2025,1102 Wise AU,1101 Savings (7311),25000.0,transfer
au,27/06/2025,1102 Wise AU,1101 Savings (7311),50000.0,transfer
au,26/06/2025,1102 Wise AU,1101 Savings (7311),50000.0,transfer
au,25/06/2025,1102 Wise AU,1101 Savings (7311),10000.0,transfer
au,18/06/2025,1102 Wise AU,1101 Savings (7311),25000.0,transfer
au,11/06/2025,1102 Wise AU,1101 Savings (7311),10000.0,transfer
au,09/06/2025,1102 Wise AU,1101 Savings (7311),4000.0,transfer
au,06/06/2025,1102 Wise AU,1101 Savings (7311),20000.0,transfer
au,02/06/2025,1102 Wise AU,1101 Savings (7311),5000.0,transfer
au,31/05/2025,1102 Wise AU,1101 Savings (7311),5500.0,transfer
au,30/05/2025,1102 Wise AU,1101 Savings (7311),9000.0,transfer
au,29/05/2025,1102 Wise AU,1101 Savings (7311),5000.0,transfer
au,28/05/2025,1102 Wise AU,1101 Savings (7311),10000.0,transfer
au,28/05/2025,1102 Wise AU,1101 Savings (7311),8000.0,transfer
au,27/05/2025,1102 Wise AU,1101 Savings (7311),40000.0,transfer
au,27/05/2025,1102 Wise AU,1101 Savings (7311),50000.0,transfer
au,21/05/2025,1102 Wise AU,1101 Savings (7311),5000.0,transfer
au,19/05/2025,1102 Wise AU,1101 Savings (7311),1000.0,transfer
au,16/05/2025,1102 Wise AU,1101 Savings (7311),7000.0,transfer
au,16/05/2025,1102 Wise AU,1101 Savings (7311),3000.0,transfer
au,15/05/2025,1102 Wise AU,1101 Savings (7311),25000.0,transfer
au,13/05/2025,1102 Wise AU,1101 Savings (7311),30000.0,transfer
au,09/05/2025,1102 Wise AU,1101 Savings (7311),25000.0,transfer
au,08/05/2025,1102 Wise AU,1101 Savings (7311),50000.0,transfer
au,07/05/2025,1102 Wise AU,Due from Singapore,-10079.0,IC
au,01/05/2025,1102 Wise AU,1101 Savings (7311),11300.0,transfer
au,28/04/2025,1102 Wise AU,1101 Savings (7311),50000.0,transfer
au,23/04/2025,1102 Wise AU,1101 Savings (7311),15000.0,transfer
au,22/04/2025,1102 Wise AU,1101 Savings (7311),32000.0,transfer
au,22/04/2025,1102 Wise AU,1101 Savings (7311),50000.0,transfer
au,16/04/2025,1102 Wise AU,1101 Savings (7311),18000.0,transfer
au,15/04/2025,1102 Wise AU,1101 Savings (7311),45000.0,transfer
au,14/04/2025,1102 Wise AU,1101 Savings (7311),8000.0,transfer
au,04/04/2025,1102 Wise AU,Operating Expenses:Bank Fees,-22.0,transfer
au,03/04/2025,1102 Wise AU,1101 Savings (7311),25000.0,transfer
au,03/04/2025,1102 Wise AU,1101 Savings (7311),19000.0,transfer
au,03/04/2025,1102 Wise AU,1101 Savings (7311),1500.0,transfer
au,01/04/2025,1102 Wise AU,1101 Savings (7311),50000.0,transfer
au,31/03/2025,1102 Wise AU,1101 Savings (7311),50000.0,transfer
au,31/03/2025,1102 Wise AU,Due from Singapore,-5777.93,IC
au,29/03/2025,1102 Wise AU,1101 Savings (7311),40000.0,transfer
au,28/03/2025,1102 Wise AU,Due from Singapore,-22027.38,IC
au,28/03/2025,1102 Wise AU,1101 Savings (7311),50000.0,transfer
au,27/03/2025,1102 Wise AU,1101 Savings (7311),50000.0,transfer
au,25/03/2025,1102 Wise AU,1101 Savings (7311),4000.0,transfer
au,21/03/2025,1102 Wise AU,1101 Savings (7311),20000.0,transfer
au,18/03/2025,1102 Wise AU,1101 Savings (7311),6000.0,transfer
au,15/03/2025,1102 Wise AU,1101 Savings (7311),30000.0,transfer
au,14/03/2025,1102 Wise AU,1101 Savings (7311),50000.0,transfer
au,13/03/2025,1102 Wise AU,1101 Savings (7311),7000.0,transfer
au,11/03/2025,1102 Wise AU,1101 Savings (7311),5000.0,transfer
au,11/03/2025,1102 Wise AU,1101 Savings (7311),15000.0,transfer
au,06/03/2025,1102 Wise AU,1101 Savings (7311),28000.0,transfer
au,05/03/2025,1102 Wise AU,1101 Savings (7311),18000.0,transfer
au,04/03/2025,1102 Wise AU,1101 Savings (7311),8500.0,transfer
au,03/03/2025,1102 Wise AU,1101 Savings (7311),6000.0,transfer
au,28/02/2025,1102 Wise AU,Due from Singapore,-11784.33,IC
au,28/02/2025,1102 Wise AU,Due from Singapore,-12965.48,IC
au,28/02/2025,1102 Wise AU,1101 Savings (7311),48000.0,transfer
au,27/02/2025,1102 Wise AU,1101 Savings (7311),40000.0,transfer
au,26/02/2025,1102 Wise AU,1101 Savings (7311),20000.0,transfer
au,26/02/2025,1102 Wise AU,1101 Savings (7311),30000.0,transfer
au,25/02/2025,1102 Wise AU,1101 Savings (7311),12000.0,transfer
au,22/02/2025,1102 Wise AU,1101 Savings (7311),2500.0,transfer
au,22/02/2025,1102 Wise AU,1101 Savings (7311),10000.0,transfer
au,21/02/2025,1102 Wise AU,1101 Savings (7311),9000.0,transfer
au,19/02/2025,1102 Wise AU,1101 Savings (7311),21000.0,transfer
au,18/02/2025,1102 Wise AU,1101 Savings (7311),5000.0,transfer
au,17/02/2025,1102 Wise AU,1101 Savings (7311),15000.0,transfer
au,15/02/2025,1102 Wise AU,1101 Savings (7311),2000.0,transfer
au,11/02/2025,1102 Wise AU,1101 Savings (7311),25000.0,transfer
au,10/02/2025,1102 Wise AU,1101 Savings (7311),50000.0,transfer
au,05/02/2025,1102 Wise AU,1101 Savings (7311),43000.0,transfer
au,04/02/2025,1102 Wise AU,1101 Savings (7311),50000.0,transfer
au,03/02/2025,1102 Wise AU,1101 Savings (7311),23000.0,transfer
au,31/01/2025,1102 Wise AU,1101 Savings (7311),4000.0,transfer
au,30/01/2025,1102 Wise AU,1101 Savings (7311),15000.0,transfer
au,28/01/2025,1102 Wise AU,1101 Savings (7311),20000.0,transfer
au,28/01/2025,1102 Wise AU,1101 Savings (7311),30000.0,transfer
au,27/01/2025,1102 Wise AU,1101 Savings (7311),50000.0,transfer
au,24/01/2025,1102 Wise AU,1101 Savings (7311),10000.0,transfer
au,24/01/2025,1102 Wise AU,1101 Savings (7311),14000.0,transfer
au,23/01/2025,1102 Wise AU,1101 Savings (7311),17000.0,transfer
au,21/01/2025,1102 Wise AU,1101 Savings (7311),6000.0,transfer
au,20/01/2025,1102 Wise AU,1101 Savings (7311),15000.0,transfer
au,20/01/2025,1102 Wise AU,1101 Savings (7311),5000.0,transfer
au,20/01/2025,1102 Wise AU,1101 Savings (7311),3000.0,transfer
au,17/01/2025,1102 Wise AU,1101 Savings (7311),2500.0,transfer
au,15/01/2025,1102 Wise AU,1101 Savings (7311),40000.0,transfer
au,14/01/2025,1102 Wise AU,1101 Savings (7311),2000.0,transfer
au,10/01/2025,1102 Wise AU,1101 Savings (7311),10000.0,transfer
au,10/01/2025,1102 Wise AU,Due from Singapore,-3831.68,IC
au,09/01/2025,1102 Wise AU,1101 Savings (7311),15000.0,transfer
au,09/01/2025,1102 Wise AU,Due from Singapore,-793.15,IC
au,09/01/2025,1102 Wise AU,Due from Singapore,-597.5,IC
au,07/01/2025,1102 Wise AU,1101 Savings (7311),7500.0,transfer
au,06/01/2025,1102 Wise AU,1101 Savings (7311),44000.0,transfer
au,03/01/2025,1102 Wise AU,1101 Savings (7311),24000.0,transfer
au,02/01/2025,1102 Wise AU,1101 Savings (7311),10000.0,transfer
au,30/12/2024,1102 Wise AU,1101 Savings (7311),5000.0,transfer
au,27/12/2024,1102 Wise AU,1101 Savings (7311),20000.0,transfer
au,27/12/2024,1102 Wise AU,1101 Savings (7311),35000.0,transfer
au,27/12/2024,1102 Wise AU,Operating Expenses:Bank Fees,-99.82,transfer
au,27/12/2024,1102 Wise AU,112233 WISE AU USD,-36150.18,transfer
au,24/12/2024,1102 Wise AU,1101 Savings (7311),37000.0,transfer
au,23/12/2024,1102 Wise AU,Due from Singapore,-1798.63,IC
au,20/12/2024,1102 Wise AU,1101 Savings (7311),40000.0,transfer
au,17/12/2024,1102 Wise AU,1101 Savings (7311),1500.0,transfer
au,16/12/2024,1102 Wise AU,1101 Savings (7311),20000.0,transfer
au,16/12/2024,1102 Wise AU,1101 Savings (7311),19000.0,transfer
au,11/12/2024,1102 Wise AU,Due from Singapore,-444.23,IC
au,11/12/2024,1102 Wise AU,Due from Singapore,-453.01,IC
au,11/12/2024,1102 Wise AU,1101 Savings (7311),9000.0,transfer
au,11/12/2024,1102 Wise AU,Due from Singapore,-3583.61,IC
au,11/12/2024,1102 Wise AU,Due from Singapore,-3583.04,IC
au,10/12/2024,1102 Wise AU,1101 Savings (7311),17000.0,transfer
au,09/12/2024,1102 Wise AU,1101 Savings (7311),10000.0,transfer
au,05/12/2024,1102 Wise AU,1101 Savings (7311),25000.0,transfer
au,04/12/2024,1102 Wise AU,1101 Savings (7311),20000.0,transfer
au,04/12/2024,1102 Wise AU,Due from Singapore,-346.92,IC
au,02/12/2024,1102 Wise AU,1101 Savings (7311),15000.0,transfer
au,29/11/2024,1102 Wise AU,1101 Savings (7311),25000.0,transfer
au,29/11/2024,1102 Wise AU,1101 Savings (7311),2000.0,transfer
au,26/11/2024,1102 Wise AU,1101 Savings (7311),35000.0,transfer
au,26/11/2024,1102 Wise AU,1101 Savings (7311),50000.0,transfer
au,26/11/2024,1102 Wise AU,Due from Singapore,-24111.27,IC
au,25/11/2024,1102 Wise AU,Due from Singapore,-10912.4,IC
au,23/11/2024,1102 Wise AU,1101 Savings (7311),19500.0,transfer
au,21/11/2024,1102 Wise AU,Due from Singapore,-1547.95,IC
au,20/11/2024,1102 Wise AU,1101 Savings (7311),19500.0,transfer
au,19/11/2024,1102 Wise AU,Due from Singapore,-3494.28,IC
au,19/11/2024,1102 Wise AU,Due from Singapore,-1664.96,IC
au,19/11/2024,1102 Wise AU,1101 Savings (7311),19500.0,transfer
au,18/11/2024,1102 Wise AU,1101 Savings (7311),19500.0,transfer
au,14/11/2024,1102 Wise AU,1101 Savings (7311),15000.0,transfer
au,09/11/2024,1102 Wise AU,1101 Savings (7311),8000.0,transfer
au,02/11/2024,1102 Wise AU,1101 Savings (7311),20000.0,transfer
au,01/11/2024,1102 Wise AU,1101 Savings (7311),20000.0,transfer
au,31/10/2024,1102 Wise AU,Due from Singapore,-3797.27,IC
au,31/10/2024,1102 Wise AU,1101 Savings (7311),20000.0,transfer
au,30/10/2024,1102 Wise AU,1101 Savings (7311),10000.0,transfer
au,29/10/2024,1102 Wise AU,1101 Savings (7311),7000.0,transfer
au,28/10/2024,1102 Wise AU,1101 Savings (7311),10000.0,transfer
au,26/10/2024,1102 Wise AU,1101 Savings (7311),15000.0,transfer
au,26/10/2024,1102 Wise AU,1101 Savings (7311),5000.0,transfer
au,25/10/2024,1102 Wise AU,1101 Savings (7311),20000.0,transfer
au,24/10/2024,1102 Wise AU,1101 Savings (7311),6000.0,transfer
au,17/10/2024,1102 Wise AU,1101 Savings (7311),20000.0,transfer
au,15/10/2024,1102 Wise AU,Due from Singapore,-3067.59,IC
au,15/10/2024,1102 Wise AU,1101 Savings (7311),15000.0,transfer
au,04/10/2024,1102 Wise AU,1101 Savings (7311),15000.0,transfer
au,30/09/2024,1102 Wise AU,1101 Savings (7311),20000.0,transfer
au,25/09/2024,1102 Wise AU,1101 Savings (7311),20000.0,transfer
au,24/09/2024,1102 Wise AU,1101 Savings (7311),20000.0,transfer
au,18/09/2024,1102 Wise AU,1101 Savings (7311),15000.0,transfer
au,12/09/2024,1102 Wise AU,1101 Savings (7311),15000.0,transfer
au,09/09/2024,1102 Wise AU,1101 Savings (7311),14000.0,transfer
au,05/09/2024,1102 Wise AU,1101 Savings (7311),20000.0,transfer
au,04/09/2024,1102 Wise AU,1101 Savings (7311),18000.0,transfer
au,29/08/2024,1102 Wise AU,1101 Savings (7311),15000.0,transfer
au,15/08/2024,1102 Wise AU,1101 Savings (7311),7000.0,transfer
au,06/08/2024,1102 Wise AU,1101 Savings (7311),5000.0,transfer
au,02/08/2024,1102 Wise AU,1101 Savings (7311),5000.0,transfer
au,30/07/2024,1102 Wise AU,1101 Savings (7311),20000.0,transfer
au,29/07/2024,1102 Wise AU,1101 Savings (7311),20000.0,transfer
au,26/07/2024,1102 Wise AU,1101 Savings (7311),10000.0,transfer
au,12/07/2024,1102 Wise AU,1101 Savings (7311),10000.0,transfer
au,08/07/2024,1102 Wise AU,1101 Savings (7311),15000.0,transfer
au,28/06/2024,1102 Wise AU,1101 Savings (7311),4000.0,transfer
au,26/06/2024,1102 Wise AU,1101 Savings (7311),20000.0,transfer
au,18/06/2024,1102 Wise AU,1101 Savings (7311),20000.0,transfer
au,17/06/2024,1102 Wise AU,1101 Savings (7311),20000.0,transfer
au,27/05/2024,1102 Wise AU,1101 Savings (7311),20000.0,transfer
au,23/05/2024,1102 Wise AU,1101 Savings (7311),20000.0,transfer
au,21/05/2024,1102 Wise AU,1101 Savings (7311),20000.0,transfer
au,20/05/2024,1102 Wise AU,1101 Savings (7311),20000.0,transfer
au,23/04/2024,1102 Wise AU,1101 Savings (7311),10000.0,transfer
au,19/04/2024,1102 Wise AU,1101 Savings (7311),20000.0,transfer
au,18/04/2024,1102 Wise AU,1101 Savings (7311),20000.0,transfer
au,20/03/2024,1102 Wise AU,1101 Savings (7311),10000.0,transfer
au,16/03/2024,1102 Wise AU,1101 Savings (7311),10000.0,transfer
au,14/03/2024,1102 Wise AU,1101 Savings (7311),20000.0,transfer
au,19/02/2024,1102 Wise AU,1101 Savings (7311),20000.0,transfer
au,12/02/2024,1102 Wise AU,1101 Savings (7311),5000.0,transfer
au,25/01/2024,1102 Wise AU,1101 Savings (7311),5000.0,transfer
au,08/01/2024,1102 Wise AU,1101 Savings (7311),5000.0,transfer
au,21/12/2023,1102 Wise AU,Bank charges and fees,-0.57,transfer
au,19/12/2023,1102 Wise AU,Bank charges and fees,-0.57,transfer
au,21/11/2023,1102 Wise AU,Bank charges and fees,-0.57,transfer
au,20/11/2023,1102 Wise AU,1101 Savings (7311),12000.0,transfer
au,15/11/2023,1102 Wise AU,Bank charges and fees,-0.57,transfer
au,07/11/2023,1102 Wise AU,1101 Savings (7311),5000.0,transfer
au,26/10/2023,1102 Wise AU,Bank charges and fees,-0.57,transfer
au,20/10/2023,1102 Wise AU,Bank charges and fees,-0.57,transfer
au,19/10/2023,1102 Wise AU,1101 Savings (7311),5000.0,transfer
au,19/10/2023,1102 Wise AU,Bank charges and fees,-0.57,transfer
au,22/09/2023,1102 Wise AU,Bank charges and fees,-0.57,transfer
au,13/09/2023,1102 Wise AU,Bank charges and fees,-0.57,transfer
au,11/09/2023,1102 Wise AU,Bank charges and fees,-0.57,transfer
au,24/07/2023,1102 Wise AU,Bank charges and fees,-0.57,transfer
au,15/07/2023,1102 Wise AU,Bank charges and fees,-0.57,transfer
au,14/07/2023,1102 Wise AU,1101 Savings (7311),5000.0,transfer
au,12/06/2023,1102 Wise AU,Bank charges and fees,-0.57,transfer
au,12/01/2023,1102 Wise AU,Bank charges and fees,-0.57,transfer
au,23/03/2026,112233 WISE AU USD,1102 Wise AU,14307.12,transfer
au,23/03/2026,112233 WISE AU USD,Operating Expenses:Bank Fees,-12.18,transfer
au,23/03/2026,112233 WISE AU USD,Operating Expenses:Bank Fees,-7.13,transfer
au,20/02/2026,112233 WISE AU USD,1102 Wise AU,14962.59,transfer
au,20/02/2026,112233 WISE AU USD,Operating Expenses:Bank Fees,-12.15,transfer
au,15/01/2026,112233 WISE AU USD,1102 Wise AU,25909.32,transfer
au,15/01/2026,112233 WISE AU USD,Operating Expenses:Bank Fees,-11.51,transfer
au,15/01/2026,112233 WISE AU USD,Due from Singapore,-1862.03,IC
au,15/01/2026,112233 WISE AU USD,Operating Expenses:Bank Fees,-4.71,transfer
au,15/01/2026,112233 WISE AU USD,Due from Singapore,-669.77,IC
au,15/01/2026,112233 WISE AU USD,Operating Expenses:Bank Fees,-4.6,transfer
au,15/01/2026,112233 WISE AU USD,Due from Singapore,-651.14,IC
au,15/01/2026,112233 WISE AU USD,Operating Expenses:Bank Fees,-5.98,transfer
au,15/01/2026,112233 WISE AU USD,Due from Singapore,-893.32,IC
au,15/01/2026,112233 WISE AU USD,Operating Expenses:Bank Fees,-4.68,transfer
au,15/01/2026,112233 WISE AU USD,Operating Expenses:Bank Fees,-4.03,transfer
au,15/01/2026,112233 WISE AU USD,Operating Expenses:Bank Fees,-5.08,transfer
au,15/01/2026,112233 WISE AU USD,Due from Singapore,-670.44,IC
au,15/01/2026,112233 WISE AU USD,Operating Expenses:Bank Fees,-3.0,transfer
au,15/01/2026,112233 WISE AU USD,Operating Expenses:Bank Fees,-4.95,transfer
au,15/01/2026,112233 WISE AU USD,Operating Expenses:Bank Fees,-4.74,transfer
au,15/01/2026,112233 WISE AU USD,Operating Expenses:Bank Fees,-8.03,transfer
au,15/01/2026,112233 WISE AU USD,Operating Expenses:Bank Fees,-7.25,transfer
au,15/01/2026,112233 WISE AU USD,Due from Singapore,-550.54,IC
au,15/01/2026,112233 WISE AU USD,Due from Singapore,-1116.87,IC
au,15/01/2026,112233 WISE AU USD,Due from Singapore,-1250.99,IC
au,15/01/2026,112233 WISE AU USD,Due from Singapore,-736.98,IC
au,15/01/2026,112233 WISE AU USD,Due from Singapore,-894.22,IC
au,15/01/2026,112233 WISE AU USD,Due from Singapore,-819.62,IC
au,15/01/2026,112233 WISE AU USD,Due from Singapore,-446.65,IC
au,15/01/2026,112233 WISE AU USD,Due from Singapore,-894.22,IC
au,27/12/2024,112233 WISE AU USD,1102 Wise AU,36150.18,transfer
au,30/03/2023,Stripe,1101 Savings (7311),-7500.0,transfer
au,28/02/2023,Stripe,Cost of Overhead Related to Service:Operating Expenses:Stripe_transfer_others,-5.76,transfer
au,28/02/2023,Stripe,Cost of Overhead Related to Service:Operating Expenses:Stripe_transfer_others,-193.28,transfer
au,28/02/2023,Stripe,Cost of Overhead Related to Service:Operating Expenses:Stripe_transfer_others,-38.13,transfer
au,28/02/2023,Stripe,Cost of Overhead Related to Service:Operating Expenses:Stripe_transfer_others,-24.39,transfer
au,28/02/2023,Stripe,Cost of Overhead Related to Service:Operating Expenses:Stripe_transfer_others,-24.96,transfer
au,28/02/2023,Stripe,Cost of Overhead Related to Service:Operating Expenses:Stripe_transfer_others,-18.74,transfer
au,28/02/2023,Stripe,Cost of Overhead Related to Service:Operating Expenses:Stripe_transfer_others,-57.98,transfer
au,28/02/2023,Stripe,Cost of Overhead Related to Service:Operating Expenses:Stripe_transfer_others,-60.44,transfer
au,28/02/2023,Stripe,Cost of Overhead Related to Service:Operating Expenses:Stripe_transfer_others,-15.36,transfer
au,28/02/2023,Stripe,Cost of Overhead Related to Service:Operating Expenses:Stripe_transfer_others,-28.48,transfer
au,28/02/2023,Stripe,Cost of Overhead Related to Service:Operating Expenses:Stripe_transfer_others,-94.7,transfer
au,28/02/2023,Stripe,Cost of Overhead Related to Service:Operating Expenses:Stripe_transfer_others,-30.59,transfer
au,28/02/2023,Stripe,Cost of Overhead Related to Service:Operating Expenses:Stripe_transfer_others,-13.89,transfer
au,28/02/2023,Stripe,Cost of Overhead Related to Service:Operating Expenses:Stripe_transfer_others,-80.7,transfer
au,28/02/2023,Stripe,Cost of Overhead Related to Service:Operating Expenses:Stripe_transfer_others,-61.84,transfer
au,28/02/2023,Stripe,Cost of Overhead Related to Service:Operating Expenses:Stripe_transfer_others,-66.0,transfer
au,28/02/2023,Stripe,Cost of Overhead Related to Service:Operating Expenses:Stripe_transfer_others,-16.89,transfer
au,28/02/2023,Stripe,Cost of Overhead Related to Service:Operating Expenses:Stripe_transfer_others,-105.18,transfer
au,28/02/2023,Stripe,Cost of Overhead Related to Service:Operating Expenses:Stripe_transfer_others,-40.34,transfer
au,28/02/2023,Stripe,Cost of Overhead Related to Service:Operating Expenses:Stripe_transfer_others,-151.52,transfer
au,28/02/2023,Stripe,Cost of Overhead Related to Service:Operating Expenses:Stripe_transfer_others,-30.05,transfer
au,28/02/2023,Stripe,Cost of Overhead Related to Service:Operating Expenses:Stripe_transfer_others,-114.63,transfer
au,28/02/2023,Stripe,Cost of Overhead Related to Service:Operating Expenses:Stripe_transfer_others,-52.52,transfer
au,28/02/2023,Stripe,Cost of Overhead Related to Service:Operating Expenses:Stripe_transfer_others,-409.91,transfer
au,28/02/2023,Stripe,Cost of Overhead Related to Service:Operating Expenses:Stripe_transfer_others,-82.99,transfer
au,28/02/2023,Stripe,Cost of Overhead Related to Service:Operating Expenses:Stripe Monthly Fees (deleted),-0.09,transfer
au,28/02/2023,Stripe,Cost of Overhead Related to Service:Operating Expenses:Stripe_transfer_others,-6082.27,transfer
au,28/02/2023,Stripe,Cost of Overhead Related to Service:Operating Expenses:Stripe Monthly Fees (deleted),0.0,transfer
au,28/02/2023,Stripe,Cost of Overhead Related to Service:Operating Expenses:Stripe_transfer_others,0.0,transfer
au,27/02/2023,Stripe,Cost of Overhead Related to Service:Operating Expenses:Stripe Monthly Fees (deleted),-0.13,transfer
au,27/02/2023,Stripe,Cost of Overhead Related to Service:Operating Expenses:Stripe Monthly Fees (deleted),-9.02,transfer
au,26/02/2023,Stripe,Cost of Overhead Related to Service:Operating Expenses:Stripe_transfer_others,-89.74,transfer
au,26/02/2023,Stripe,Cost of Overhead Related to Service:Operating Expenses:Stripe Monthly Fees (deleted),-0.44,transfer
au,26/02/2023,Stripe,Cost of Overhead Related to Service:Operating Expenses:Stripe Monthly Fees (deleted),-9.35,transfer
au,26/02/2023,Stripe,Cost of Overhead Related to Service:Operating Expenses:Stripe Monthly Fees (deleted),-8.14,transfer
au,25/02/2023,Stripe,Cost of Overhead Related to Service:Operating Expenses:Stripe Monthly Fees (deleted),-8.69,transfer
au,25/02/2023,Stripe,Cost of Overhead Related to Service:Operating Expenses:Stripe Monthly Fees (deleted),-0.04,transfer
au,24/02/2023,Stripe,Cost of Overhead Related to Service:Operating Expenses:Stripe_transfer_others,-742.44,transfer
au,24/02/2023,Stripe,Cost of Overhead Related to Service:Operating Expenses:Stripe_transfer_others,-204.0,transfer
au,24/02/2023,Stripe,Cost of Overhead Related to Service:Operating Expenses:Stripe_transfer_others,-62.29,transfer
au,24/02/2023,Stripe,Cost of Overhead Related to Service:Operating Expenses:Stripe Monthly Fees (deleted),-0.17,transfer
au,24/02/2023,Stripe,Cost of Overhead Related to Service:Operating Expenses:Stripe Monthly Fees (deleted),-4.18,transfer
au,24/02/2023,Stripe,Cost of Overhead Related to Service:Operating Expenses:Stripe Monthly Fees (deleted),-0.88,transfer
au,24/02/2023,Stripe,Cost of Overhead Related to Service:Operating Expenses:Stripe Monthly Fees (deleted),-1.51,transfer
au,23/02/2023,Stripe,Cost of Overhead Related to Service:Operating Expenses:Stripe_transfer_others,-125.0,transfer
au,23/02/2023,Stripe,Cost of Overhead Related to Service:Operating Expenses:Stripe_transfer_others,-55.03,transfer
au,23/02/2023,Stripe,Cost of Overhead Related to Service:Operating Expenses:Stripe_transfer_others,-24.36,transfer
au,23/02/2023,Stripe,Cost of Overhead Related to Service:Operating Expenses:Stripe_transfer_others,-67.48,transfer
au,23/02/2023,Stripe,Cost of Overhead Related to Service:Operating Expenses:Stripe_transfer_others,-30.0,transfer
au,23/02/2023,Stripe,Cost of Overhead Related to Service:Operating Expenses:Stripe_transfer_others,-222.67,transfer
au,22/02/2023,Stripe,Cost of Overhead Related to Service:Operating Expenses:Stripe Monthly Fees (deleted),-7.59,transfer
au,22/02/2023,Stripe,Cost of Overhead Related to Service:Operating Expenses:Stripe Monthly Fees (deleted),-0.18,transfer
au,21/02/2023,Stripe,Cost of Overhead Related to Service:Operating Expenses:Stripe_transfer_others,-31.27,transfer
au,21/02/2023,Stripe,Cost of Overhead Related to Service:Operating Expenses:Stripe_transfer_others,-152.42,transfer
au,21/02/2023,Stripe,Cost of Overhead Related to Service:Operating Expenses:Stripe_transfer_others,-342.0,transfer
au,21/02/2023,Stripe,Cost of Overhead Related to Service:Operating Expenses:Stripe_transfer_others,-50.0,transfer
au,21/02/2023,Stripe,Cost of Overhead Related to Service:Operating Expenses:Stripe Monthly Fees (deleted),-4.18,transfer
au,21/02/2023,Stripe,Cost of Overhead Related to Service:Operating Expenses:Stripe Monthly Fees (deleted),-2.52,transfer
au,21/02/2023,Stripe,Cost of Overhead Related to Service:Operating Expenses:Stripe Monthly Fees (deleted),-0.04,transfer
au,21/02/2023,Stripe,1101 Savings (7311),-8000.0,transfer
au,20/02/2023,Stripe,Cost of Overhead Related to Service:Operating Expenses:Stripe Monthly Fees (deleted),-0.09,transfer
au,20/02/2023,Stripe,Cost of Overhead Related to Service:Operating Expenses:Stripe Monthly Fees (deleted),-5.39,transfer
au,20/02/2023,Stripe,Cost of Overhead Related to Service:Operating Expenses:Stripe Monthly Fees (deleted),-6.71,transfer
au,20/02/2023,Stripe,Cost of Overhead Related to Service:Operating Expenses:Stripe Monthly Fees (deleted),-0.88,transfer
au,19/02/2023,Stripe,Cost of Overhead Related to Service:Operating Expenses:Stripe_transfer_others,-73.72,transfer
au,19/02/2023,Stripe,Cost of Overhead Related to Service:Operating Expenses:Stripe_transfer_others,-45.28,transfer
au,19/02/2023,Stripe,Cost of Overhead Related to Service:Operating Expenses:Stripe_transfer_others,-26.21,transfer
au,19/02/2023,Stripe,Cost of Overhead Related to Service:Operating Expenses:Stripe_transfer_others,-21.0,transfer
au,19/02/2023,Stripe,Cost of Overhead Related to Service:Operating Expenses:Stripe_transfer_others,-188.57,transfer
au,19/02/2023,Stripe,Cost of Overhead Related to Service:Operating Expenses:Stripe Monthly Fees (deleted),-8.8,transfer
au,19/02/2023,Stripe,Cost of Overhead Related to Service:Operating Expenses:Stripe Monthly Fees (deleted),-8.03,transfer
au,19/02/2023,Stripe,Cost of Overhead Related to Service:Operating Expenses:Stripe Monthly Fees (deleted),-1.24,transfer
au,19/02/2023,Stripe,Cost of Overhead Related to Service:Operating Expenses:Stripe Monthly Fees (deleted),-0.11,transfer
au,19/02/2023,Stripe,Cost of Overhead Related to Service:Operating Expenses:Stripe Monthly Fees (deleted),-0.13,transfer
au,18/02/2023,Stripe,Cost of Overhead Related to Service:Operating Expenses:Stripe_transfer_others,-120.0,transfer
au,18/02/2023,Stripe,Cost of Overhead Related to Service:Operating Expenses:Stripe_transfer_others,-30.0,transfer
au,18/02/2023,Stripe,Cost of Overhead Related to Service:Operating Expenses:Stripe Monthly Fees (deleted),-0.03,transfer
au,18/02/2023,Stripe,Cost of Overhead Related to Service:Operating Expenses:Stripe Monthly Fees (deleted),-0.44,transfer
au,18/02/2023,Stripe,Cost of Overhead Related to Service:Operating Expenses:Stripe Monthly Fees (deleted),-7.59,transfer
au,17/02/2023,Stripe,Cost of Overhead Related to Service:Operating Expenses:Stripe_transfer_others,-30.0,transfer
au,17/02/2023,Stripe,Cost of Overhead Related to Service:Operating Expenses:Stripe_transfer_others,-90.0,transfer
au,17/02/2023,Stripe,Cost of Overhead Related to Service:Operating Expenses:Stripe Monthly Fees (deleted),-12.87,transfer
au,17/02/2023,Stripe,Cost of Overhead Related to Service:Operating Expenses:Stripe Monthly Fees (deleted),-0.44,transfer
au,16/02/2023,Stripe,Cost of Overhead Related to Service:Operating Expenses:Stripe_transfer_others,-676.61,transfer
au,16/02/2023,Stripe,Cost of Overhead Related to Service:Operating Expenses:Stripe_transfer_others,-144.39,transfer
au,16/02/2023,Stripe,Cost of Overhead Related to Service:Operating Expenses:Stripe Monthly Fees (deleted),-6.05,transfer
au,16/02/2023,Stripe,Cost of Overhead Related to Service:Operating Expenses:Stripe Monthly Fees (deleted),-0.17,transfer
au,16/02/2023,Stripe,Cost of Overhead Related to Service:Operating Expenses:Stripe Monthly Fees (deleted),-0.04,transfer
au,16/02/2023,Stripe,Cost of Overhead Related to Service:Operating Expenses:Stripe Monthly Fees (deleted),-1.52,transfer
au,15/02/2023,Stripe,Cost of Overhead Related to Service:Operating Expenses:Stripe_transfer_others,-34.16,transfer
au,15/02/2023,Stripe,Cost of Overhead Related to Service:Operating Expenses:Stripe_transfer_others,-317.44,transfer
au,15/02/2023,Stripe,Cost of Overhead Related to Service:Operating Expenses:Stripe_transfer_others,-91.73,transfer
au,15/02/2023,Stripe,Cost of Overhead Related to Service:Operating Expenses:Stripe_transfer_others,-30.0,transfer
au,15/02/2023,Stripe,Cost of Overhead Related to Service:Operating Expenses:Stripe_transfer_others,-115.6,transfer
au,15/02/2023,Stripe,Cost of Overhead Related to Service:Operating Expenses:Stripe Monthly Fees (deleted),-6.82,transfer
au,15/02/2023,Stripe,Cost of Overhead Related to Service:Operating Expenses:Stripe Monthly Fees (deleted),-0.88,transfer
au,14/02/2023,Stripe,Cost of Overhead Related to Service:Operating Expenses:Stripe Monthly Fees (deleted),-0.17,transfer
au,14/02/2023,Stripe,Cost of Overhead Related to Service:Operating Expenses:Stripe Monthly Fees (deleted),-4.07,transfer
au,14/02/2023,Stripe,Cost of Overhead Related to Service:Operating Expenses:Stripe Monthly Fees (deleted),-0.44,transfer
au,13/02/2023,Stripe,Cost of Overhead Related to Service:Operating Expenses:Stripe Monthly Fees (deleted),-0.11,transfer
au,13/02/2023,Stripe,Cost of Overhead Related to Service:Operating Expenses:Stripe Monthly Fees (deleted),-0.44,transfer
au,13/02/2023,Stripe,Cost of Overhead Related to Service:Operating Expenses:Stripe Monthly Fees (deleted),-10.12,transfer
au,13/02/2023,Stripe,Cost of Overhead Related to Service:Operating Expenses:Stripe Monthly Fees (deleted),-0.18,transfer
au,12/02/2023,Stripe,Cost of Overhead Related to Service:Operating Expenses:Stripe Monthly Fees (deleted),-8.58,transfer
au,12/02/2023,Stripe,Cost of Overhead Related to Service:Operating Expenses:Stripe Monthly Fees (deleted),-0.09,transfer
au,11/02/2023,Stripe,Cost of Overhead Related to Service:Operating Expenses:Stripe_transfer_others,-30.0,transfer
au,11/02/2023,Stripe,Cost of Overhead Related to Service:Operating Expenses:Stripe_transfer_others,-160.16,transfer
au,11/02/2023,Stripe,Cost of Overhead Related to Service:Operating Expenses:Stripe Monthly Fees (deleted),-9.9,transfer
au,11/02/2023,Stripe,Cost of Overhead Related to Service:Operating Expenses:Stripe Monthly Fees (deleted),-0.13,transfer
au,10/02/2023,Stripe,Cost of Overhead Related to Service:Operating Expenses:Stripe_transfer_others,-65.41,transfer
au,10/02/2023,Stripe,Cost of Overhead Related to Service:Operating Expenses:Stripe_transfer_others,-90.0,transfer
au,10/02/2023,Stripe,Cost of Overhead Related to Service:Operating Expenses:Stripe_transfer_others,-127.05,transfer
au,10/02/2023,Stripe,Cost of Overhead Related to Service:Operating Expenses:Stripe_transfer_others,-50.0,transfer
au,10/02/2023,Stripe,Cost of Overhead Related to Service:Operating Expenses:Stripe_transfer_others,-52.08,transfer
au,10/02/2023,Stripe,Cost of Overhead Related to Service:Operating Expenses:Stripe_transfer_others,-20.0,transfer
au,10/02/2023,Stripe,Cost of Overhead Related to Service:Operating Expenses:Stripe_transfer_others,-30.0,transfer
au,10/02/2023,Stripe,Cost of Overhead Related to Service:Operating Expenses:Stripe_transfer_others,-60.0,transfer
au,09/02/2023,Stripe,Cost of Overhead Related to Service:Operating Expenses:Stripe_transfer_others,-30.0,transfer
au,09/02/2023,Stripe,Cost of Overhead Related to Service:Operating Expenses:Stripe_transfer_others,-190.0,transfer
au,09/02/2023,Stripe,Cost of Overhead Related to Service:Operating Expenses:Stripe_transfer_others,-118.99,transfer
au,09/02/2023,Stripe,Cost of Overhead Related to Service:Operating Expenses:Stripe Monthly Fees (deleted),-7.15,transfer
au,09/02/2023,Stripe,Cost of Overhead Related to Service:Operating Expenses:Stripe Monthly Fees (deleted),-0.44,transfer
au,09/02/2023,Stripe,Cost of Overhead Related to Service:Operating Expenses:Stripe Monthly Fees (deleted),-0.45,transfer
au,08/02/2023,Stripe,Cost of Overhead Related to Service:Operating Expenses:Stripe Monthly Fees (deleted),-0.22,transfer
au,08/02/2023,Stripe,Cost of Overhead Related to Service:Operating Expenses:Stripe Monthly Fees (deleted),-3.3,transfer
au,08/02/2023,Stripe,Cost of Overhead Related to Service:Operating Expenses:Stripe Monthly Fees (deleted),-7.04,transfer
au,06/02/2023,Stripe,Cost of Overhead Related to Service:Operating Expenses:Stripe Monthly Fees (deleted),-7.48,transfer
au,06/02/2023,Stripe,Cost of Overhead Related to Service:Operating Expenses:Stripe Monthly Fees (deleted),-0.44,transfer
au,05/02/2023,Stripe,Cost of Overhead Related to Service:Operating Expenses:Stripe_transfer_others,-103.81,transfer
au,05/02/2023,Stripe,Cost of Overhead Related to Service:Operating Expenses:Stripe_transfer_others,-97.27,transfer
au,05/02/2023,Stripe,Cost of Overhead Related to Service:Operating Expenses:Stripe_transfer_others,-117.4,transfer
au,05/02/2023,Stripe,Cost of Overhead Related to Service:Operating Expenses:Stripe Monthly Fees (deleted),-9.79,transfer
au,05/02/2023,Stripe,Cost of Overhead Related to Service:Operating Expenses:Stripe Monthly Fees (deleted),-0.88,transfer
au,05/02/2023,Stripe,Cost of Overhead Related to Service:Operating Expenses:Stripe Monthly Fees (deleted),-0.11,transfer
au,04/02/2023,Stripe,Cost of Overhead Related to Service:Operating Expenses:Stripe_transfer_others,-58.52,transfer
au,04/02/2023,Stripe,Cost of Overhead Related to Service:Operating Expenses:Stripe_transfer_others,-22.4,transfer
au,04/02/2023,Stripe,Cost of Overhead Related to Service:Operating Expenses:Stripe_transfer_others,-470.46,transfer
au,04/02/2023,Stripe,Cost of Overhead Related to Service:Operating Expenses:Stripe_transfer_others,-168.1,transfer
au,04/02/2023,Stripe,Cost of Overhead Related to Service:Operating Expenses:Stripe_transfer_others,-30.0,transfer
au,04/02/2023,Stripe,Cost of Overhead Related to Service:Operating Expenses:Stripe_transfer_others,-192.92,transfer
au,04/02/2023,Stripe,Cost of Overhead Related to Service:Operating Expenses:Stripe_transfer_others,-194.04,transfer
au,04/02/2023,Stripe,Cost of Overhead Related to Service:Operating Expenses:Stripe_transfer_others,-39.2,transfer
au,04/02/2023,Stripe,Cost of Overhead Related to Service:Operating Expenses:Stripe_transfer_others,-135.0,transfer
au,04/02/2023,Stripe,Cost of Overhead Related to Service:Operating Expenses:Stripe_transfer_others,-13.44,transfer
au,04/02/2023,Stripe,Cost of Overhead Related to Service:Operating Expenses:Stripe_transfer_others,-108.08,transfer
au,04/02/2023,Stripe,Cost of Overhead Related to Service:Operating Expenses:Stripe_transfer_others,-48.0,transfer
au,04/02/2023,Stripe,Cost of Overhead Related to Service:Operating Expenses:Stripe Monthly Fees (deleted),-0.44,transfer
au,04/02/2023,Stripe,Cost of Overhead Related to Service:Operating Expenses:Stripe Monthly Fees (deleted),-5.94,transfer
au,04/02/2023,Stripe,Cost of Overhead Related to Service:Operating Expenses:Stripe Monthly Fees (deleted),-7.92,transfer
au,03/02/2023,Stripe,Cost of Overhead Related to Service:Operating Expenses:Stripe_transfer_others,-110.6,transfer
au,03/02/2023,Stripe,Cost of Overhead Related to Service:Operating Expenses:Stripe_transfer_others,-66.64,transfer
au,03/02/2023,Stripe,Cost of Overhead Related to Service:Operating Expenses:Stripe_transfer_others,-160.64,transfer
au,03/02/2023,Stripe,Cost of Overhead Related to Service:Operating Expenses:Stripe_transfer_others,-122.36,transfer
au,03/02/2023,Stripe,Cost of Overhead Related to Service:Operating Expenses:Stripe Monthly Fees (deleted),-158.4,transfer
au,03/02/2023,Stripe,Cost of Overhead Related to Service:Operating Expenses:Stripe Monthly Fees (deleted),-8.14,transfer
au,03/02/2023,Stripe,Cost of Overhead Related to Service:Operating Expenses:Stripe Monthly Fees (deleted),-29.15,transfer
au,03/02/2023,Stripe,Cost of Overhead Related to Service:Operating Expenses:Stripe Monthly Fees (deleted),-0.04,transfer
au,03/02/2023,Stripe,Cost of Overhead Related to Service:Operating Expenses:Stripe Monthly Fees (deleted),-221.2,transfer
au,02/02/2023,Stripe,Cost of Overhead Related to Service:Operating Expenses:Stripe_transfer_others,-90.0,transfer
au,02/02/2023,Stripe,Cost of Overhead Related to Service:Operating Expenses:Stripe_transfer_others,-656.0,transfer
au,02/02/2023,Stripe,Cost of Overhead Related to Service:Operating Expenses:Stripe_transfer_others,-158.43,transfer
au,02/02/2023,Stripe,Cost of Overhead Related to Service:Operating Expenses:Stripe Monthly Fees (deleted),-8.58,transfer
au,02/02/2023,Stripe,Cost of Overhead Related to Service:Operating Expenses:Stripe Monthly Fees (deleted),-2.49,transfer
au,02/02/2023,Stripe,Cost of Overhead Related to Service:Operating Expenses:Stripe Monthly Fees (deleted),-0.44,transfer
au,01/02/2023,Stripe,Cost of Overhead Related to Service:Operating Expenses:Stripe_transfer_others,-210.0,transfer
au,01/02/2023,Stripe,Cost of Overhead Related to Service:Operating Expenses:Stripe_transfer_others,-30.0,transfer
au,01/02/2023,Stripe,Cost of Overhead Related to Service:Operating Expenses:Stripe_transfer_others,-266.2,transfer
au,01/02/2023,Stripe,Cost of Overhead Related to Service:Operating Expenses:Stripe_transfer_others,-24.36,transfer
au,01/02/2023,Stripe,Cost of Overhead Related to Service:Operating Expenses:Stripe_transfer_others,-85.68,transfer
au,01/02/2023,Stripe,Cost of Overhead Related to Service:Operating Expenses:Stripe_transfer_others,-32.0,transfer
au,01/02/2023,Stripe,Cost of Overhead Related to Service:Operating Expenses:Stripe Monthly Fees (deleted),-6.93,transfer
au,31/01/2023,Stripe,Cost of Overhead Related to Service:Operating Expenses:Stripe Monthly Fees (deleted),0.0,transfer
au,30/01/2023,Stripe,Cost of Overhead Related to Service:Operating Expenses:Stripe Monthly Fees (deleted),-5.0,transfer
au,30/01/2023,Stripe,Cost of Overhead Related to Service:Operating Expenses:Stripe Monthly Fees (deleted),-0.14,transfer
au,30/01/2023,Stripe,Cost of Overhead Related to Service:Operating Expenses:Stripe Monthly Fees (deleted),-0.31,transfer
au,30/01/2023,Stripe,Cost of Overhead Related to Service:Operating Expenses:Stripe Monthly Fees (deleted),-0.4,transfer
au,29/01/2023,Stripe,Cost of Overhead Related to Service:Operating Expenses:Stripe Monthly Fees (deleted),-7.6,transfer
au,29/01/2023,Stripe,Cost of Overhead Related to Service:Operating Expenses:Stripe Monthly Fees (deleted),-0.04,transfer
au,29/01/2023,Stripe,Cost of Overhead Related to Service:Operating Expenses:Stripe Monthly Fees (deleted),-0.1,transfer
au,28/01/2023,Stripe,Cost of Overhead Related to Service:Operating Expenses:Stripe Monthly Fees (deleted),-0.62,transfer
au,28/01/2023,Stripe,Cost of Overhead Related to Service:Operating Expenses:Stripe Monthly Fees (deleted),-5.8,transfer
au,27/01/2023,Stripe,Cost of Overhead Related to Service:Operating Expenses:Stripe Monthly Fees (deleted),-7.2,transfer
au,26/01/2023,Stripe,Cost of Overhead Related to Service:Operating Expenses:Stripe Monthly Fees (deleted),-0.04,transfer
au,26/01/2023,Stripe,Cost of Overhead Related to Service:Operating Expenses:Stripe Monthly Fees (deleted),-4.9,transfer
au,25/01/2023,Stripe,Cost of Overhead Related to Service:Operating Expenses:Stripe Monthly Fees (deleted),-0.03,transfer
au,25/01/2023,Stripe,Cost of Overhead Related to Service:Operating Expenses:Stripe Monthly Fees (deleted),-4.0,transfer
au,24/01/2023,Stripe,Cost of Overhead Related to Service:Operating Expenses:Stripe Monthly Fees (deleted),-0.04,transfer
au,24/01/2023,Stripe,Cost of Overhead Related to Service:Operating Expenses:Stripe Monthly Fees (deleted),-7.8,transfer
au,23/01/2023,Stripe,Cost of Overhead Related to Service:Operating Expenses:Stripe Monthly Fees (deleted),-2.2,transfer
au,23/01/2023,Stripe,Cost of Overhead Related to Service:Operating Expenses:Stripe Monthly Fees (deleted),-0.04,transfer
au,23/01/2023,Stripe,Cost of Overhead Related to Service:Operating Expenses:Stripe Monthly Fees (deleted),-0.15,transfer
au,22/01/2023,Stripe,Cost of Overhead Related to Service:Operating Expenses:Stripe Monthly Fees (deleted),-6.9,transfer
au,22/01/2023,Stripe,Cost of Overhead Related to Service:Operating Expenses:Stripe Monthly Fees (deleted),-0.08,transfer
au,22/01/2023,Stripe,Cost of Overhead Related to Service:Operating Expenses:Stripe Monthly Fees (deleted),-0.1,transfer
au,21/01/2023,Stripe,Cost of Overhead Related to Service:Operating Expenses:Stripe Monthly Fees (deleted),-0.04,transfer
au,21/01/2023,Stripe,Cost of Overhead Related to Service:Operating Expenses:Stripe Monthly Fees (deleted),-8.6,transfer
au,20/01/2023,Stripe,Cost of Overhead Related to Service:Operating Expenses:Stripe Monthly Fees (deleted),-4.3,transfer
au,20/01/2023,Stripe,Cost of Overhead Related to Service:Operating Expenses:Stripe Monthly Fees (deleted),-0.78,transfer
au,19/01/2023,Stripe,Cost of Overhead Related to Service:Operating Expenses:Stripe Monthly Fees (deleted),-5.8,transfer
au,19/01/2023,Stripe,Cost of Overhead Related to Service:Operating Expenses:Stripe Monthly Fees (deleted),-0.15,transfer
au,19/01/2023,Stripe,Cost of Overhead Related to Service:Operating Expenses:Stripe Monthly Fees (deleted),-0.4,transfer
au,19/01/2023,Stripe,Cost of Overhead Related to Service:Operating Expenses:Stripe Monthly Fees (deleted),-0.12,transfer
au,18/01/2023,Stripe,Cost of Overhead Related to Service:Operating Expenses:Stripe Monthly Fees (deleted),-4.0,transfer
au,18/01/2023,Stripe,Cost of Overhead Related to Service:Operating Expenses:Stripe Monthly Fees (deleted),-0.28,transfer
au,17/01/2023,Stripe,Cost of Overhead Related to Service:Operating Expenses:Stripe Monthly Fees (deleted),-4.2,transfer
au,17/01/2023,Stripe,Cost of Overhead Related to Service:Operating Expenses:Stripe Monthly Fees (deleted),-0.4,transfer
au,16/01/2023,Stripe,Cost of Overhead Related to Service:Operating Expenses:Stripe Monthly Fees (deleted),-0.08,transfer
au,16/01/2023,Stripe,Cost of Overhead Related to Service:Operating Expenses:Stripe Monthly Fees (deleted),-0.15,transfer
au,16/01/2023,Stripe,Cost of Overhead Related to Service:Operating Expenses:Stripe Monthly Fees (deleted),-3.7,transfer
au,16/01/2023,Stripe,Cost of Overhead Related to Service:Operating Expenses:Stripe Monthly Fees (deleted),-4.4,transfer
au,16/01/2023,Stripe,Cost of Overhead Related to Service:Operating Expenses:Stripe Monthly Fees (deleted),-0.04,transfer
au,15/01/2023,Stripe,Cost of Overhead Related to Service:Operating Expenses:Stripe Monthly Fees (deleted),-0.4,transfer
au,15/01/2023,Stripe,Cost of Overhead Related to Service:Operating Expenses:Stripe Monthly Fees (deleted),-6.2,transfer
au,15/01/2023,Stripe,Cost of Overhead Related to Service:Operating Expenses:Stripe Monthly Fees (deleted),-0.08,transfer
au,14/01/2023,Stripe,Cost of Overhead Related to Service:Operating Expenses:Stripe Monthly Fees (deleted),-6.3,transfer
au,14/01/2023,Stripe,Cost of Overhead Related to Service:Operating Expenses:Stripe Monthly Fees (deleted),-0.15,transfer
au,14/01/2023,Stripe,Cost of Overhead Related to Service:Operating Expenses:Stripe Monthly Fees (deleted),-0.16,transfer
au,13/01/2023,Stripe,Cost of Overhead Related to Service:Operating Expenses:Stripe Monthly Fees (deleted),-0.04,transfer
au,13/01/2023,Stripe,Cost of Overhead Related to Service:Operating Expenses:Stripe Monthly Fees (deleted),-5.8,transfer
au,11/01/2023,Stripe,Cost of Overhead Related to Service:Operating Expenses:Stripe Monthly Fees (deleted),-6.0,transfer
au,11/01/2023,Stripe,Cost of Overhead Related to Service:Operating Expenses:Stripe Monthly Fees (deleted),-0.4,transfer
au,10/01/2023,Stripe,Cost of Overhead Related to Service:Operating Expenses:Stripe Monthly Fees (deleted),-0.08,transfer
au,10/01/2023,Stripe,Cost of Overhead Related to Service:Operating Expenses:Stripe Monthly Fees (deleted),-4.4,transfer
au,09/01/2023,Stripe,Cost of Overhead Related to Service:Operating Expenses:Stripe Monthly Fees (deleted),-4.2,transfer
au,09/01/2023,Stripe,Cost of Overhead Related to Service:Operating Expenses:Stripe Monthly Fees (deleted),-0.36,transfer
au,09/01/2023,Stripe,Cost of Overhead Related to Service:Operating Expenses:Stripe Monthly Fees (deleted),-5.3,transfer
au,08/01/2023,Stripe,Cost of Overhead Related to Service:Operating Expenses:Stripe Monthly Fees (deleted),-5.3,transfer
au,08/01/2023,Stripe,Cost of Overhead Related to Service:Operating Expenses:Stripe Monthly Fees (deleted),-0.2,transfer
au,08/01/2023,Stripe,Cost of Overhead Related to Service:Operating Expenses:Stripe Monthly Fees (deleted),-0.8,transfer
au,07/01/2023,Stripe,Cost of Overhead Related to Service:Operating Expenses:Stripe Monthly Fees (deleted),-2.6,transfer
au,07/01/2023,Stripe,Cost of Overhead Related to Service:Operating Expenses:Stripe Monthly Fees (deleted),-0.04,transfer
au,07/01/2023,Stripe,Cost of Overhead Related to Service:Operating Expenses:Stripe Monthly Fees (deleted),-0.4,transfer
au,07/01/2023,Stripe,Cost of Overhead Related to Service:Operating Expenses:Stripe Monthly Fees (deleted),-0.56,transfer
au,06/01/2023,Stripe,Cost of Overhead Related to Service:Operating Expenses:Stripe Monthly Fees (deleted),-3.4,transfer
au,05/01/2023,Stripe,Cost of Overhead Related to Service:Operating Expenses:Stripe Monthly Fees (deleted),-4.0,transfer
au,05/01/2023,Stripe,Cost of Overhead Related to Service:Operating Expenses:Stripe Monthly Fees (deleted),-0.04,transfer
au,04/01/2023,Stripe,Cost of Overhead Related to Service:Operating Expenses:Stripe Monthly Fees (deleted),-1.5,transfer
au,03/01/2023,Stripe,Cost of Overhead Related to Service:Operating Expenses:Stripe Monthly Fees (deleted),-103.0,transfer
au,03/01/2023,Stripe,Cost of Overhead Related to Service:Operating Expenses:Stripe Monthly Fees (deleted),-166.94,transfer
au,03/01/2023,Stripe,Cost of Overhead Related to Service:Operating Expenses:Stripe Monthly Fees (deleted),-21.5,transfer
au,03/01/2023,Stripe,Cost of Overhead Related to Service:Operating Expenses:Stripe Monthly Fees (deleted),-2.7,transfer
au,01/01/2023,Stripe,Cost of Overhead Related to Service:Operating Expenses:Stripe Monthly Fees (deleted),-1.38,transfer
au,01/01/2023,Stripe,Cost of Overhead Related to Service:Operating Expenses:Stripe Monthly Fees (deleted),-2.26,transfer
au,01/01/2023,Stripe,Cost of Overhead Related to Service:Operating Expenses:Stripe Monthly Fees (deleted),-3.7,transfer
au,19/12/2022,Stripe,1101 Savings (7311),-25000.0,transfer
au,30/11/2022,Stripe,Stripe,52431.0,transfer
au,30/11/2022,Stripe,Stripe,-52431.0,transfer
au,31/12/2024,2400-STRIPE-HOST Stripe - Host Payables,1100 Stripe - Clearing Account,-440941.06,transfer
au,30/11/2024,2400-STRIPE-HOST Stripe - Host Payables,1100 Stripe - Clearing Account,-417395.51,transfer
au,31/10/2024,2400-STRIPE-HOST Stripe - Host Payables,1100 Stripe - Clearing Account,-335113.65,transfer
au,30/09/2024,2400-STRIPE-HOST Stripe - Host Payables,1100 Stripe - Clearing Account,-235621.16,transfer
au,31/08/2024,2400-STRIPE-HOST Stripe - Host Payables,1100 Stripe - Clearing Account,-57185.71,transfer
au,31/07/2024,2400-STRIPE-HOST Stripe - Host Payables,1100 Stripe - Clearing Account,-15726.51,transfer
au,30/06/2024,2400-STRIPE-HOST Stripe - Host Payables,1100 Stripe - Clearing Account,-14998.65,transfer
au,31/05/2024,2400-STRIPE-HOST Stripe - Host Payables,1100 Stripe - Clearing Account,-20951.33,transfer
au,30/04/2024,2400-STRIPE-HOST Stripe - Host Payables,1100 Stripe - Clearing Account,-17683.16,transfer
au,31/03/2024,2400-STRIPE-HOST Stripe - Host Payables,1100 Stripe - Clearing Account,-20369.68,transfer
au,29/02/2024,2400-STRIPE-HOST Stripe - Host Payables,1100 Stripe - Clearing Account,-21664.99,transfer
au,31/01/2024,2400-STRIPE-HOST Stripe - Host Payables,1100 Stripe - Clearing Account,-6106.12,transfer
au,30/03/2026,Payroll clearing,1102 Wise AU,-5871.67,transfer
au,27/03/2026,Payroll clearing,1102 Wise AU,-5297.67,transfer
au,27/03/2026,Payroll clearing,1102 Wise AU,-10505.86,transfer
au,27/03/2026,Payroll clearing,1102 Wise AU,-3114.68,transfer
au,27/02/2026,Payroll clearing,1102 Wise AU,-3356.72,transfer
au,27/02/2026,Payroll clearing,1102 Wise AU,-5297.67,transfer
au,27/02/2026,Payroll clearing,1102 Wise AU,-8692.17,transfer
au,27/02/2026,Payroll clearing,1102 Wise AU,-3495.98,transfer
au,03/02/2026,Payroll clearing,1102 Wise AU,-1268.87,transfer
au,27/09/2024,Payroll clearing,1101 Savings (7311),-8272.67,transfer
au,30/08/2024,Payroll clearing,1101 Savings (7311),-8272.67,transfer
au,29/02/2024,Payroll clearing,1101 Savings (7311),-5091.0,transfer
au,29/01/2024,Payroll clearing,1101 Savings (7311),-5630.0,transfer
au,28/12/2023,Payroll clearing,1101 Savings (7311),-5091.0,transfer
au,28/11/2023,Payroll clearing,1101 Savings (7311),-4921.3,transfer
au,27/10/2023,Payroll clearing,1101 Savings (7311),-5091.0,transfer
au,29/09/2023,Payroll clearing,1101 Savings (7311),-5091.0,transfer
au,29/08/2023,Payroll clearing,1101 Savings (7311),-5091.0,transfer
au,28/07/2023,Payroll clearing,1101 Savings (7311),-5091.0,transfer
au,28/06/2023,Payroll clearing,1101 Savings (7311),-5090.67,transfer
au,28/05/2023,Payroll clearing,1101 Savings (7311),-5090.67,transfer
au,01/05/2023,Payroll clearing,1101 Savings (7311),-7847.3,transfer
au,28/03/2023,Payroll clearing,1101 Savings (7311),-7847.3,transfer
au,03/03/2023,Payroll clearing,1101 Savings (7311),-7847.3,transfer
au,30/01/2023,Payroll clearing,1101 Savings (7311),-5090.67,transfer
au,29/12/2022,Payroll clearing,1101 Savings (7311),-5090.67,transfer
au,28/11/2022,Payroll clearing,1101 Savings (7311),-5090.67,transfer
au,28/10/2022,Payroll clearing,1101 Savings (7311),-5090.67,transfer
au,28/10/2022,Payroll clearing,1101 Savings (7311),0.0,transfer
au,28/09/2022,Payroll clearing,1101 Savings (7311),-5090.67,transfer
au,29/08/2022,Payroll clearing,1101 Savings (7311),-5090.67,transfer
au,29/07/2022,Payroll clearing,1101 Savings (7311),-5090.67,transfer
au,30/11/2025,4100-STRIPE-TRIP Stripe - Trip Revenue,1100 Stripe - Clearing Account,10455.47,transfer
au,31/10/2025,4100-STRIPE-TRIP Stripe - Trip Revenue,1100 Stripe - Clearing Account,30251.23,transfer
au,30/09/2025,4100-STRIPE-TRIP Stripe - Trip Revenue,1100 Stripe - Clearing Account,31630.8,transfer
au,31/08/2025,4100-STRIPE-TRIP Stripe - Trip Revenue,1100 Stripe - Clearing Account,33485.82,transfer
au,31/07/2025,4100-STRIPE-TRIP Stripe - Trip Revenue,1100 Stripe - Clearing Account,36336.2,transfer
au,30/06/2025,4100-STRIPE-TRIP Stripe - Trip Revenue,1100 Stripe - Clearing Account,43343.87,transfer
au,31/05/2025,4100-STRIPE-TRIP Stripe - Trip Revenue,1100 Stripe - Clearing Account,52446.05,transfer
au,30/04/2025,4100-STRIPE-TRIP Stripe - Trip Revenue,1100 Stripe - Clearing Account,69716.97,transfer
au,31/03/2025,4100-STRIPE-TRIP Stripe - Trip Revenue,1100 Stripe - Clearing Account,87993.55,transfer
au,28/02/2025,4100-STRIPE-TRIP Stripe - Trip Revenue,1100 Stripe - Clearing Account,78385.86,transfer
au,31/01/2025,4100-STRIPE-TRIP Stripe - Trip Revenue,1100 Stripe - Clearing Account,71385.83,transfer
au,03/11/2025,4101 CMB - Trip Revenue,1101 Savings (7311),54.0,transfer
au,28/10/2025,4101 CMB - Trip Revenue,1101 Savings (7311),300.0,transfer
au,25/09/2025,4101 CMB - Trip Revenue,1101 Savings (7311),125.0,transfer
au,09/05/2025,4101 CMB - Trip Revenue,1101 Savings (7311),54.0,transfer
au,31/12/2025,4300-STRIPE-INC Stripe - Incidentals Revenue,1100 Stripe - Clearing Account,13317.87,transfer
au,30/11/2025,4300-STRIPE-INC Stripe - Incidentals Revenue,1100 Stripe - Clearing Account,57620.21,transfer
au,31/10/2025,4300-STRIPE-INC Stripe - Incidentals Revenue,1100 Stripe - Clearing Account,87399.26,transfer
au,30/09/2025,4300-STRIPE-INC Stripe - Incidentals Revenue,1100 Stripe - Clearing Account,75140.25,transfer
au,31/08/2025,4300-STRIPE-INC Stripe - Incidentals Revenue,1100 Stripe - Clearing Account,96998.77,transfer
au,31/07/2025,4300-STRIPE-INC Stripe - Incidentals Revenue,1100 Stripe - Clearing Account,97188.53,transfer
au,30/06/2025,4300-STRIPE-INC Stripe - Incidentals Revenue,1100 Stripe - Clearing Account,96788.47,transfer
au,31/05/2025,4300-STRIPE-INC Stripe - Incidentals Revenue,1100 Stripe - Clearing Account,118683.87,transfer
au,30/04/2025,4300-STRIPE-INC Stripe - Incidentals Revenue,1100 Stripe - Clearing Account,85162.93,transfer
au,31/03/2025,4300-STRIPE-INC Stripe - Incidentals Revenue,1100 Stripe - Clearing Account,94055.45,transfer
au,28/02/2025,4300-STRIPE-INC Stripe - Incidentals Revenue,1100 Stripe - Clearing Account,80769.76,transfer
au,31/01/2025,4300-STRIPE-INC Stripe - Incidentals Revenue,1100 Stripe - Clearing Account,103700.15,transfer
au,22/08/2024,4300-STRIPE-INC Stripe - Incidentals Revenue,1101 Savings (7311),335.0,transfer
au,21/08/2024,4300-STRIPE-INC Stripe - Incidentals Revenue,1101 Savings (7311),259.0,transfer
au,20/08/2024,4300-STRIPE-INC Stripe - Incidentals Revenue,1101 Savings (7311),259.0,transfer
au,19/08/2024,4300-STRIPE-INC Stripe - Incidentals Revenue,1101 Savings (7311),259.0,transfer
au,13/08/2024,4300-STRIPE-INC Stripe - Incidentals Revenue,1101 Savings (7311),335.0,transfer
au,08/08/2024,4300-STRIPE-INC Stripe - Incidentals Revenue,1101 Savings (7311),259.0,transfer
au,25/07/2024,4300-STRIPE-INC Stripe - Incidentals Revenue,1101 Savings (7311),670.0,transfer
au,21/07/2024,4300-STRIPE-INC Stripe - Incidentals Revenue,1101 Savings (7311),259.0,transfer
au,09/07/2024,4300-STRIPE-INC Stripe - Incidentals Revenue,1101 Savings (7311),670.0,transfer
au,05/07/2024,4300-STRIPE-INC Stripe - Incidentals Revenue,1101 Savings (7311),259.0,transfer
au,29/06/2024,4300-STRIPE-INC Stripe - Incidentals Revenue,1101 Savings (7311),335.0,transfer
au,22/06/2024,4300-STRIPE-INC Stripe - Incidentals Revenue,1101 Savings (7311),335.0,transfer
au,21/06/2024,4300-STRIPE-INC Stripe - Incidentals Revenue,1101 Savings (7311),259.0,transfer
au,20/06/2024,4300-STRIPE-INC Stripe - Incidentals Revenue,1101 Savings (7311),200.0,transfer
au,18/06/2024,4300-STRIPE-INC Stripe - Incidentals Revenue,1101 Savings (7311),1025.0,transfer
au,14/06/2024,4300-STRIPE-INC Stripe - Incidentals Revenue,1101 Savings (7311),882.0,transfer
au,13/06/2024,4300-STRIPE-INC Stripe - Incidentals Revenue,1101 Savings (7311),335.0,transfer
au,12/06/2024,4300-STRIPE-INC Stripe - Incidentals Revenue,1101 Savings (7311),335.0,transfer
au,09/06/2024,4300-STRIPE-INC Stripe - Incidentals Revenue,1101 Savings (7311),335.0,transfer
au,07/06/2024,4300-STRIPE-INC Stripe - Incidentals Revenue,1101 Savings (7311),240.0,transfer
au,06/06/2024,4300-STRIPE-INC Stripe - Incidentals Revenue,1101 Savings (7311),259.0,transfer
au,23/05/2024,4300-STRIPE-INC Stripe - Incidentals Revenue,1101 Savings (7311),588.0,transfer
au,21/05/2024,4300-STRIPE-INC Stripe - Incidentals Revenue,1101 Savings (7311),259.0,transfer
au,09/05/2024,4300-STRIPE-INC Stripe - Incidentals Revenue,1101 Savings (7311),259.0,transfer
au,29/04/2024,4300-STRIPE-INC Stripe - Incidentals Revenue,1101 Savings (7311),235.45,transfer
au,24/04/2024,4300-STRIPE-INC Stripe - Incidentals Revenue,1101 Savings (7311),363.64,transfer
au,18/04/2024,4300-STRIPE-INC Stripe - Incidentals Revenue,1101 Savings (7311),235.45,transfer
au,17/04/2024,4300-STRIPE-INC Stripe - Incidentals Revenue,1101 Savings (7311),418.18,transfer
au,12/04/2024,4300-STRIPE-INC Stripe - Incidentals Revenue,1101 Savings (7311),235.45,transfer
au,29/03/2024,4300-STRIPE-INC Stripe - Incidentals Revenue,1101 Savings (7311),259.0,transfer
au,28/03/2024,4300-STRIPE-INC Stripe - Incidentals Revenue,1101 Savings (7311),687.0,transfer
au,27/03/2024,4300-STRIPE-INC Stripe - Incidentals Revenue,1101 Savings (7311),280.23,transfer
au,24/03/2024,4300-STRIPE-INC Stripe - Incidentals Revenue,1101 Savings (7311),400.0,transfer
au,19/03/2024,4300-STRIPE-INC Stripe - Incidentals Revenue,1101 Savings (7311),259.0,transfer
au,18/03/2024,4300-STRIPE-INC Stripe - Incidentals Revenue,1101 Savings (7311),100.0,transfer
au,13/03/2024,4300-STRIPE-INC Stripe - Incidentals Revenue,1101 Savings (7311),25.0,transfer
au,09/03/2024,4300-STRIPE-INC Stripe - Incidentals Revenue,1101 Savings (7311),794.0,transfer
au,08/03/2024,4300-STRIPE-INC Stripe - Incidentals Revenue,1101 Savings (7311),294.18,transfer
au,08/03/2024,4300-STRIPE-INC Stripe - Incidentals Revenue,1101 Savings (7311),259.0,transfer
au,01/03/2024,4300-STRIPE-INC Stripe - Incidentals Revenue,1101 Savings (7311),259.0,transfer
au,23/02/2024,4300-STRIPE-INC Stripe - Incidentals Revenue,1101 Savings (7311),789.0,transfer
au,23/02/2024,4300-STRIPE-INC Stripe - Incidentals Revenue,1101 Savings (7311),259.0,transfer
au,15/02/2024,4300-STRIPE-INC Stripe - Incidentals Revenue,1101 Savings (7311),259.0,transfer
au,05/02/2024,4300-STRIPE-INC Stripe - Incidentals Revenue,1101 Savings (7311),259.0,transfer
au,02/02/2024,4300-STRIPE-INC Stripe - Incidentals Revenue,1101 Savings (7311),749.0,transfer
au,31/03/2026,4301 CMB - Incidental Revenue,1101 Savings (7311),102.0,transfer
au,31/03/2026,4301 CMB - Incidental Revenue,1101 Savings (7311),36.0,transfer
au,27/03/2026,4301 CMB - Incidental Revenue,1101 Savings (7311),30.0,transfer
au,22/03/2026,4301 CMB - Incidental Revenue,1101 Savings (7311),194.0,transfer
au,20/03/2026,4301 CMB - Incidental Revenue,1101 Savings (7311),30.0,transfer
au,19/03/2026,4301 CMB - Incidental Revenue,1101 Savings (7311),50.0,transfer
au,18/03/2026,4301 CMB - Incidental Revenue,1101 Savings (7311),1057.41,transfer
au,17/03/2026,4301 CMB - Incidental Revenue,1101 Savings (7311),102.0,transfer
au,16/03/2026,4301 CMB - Incidental Revenue,1101 Savings (7311),2969.76,transfer
au,13/03/2026,4301 CMB - Incidental Revenue,1101 Savings (7311),30.0,transfer
au,12/03/2026,4301 CMB - Incidental Revenue,1101 Savings (7311),50.0,transfer
au,06/03/2026,4301 CMB - Incidental Revenue,1101 Savings (7311),30.0,transfer
au,05/03/2026,4301 CMB - Incidental Revenue,1101 Savings (7311),40.0,transfer
au,04/03/2026,4301 CMB - Incidental Revenue,1101 Savings (7311),6340.31,transfer
au,03/03/2026,4301 CMB - Incidental Revenue,1101 Savings (7311),102.0,transfer
au,02/03/2026,4301 CMB - Incidental Revenue,1101 Savings (7311),12869.09,transfer
au,27/02/2026,4301 CMB - Incidental Revenue,1101 Savings (7311),30.0,transfer
au,26/02/2026,4301 CMB - Incidental Revenue,1101 Savings (7311),50.0,transfer
au,21/02/2026,4301 CMB - Incidental Revenue,1101 Savings (7311),622.88,transfer
au,20/02/2026,4301 CMB - Incidental Revenue,1101 Savings (7311),30.0,transfer
au,17/02/2026,4301 CMB - Incidental Revenue,1101 Savings (7311),102.0,transfer
au,16/02/2026,4301 CMB - Incidental Revenue,1101 Savings (7311),2727.27,transfer
au,13/02/2026,4301 CMB - Incidental Revenue,1101 Savings (7311),30.0,transfer
au,11/02/2026,4301 CMB - Incidental Revenue,1101 Savings (7311),5909.09,transfer
au,11/02/2026,4301 CMB - Incidental Revenue,1101 Savings (7311),50.0,transfer
au,09/02/2026,4301 CMB - Incidental Revenue,1101 Savings (7311),48.0,transfer
au,06/02/2026,4301 CMB - Incidental Revenue,1101 Savings (7311),30.0,transfer
au,03/02/2026,4301 CMB - Incidental Revenue,1101 Savings (7311),102.0,transfer
au,03/02/2026,4301 CMB - Incidental Revenue,1101 Savings (7311),1254.82,transfer
au,02/02/2026,4301 CMB - Incidental Revenue,1101 Savings (7311),12500.0,transfer
au,30/01/2026,4301 CMB - Incidental Revenue,1101 Savings (7311),30.0,transfer
au,28/01/2026,4301 CMB - Incidental Revenue,1101 Savings (7311),18.0,transfer
au,28/01/2026,4301 CMB - Incidental Revenue,1101 Savings (7311),71.13,transfer
au,27/01/2026,4301 CMB - Incidental Revenue,1101 Savings (7311),259.02,transfer
au,23/01/2026,4301 CMB - Incidental Revenue,1101 Savings (7311),30.0,transfer
au,21/01/2026,4301 CMB - Incidental Revenue,1101 Savings (7311),102.0,transfer
au,19/01/2026,4301 CMB - Incidental Revenue,1101 Savings (7311),18684.33,transfer
au,17/01/2026,4301 CMB - Incidental Revenue,1101 Savings (7311),90.0,transfer
au,16/01/2026,4301 CMB - Incidental Revenue,1101 Savings (7311),30.0,transfer
au,09/01/2026,4301 CMB - Incidental Revenue,1101 Savings (7311),736.86,transfer
au,09/01/2026,4301 CMB - Incidental Revenue,1101 Savings (7311),30.0,transfer
au,06/01/2026,4301 CMB - Incidental Revenue,1101 Savings (7311),102.0,transfer
au,02/01/2026,4301 CMB - Incidental Revenue,1101 Savings (7311),30.0,transfer
au,02/01/2026,4301 CMB - Incidental Revenue,1101 Savings (7311),941.38,transfer
au,29/12/2025,4301 CMB - Incidental Revenue,1101 Savings (7311),30.0,transfer
au,29/12/2025,4301 CMB - Incidental Revenue,1101 Savings (7311),736.84,transfer
au,24/12/2025,4301 CMB - Incidental Revenue,1101 Savings (7311),90.0,transfer
au,23/12/2025,4301 CMB - Incidental Revenue,1101 Savings (7311),102.0,transfer
au,19/12/2025,4301 CMB - Incidental Revenue,1101 Savings (7311),30.0,transfer
au,16/12/2025,4301 CMB - Incidental Revenue,1101 Savings (7311),281.7,transfer
au,15/12/2025,4301 CMB - Incidental Revenue,1101 Savings (7311),393.58,transfer
au,12/12/2025,4301 CMB - Incidental Revenue,1101 Savings (7311),30.0,transfer
au,12/12/2025,4301 CMB - Incidental Revenue,1101 Savings (7311),10454.55,transfer
au,12/12/2025,4301 CMB - Incidental Revenue,1101 Savings (7311),736.84,transfer
au,11/12/2025,4301 CMB - Incidental Revenue,1101 Savings (7311),49.25,transfer
au,10/12/2025,4301 CMB - Incidental Revenue,1101 Savings (7311),13656.37,transfer
au,10/12/2025,4301 CMB - Incidental Revenue,1101 Savings (7311),88.0,transfer
au,10/12/2025,4301 CMB - Incidental Revenue,1101 Savings (7311),102.0,transfer
au,05/12/2025,4301 CMB - Incidental Revenue,1101 Savings (7311),30.0,transfer
au,03/12/2025,4301 CMB - Incidental Revenue,1101 Savings (7311),89.0,transfer
au,28/11/2025,4301 CMB - Incidental Revenue,1101 Savings (7311),736.84,transfer
au,28/11/2025,4301 CMB - Incidental Revenue,1101 Savings (7311),1363.64,transfer
au,28/11/2025,4301 CMB - Incidental Revenue,1101 Savings (7311),30.0,transfer
au,27/11/2025,4301 CMB - Incidental Revenue,1101 Savings (7311),18.0,transfer
au,27/11/2025,4301 CMB - Incidental Revenue,1101 Savings (7311),715.45,transfer
au,25/11/2025,4301 CMB - Incidental Revenue,1101 Savings (7311),102.0,transfer
au,24/11/2025,4301 CMB - Incidental Revenue,1101 Savings (7311),9315.4,transfer
au,21/11/2025,4301 CMB - Incidental Revenue,1101 Savings (7311),30.0,transfer
au,20/11/2025,4301 CMB - Incidental Revenue,1101 Savings (7311),15900.0,transfer
au,20/11/2025,4301 CMB - Incidental Revenue,1101 Savings (7311),8485.06,transfer
au,18/11/2025,4301 CMB - Incidental Revenue,1101 Savings (7311),281.7,transfer
au,18/11/2025,4301 CMB - Incidental Revenue,1101 Savings (7311),267.94,transfer
au,14/11/2025,4301 CMB - Incidental Revenue,1101 Savings (7311),736.84,transfer
au,14/11/2025,4301 CMB - Incidental Revenue,1101 Savings (7311),30.0,transfer
au,13/11/2025,4301 CMB - Incidental Revenue,1101 Savings (7311),14034.32,transfer
au,13/11/2025,4301 CMB - Incidental Revenue,1101 Savings (7311),87.6,transfer
au,12/11/2025,4301 CMB - Incidental Revenue,1101 Savings (7311),227.88,transfer
au,12/11/2025,4301 CMB - Incidental Revenue,1101 Savings (7311),102.0,transfer
au,11/11/2025,4301 CMB - Incidental Revenue,1101 Savings (7311),4681.81,transfer
au,07/11/2025,4301 CMB - Incidental Revenue,1101 Savings (7311),30.0,transfer
au,07/11/2025,4301 CMB - Incidental Revenue,1101 Savings (7311),47.98,transfer
au,04/11/2025,4301 CMB - Incidental Revenue,1101 Savings (7311),281.7,transfer
au,03/11/2025,4301 CMB - Incidental Revenue,1101 Savings (7311),46.0,transfer
au,31/10/2025,4301 CMB - Incidental Revenue,1101 Savings (7311),736.84,transfer
au,31/10/2025,4301 CMB - Incidental Revenue,1101 Savings (7311),6363.64,transfer
au,31/10/2025,4301 CMB - Incidental Revenue,1101 Savings (7311),30.0,transfer
au,30/10/2025,4301 CMB - Incidental Revenue,1101 Savings (7311),380.31,transfer
au,29/10/2025,4301 CMB - Incidental Revenue,1101 Savings (7311),300.0,transfer
au,29/10/2025,4301 CMB - Incidental Revenue,1101 Savings (7311),87.6,transfer
au,24/10/2025,4301 CMB - Incidental Revenue,1101 Savings (7311),30.0,transfer
au,23/10/2025,4301 CMB - Incidental Revenue,1101 Savings (7311),47.98,transfer
au,22/10/2025,4301 CMB - Incidental Revenue,1101 Savings (7311),281.7,transfer
au,21/10/2025,4301 CMB - Incidental Revenue,1101 Savings (7311),14545.45,transfer
au,17/10/2025,4301 CMB - Incidental Revenue,1101 Savings (7311),30.0,transfer
au,17/10/2025,4301 CMB - Incidental Revenue,1101 Savings (7311),4195.18,transfer
au,15/10/2025,4301 CMB - Incidental Revenue,1101 Savings (7311),8678.43,transfer
au,14/10/2025,4301 CMB - Incidental Revenue,1101 Savings (7311),19910.69,transfer
au,14/10/2025,4301 CMB - Incidental Revenue,1101 Savings (7311),160.41,transfer
au,10/10/2025,4301 CMB - Incidental Revenue,1101 Savings (7311),30.0,transfer
au,10/10/2025,4301 CMB - Incidental Revenue,1101 Savings (7311),66.5,transfer
au,09/10/2025,4301 CMB - Incidental Revenue,1101 Savings (7311),95.96,transfer
au,07/10/2025,4301 CMB - Incidental Revenue,1101 Savings (7311),281.7,transfer
au,03/10/2025,4301 CMB - Incidental Revenue,1101 Savings (7311),1120.0,transfer
au,03/10/2025,4301 CMB - Incidental Revenue,1101 Savings (7311),4818.18,transfer
au,03/10/2025,4301 CMB - Incidental Revenue,1101 Savings (7311),30.0,transfer
au,01/10/2025,4301 CMB - Incidental Revenue,1101 Savings (7311),11818.18,transfer
au,30/09/2025,4301 CMB - Incidental Revenue,1101 Savings (7311),160.41,transfer
au,30/09/2025,4301 CMB - Incidental Revenue,1101 Savings (7311),2132.6,transfer
au,29/09/2025,4301 CMB - Incidental Revenue,1101 Savings (7311),15.3,transfer
au,26/09/2025,4301 CMB - Incidental Revenue,1101 Savings (7311),30.0,transfer
au,26/09/2025,4301 CMB - Incidental Revenue,1101 Savings (7311),300.27,transfer
au,23/09/2025,4301 CMB - Incidental Revenue,1101 Savings (7311),17.0,transfer
au,22/09/2025,4301 CMB - Incidental Revenue,1101 Savings (7311),8.0,transfer
au,22/09/2025,4301 CMB - Incidental Revenue,1101 Savings (7311),6818.18,transfer
au,19/09/2025,4301 CMB - Incidental Revenue,1101 Savings (7311),40.0,transfer
au,19/09/2025,4301 CMB - Incidental Revenue,1101 Savings (7311),30.0,transfer
au,18/09/2025,4301 CMB - Incidental Revenue,1101 Savings (7311),74.01,transfer
au,17/09/2025,4301 CMB - Incidental Revenue,1101 Savings (7311),8113.63,transfer
au,16/09/2025,4301 CMB - Incidental Revenue,1101 Savings (7311),160.41,transfer
au,16/09/2025,4301 CMB - Incidental Revenue,1101 Savings (7311),12545.45,transfer
au,15/09/2025,4301 CMB - Incidental Revenue,1101 Savings (7311),17.0,transfer
au,14/09/2025,4301 CMB - Incidental Revenue,1101 Savings (7311),47.98,transfer
au,13/09/2025,4301 CMB - Incidental Revenue,1101 Savings (7311),33.85,transfer
au,12/09/2025,4301 CMB - Incidental Revenue,1101 Savings (7311),30.0,transfer
au,11/09/2025,4301 CMB - Incidental Revenue,1101 Savings (7311),58.75,transfer
au,09/09/2025,4301 CMB - Incidental Revenue,1101 Savings (7311),17.0,transfer
au,08/09/2025,4301 CMB - Incidental Revenue,1101 Savings (7311),16818.18,transfer
au,05/09/2025,4301 CMB - Incidental Revenue,1101 Savings (7311),30.0,transfer
au,05/09/2025,4301 CMB - Incidental Revenue,1101 Savings (7311),33.82,transfer
au,02/09/2025,4301 CMB - Incidental Revenue,1101 Savings (7311),17.0,transfer
au,01/09/2025,4301 CMB - Incidental Revenue,1101 Savings (7311),160.41,transfer
au,31/08/2025,4301 CMB - Incidental Revenue,1101 Savings (7311),175.0,transfer
au,29/08/2025,4301 CMB - Incidental Revenue,1101 Savings (7311),1194.95,transfer
au,28/08/2025,4301 CMB - Incidental Revenue,1101 Savings (7311),60.0,transfer
au,27/08/2025,4301 CMB - Incidental Revenue,1101 Savings (7311),2181.82,transfer
au,25/08/2025,4301 CMB - Incidental Revenue,1101 Savings (7311),8636.36,transfer
au,25/08/2025,4301 CMB - Incidental Revenue,1101 Savings (7311),23.36,transfer
au,24/08/2025,4301 CMB - Incidental Revenue,1101 Savings (7311),16.67,transfer
au,23/08/2025,4301 CMB - Incidental Revenue,1101 Savings (7311),33.82,transfer
au,22/08/2025,4301 CMB - Incidental Revenue,1101 Savings (7311),30.0,transfer
au,22/08/2025,4301 CMB - Incidental Revenue,1101 Savings (7311),30.0,transfer
au,21/08/2025,4301 CMB - Incidental Revenue,1101 Savings (7311),14545.45,transfer
au,20/08/2025,4301 CMB - Incidental Revenue,1101 Savings (7311),30.0,transfer
au,18/08/2025,4301 CMB - Incidental Revenue,1101 Savings (7311),160.42,transfer
au,15/08/2025,4301 CMB - Incidental Revenue,1101 Savings (7311),47.98,transfer
au,15/08/2025,4301 CMB - Incidental Revenue,1101 Savings (7311),60.0,transfer
au,13/08/2025,4301 CMB - Incidental Revenue,1101 Savings (7311),1657.6,transfer
au,13/08/2025,4301 CMB - Incidental Revenue,1101 Savings (7311),67.27,transfer
au,12/08/2025,4301 CMB - Incidental Revenue,1101 Savings (7311),909.09,transfer
au,12/08/2025,4301 CMB - Incidental Revenue,1101 Savings (7311),23.36,transfer
au,10/08/2025,4301 CMB - Incidental Revenue,1101 Savings (7311),16.67,transfer
au,09/08/2025,4301 CMB - Incidental Revenue,1101 Savings (7311),33.82,transfer
au,07/08/2025,4301 CMB - Incidental Revenue,1101 Savings (7311),500.0,transfer
au,04/08/2025,4301 CMB - Incidental Revenue,1101 Savings (7311),160.42,transfer
au,04/08/2025,4301 CMB - Incidental Revenue,1101 Savings (7311),178.0,transfer
au,04/08/2025,4301 CMB - Incidental Revenue,1101 Savings (7311),16.67,transfer
au,02/08/2025,4301 CMB - Incidental Revenue,1101 Savings (7311),60.0,transfer
au,31/07/2025,4301 CMB - Incidental Revenue,1101 Savings (7311),136.38,transfer
au,30/07/2025,4301 CMB - Incidental Revenue,1101 Savings (7311),67.27,transfer
au,29/07/2025,4301 CMB - Incidental Revenue,1101 Savings (7311),23.36,transfer
au,27/07/2025,4301 CMB - Incidental Revenue,1101 Savings (7311),192.5,transfer
au,25/07/2025,4301 CMB - Incidental Revenue,1101 Savings (7311),33.82,transfer
au,25/07/2025,4301 CMB - Incidental Revenue,1101 Savings (7311),25.0,transfer
au,24/07/2025,4301 CMB - Incidental Revenue,1101 Savings (7311),51.87,transfer
au,23/07/2025,4301 CMB - Incidental Revenue,1101 Savings (7311),4000.0,transfer
au,22/07/2025,4301 CMB - Incidental Revenue,1101 Savings (7311),16.67,transfer
au,22/07/2025,4301 CMB - Incidental Revenue,1101 Savings (7311),606.13,transfer
au,21/07/2025,4301 CMB - Incidental Revenue,1101 Savings (7311),1000.0,transfer
au,18/07/2025,4301 CMB - Incidental Revenue,1101 Savings (7311),88.48,transfer
au,18/07/2025,4301 CMB - Incidental Revenue,1101 Savings (7311),60.0,transfer
au,17/07/2025,4301 CMB - Incidental Revenue,1101 Savings (7311),11.36,transfer
au,16/07/2025,4301 CMB - Incidental Revenue,1101 Savings (7311),67.27,transfer
au,15/07/2025,4301 CMB - Incidental Revenue,1101 Savings (7311),3636.36,transfer
au,15/07/2025,4301 CMB - Incidental Revenue,1101 Savings (7311),106.09,transfer
au,14/07/2025,4301 CMB - Incidental Revenue,1101 Savings (7311),23.36,transfer
au,11/07/2025,4301 CMB - Incidental Revenue,1101 Savings (7311),51.87,transfer
au,11/07/2025,4301 CMB - Incidental Revenue,1101 Savings (7311),48.43,transfer
au,06/07/2025,4301 CMB - Incidental Revenue,1101 Savings (7311),176.0,transfer
au,04/07/2025,4301 CMB - Incidental Revenue,1101 Savings (7311),60.0,transfer
au,04/07/2025,4301 CMB - Incidental Revenue,1101 Savings (7311),33.82,transfer
au,02/07/2025,4301 CMB - Incidental Revenue,1101 Savings (7311),67.27,transfer
au,30/06/2025,4301 CMB - Incidental Revenue,1101 Savings (7311),23.36,transfer
au,28/06/2025,4301 CMB - Incidental Revenue,1101 Savings (7311),111.05,transfer
au,25/06/2025,4301 CMB - Incidental Revenue,1101 Savings (7311),31.75,transfer
au,24/06/2025,4301 CMB - Incidental Revenue,1101 Savings (7311),18.0,transfer
au,18/06/2025,4301 CMB - Incidental Revenue,1101 Savings (7311),67.27,transfer
au,18/06/2025,4301 CMB - Incidental Revenue,1101 Savings (7311),40.0,transfer
au,16/06/2025,4301 CMB - Incidental Revenue,1101 Savings (7311),880.0,transfer
au,13/06/2025,4301 CMB - Incidental Revenue,1101 Savings (7311),42.84,transfer
au,12/06/2025,4301 CMB - Incidental Revenue,1101 Savings (7311),249.6,transfer
au,12/06/2025,4301 CMB - Incidental Revenue,1101 Savings (7311),67.27,transfer
au,11/06/2025,4301 CMB - Incidental Revenue,1101 Savings (7311),41.68,transfer
au,11/06/2025,4301 CMB - Incidental Revenue,1101 Savings (7311),7254.55,transfer
au,31/05/2025,4301 CMB - Incidental Revenue,1101 Savings (7311),333.48,transfer
au,26/05/2025,4301 CMB - Incidental Revenue,1101 Savings (7311),1.2,transfer
au,18/05/2025,4301 CMB - Incidental Revenue,1101 Savings (7311),259.0,transfer
au,30/04/2025,4301 CMB - Incidental Revenue,1101 Savings (7311),130.0,transfer
au,23/04/2025,4301 CMB - Incidental Revenue,1101 Savings (7311),130.0,transfer
au,18/04/2025,4301 CMB - Incidental Revenue,1101 Savings (7311),130.0,transfer
au,14/04/2025,4301 CMB - Incidental Revenue,1101 Savings (7311),259.0,transfer
au,10/04/2025,4301 CMB - Incidental Revenue,1101 Savings (7311),683.69,transfer
au,10/04/2025,4301 CMB - Incidental Revenue,1101 Savings (7311),504.85,transfer
au,06/04/2025,4301 CMB - Incidental Revenue,1101 Savings (7311),259.0,transfer
au,31/03/2025,4301 CMB - Incidental Revenue,1101 Savings (7311),259.0,transfer
au,20/03/2025,4301 CMB - Incidental Revenue,1101 Savings (7311),259.0,transfer
au,19/03/2025,4301 CMB - Incidental Revenue,1101 Savings (7311),450.11,transfer
au,27/01/2025,4301 CMB - Incidental Revenue,1101 Savings (7311),259.0,transfer
au,18/01/2025,4301 CMB - Incidental Revenue,1101 Savings (7311),259.0,transfer
au,28/02/2023,Stripe Platform earnings (deleted),Stripe,18.81,transfer
au,28/02/2023,Stripe Platform earnings (deleted),Stripe,134.4,transfer
au,28/02/2023,Stripe Platform earnings (deleted),Stripe,72.9,transfer
au,28/02/2023,Stripe Platform earnings (deleted),Stripe,99.18,transfer
au,28/02/2023,Stripe Platform earnings (deleted),Stripe,131.33,transfer
au,28/02/2023,Stripe Platform earnings (deleted),Stripe,36.56,transfer
au,28/02/2023,Stripe Platform earnings (deleted),Stripe,22.38,transfer
au,28/02/2023,Stripe Platform earnings (deleted),Stripe,18.88,transfer
au,28/02/2023,Stripe Platform earnings (deleted),Stripe,96.43,transfer
au,28/02/2023,Stripe Platform earnings (deleted),Stripe,199.75,transfer
au,28/02/2023,Stripe Platform earnings (deleted),Stripe,69.8,transfer
au,28/02/2023,Stripe Platform earnings (deleted),Stripe,55.91,transfer
au,28/02/2023,Stripe Platform earnings (deleted),Stripe,18.91,transfer
au,28/02/2023,Stripe Platform earnings (deleted),Stripe,77.75,transfer
au,28/02/2023,Stripe Platform earnings (deleted),Stripe,-131.33,transfer
au,27/02/2023,Stripe Platform earnings (deleted),Stripe,95.2,transfer
au,27/02/2023,Stripe Platform earnings (deleted),Stripe,50.06,transfer
au,27/02/2023,Stripe Platform earnings (deleted),Stripe,18.81,transfer
au,27/02/2023,Stripe Platform earnings (deleted),Stripe,19.83,transfer
au,27/02/2023,Stripe Platform earnings (deleted),Stripe,99.68,transfer
au,27/02/2023,Stripe Platform earnings (deleted),Stripe,22.38,transfer
au,27/02/2023,Stripe Platform earnings (deleted),Stripe,18.91,transfer
au,27/02/2023,Stripe Platform earnings (deleted),Stripe,-50.06,transfer
au,26/02/2023,Stripe Platform earnings (deleted),Stripe,18.81,transfer
au,26/02/2023,Stripe Platform earnings (deleted),Stripe,18.93,transfer
au,26/02/2023,Stripe Platform earnings (deleted),Stripe,18.02,transfer
au,26/02/2023,Stripe Platform earnings (deleted),Stripe,22.48,transfer
au,26/02/2023,Stripe Platform earnings (deleted),Stripe,18.66,transfer
au,26/02/2023,Stripe Platform earnings (deleted),Stripe,19.93,transfer
au,26/02/2023,Stripe Platform earnings (deleted),Stripe,26.12,transfer
au,26/02/2023,Stripe Platform earnings (deleted),Stripe,22.38,transfer
au,26/02/2023,Stripe Platform earnings (deleted),Stripe,18.69,transfer
au,26/02/2023,Stripe Platform earnings (deleted),Stripe,37.77,transfer
au,26/02/2023,Stripe Platform earnings (deleted),Stripe,18.78,transfer
au,26/02/2023,Stripe Platform earnings (deleted),Stripe,19.41,transfer
au,26/02/2023,Stripe Platform earnings (deleted),Stripe,148.0,transfer
au,26/02/2023,Stripe Platform earnings (deleted),Stripe,78.75,transfer
au,26/02/2023,Stripe Platform earnings (deleted),Stripe,42.47,transfer
au,26/02/2023,Stripe Platform earnings (deleted),Stripe,-37.32,transfer
au,26/02/2023,Stripe Platform earnings (deleted),Stripe,-18.93,transfer
au,26/02/2023,Stripe Platform earnings (deleted),Stripe,-18.02,transfer
au,26/02/2023,Stripe Platform earnings (deleted),Stripe,-19.73,transfer
au,26/02/2023,Stripe Platform earnings (deleted),Stripe,-18.66,transfer
au,26/02/2023,Stripe Platform earnings (deleted),Stripe,-26.12,transfer
au,25/02/2023,Stripe Platform earnings (deleted),Stripe,18.81,transfer
au,25/02/2023,Stripe Platform earnings (deleted),Stripe,22.73,transfer
au,25/02/2023,Stripe Platform earnings (deleted),Stripe,19.73,transfer
au,25/02/2023,Stripe Platform earnings (deleted),Stripe,20.71,transfer
au,25/02/2023,Stripe Platform earnings (deleted),Stripe,36.56,transfer
au,25/02/2023,Stripe Platform earnings (deleted),Stripe,68.84,transfer
au,25/02/2023,Stripe Platform earnings (deleted),Stripe,63.51,transfer
au,25/02/2023,Stripe Platform earnings (deleted),Stripe,167.24,transfer
au,25/02/2023,Stripe Platform earnings (deleted),Stripe,37.32,transfer
au,25/02/2023,Stripe Platform earnings (deleted),Stripe,26.71,transfer
au,25/02/2023,Stripe Platform earnings (deleted),Stripe,18.78,transfer
au,25/02/2023,Stripe Platform earnings (deleted),Stripe,19.41,transfer
au,25/02/2023,Stripe Platform earnings (deleted),Stripe,38.32,transfer
au,25/02/2023,Stripe Platform earnings (deleted),Stripe,-18.58,transfer
au,25/02/2023,Stripe Platform earnings (deleted),Stripe,-18.78,transfer
au,24/02/2023,Stripe Platform earnings (deleted),Stripe,37.7,transfer
au,24/02/2023,Stripe Platform earnings (deleted),Stripe,19.06,transfer
au,24/02/2023,Stripe Platform earnings (deleted),Stripe,25.03,transfer
au,24/02/2023,Stripe Platform earnings (deleted),Stripe,18.68,transfer
au,24/02/2023,Stripe Platform earnings (deleted),Stripe,32.34,transfer
au,24/02/2023,Stripe Platform earnings (deleted),Stripe,40.17,transfer
au,24/02/2023,Stripe Platform earnings (deleted),Stripe,39.67,transfer
au,24/02/2023,Stripe Platform earnings (deleted),Stripe,177.63,transfer
au,24/02/2023,Stripe Platform earnings (deleted),Stripe,18.66,transfer
au,24/02/2023,Stripe Platform earnings (deleted),Stripe,166.83,transfer
au,24/02/2023,Stripe Platform earnings (deleted),Stripe,87.2,transfer
au,24/02/2023,Stripe Platform earnings (deleted),Stripe,45.02,transfer
au,24/02/2023,Stripe Platform earnings (deleted),Stripe,22.01,transfer
au,24/02/2023,Stripe Platform earnings (deleted),Stripe,32.89,transfer
au,24/02/2023,Stripe Platform earnings (deleted),Stripe,18.58,transfer
au,24/02/2023,Stripe Platform earnings (deleted),Stripe,33.75,transfer
au,24/02/2023,Stripe Platform earnings (deleted),Stripe,122.5,transfer
au,24/02/2023,Stripe Platform earnings (deleted),Stripe,-37.7,transfer
au,24/02/2023,Stripe Platform earnings (deleted),Stripe,-32.34,transfer
au,24/02/2023,Stripe Platform earnings (deleted),Stripe,-177.63,transfer
au,24/02/2023,Stripe Platform earnings (deleted),Stripe,-18.66,transfer
au,23/02/2023,Stripe Platform earnings (deleted),Stripe,95.2,transfer
au,23/02/2023,Stripe Platform earnings (deleted),Stripe,116.71,transfer
au,23/02/2023,Stripe Platform earnings (deleted),Stripe,18.66,transfer
au,23/02/2023,Stripe Platform earnings (deleted),Stripe,18.93,transfer
au,23/02/2023,Stripe Platform earnings (deleted),Stripe,17.22,transfer
au,23/02/2023,Stripe Platform earnings (deleted),Stripe,113.4,transfer
au,23/02/2023,Stripe Platform earnings (deleted),Stripe,32.2,transfer
au,23/02/2023,Stripe Platform earnings (deleted),Stripe,57.12,transfer
au,23/02/2023,Stripe Platform earnings (deleted),Stripe,37.82,transfer
au,23/02/2023,Stripe Platform earnings (deleted),Stripe,19.16,transfer
au,23/02/2023,Stripe Platform earnings (deleted),Stripe,21.21,transfer
au,23/02/2023,Stripe Platform earnings (deleted),Stripe,42.47,transfer
au,23/02/2023,Stripe Platform earnings (deleted),Stripe,-17.22,transfer
au,23/02/2023,Stripe Platform earnings (deleted),Stripe,-19.16,transfer
au,22/02/2023,Stripe Platform earnings (deleted),Stripe,22.98,transfer
au,22/02/2023,Stripe Platform earnings (deleted),Stripe,129.37,transfer
au,22/02/2023,Stripe Platform earnings (deleted),Stripe,37.87,transfer
au,22/02/2023,Stripe Platform earnings (deleted),Stripe,104.93,transfer
au,22/02/2023,Stripe Platform earnings (deleted),Stripe,44.77,transfer
au,22/02/2023,Stripe Platform earnings (deleted),Stripe,18.58,transfer
au,22/02/2023,Stripe Platform earnings (deleted),Stripe,84.35,transfer
au,22/02/2023,Stripe Platform earnings (deleted),Stripe,39.32,transfer
au,22/02/2023,Stripe Platform earnings (deleted),Stripe,-37.87,transfer
au,22/02/2023,Stripe Platform earnings (deleted),Stripe,-18.58,transfer
au,22/02/2023,Stripe Platform earnings (deleted),Stripe,-84.35,transfer
au,21/02/2023,Stripe Platform earnings (deleted),Stripe,22.98,transfer
au,21/02/2023,Stripe Platform earnings (deleted),Stripe,37.32,transfer
au,21/02/2023,Stripe Platform earnings (deleted),Stripe,150.55,transfer
au,21/02/2023,Stripe Platform earnings (deleted),Stripe,18.93,transfer
au,21/02/2023,Stripe Platform earnings (deleted),Stripe,40.17,transfer
au,21/02/2023,Stripe Platform earnings (deleted),Stripe,17.94,transfer
au,21/02/2023,Stripe Platform earnings (deleted),Stripe,99.68,transfer
au,21/02/2023,Stripe Platform earnings (deleted),Stripe,39.92,transfer
au,21/02/2023,Stripe Platform earnings (deleted),Stripe,59.51,transfer
au,21/02/2023,Stripe Platform earnings (deleted),Stripe,79.35,transfer
au,21/02/2023,Stripe Platform earnings (deleted),Stripe,22.38,transfer
au,21/02/2023,Stripe Platform earnings (deleted),Stripe,67.53,transfer
au,21/02/2023,Stripe Platform earnings (deleted),Stripe,18.91,transfer
au,21/02/2023,Stripe Platform earnings (deleted),Stripe,76.75,transfer
au,21/02/2023,Stripe Platform earnings (deleted),Stripe,-39.92,transfer
au,21/02/2023,Stripe Platform earnings (deleted),Stripe,-104.93,transfer
au,21/02/2023,Stripe Platform earnings (deleted),Stripe,-67.53,transfer
au,20/02/2023,Stripe Platform earnings (deleted),Stripe,50.06,transfer
au,20/02/2023,Stripe Platform earnings (deleted),Stripe,21.98,transfer
au,20/02/2023,Stripe Platform earnings (deleted),Stripe,37.87,transfer
au,20/02/2023,Stripe Platform earnings (deleted),Stripe,17.94,transfer
au,20/02/2023,Stripe Platform earnings (deleted),Stripe,125.92,transfer
au,20/02/2023,Stripe Platform earnings (deleted),Stripe,146.91,transfer
au,20/02/2023,Stripe Platform earnings (deleted),Stripe,22.38,transfer
au,20/02/2023,Stripe Platform earnings (deleted),Stripe,37.62,transfer
au,20/02/2023,Stripe Platform earnings (deleted),Stripe,127.45,transfer
au,20/02/2023,Stripe Platform earnings (deleted),Stripe,-125.92,transfer
au,19/02/2023,Stripe Platform earnings (deleted),Stripe,22.3,transfer
au,19/02/2023,Stripe Platform earnings (deleted),Stripe,18.91,transfer
au,19/02/2023,Stripe Platform earnings (deleted),Stripe,37.32,transfer
au,19/02/2023,Stripe Platform earnings (deleted),Stripe,113.22,transfer
au,19/02/2023,Stripe Platform earnings (deleted),Stripe,40.17,transfer
au,19/02/2023,Stripe Platform earnings (deleted),Stripe,104.93,transfer
au,19/02/2023,Stripe Platform earnings (deleted),Stripe,22.38,transfer
au,19/02/2023,Stripe Platform earnings (deleted),Stripe,51.63,transfer
au,19/02/2023,Stripe Platform earnings (deleted),Stripe,19.83,transfer
au,19/02/2023,Stripe Platform earnings (deleted),Stripe,-19.83,transfer
au,19/02/2023,Stripe Platform earnings (deleted),Stripe,-18.48,transfer
au,18/02/2023,Stripe Platform earnings (deleted),Stripe,25.03,transfer
au,18/02/2023,Stripe Platform earnings (deleted),Stripe,15.63,transfer
au,18/02/2023,Stripe Platform earnings (deleted),Stripe,30.93,transfer
au,18/02/2023,Stripe Platform earnings (deleted),Stripe,19.83,transfer
au,18/02/2023,Stripe Platform earnings (deleted),Stripe,18.46,transfer
au,18/02/2023,Stripe Platform earnings (deleted),Stripe,22.76,transfer
au,18/02/2023,Stripe Platform earnings (deleted),Stripe,245.86,transfer
au,18/02/2023,Stripe Platform earnings (deleted),Stripe,32.54,transfer
au,18/02/2023,Stripe Platform earnings (deleted),Stripe,19.18,transfer
au,18/02/2023,Stripe Platform earnings (deleted),Stripe,20.08,transfer
au,18/02/2023,Stripe Platform earnings (deleted),Stripe,-25.03,transfer
au,18/02/2023,Stripe Platform earnings (deleted),Stripe,-22.88,transfer
au,18/02/2023,Stripe Platform earnings (deleted),Stripe,-19.18,transfer
au,18/02/2023,Stripe Platform earnings (deleted),Stripe,-17.3,transfer
au,17/02/2023,Stripe Platform earnings (deleted),Stripe,19.31,transfer
au,17/02/2023,Stripe Platform earnings (deleted),Stripe,55.68,transfer
au,17/02/2023,Stripe Platform earnings (deleted),Stripe,37.32,transfer
au,17/02/2023,Stripe Platform earnings (deleted),Stripe,99.56,transfer
au,17/02/2023,Stripe Platform earnings (deleted),Stripe,22.88,transfer
au,17/02/2023,Stripe Platform earnings (deleted),Stripe,13.94,transfer
au,17/02/2023,Stripe Platform earnings (deleted),Stripe,12.24,transfer
au,17/02/2023,Stripe Platform earnings (deleted),Stripe,18.48,transfer
au,17/02/2023,Stripe Platform earnings (deleted),Stripe,62.96,transfer
au,17/02/2023,Stripe Platform earnings (deleted),Stripe,56.35,transfer
au,17/02/2023,Stripe Platform earnings (deleted),Stripe,41.47,transfer
au,17/02/2023,Stripe Platform earnings (deleted),Stripe,15.29,transfer
au,17/02/2023,Stripe Platform earnings (deleted),Stripe,17.3,transfer
au,17/02/2023,Stripe Platform earnings (deleted),Stripe,93.18,transfer
au,17/02/2023,Stripe Platform earnings (deleted),Stripe,-41.47,transfer
au,17/02/2023,Stripe Platform earnings (deleted),Stripe,-15.29,transfer
au,16/02/2023,Stripe Platform earnings (deleted),Stripe,19.06,transfer
au,16/02/2023,Stripe Platform earnings (deleted),Stripe,25.03,transfer
au,16/02/2023,Stripe Platform earnings (deleted),Stripe,88.45,transfer
au,16/02/2023,Stripe Platform earnings (deleted),Stripe,18.66,transfer
au,16/02/2023,Stripe Platform earnings (deleted),Stripe,18.93,transfer
au,16/02/2023,Stripe Platform earnings (deleted),Stripe,98.93,transfer
au,16/02/2023,Stripe Platform earnings (deleted),Stripe,135.06,transfer
au,16/02/2023,Stripe Platform earnings (deleted),Stripe,45.15,transfer
au,16/02/2023,Stripe Platform earnings (deleted),Stripe,57.06,transfer
au,16/02/2023,Stripe Platform earnings (deleted),Stripe,28.17,transfer
au,16/02/2023,Stripe Platform earnings (deleted),Stripe,20.08,transfer
au,16/02/2023,Stripe Platform earnings (deleted),Stripe,38.37,transfer
au,15/02/2023,Stripe Platform earnings (deleted),Stripe,19.06,transfer
au,15/02/2023,Stripe Platform earnings (deleted),Stripe,24.3,transfer
au,15/02/2023,Stripe Platform earnings (deleted),Stripe,9.5,transfer
au,15/02/2023,Stripe Platform earnings (deleted),Stripe,148.66,transfer
au,15/02/2023,Stripe Platform earnings (deleted),Stripe,35.77,transfer
au,15/02/2023,Stripe Platform earnings (deleted),Stripe,22.21,transfer
au,15/02/2023,Stripe Platform earnings (deleted),Stripe,19.83,transfer
au,15/02/2023,Stripe Platform earnings (deleted),Stripe,38.37,transfer
au,15/02/2023,Stripe Platform earnings (deleted),Stripe,57.56,transfer
au,15/02/2023,Stripe Platform earnings (deleted),Stripe,60.63,transfer
au,15/02/2023,Stripe Platform earnings (deleted),Stripe,37.62,transfer
au,15/02/2023,Stripe Platform earnings (deleted),Stripe,18.63,transfer
au,15/02/2023,Stripe Platform earnings (deleted),Stripe,-24.3,transfer
au,15/02/2023,Stripe Platform earnings (deleted),Stripe,-40.42,transfer
au,15/02/2023,Stripe Platform earnings (deleted),Stripe,-57.56,transfer
au,14/02/2023,Stripe Platform earnings (deleted),Stripe,37.32,transfer
au,14/02/2023,Stripe Platform earnings (deleted),Stripe,150.55,transfer
au,14/02/2023,Stripe Platform earnings (deleted),Stripe,37.87,transfer
au,14/02/2023,Stripe Platform earnings (deleted),Stripe,99.68,transfer
au,14/02/2023,Stripe Platform earnings (deleted),Stripe,287.0,transfer
au,14/02/2023,Stripe Platform earnings (deleted),Stripe,22.63,transfer
au,14/02/2023,Stripe Platform earnings (deleted),Stripe,40.17,transfer
au,14/02/2023,Stripe Platform earnings (deleted),Stripe,44.77,transfer
au,14/02/2023,Stripe Platform earnings (deleted),Stripe,21.61,transfer
au,14/02/2023,Stripe Platform earnings (deleted),Stripe,75.75,transfer
au,14/02/2023,Stripe Platform earnings (deleted),Stripe,64.81,transfer
au,14/02/2023,Stripe Platform earnings (deleted),Stripe,22.21,transfer
au,14/02/2023,Stripe Platform earnings (deleted),Stripe,19.83,transfer
au,14/02/2023,Stripe Platform earnings (deleted),Stripe,40.42,transfer
au,14/02/2023,Stripe Platform earnings (deleted),Stripe,60.63,transfer
au,14/02/2023,Stripe Platform earnings (deleted),Stripe,37.62,transfer
au,14/02/2023,Stripe Platform earnings (deleted),Stripe,-21.61,transfer
au,14/02/2023,Stripe Platform earnings (deleted),Stripe,-75.75,transfer
au,14/02/2023,Stripe Platform earnings (deleted),Stripe,-60.63,transfer
au,13/02/2023,Stripe Platform earnings (deleted),Stripe,38.12,transfer
au,13/02/2023,Stripe Platform earnings (deleted),Stripe,25.03,transfer
au,13/02/2023,Stripe Platform earnings (deleted),Stripe,18.66,transfer
au,13/02/2023,Stripe Platform earnings (deleted),Stripe,74.55,transfer
au,13/02/2023,Stripe Platform earnings (deleted),Stripe,94.68,transfer
au,13/02/2023,Stripe Platform earnings (deleted),Stripe,61.51,transfer
au,13/02/2023,Stripe Platform earnings (deleted),Stripe,83.95,transfer
au,13/02/2023,Stripe Platform earnings (deleted),Stripe,21.61,transfer
au,13/02/2023,Stripe Platform earnings (deleted),Stripe,37.62,transfer
au,13/02/2023,Stripe Platform earnings (deleted),Stripe,68.66,transfer
au,13/02/2023,Stripe Platform earnings (deleted),Stripe,9.5,transfer
au,13/02/2023,Stripe Platform earnings (deleted),Stripe,22.21,transfer
au,13/02/2023,Stripe Platform earnings (deleted),Stripe,24.67,transfer
au,13/02/2023,Stripe Platform earnings (deleted),Stripe,280.16,transfer
au,13/02/2023,Stripe Platform earnings (deleted),Stripe,19.83,transfer
au,13/02/2023,Stripe Platform earnings (deleted),Stripe,12.33,transfer
au,13/02/2023,Stripe Platform earnings (deleted),Stripe,-37.62,transfer
au,13/02/2023,Stripe Platform earnings (deleted),Stripe,-94.68,transfer
au,12/02/2023,Stripe Platform earnings (deleted),Stripe,45.97,transfer
au,12/02/2023,Stripe Platform earnings (deleted),Stripe,18.66,transfer
au,12/02/2023,Stripe Platform earnings (deleted),Stripe,51.31,transfer
au,12/02/2023,Stripe Platform earnings (deleted),Stripe,59.76,transfer
au,12/02/2023,Stripe Platform earnings (deleted),Stripe,59.51,transfer
au,12/02/2023,Stripe Platform earnings (deleted),Stripe,44.77,transfer
au,12/02/2023,Stripe Platform earnings (deleted),Stripe,22.76,transfer
au,12/02/2023,Stripe Platform earnings (deleted),Stripe,17.21,transfer
au,12/02/2023,Stripe Platform earnings (deleted),Stripe,51.63,transfer
au,12/02/2023,Stripe Platform earnings (deleted),Stripe,21.71,transfer
au,12/02/2023,Stripe Platform earnings (deleted),Stripe,17.3,transfer
au,12/02/2023,Stripe Platform earnings (deleted),Stripe,19.83,transfer
au,12/02/2023,Stripe Platform earnings (deleted),Stripe,47.81,transfer
au,12/02/2023,Stripe Platform earnings (deleted),Stripe,-47.81,transfer
au,12/02/2023,Stripe Platform earnings (deleted),Stripe,-51.31,transfer
au,12/02/2023,Stripe Platform earnings (deleted),Stripe,-59.76,transfer
au,11/02/2023,Stripe Platform earnings (deleted),Stripe,41.45,transfer
au,11/02/2023,Stripe Platform earnings (deleted),Stripe,27.84,transfer
au,11/02/2023,Stripe Platform earnings (deleted),Stripe,18.66,transfer
au,11/02/2023,Stripe Platform earnings (deleted),Stripe,99.56,transfer
au,11/02/2023,Stripe Platform earnings (deleted),Stripe,146.91,transfer
au,10/02/2023,Stripe Platform earnings (deleted),Stripe,57.68,transfer
au,10/02/2023,Stripe Platform earnings (deleted),Stripe,27.84,transfer
au,10/02/2023,Stripe Platform earnings (deleted),Stripe,75.09,transfer
au,10/02/2023,Stripe Platform earnings (deleted),Stripe,17.15,transfer
au,10/02/2023,Stripe Platform earnings (deleted),Stripe,18.66,transfer
au,10/02/2023,Stripe Platform earnings (deleted),Stripe,18.98,transfer
au,10/02/2023,Stripe Platform earnings (deleted),Stripe,57.48,transfer
au,10/02/2023,Stripe Platform earnings (deleted),Stripe,45.52,transfer
au,10/02/2023,Stripe Platform earnings (deleted),Stripe,23.01,transfer
au,10/02/2023,Stripe Platform earnings (deleted),Stripe,19.16,transfer
au,10/02/2023,Stripe Platform earnings (deleted),Stripe,32.54,transfer
au,10/02/2023,Stripe Platform earnings (deleted),Stripe,28.17,transfer
au,10/02/2023,Stripe Platform earnings (deleted),Stripe,73.29,transfer
au,10/02/2023,Stripe Platform earnings (deleted),Stripe,17.05,transfer
au,10/02/2023,Stripe Platform earnings (deleted),Stripe,19.06,transfer
au,10/02/2023,Stripe Platform earnings (deleted),Stripe,37.82,transfer
au,10/02/2023,Stripe Platform earnings (deleted),Stripe,26.71,transfer
au,10/02/2023,Stripe Platform earnings (deleted),Stripe,-131.08,transfer
au,10/02/2023,Stripe Platform earnings (deleted),Stripe,-57.48,transfer
au,10/02/2023,Stripe Platform earnings (deleted),Stripe,-19.06,transfer
au,10/02/2023,Stripe Platform earnings (deleted),Stripe,-26.71,transfer
au,10/02/2023,Stripe Platform earnings (deleted),Stripe,-37.82,transfer
au,09/02/2023,Stripe Platform earnings (deleted),Stripe,25.03,transfer
au,09/02/2023,Stripe Platform earnings (deleted),Stripe,132.42,transfer
au,09/02/2023,Stripe Platform earnings (deleted),Stripe,105.18,transfer
au,09/02/2023,Stripe Platform earnings (deleted),Stripe,18.66,transfer
au,09/02/2023,Stripe Platform earnings (deleted),Stripe,19.91,transfer
au,09/02/2023,Stripe Platform earnings (deleted),Stripe,22.88,transfer
au,09/02/2023,Stripe Platform earnings (deleted),Stripe,182.81,transfer
au,09/02/2023,Stripe Platform earnings (deleted),Stripe,106.87,transfer
au,09/02/2023,Stripe Platform earnings (deleted),Stripe,22.51,transfer
au,09/02/2023,Stripe Platform earnings (deleted),Stripe,23.01,transfer
au,09/02/2023,Stripe Platform earnings (deleted),Stripe,18.93,transfer
au,09/02/2023,Stripe Platform earnings (deleted),Stripe,14.24,transfer
au,09/02/2023,Stripe Platform earnings (deleted),Stripe,65.63,transfer
au,09/02/2023,Stripe Platform earnings (deleted),Stripe,131.08,transfer
au,09/02/2023,Stripe Platform earnings (deleted),Stripe,60.01,transfer
au,09/02/2023,Stripe Platform earnings (deleted),Stripe,47.81,transfer
au,09/02/2023,Stripe Platform earnings (deleted),Stripe,-47.81,transfer
au,09/02/2023,Stripe Platform earnings (deleted),Stripe,-182.81,transfer
au,09/02/2023,Stripe Platform earnings (deleted),Stripe,-106.87,transfer
au,08/02/2023,Stripe Platform earnings (deleted),Stripe,25.03,transfer
au,08/02/2023,Stripe Platform earnings (deleted),Stripe,18.66,transfer
au,08/02/2023,Stripe Platform earnings (deleted),Stripe,37.8,transfer
au,08/02/2023,Stripe Platform earnings (deleted),Stripe,37.62,transfer
au,08/02/2023,Stripe Platform earnings (deleted),Stripe,16.18,transfer
au,08/02/2023,Stripe Platform earnings (deleted),Stripe,17.21,transfer
au,08/02/2023,Stripe Platform earnings (deleted),Stripe,10.38,transfer
au,08/02/2023,Stripe Platform earnings (deleted),Stripe,138.31,transfer
au,08/02/2023,Stripe Platform earnings (deleted),Stripe,40.42,transfer
au,08/02/2023,Stripe Platform earnings (deleted),Stripe,38.37,transfer
au,08/02/2023,Stripe Platform earnings (deleted),Stripe,15.21,transfer
au,08/02/2023,Stripe Platform earnings (deleted),Stripe,-17.21,transfer
au,08/02/2023,Stripe Platform earnings (deleted),Stripe,-37.62,transfer
au,08/02/2023,Stripe Platform earnings (deleted),Stripe,-16.18,transfer
au,08/02/2023,Stripe Platform earnings (deleted),Stripe,-40.42,transfer
au,07/02/2023,Stripe Platform earnings (deleted),Stripe,25.03,transfer
au,07/02/2023,Stripe Platform earnings (deleted),Stripe,18.66,transfer
au,07/02/2023,Stripe Platform earnings (deleted),Stripe,86.03,transfer
au,07/02/2023,Stripe Platform earnings (deleted),Stripe,64.52,transfer
au,07/02/2023,Stripe Platform earnings (deleted),Stripe,18.81,transfer
au,07/02/2023,Stripe Platform earnings (deleted),Stripe,14.51,transfer
au,07/02/2023,Stripe Platform earnings (deleted),Stripe,20.98,transfer
au,07/02/2023,Stripe Platform earnings (deleted),Stripe,36.56,transfer
au,07/02/2023,Stripe Platform earnings (deleted),Stripe,75.65,transfer
au,07/02/2023,Stripe Platform earnings (deleted),Stripe,74.55,transfer
au,07/02/2023,Stripe Platform earnings (deleted),Stripe,-18.81,transfer
au,06/02/2023,Stripe Platform earnings (deleted),Stripe,25.03,transfer
au,06/02/2023,Stripe Platform earnings (deleted),Stripe,18.66,transfer
au,06/02/2023,Stripe Platform earnings (deleted),Stripe,21.5,transfer
au,06/02/2023,Stripe Platform earnings (deleted),Stripe,20.58,transfer
au,06/02/2023,Stripe Platform earnings (deleted),Stripe,20.98,transfer
au,06/02/2023,Stripe Platform earnings (deleted),Stripe,44.77,transfer
au,06/02/2023,Stripe Platform earnings (deleted),Stripe,18.88,transfer
au,06/02/2023,Stripe Platform earnings (deleted),Stripe,40.89,transfer
au,06/02/2023,Stripe Platform earnings (deleted),Stripe,64.38,transfer
au,06/02/2023,Stripe Platform earnings (deleted),Stripe,16.94,transfer
au,05/02/2023,Stripe Platform earnings (deleted),Stripe,18.66,transfer
au,05/02/2023,Stripe Platform earnings (deleted),Stripe,73.12,transfer
au,05/02/2023,Stripe Platform earnings (deleted),Stripe,17.09,transfer
au,05/02/2023,Stripe Platform earnings (deleted),Stripe,75.75,transfer
au,05/02/2023,Stripe Platform earnings (deleted),Stripe,17.64,transfer
au,04/02/2023,Stripe Platform earnings (deleted),Stripe,21.5,transfer
au,04/02/2023,Stripe Platform earnings (deleted),Stripe,119.57,transfer
au,04/02/2023,Stripe Platform earnings (deleted),Stripe,22.88,transfer
au,04/02/2023,Stripe Platform earnings (deleted),Stripe,553.25,transfer
au,04/02/2023,Stripe Platform earnings (deleted),Stripe,-22.88,transfer
au,04/02/2023,Stripe Platform earnings (deleted),Stripe,-119.57,transfer
au,03/02/2023,Stripe Platform earnings (deleted),Stripe,53.43,transfer
au,03/02/2023,Stripe Platform earnings (deleted),Stripe,80.71,transfer
au,03/02/2023,Stripe Platform earnings (deleted),Stripe,18.66,transfer
au,03/02/2023,Stripe Platform earnings (deleted),Stripe,18.81,transfer
au,03/02/2023,Stripe Platform earnings (deleted),Stripe,41.17,transfer
au,03/02/2023,Stripe Platform earnings (deleted),Stripe,59.06,transfer
au,03/02/2023,Stripe Platform earnings (deleted),Stripe,75.25,transfer
au,03/02/2023,Stripe Platform earnings (deleted),Stripe,32.54,transfer
au,03/02/2023,Stripe Platform earnings (deleted),Stripe,14.65,transfer
au,03/02/2023,Stripe Platform earnings (deleted),Stripe,65.03,transfer
au,03/02/2023,Stripe Platform earnings (deleted),Stripe,4.74,transfer
au,03/02/2023,Stripe Platform earnings (deleted),Stripe,17.9,transfer
au,03/02/2023,Stripe Platform earnings (deleted),Stripe,122.5,transfer
au,03/02/2023,Stripe Platform earnings (deleted),Stripe,-17.9,transfer
au,03/02/2023,Stripe Platform earnings (deleted),Stripe,-22.51,transfer
au,03/02/2023,Stripe Platform earnings (deleted),Stripe,-59.06,transfer
au,02/02/2023,Stripe Platform earnings (deleted),Stripe,18.66,transfer
au,02/02/2023,Stripe Platform earnings (deleted),Stripe,64.52,transfer
au,02/02/2023,Stripe Platform earnings (deleted),Stripe,93.18,transfer
au,02/02/2023,Stripe Platform earnings (deleted),Stripe,18.48,transfer
au,02/02/2023,Stripe Platform earnings (deleted),Stripe,20.44,transfer
au,02/02/2023,Stripe Platform earnings (deleted),Stripe,28.17,transfer
au,02/02/2023,Stripe Platform earnings (deleted),Stripe,23.74,transfer
au,02/02/2023,Stripe Platform earnings (deleted),Stripe,19.54,transfer
au,02/02/2023,Stripe Platform earnings (deleted),Stripe,84.55,transfer
au,02/02/2023,Stripe Platform earnings (deleted),Stripe,22.51,transfer
au,02/02/2023,Stripe Platform earnings (deleted),Stripe,111.97,transfer
au,02/02/2023,Stripe Platform earnings (deleted),Stripe,-18.48,transfer
au,01/02/2023,Stripe Platform earnings (deleted),Stripe,119.77,transfer
au,01/02/2023,Stripe Platform earnings (deleted),Stripe,50.06,transfer
au,01/02/2023,Stripe Platform earnings (deleted),Stripe,45.77,transfer
au,01/02/2023,Stripe Platform earnings (deleted),Stripe,18.66,transfer
au,01/02/2023,Stripe Platform earnings (deleted),Stripe,16.71,transfer
au,01/02/2023,Stripe Platform earnings (deleted),Stripe,12.21,transfer
au,01/02/2023,Stripe Platform earnings (deleted),Stripe,118.62,transfer
au,01/02/2023,Stripe Platform earnings (deleted),Stripe,38.37,transfer
au,01/02/2023,Stripe Platform earnings (deleted),Stripe,37.12,transfer
au,01/02/2023,Stripe Platform earnings (deleted),Stripe,25.31,transfer
au,01/02/2023,Stripe Platform earnings (deleted),Stripe,-22.52,transfer
au,01/02/2023,Stripe Platform earnings (deleted),Stripe,-45.77,transfer
au,01/02/2023,Stripe Platform earnings (deleted),Stripe,-18.67,transfer
au,01/02/2023,Stripe Platform earnings (deleted),Stripe,-147.51,transfer
au,01/02/2023,Stripe Platform earnings (deleted),Stripe,-16.71,transfer
au,31/01/2023,Stripe Platform earnings (deleted),Stripe,-37.62,transfer
au,31/01/2023,Stripe Platform earnings (deleted),Stripe,-40.17,transfer
au,31/01/2023,Stripe Platform earnings (deleted),Stripe,40.17,transfer
au,31/01/2023,Stripe Platform earnings (deleted),Stripe,25.31,transfer
au,31/01/2023,Stripe Platform earnings (deleted),Stripe,20.28,transfer
au,31/01/2023,Stripe Platform earnings (deleted),Stripe,19.68,transfer
au,31/01/2023,Stripe Platform earnings (deleted),Stripe,21.5,transfer
au,31/01/2023,Stripe Platform earnings (deleted),Stripe,147.51,transfer
au,31/01/2023,Stripe Platform earnings (deleted),Stripe,0.0,transfer
au,30/01/2023,Stripe Platform earnings (deleted),Stripe,-22.88,transfer
au,30/01/2023,Stripe Platform earnings (deleted),Stripe,-141.11,transfer
au,30/01/2023,Stripe Platform earnings (deleted),Stripe,25.31,transfer
au,30/01/2023,Stripe Platform earnings (deleted),Stripe,37.77,transfer
au,30/01/2023,Stripe Platform earnings (deleted),Stripe,22.88,transfer
au,30/01/2023,Stripe Platform earnings (deleted),Stripe,78.85,transfer
au,30/01/2023,Stripe Platform earnings (deleted),Stripe,21.5,transfer
au,30/01/2023,Stripe Platform earnings (deleted),Stripe,55.61,transfer
au,30/01/2023,Stripe Platform earnings (deleted),Stripe,74.55,transfer
au,30/01/2023,Stripe Platform earnings (deleted),Stripe,112.27,transfer
au,30/01/2023,Stripe Platform earnings (deleted),Stripe,141.11,transfer
au,30/01/2023,Stripe Platform earnings (deleted),Stripe,19.54,transfer
au,30/01/2023,Stripe Platform earnings (deleted),Stripe,18.66,transfer
au,30/01/2023,Stripe Platform earnings (deleted),Stripe,26.71,transfer
au,29/01/2023,Stripe Platform earnings (deleted),Stripe,-105.06,transfer
au,29/01/2023,Stripe Platform earnings (deleted),Stripe,-40.02,transfer
au,29/01/2023,Stripe Platform earnings (deleted),Stripe,13.98,transfer
au,29/01/2023,Stripe Platform earnings (deleted),Stripe,35.77,transfer
au,29/01/2023,Stripe Platform earnings (deleted),Stripe,21.61,transfer
au,29/01/2023,Stripe Platform earnings (deleted),Stripe,44.8,transfer
au,29/01/2023,Stripe Platform earnings (deleted),Stripe,40.02,transfer
au,29/01/2023,Stripe Platform earnings (deleted),Stripe,25.31,transfer
au,29/01/2023,Stripe Platform earnings (deleted),Stripe,138.86,transfer
au,29/01/2023,Stripe Platform earnings (deleted),Stripe,18.66,transfer
au,29/01/2023,Stripe Platform earnings (deleted),Stripe,105.06,transfer
au,28/01/2023,Stripe Platform earnings (deleted),Stripe,-20.33,transfer
au,28/01/2023,Stripe Platform earnings (deleted),Stripe,-22.88,transfer
au,28/01/2023,Stripe Platform earnings (deleted),Stripe,-26.71,transfer
au,28/01/2023,Stripe Platform earnings (deleted),Stripe,26.71,transfer
au,28/01/2023,Stripe Platform earnings (deleted),Stripe,22.21,transfer
au,28/01/2023,Stripe Platform earnings (deleted),Stripe,22.88,transfer
au,28/01/2023,Stripe Platform earnings (deleted),Stripe,20.33,transfer
au,28/01/2023,Stripe Platform earnings (deleted),Stripe,22.5,transfer
au,28/01/2023,Stripe Platform earnings (deleted),Stripe,25.31,transfer
au,28/01/2023,Stripe Platform earnings (deleted),Stripe,18.63,transfer
au,28/01/2023,Stripe Platform earnings (deleted),Stripe,56.61,transfer
au,28/01/2023,Stripe Platform earnings (deleted),Stripe,18.66,transfer
au,27/01/2023,Stripe Platform earnings (deleted),Stripe,-40.92,transfer
au,27/01/2023,Stripe Platform earnings (deleted),Stripe,-56.68,transfer
au,27/01/2023,Stripe Platform earnings (deleted),Stripe,-19.65,transfer
au,27/01/2023,Stripe Platform earnings (deleted),Stripe,-271.15,transfer
au,27/01/2023,Stripe Platform earnings (deleted),Stripe,19.65,transfer
au,27/01/2023,Stripe Platform earnings (deleted),Stripe,45.52,transfer
au,27/01/2023,Stripe Platform earnings (deleted),Stripe,18.98,transfer
au,27/01/2023,Stripe Platform earnings (deleted),Stripe,14.24,transfer
au,27/01/2023,Stripe Platform earnings (deleted),Stripe,40.92,transfer
au,27/01/2023,Stripe Platform earnings (deleted),Stripe,38.27,transfer
au,27/01/2023,Stripe Platform earnings (deleted),Stripe,56.68,transfer
au,27/01/2023,Stripe Platform earnings (deleted),Stripe,22.88,transfer
au,27/01/2023,Stripe Platform earnings (deleted),Stripe,18.93,transfer
au,27/01/2023,Stripe Platform earnings (deleted),Stripe,271.15,transfer
au,27/01/2023,Stripe Platform earnings (deleted),Stripe,32.54,transfer
au,27/01/2023,Stripe Platform earnings (deleted),Stripe,59.76,transfer
au,27/01/2023,Stripe Platform earnings (deleted),Stripe,38.0,transfer
au,27/01/2023,Stripe Platform earnings (deleted),Stripe,21.61,transfer
au,27/01/2023,Stripe Platform earnings (deleted),Stripe,129.5,transfer
au,27/01/2023,Stripe Platform earnings (deleted),Stripe,37.62,transfer
au,27/01/2023,Stripe Platform earnings (deleted),Stripe,64.52,transfer
au,26/01/2023,Stripe Platform earnings (deleted),Stripe,-18.98,transfer
au,26/01/2023,Stripe Platform earnings (deleted),Stripe,-42.47,transfer
au,26/01/2023,Stripe Platform earnings (deleted),Stripe,-21.73,transfer
au,26/01/2023,Stripe Platform earnings (deleted),Stripe,18.98,transfer
au,26/01/2023,Stripe Platform earnings (deleted),Stripe,21.5,transfer
au,26/01/2023,Stripe Platform earnings (deleted),Stripe,21.61,transfer
au,26/01/2023,Stripe Platform earnings (deleted),Stripe,237.05,transfer
au,26/01/2023,Stripe Platform earnings (deleted),Stripe,22.88,transfer
au,26/01/2023,Stripe Platform earnings (deleted),Stripe,38.32,transfer
au,26/01/2023,Stripe Platform earnings (deleted),Stripe,67.5,transfer
au,26/01/2023,Stripe Platform earnings (deleted),Stripe,42.47,transfer
au,26/01/2023,Stripe Platform earnings (deleted),Stripe,20.68,transfer
au,26/01/2023,Stripe Platform earnings (deleted),Stripe,70.31,transfer
au,26/01/2023,Stripe Platform earnings (deleted),Stripe,21.73,transfer
au,26/01/2023,Stripe Platform earnings (deleted),Stripe,101.06,transfer
au,25/01/2023,Stripe Platform earnings (deleted),Stripe,-19.16,transfer
au,25/01/2023,Stripe Platform earnings (deleted),Stripe,-190.0,transfer
au,25/01/2023,Stripe Platform earnings (deleted),Stripe,-22.88,transfer
au,25/01/2023,Stripe Platform earnings (deleted),Stripe,190.0,transfer
au,25/01/2023,Stripe Platform earnings (deleted),Stripe,30.66,transfer
au,25/01/2023,Stripe Platform earnings (deleted),Stripe,22.88,transfer
au,25/01/2023,Stripe Platform earnings (deleted),Stripe,28.5,transfer
au,25/01/2023,Stripe Platform earnings (deleted),Stripe,44.77,transfer
au,25/01/2023,Stripe Platform earnings (deleted),Stripe,19.16,transfer
au,25/01/2023,Stripe Platform earnings (deleted),Stripe,21.5,transfer
au,25/01/2023,Stripe Platform earnings (deleted),Stripe,40.17,transfer
au,25/01/2023,Stripe Platform earnings (deleted),Stripe,22.52,transfer
au,24/01/2023,Stripe Platform earnings (deleted),Stripe,-42.18,transfer
au,24/01/2023,Stripe Platform earnings (deleted),Stripe,-62.17,transfer
au,24/01/2023,Stripe Platform earnings (deleted),Stripe,-171.0,transfer
au,24/01/2023,Stripe Platform earnings (deleted),Stripe,12.81,transfer
au,24/01/2023,Stripe Platform earnings (deleted),Stripe,37.87,transfer
au,24/01/2023,Stripe Platform earnings (deleted),Stripe,22.52,transfer
au,24/01/2023,Stripe Platform earnings (deleted),Stripe,43.22,transfer
au,24/01/2023,Stripe Platform earnings (deleted),Stripe,62.17,transfer
au,24/01/2023,Stripe Platform earnings (deleted),Stripe,15.04,transfer
au,24/01/2023,Stripe Platform earnings (deleted),Stripe,42.18,transfer
au,24/01/2023,Stripe Platform earnings (deleted),Stripe,60.63,transfer
au,24/01/2023,Stripe Platform earnings (deleted),Stripe,16.84,transfer
au,24/01/2023,Stripe Platform earnings (deleted),Stripe,19.0,transfer
au,24/01/2023,Stripe Platform earnings (deleted),Stripe,41.42,transfer
au,23/01/2023,Stripe Platform earnings (deleted),Stripe,21.48,transfer
au,23/01/2023,Stripe Platform earnings (deleted),Stripe,75.93,transfer
au,23/01/2023,Stripe Platform earnings (deleted),Stripe,18.93,transfer
au,23/01/2023,Stripe Platform earnings (deleted),Stripe,227.92,transfer
au,23/01/2023,Stripe Platform earnings (deleted),Stripe,171.0,transfer
au,22/01/2023,Stripe Platform earnings (deleted),Stripe,-20.72,transfer
au,22/01/2023,Stripe Platform earnings (deleted),Stripe,18.81,transfer
au,22/01/2023,Stripe Platform earnings (deleted),Stripe,64.52,transfer
au,22/01/2023,Stripe Platform earnings (deleted),Stripe,20.72,transfer
au,22/01/2023,Stripe Platform earnings (deleted),Stripe,18.93,transfer
au,22/01/2023,Stripe Platform earnings (deleted),Stripe,20.79,transfer
au,22/01/2023,Stripe Platform earnings (deleted),Stripe,55.98,transfer
au,22/01/2023,Stripe Platform earnings (deleted),Stripe,97.55,transfer
au,21/01/2023,Stripe Platform earnings (deleted),Stripe,-38.37,transfer
au,21/01/2023,Stripe Platform earnings (deleted),Stripe,42.17,transfer
au,21/01/2023,Stripe Platform earnings (deleted),Stripe,38.37,transfer
au,21/01/2023,Stripe Platform earnings (deleted),Stripe,40.42,transfer
au,21/01/2023,Stripe Platform earnings (deleted),Stripe,19.16,transfer
au,21/01/2023,Stripe Platform earnings (deleted),Stripe,21.87,transfer
au,20/01/2023,Stripe Platform earnings (deleted),Stripe,-21.73,transfer
au,20/01/2023,Stripe Platform earnings (deleted),Stripe,-119.25,transfer
au,20/01/2023,Stripe Platform earnings (deleted),Stripe,-21.87,transfer
au,20/01/2023,Stripe Platform earnings (deleted),Stripe,59.06,transfer
au,20/01/2023,Stripe Platform earnings (deleted),Stripe,43.01,transfer
au,20/01/2023,Stripe Platform earnings (deleted),Stripe,119.25,transfer
au,20/01/2023,Stripe Platform earnings (deleted),Stripe,18.98,transfer
au,20/01/2023,Stripe Platform earnings (deleted),Stripe,104.93,transfer
au,20/01/2023,Stripe Platform earnings (deleted),Stripe,37.16,transfer
au,20/01/2023,Stripe Platform earnings (deleted),Stripe,38.32,transfer
au,20/01/2023,Stripe Platform earnings (deleted),Stripe,80.85,transfer
au,20/01/2023,Stripe Platform earnings (deleted),Stripe,132.81,transfer
au,20/01/2023,Stripe Platform earnings (deleted),Stripe,18.63,transfer
au,20/01/2023,Stripe Platform earnings (deleted),Stripe,21.5,transfer
au,20/01/2023,Stripe Platform earnings (deleted),Stripe,28.17,transfer
au,20/01/2023,Stripe Platform earnings (deleted),Stripe,12.87,transfer
au,20/01/2023,Stripe Platform earnings (deleted),Stripe,22.76,transfer
au,20/01/2023,Stripe Platform earnings (deleted),Stripe,21.87,transfer
au,19/01/2023,Stripe Platform earnings (deleted),Stripe,-20.54,transfer
au,19/01/2023,Stripe Platform earnings (deleted),Stripe,-19.16,transfer
au,19/01/2023,Stripe Platform earnings (deleted),Stripe,131.03,transfer
au,19/01/2023,Stripe Platform earnings (deleted),Stripe,28.17,transfer
au,19/01/2023,Stripe Platform earnings (deleted),Stripe,18.98,transfer
au,19/01/2023,Stripe Platform earnings (deleted),Stripe,51.95,transfer
au,19/01/2023,Stripe Platform earnings (deleted),Stripe,20.54,transfer
au,19/01/2023,Stripe Platform earnings (deleted),Stripe,22.31,transfer
au,19/01/2023,Stripe Platform earnings (deleted),Stripe,21.73,transfer
au,18/01/2023,Stripe Platform earnings (deleted),Stripe,-14.89,transfer
au,18/01/2023,Stripe Platform earnings (deleted),Stripe,41.42,transfer
au,18/01/2023,Stripe Platform earnings (deleted),Stripe,44.77,transfer
au,18/01/2023,Stripe Platform earnings (deleted),Stripe,9.29,transfer
au,18/01/2023,Stripe Platform earnings (deleted),Stripe,79.25,transfer
au,18/01/2023,Stripe Platform earnings (deleted),Stripe,19.16,transfer
au,18/01/2023,Stripe Platform earnings (deleted),Stripe,14.89,transfer
au,18/01/2023,Stripe Platform earnings (deleted),Stripe,18.67,transfer
au,18/01/2023,Stripe Platform earnings (deleted),Stripe,32.54,transfer
au,17/01/2023,Stripe Platform earnings (deleted),Stripe,-37.35,transfer
au,17/01/2023,Stripe Platform earnings (deleted),Stripe,-18.68,transfer
au,17/01/2023,Stripe Platform earnings (deleted),Stripe,16.84,transfer
au,17/01/2023,Stripe Platform earnings (deleted),Stripe,12.38,transfer
au,17/01/2023,Stripe Platform earnings (deleted),Stripe,43.01,transfer
au,17/01/2023,Stripe Platform earnings (deleted),Stripe,18.67,transfer
au,17/01/2023,Stripe Platform earnings (deleted),Stripe,18.68,transfer
au,17/01/2023,Stripe Platform earnings (deleted),Stripe,37.62,transfer
au,17/01/2023,Stripe Platform earnings (deleted),Stripe,12.27,transfer
au,17/01/2023,Stripe Platform earnings (deleted),Stripe,166.26,transfer
au,17/01/2023,Stripe Platform earnings (deleted),Stripe,325.31,transfer
au,17/01/2023,Stripe Platform earnings (deleted),Stripe,63.63,transfer
au,17/01/2023,Stripe Platform earnings (deleted),Stripe,56.81,transfer
au,17/01/2023,Stripe Platform earnings (deleted),Stripe,62.88,transfer
au,17/01/2023,Stripe Platform earnings (deleted),Stripe,18.93,transfer
au,17/01/2023,Stripe Platform earnings (deleted),Stripe,37.35,transfer
au,16/01/2023,Stripe Platform earnings (deleted),Stripe,-23.8,transfer
au,16/01/2023,Stripe Platform earnings (deleted),Stripe,-131.03,transfer
au,16/01/2023,Stripe Platform earnings (deleted),Stripe,18.67,transfer
au,16/01/2023,Stripe Platform earnings (deleted),Stripe,19.0,transfer
au,16/01/2023,Stripe Platform earnings (deleted),Stripe,20.98,transfer
au,16/01/2023,Stripe Platform earnings (deleted),Stripe,23.8,transfer
au,16/01/2023,Stripe Platform earnings (deleted),Stripe,131.03,transfer
au,16/01/2023,Stripe Platform earnings (deleted),Stripe,23.22,transfer
au,16/01/2023,Stripe Platform earnings (deleted),Stripe,18.81,transfer
au,15/01/2023,Stripe Platform earnings (deleted),Stripe,-67.96,transfer
au,15/01/2023,Stripe Platform earnings (deleted),Stripe,24.67,transfer
au,15/01/2023,Stripe Platform earnings (deleted),Stripe,67.96,transfer
au,15/01/2023,Stripe Platform earnings (deleted),Stripe,9.5,transfer
au,15/01/2023,Stripe Platform earnings (deleted),Stripe,18.87,transfer
au,15/01/2023,Stripe Platform earnings (deleted),Stripe,59.06,transfer
au,15/01/2023,Stripe Platform earnings (deleted),Stripe,43.01,transfer
au,15/01/2023,Stripe Platform earnings (deleted),Stripe,22.52,transfer
au,15/01/2023,Stripe Platform earnings (deleted),Stripe,17.67,transfer
au,15/01/2023,Stripe Platform earnings (deleted),Stripe,18.81,transfer
au,14/01/2023,Stripe Platform earnings (deleted),Stripe,-21.48,transfer
au,14/01/2023,Stripe Platform earnings (deleted),Stripe,-20.6,transfer
au,14/01/2023,Stripe Platform earnings (deleted),Stripe,-101.25,transfer
au,14/01/2023,Stripe Platform earnings (deleted),Stripe,20.6,transfer
au,14/01/2023,Stripe Platform earnings (deleted),Stripe,45.0,transfer
au,14/01/2023,Stripe Platform earnings (deleted),Stripe,21.48,transfer
au,14/01/2023,Stripe Platform earnings (deleted),Stripe,101.25,transfer
au,14/01/2023,Stripe Platform earnings (deleted),Stripe,140.62,transfer
au,14/01/2023,Stripe Platform earnings (deleted),Stripe,4.74,transfer
au,13/01/2023,Stripe Platform earnings (deleted),Stripe,-76.0,transfer
au,13/01/2023,Stripe Platform earnings (deleted),Stripe,4.74,transfer
au,13/01/2023,Stripe Platform earnings (deleted),Stripe,63.21,transfer
au,13/01/2023,Stripe Platform earnings (deleted),Stripe,41.37,transfer
au,13/01/2023,Stripe Platform earnings (deleted),Stripe,43.01,transfer
au,13/01/2023,Stripe Platform earnings (deleted),Stripe,76.0,transfer
au,12/01/2023,Stripe Platform earnings (deleted),Stripe,-116.22,transfer
au,12/01/2023,Stripe Platform earnings (deleted),Stripe,-83.95,transfer
au,12/01/2023,Stripe Platform earnings (deleted),Stripe,17.21,transfer
au,12/01/2023,Stripe Platform earnings (deleted),Stripe,97.06,transfer
au,12/01/2023,Stripe Platform earnings (deleted),Stripe,131.08,transfer
au,12/01/2023,Stripe Platform earnings (deleted),Stripe,83.95,transfer
au,12/01/2023,Stripe Platform earnings (deleted),Stripe,18.81,transfer
au,12/01/2023,Stripe Platform earnings (deleted),Stripe,105.31,transfer
au,12/01/2023,Stripe Platform earnings (deleted),Stripe,116.22,transfer
au,12/01/2023,Stripe Platform earnings (deleted),Stripe,21.5,transfer
au,12/01/2023,Stripe Platform earnings (deleted),Stripe,130.81,transfer
au,12/01/2023,Stripe Platform earnings (deleted),Stripe,37.75,transfer
au,12/01/2023,Stripe Platform earnings (deleted),Stripe,76.0,transfer
au,12/01/2023,Stripe Platform earnings (deleted),Stripe,22.88,transfer
au,12/01/2023,Stripe Platform earnings (deleted),Stripe,95.62,transfer
au,11/01/2023,Stripe Platform earnings (deleted),Stripe,-68.9,transfer
au,11/01/2023,Stripe Platform earnings (deleted),Stripe,18.46,transfer
au,11/01/2023,Stripe Platform earnings (deleted),Stripe,37.82,transfer
au,11/01/2023,Stripe Platform earnings (deleted),Stripe,50.62,transfer
au,11/01/2023,Stripe Platform earnings (deleted),Stripe,15.5,transfer
au,11/01/2023,Stripe Platform earnings (deleted),Stripe,68.9,transfer
au,11/01/2023,Stripe Platform earnings (deleted),Stripe,42.72,transfer
au,11/01/2023,Stripe Platform earnings (deleted),Stripe,170.1,transfer
au,11/01/2023,Stripe Platform earnings (deleted),Stripe,18.81,transfer
au,11/01/2023,Stripe Platform earnings (deleted),Stripe,9.3,transfer
au,11/01/2023,Stripe Platform earnings (deleted),Stripe,32.51,transfer
au,11/01/2023,Stripe Platform earnings (deleted),Stripe,37.35,transfer
au,11/01/2023,Stripe Platform earnings (deleted),Stripe,21.5,transfer
au,11/01/2023,Stripe Platform earnings (deleted),Stripe,94.58,transfer
au,11/01/2023,Stripe Platform earnings (deleted),Stripe,35.77,transfer
au,10/01/2023,Stripe Platform earnings (deleted),Stripe,-224.25,transfer
au,10/01/2023,Stripe Platform earnings (deleted),Stripe,-38.12,transfer
au,10/01/2023,Stripe Platform earnings (deleted),Stripe,37.87,transfer
au,10/01/2023,Stripe Platform earnings (deleted),Stripe,38.12,transfer
au,10/01/2023,Stripe Platform earnings (deleted),Stripe,45.77,transfer
au,10/01/2023,Stripe Platform earnings (deleted),Stripe,60.26,transfer
au,10/01/2023,Stripe Platform earnings (deleted),Stripe,21.23,transfer
au,10/01/2023,Stripe Platform earnings (deleted),Stripe,26.71,transfer
au,10/01/2023,Stripe Platform earnings (deleted),Stripe,21.5,transfer
au,10/01/2023,Stripe Platform earnings (deleted),Stripe,37.27,transfer
au,10/01/2023,Stripe Platform earnings (deleted),Stripe,224.25,transfer
au,10/01/2023,Stripe Platform earnings (deleted),Stripe,16.56,transfer
au,09/01/2023,Stripe Platform earnings (deleted),Stripe,23.9,transfer
au,09/01/2023,Stripe Platform earnings (deleted),Stripe,21.5,transfer
au,09/01/2023,Stripe Platform earnings (deleted),Stripe,32.51,transfer
au,09/01/2023,Stripe Platform earnings (deleted),Stripe,38.12,transfer
au,09/01/2023,Stripe Platform earnings (deleted),Stripe,37.35,transfer
au,09/01/2023,Stripe Platform earnings (deleted),Stripe,37.07,transfer
au,09/01/2023,Stripe Platform earnings (deleted),Stripe,74.65,transfer
au,09/01/2023,Stripe Platform earnings (deleted),Stripe,18.93,transfer
au,08/01/2023,Stripe Platform earnings (deleted),Stripe,-122.5,transfer
au,08/01/2023,Stripe Platform earnings (deleted),Stripe,-23.01,transfer
au,08/01/2023,Stripe Platform earnings (deleted),Stripe,-82.65,transfer
au,08/01/2023,Stripe Platform earnings (deleted),Stripe,68.66,transfer
au,08/01/2023,Stripe Platform earnings (deleted),Stripe,18.93,transfer
au,08/01/2023,Stripe Platform earnings (deleted),Stripe,21.95,transfer
au,08/01/2023,Stripe Platform earnings (deleted),Stripe,82.65,transfer
au,08/01/2023,Stripe Platform earnings (deleted),Stripe,21.5,transfer
au,08/01/2023,Stripe Platform earnings (deleted),Stripe,18.66,transfer
au,08/01/2023,Stripe Platform earnings (deleted),Stripe,122.5,transfer
au,08/01/2023,Stripe Platform earnings (deleted),Stripe,37.77,transfer
au,08/01/2023,Stripe Platform earnings (deleted),Stripe,37.2,transfer
au,07/01/2023,Stripe Platform earnings (deleted),Stripe,-46.4,transfer
au,07/01/2023,Stripe Platform earnings (deleted),Stripe,18.66,transfer
au,07/01/2023,Stripe Platform earnings (deleted),Stripe,23.01,transfer
au,07/01/2023,Stripe Platform earnings (deleted),Stripe,46.4,transfer
au,07/01/2023,Stripe Platform earnings (deleted),Stripe,55.91,transfer
au,07/01/2023,Stripe Platform earnings (deleted),Stripe,9.3,transfer
au,07/01/2023,Stripe Platform earnings (deleted),Stripe,19.06,transfer
au,06/01/2023,Stripe Platform earnings (deleted),Stripe,99.68,transfer
au,06/01/2023,Stripe Platform earnings (deleted),Stripe,69.67,transfer
au,06/01/2023,Stripe Platform earnings (deleted),Stripe,23.24,transfer
au,06/01/2023,Stripe Platform earnings (deleted),Stripe,18.66,transfer
au,06/01/2023,Stripe Platform earnings (deleted),Stripe,56.42,transfer
au,05/01/2023,Stripe Platform earnings (deleted),Stripe,222.33,transfer
au,05/01/2023,Stripe Platform earnings (deleted),Stripe,38.0,transfer
au,05/01/2023,Stripe Platform earnings (deleted),Stripe,68.66,transfer
au,05/01/2023,Stripe Platform earnings (deleted),Stripe,19.18,transfer
au,05/01/2023,Stripe Platform earnings (deleted),Stripe,18.66,transfer
au,04/01/2023,Stripe Platform earnings (deleted),Stripe,-48.6,transfer
au,04/01/2023,Stripe Platform earnings (deleted),Stripe,-16.99,transfer
au,04/01/2023,Stripe Platform earnings (deleted),Stripe,18.67,transfer
au,04/01/2023,Stripe Platform earnings (deleted),Stripe,18.93,transfer
au,04/01/2023,Stripe Platform earnings (deleted),Stripe,48.6,transfer
au,04/01/2023,Stripe Platform earnings (deleted),Stripe,25.55,transfer
au,04/01/2023,Stripe Platform earnings (deleted),Stripe,37.16,transfer
au,04/01/2023,Stripe Platform earnings (deleted),Stripe,64.52,transfer
au,03/01/2023,Stripe Platform earnings (deleted),Stripe,-287.0,transfer
au,03/01/2023,Stripe Platform earnings (deleted),Stripe,140.98,transfer
au,03/01/2023,Stripe Platform earnings (deleted),Stripe,20.72,transfer
au,03/01/2023,Stripe Platform earnings (deleted),Stripe,22.38,transfer
au,03/01/2023,Stripe Platform earnings (deleted),Stripe,37.32,transfer
au,03/01/2023,Stripe Platform earnings (deleted),Stripe,74.02,transfer
au,02/01/2023,Stripe Platform earnings (deleted),Stripe,-45.52,transfer
au,02/01/2023,Stripe Platform earnings (deleted),Stripe,-18.93,transfer
au,02/01/2023,Stripe Platform earnings (deleted),Stripe,320.62,transfer
au,02/01/2023,Stripe Platform earnings (deleted),Stripe,20.08,transfer
au,02/01/2023,Stripe Platform earnings (deleted),Stripe,32.51,transfer
au,02/01/2023,Stripe Platform earnings (deleted),Stripe,18.66,transfer
au,02/01/2023,Stripe Platform earnings (deleted),Stripe,37.87,transfer
au,02/01/2023,Stripe Platform earnings (deleted),Stripe,22.51,transfer
au,01/01/2023,Stripe Platform earnings (deleted),Stripe,37.62,transfer
au,01/01/2023,Stripe Platform earnings (deleted),Stripe,18.93,transfer
au,01/01/2023,Stripe Platform earnings (deleted),Stripe,16.99,transfer
au,28/02/2023,Stripe Refunds,Stripe,-1.0,transfer
au,28/02/2023,Stripe Refunds,Stripe,-362.33,transfer
au,28/02/2023,Stripe Refunds,Stripe,0.0,transfer
au,28/02/2023,Stripe Refunds,Stripe,-49.72,transfer
au,27/02/2023,Stripe Refunds,Stripe,-1.0,transfer
au,27/02/2023,Stripe Refunds,Stripe,-560.0,transfer
au,27/02/2023,Stripe Refunds,Stripe,-208.06,transfer
au,26/02/2023,Stripe Refunds,Stripe,-1.0,transfer
au,26/02/2023,Stripe Refunds,Stripe,-50.73,transfer
au,26/02/2023,Stripe Refunds,Stripe,-119.02,transfer
au,26/02/2023,Stripe Refunds,Stripe,-30.73,transfer
au,26/02/2023,Stripe Refunds,Stripe,-95.32,transfer
au,26/02/2023,Stripe Refunds,Stripe,-45.0,transfer
au,26/02/2023,Stripe Refunds,Stripe,-17.5,transfer
au,26/02/2023,Stripe Refunds,Stripe,-58.93,transfer
au,26/02/2023,Stripe Refunds,Stripe,-47.66,transfer
au,26/02/2023,Stripe Refunds,Stripe,-62.7,transfer
au,25/02/2023,Stripe Refunds,Stripe,-1.0,transfer
au,25/02/2023,Stripe Refunds,Stripe,-101.78,transfer
au,25/02/2023,Stripe Refunds,Stripe,-52.78,transfer
au,24/02/2023,Stripe Refunds,Stripe,-1.0,transfer
au,24/02/2023,Stripe Refunds,Stripe,-8.5,transfer
au,24/02/2023,Stripe Refunds,Stripe,-164.86,transfer
au,24/02/2023,Stripe Refunds,Stripe,-110.7,transfer
au,24/02/2023,Stripe Refunds,Stripe,-47.66,transfer
au,24/02/2023,Stripe Refunds,Stripe,-456.63,transfer
au,24/02/2023,Stripe Refunds,Stripe,-147.34,transfer
au,23/02/2023,Stripe Refunds,Stripe,-1.0,transfer
au,23/02/2023,Stripe Refunds,Stripe,-86.35,transfer
au,23/02/2023,Stripe Refunds,Stripe,-219.55,transfer
au,23/02/2023,Stripe Refunds,Stripe,-68.16,transfer
au,23/02/2023,Stripe Refunds,Stripe,-50.18,transfer
au,23/02/2023,Stripe Refunds,Stripe,-195.0,transfer
au,23/02/2023,Stripe Refunds,Stripe,-92.5,transfer
au,22/02/2023,Stripe Refunds,Stripe,-1.0,transfer
au,22/02/2023,Stripe Refunds,Stripe,-101.78,transfer
au,22/02/2023,Stripe Refunds,Stripe,-260.35,transfer
au,22/02/2023,Stripe Refunds,Stripe,-117.87,transfer
au,21/02/2023,Stripe Refunds,Stripe,-304.93,transfer
au,21/02/2023,Stripe Refunds,Stripe,-1.0,transfer
au,21/02/2023,Stripe Refunds,Stripe,-250.0,transfer
au,21/02/2023,Stripe Refunds,Stripe,-247.53,transfer
au,21/02/2023,Stripe Refunds,Stripe,-222.48,transfer
au,21/02/2023,Stripe Refunds,Stripe,-80.48,transfer
au,21/02/2023,Stripe Refunds,Stripe,-304.93,transfer
au,21/02/2023,Stripe Refunds,Stripe,-119.92,transfer
au,21/02/2023,Stripe Refunds,Stripe,-224.0,transfer
au,21/02/2023,Stripe Refunds,Stripe,-105.0,transfer
au,20/02/2023,Stripe Refunds,Stripe,-1.0,transfer
au,20/02/2023,Stripe Refunds,Stripe,-185.56,transfer
au,20/02/2023,Stripe Refunds,Stripe,-365.92,transfer
au,19/02/2023,Stripe Refunds,Stripe,-160.73,transfer
au,19/02/2023,Stripe Refunds,Stripe,-223.1,transfer
au,19/02/2023,Stripe Refunds,Stripe,-1.0,transfer
au,19/02/2023,Stripe Refunds,Stripe,-250.0,transfer
au,19/02/2023,Stripe Refunds,Stripe,-54.83,transfer
au,19/02/2023,Stripe Refunds,Stripe,-81.33,transfer
au,18/02/2023,Stripe Refunds,Stripe,-54.16,transfer
au,18/02/2023,Stripe Refunds,Stripe,-1.0,transfer
au,18/02/2023,Stripe Refunds,Stripe,-69.18,transfer
au,18/02/2023,Stripe Refunds,Stripe,-114.03,transfer
au,18/02/2023,Stripe Refunds,Stripe,-97.88,transfer
au,18/02/2023,Stripe Refunds,Stripe,-35.72,transfer
au,18/02/2023,Stripe Refunds,Stripe,-39.53,transfer
au,17/02/2023,Stripe Refunds,Stripe,-1.0,transfer
au,17/02/2023,Stripe Refunds,Stripe,-250.0,transfer
au,17/02/2023,Stripe Refunds,Stripe,-127.24,transfer
au,17/02/2023,Stripe Refunds,Stripe,-32.78,transfer
au,17/02/2023,Stripe Refunds,Stripe,-101.47,transfer
au,16/02/2023,Stripe Refunds,Stripe,-1.0,transfer
au,16/02/2023,Stripe Refunds,Stripe,-250.0,transfer
au,16/02/2023,Stripe Refunds,Stripe,-226.99,transfer
au,15/02/2023,Stripe Refunds,Stripe,-1.0,transfer
au,15/02/2023,Stripe Refunds,Stripe,-166.43,transfer
au,15/02/2023,Stripe Refunds,Stripe,-126.42,transfer
au,15/02/2023,Stripe Refunds,Stripe,-94.3,transfer
au,15/02/2023,Stripe Refunds,Stripe,-207.56,transfer
au,14/02/2023,Stripe Refunds,Stripe,-1.0,transfer
au,14/02/2023,Stripe Refunds,Stripe,-60.0,transfer
au,14/02/2023,Stripe Refunds,Stripe,-86.61,transfer
au,14/02/2023,Stripe Refunds,Stripe,-235.75,transfer
au,14/02/2023,Stripe Refunds,Stripe,-210.63,transfer
au,13/02/2023,Stripe Refunds,Stripe,-1.0,transfer
au,13/02/2023,Stripe Refunds,Stripe,-250.0,transfer
au,13/02/2023,Stripe Refunds,Stripe,-294.68,transfer
au,13/02/2023,Stripe Refunds,Stripe,-107.62,transfer
au,12/02/2023,Stripe Refunds,Stripe,-1.0,transfer
au,12/02/2023,Stripe Refunds,Stripe,-156.31,transfer
au,12/02/2023,Stripe Refunds,Stripe,-174.76,transfer
au,12/02/2023,Stripe Refunds,Stripe,-217.81,transfer
au,11/02/2023,Stripe Refunds,Stripe,-1.0,transfer
au,11/02/2023,Stripe Refunds,Stripe,-250.0,transfer
au,11/02/2023,Stripe Refunds,Stripe,-45.58,transfer
au,11/02/2023,Stripe Refunds,Stripe,-186.0,transfer
au,11/02/2023,Stripe Refunds,Stripe,-105.0,transfer
au,10/02/2023,Stripe Refunds,Stripe,-1.0,transfer
au,10/02/2023,Stripe Refunds,Stripe,-76.11,transfer
au,10/02/2023,Stripe Refunds,Stripe,-103.01,transfer
au,10/02/2023,Stripe Refunds,Stripe,-352.08,transfer
au,10/02/2023,Stripe Refunds,Stripe,-115.82,transfer
au,10/02/2023,Stripe Refunds,Stripe,-64.06,transfer
au,10/02/2023,Stripe Refunds,Stripe,-204.48,transfer
au,10/02/2023,Stripe Refunds,Stripe,-4.4,transfer
au,10/02/2023,Stripe Refunds,Stripe,-49.2,transfer
au,10/02/2023,Stripe Refunds,Stripe,-121.71,transfer
au,10/02/2023,Stripe Refunds,Stripe,-60.0,transfer
au,10/02/2023,Stripe Refunds,Stripe,-20.5,transfer
au,09/02/2023,Stripe Refunds,Stripe,-1.0,transfer
au,09/02/2023,Stripe Refunds,Stripe,-75.74,transfer
au,09/02/2023,Stripe Refunds,Stripe,-250.0,transfer
au,09/02/2023,Stripe Refunds,Stripe,-71.19,transfer
au,09/02/2023,Stripe Refunds,Stripe,-832.81,transfer
au,09/02/2023,Stripe Refunds,Stripe,-486.87,transfer
au,09/02/2023,Stripe Refunds,Stripe,-27.87,transfer
au,09/02/2023,Stripe Refunds,Stripe,-872.0,transfer
au,09/02/2023,Stripe Refunds,Stripe,-518.0,transfer
au,09/02/2023,Stripe Refunds,Stripe,-217.81,transfer
au,08/02/2023,Stripe Refunds,Stripe,-1.0,transfer
au,08/02/2023,Stripe Refunds,Stripe,-107.62,transfer
au,08/02/2023,Stripe Refunds,Stripe,-49.72,transfer
au,08/02/2023,Stripe Refunds,Stripe,-140.42,transfer
au,08/02/2023,Stripe Refunds,Stripe,-68.92,transfer
au,07/02/2023,Stripe Refunds,Stripe,-1.0,transfer
au,07/02/2023,Stripe Refunds,Stripe,-250.0,transfer
au,07/02/2023,Stripe Refunds,Stripe,-53.81,transfer
au,07/02/2023,Stripe Refunds,Stripe,-68.4,transfer
au,07/02/2023,Stripe Refunds,Stripe,-20.0,transfer
au,06/02/2023,Stripe Refunds,Stripe,-1.0,transfer
au,06/02/2023,Stripe Refunds,Stripe,-29.33,transfer
au,06/02/2023,Stripe Refunds,Stripe,-16.5,transfer
au,05/02/2023,Stripe Refunds,Stripe,-1.0,transfer
au,05/02/2023,Stripe Refunds,Stripe,-250.0,transfer
au,04/02/2023,Stripe Refunds,Stripe,-176.85,transfer
au,04/02/2023,Stripe Refunds,Stripe,-199.78,transfer
au,04/02/2023,Stripe Refunds,Stripe,-1.0,transfer
au,04/02/2023,Stripe Refunds,Stripe,-111.53,transfer
au,04/02/2023,Stripe Refunds,Stripe,-190.0,transfer
au,04/02/2023,Stripe Refunds,Stripe,-194.0,transfer
au,04/02/2023,Stripe Refunds,Stripe,-111.0,transfer
au,04/02/2023,Stripe Refunds,Stripe,-97.88,transfer
au,04/02/2023,Stripe Refunds,Stripe,-331.57,transfer
au,03/02/2023,Stripe Refunds,Stripe,-1.0,transfer
au,03/02/2023,Stripe Refunds,Stripe,-62.51,transfer
au,03/02/2023,Stripe Refunds,Stripe,-250.0,transfer
au,03/02/2023,Stripe Refunds,Stripe,-24.83,transfer
au,03/02/2023,Stripe Refunds,Stripe,-269.06,transfer
au,03/02/2023,Stripe Refunds,Stripe,-78.28,transfer
au,02/02/2023,Stripe Refunds,Stripe,-1.0,transfer
au,02/02/2023,Stripe Refunds,Stripe,-45.73,transfer
au,02/02/2023,Stripe Refunds,Stripe,-27.95,transfer
au,02/02/2023,Stripe Refunds,Stripe,-14.0,transfer
au,02/02/2023,Stripe Refunds,Stripe,-81.33,transfer
au,01/02/2023,Stripe Refunds,Stripe,-1.0,transfer
au,01/02/2023,Stripe Refunds,Stripe,-219.55,transfer
au,01/02/2023,Stripe Refunds,Stripe,-140.23,transfer
au,01/02/2023,Stripe Refunds,Stripe,-195.77,transfer
au,01/02/2023,Stripe Refunds,Stripe,-451.51,transfer
au,01/02/2023,Stripe Refunds,Stripe,-48.17,transfer
au,01/02/2023,Stripe Refunds,Stripe,-83.12,transfer
au,01/02/2023,Stripe Refunds,Stripe,-49.66,transfer
au,31/01/2023,Stripe Refunds,Stripe,-130.17,transfer
au,31/01/2023,Stripe Refunds,Stripe,-1.0,transfer
au,31/01/2023,Stripe Refunds,Stripe,-16.0,transfer
au,31/01/2023,Stripe Refunds,Stripe,-107.62,transfer
au,31/01/2023,Stripe Refunds,Stripe,0.0,transfer
au,31/01/2023,Stripe Refunds,Stripe,-109.75,transfer
au,30/01/2023,Stripe Refunds,Stripe,-1.0,transfer
au,30/01/2023,Stripe Refunds,Stripe,-476.11,transfer
au,30/01/2023,Stripe Refunds,Stripe,-380.0,transfer
au,30/01/2023,Stripe Refunds,Stripe,-10.0,transfer
au,30/01/2023,Stripe Refunds,Stripe,-35.0,transfer
au,30/01/2023,Stripe Refunds,Stripe,-182.56,transfer
au,30/01/2023,Stripe Refunds,Stripe,-64.63,transfer
au,30/01/2023,Stripe Refunds,Stripe,-250.0,transfer
au,30/01/2023,Stripe Refunds,Stripe,-222.0,transfer
au,30/01/2023,Stripe Refunds,Stripe,-97.88,transfer
au,30/01/2023,Stripe Refunds,Stripe,-98.0,transfer
au,29/01/2023,Stripe Refunds,Stripe,-124.02,transfer
au,29/01/2023,Stripe Refunds,Stripe,-1.0,transfer
au,29/01/2023,Stripe Refunds,Stripe,-310.06,transfer
au,28/01/2023,Stripe Refunds,Stripe,-1.0,transfer
au,28/01/2023,Stripe Refunds,Stripe,-75.33,transfer
au,28/01/2023,Stripe Refunds,Stripe,-121.71,transfer
au,28/01/2023,Stripe Refunds,Stripe,-97.88,transfer
au,27/01/2023,Stripe Refunds,Stripe,-1.0,transfer
au,27/01/2023,Stripe Refunds,Stripe,-1031.15,transfer
au,27/01/2023,Stripe Refunds,Stripe,-171.68,transfer
au,27/01/2023,Stripe Refunds,Stripe,-160.92,transfer
au,27/01/2023,Stripe Refunds,Stripe,-88.15,transfer
au,26/01/2023,Stripe Refunds,Stripe,-142.47,transfer
au,26/01/2023,Stripe Refunds,Stripe,-1.0,transfer
au,26/01/2023,Stripe Refunds,Stripe,-60.98,transfer
au,26/01/2023,Stripe Refunds,Stripe,-71.18,transfer
au,25/01/2023,Stripe Refunds,Stripe,-1.0,transfer
au,25/01/2023,Stripe Refunds,Stripe,-88.7,transfer
au,25/01/2023,Stripe Refunds,Stripe,-48.16,transfer
au,25/01/2023,Stripe Refunds,Stripe,-250.0,transfer
au,25/01/2023,Stripe Refunds,Stripe,-660.0,transfer
au,25/01/2023,Stripe Refunds,Stripe,-77.88,transfer
au,24/01/2023,Stripe Refunds,Stripe,-1.0,transfer
au,24/01/2023,Stripe Refunds,Stripe,-212.17,transfer
au,24/01/2023,Stripe Refunds,Stripe,-192.18,transfer
au,24/01/2023,Stripe Refunds,Stripe,-596.0,transfer
au,23/01/2023,Stripe Refunds,Stripe,-1.0,transfer
au,22/01/2023,Stripe Refunds,Stripe,-1.0,transfer
au,22/01/2023,Stripe Refunds,Stripe,-50.72,transfer
au,21/01/2023,Stripe Refunds,Stripe,-138.37,transfer
au,21/01/2023,Stripe Refunds,Stripe,-1.0,transfer
au,20/01/2023,Stripe Refunds,Stripe,-1.0,transfer
au,20/01/2023,Stripe Refunds,Stripe,-379.25,transfer
au,20/01/2023,Stripe Refunds,Stripe,-76.87,transfer
au,20/01/2023,Stripe Refunds,Stripe,-71.18,transfer
au,19/01/2023,Stripe Refunds,Stripe,-53.05,transfer
au,19/01/2023,Stripe Refunds,Stripe,-1.0,transfer
au,19/01/2023,Stripe Refunds,Stripe,-68.16,transfer
au,18/01/2023,Stripe Refunds,Stripe,-1.0,transfer
au,18/01/2023,Stripe Refunds,Stripe,-36.86,transfer
au,18/01/2023,Stripe Refunds,Stripe,-184.18,transfer
au,18/01/2023,Stripe Refunds,Stripe,-250.0,transfer
au,18/01/2023,Stripe Refunds,Stripe,-237.45,transfer
au,17/01/2023,Stripe Refunds,Stripe,-1.0,transfer
au,17/01/2023,Stripe Refunds,Stripe,-96.35,transfer
au,17/01/2023,Stripe Refunds,Stripe,-48.68,transfer
au,16/01/2023,Stripe Refunds,Stripe,-350.03,transfer
au,16/01/2023,Stripe Refunds,Stripe,-1.0,transfer
au,16/01/2023,Stripe Refunds,Stripe,-73.8,transfer
au,15/01/2023,Stripe Refunds,Stripe,-1.0,transfer
au,15/01/2023,Stripe Refunds,Stripe,-44.0,transfer
au,15/01/2023,Stripe Refunds,Stripe,-264.96,transfer
au,14/01/2023,Stripe Refunds,Stripe,-1.0,transfer
au,14/01/2023,Stripe Refunds,Stripe,-461.25,transfer
au,14/01/2023,Stripe Refunds,Stripe,-65.6,transfer
au,14/01/2023,Stripe Refunds,Stripe,-81.48,transfer
au,13/01/2023,Stripe Refunds,Stripe,-1.0,transfer
au,13/01/2023,Stripe Refunds,Stripe,-246.0,transfer
au,12/01/2023,Stripe Refunds,Stripe,-243.95,transfer
au,12/01/2023,Stripe Refunds,Stripe,-1.0,transfer
au,12/01/2023,Stripe Refunds,Stripe,-460.22,transfer
au,11/01/2023,Stripe Refunds,Stripe,-76.0,transfer
au,11/01/2023,Stripe Refunds,Stripe,-1.0,transfer
au,11/01/2023,Stripe Refunds,Stripe,-35.0,transfer
au,11/01/2023,Stripe Refunds,Stripe,-313.9,transfer
au,11/01/2023,Stripe Refunds,Stripe,-74.31,transfer
au,10/01/2023,Stripe Refunds,Stripe,-1.0,transfer
au,10/01/2023,Stripe Refunds,Stripe,-584.25,transfer
au,10/01/2023,Stripe Refunds,Stripe,-128.12,transfer
au,09/01/2023,Stripe Refunds,Stripe,-1.0,transfer
au,09/01/2023,Stripe Refunds,Stripe,-187.93,transfer
au,08/01/2023,Stripe Refunds,Stripe,-1.0,transfer
au,08/01/2023,Stripe Refunds,Stripe,-492.5,transfer
au,08/01/2023,Stripe Refunds,Stripe,-83.01,transfer
au,08/01/2023,Stripe Refunds,Stripe,-190.65,transfer
au,08/01/2023,Stripe Refunds,Stripe,-250.0,transfer
au,07/01/2023,Stripe Refunds,Stripe,-1.0,transfer
au,07/01/2023,Stripe Refunds,Stripe,-250.0,transfer
au,07/01/2023,Stripe Refunds,Stripe,-211.4,transfer
au,06/01/2023,Stripe Refunds,Stripe,-1.0,transfer
au,05/01/2023,Stripe Refunds,Stripe,-1.0,transfer
au,04/01/2023,Stripe Refunds,Stripe,-1.0,transfer
au,04/01/2023,Stripe Refunds,Stripe,-168.6,transfer
au,04/01/2023,Stripe Refunds,Stripe,-20.88,transfer
au,03/01/2023,Stripe Refunds,Stripe,-1.0,transfer
au,03/01/2023,Stripe Refunds,Stripe,-1127.0,transfer
au,02/01/2023,Stripe Refunds,Stripe,-185.52,transfer
au,02/01/2023,Stripe Refunds,Stripe,-58.93,transfer
au,02/01/2023,Stripe Refunds,Stripe,-1.0,transfer
au,02/01/2023,Stripe Refunds,Stripe,-35.92,transfer
au,02/01/2023,Stripe Refunds,Stripe,-250.0,transfer
au,01/01/2023,Stripe Refunds,Stripe,-1.0,transfer
au,28/02/2023,Stripe_sales_deposits (deleted),Stripe,1.0,transfer
au,28/02/2023,Stripe_sales_deposits (deleted),Stripe,250.0,transfer
au,28/02/2023,Stripe_sales_deposits (deleted),Stripe,0.0,transfer
au,27/02/2023,Stripe_sales_deposits (deleted),Stripe,1.0,transfer
au,26/02/2023,Stripe_sales_deposits (deleted),Stripe,1.0,transfer
au,26/02/2023,Stripe_sales_deposits (deleted),Stripe,250.0,transfer
au,25/02/2023,Stripe_sales_deposits (deleted),Stripe,1.0,transfer
au,25/02/2023,Stripe_sales_deposits (deleted),Stripe,250.0,transfer
au,24/02/2023,Stripe_sales_deposits (deleted),Stripe,1.0,transfer
au,23/02/2023,Stripe_sales_deposits (deleted),Stripe,1.0,transfer
au,22/02/2023,Stripe_sales_deposits (deleted),Stripe,1.0,transfer
au,22/02/2023,Stripe_sales_deposits (deleted),Stripe,250.0,transfer
au,21/02/2023,Stripe_sales_deposits (deleted),Stripe,1.0,transfer
au,21/02/2023,Stripe_sales_deposits (deleted),Stripe,250.0,transfer
au,20/02/2023,Stripe_sales_deposits (deleted),Stripe,1.0,transfer
au,20/02/2023,Stripe_sales_deposits (deleted),Stripe,250.0,transfer
au,19/02/2023,Stripe_sales_deposits (deleted),Stripe,250.0,transfer
au,19/02/2023,Stripe_sales_deposits (deleted),Stripe,1.0,transfer
au,18/02/2023,Stripe_sales_deposits (deleted),Stripe,250.0,transfer
au,18/02/2023,Stripe_sales_deposits (deleted),Stripe,1.0,transfer
au,17/02/2023,Stripe_sales_deposits (deleted),Stripe,1.0,transfer
au,17/02/2023,Stripe_sales_deposits (deleted),Stripe,250.0,transfer
au,16/02/2023,Stripe_sales_deposits (deleted),Stripe,1.0,transfer
au,16/02/2023,Stripe_sales_deposits (deleted),Stripe,250.0,transfer
au,15/02/2023,Stripe_sales_deposits (deleted),Stripe,1.0,transfer
au,15/02/2023,Stripe_sales_deposits (deleted),Stripe,250.0,transfer
au,14/02/2023,Stripe_sales_deposits (deleted),Stripe,250.0,transfer
au,14/02/2023,Stripe_sales_deposits (deleted),Stripe,1.0,transfer
au,13/02/2023,Stripe_sales_deposits (deleted),Stripe,1.0,transfer
au,13/02/2023,Stripe_sales_deposits (deleted),Stripe,250.0,transfer
au,12/02/2023,Stripe_sales_deposits (deleted),Stripe,1.0,transfer
au,12/02/2023,Stripe_sales_deposits (deleted),Stripe,250.0,transfer
au,11/02/2023,Stripe_sales_deposits (deleted),Stripe,1.0,transfer
au,10/02/2023,Stripe_sales_deposits (deleted),Stripe,1.0,transfer
au,09/02/2023,Stripe_sales_deposits (deleted),Stripe,1.0,transfer
au,09/02/2023,Stripe_sales_deposits (deleted),Stripe,250.0,transfer
au,08/02/2023,Stripe_sales_deposits (deleted),Stripe,1.0,transfer
au,08/02/2023,Stripe_sales_deposits (deleted),Stripe,250.0,transfer
au,07/02/2023,Stripe_sales_deposits (deleted),Stripe,1.0,transfer
au,07/02/2023,Stripe_sales_deposits (deleted),Stripe,250.0,transfer
au,06/02/2023,Stripe_sales_deposits (deleted),Stripe,1.0,transfer
au,06/02/2023,Stripe_sales_deposits (deleted),Stripe,250.0,transfer
au,05/02/2023,Stripe_sales_deposits (deleted),Stripe,1.0,transfer
au,05/02/2023,Stripe_sales_deposits (deleted),Stripe,250.0,transfer
au,04/02/2023,Stripe_sales_deposits (deleted),Stripe,1.0,transfer
au,04/02/2023,Stripe_sales_deposits (deleted),Stripe,250.0,transfer
au,03/02/2023,Stripe_sales_deposits (deleted),Stripe,1.0,transfer
au,03/02/2023,Stripe_sales_deposits (deleted),Stripe,250.0,transfer
au,02/02/2023,Stripe_sales_deposits (deleted),Stripe,1.0,transfer
au,02/02/2023,Stripe_sales_deposits (deleted),Stripe,250.0,transfer
au,01/02/2023,Stripe_sales_deposits (deleted),Stripe,1.0,transfer
au,01/02/2023,Stripe_sales_deposits (deleted),Stripe,250.0,transfer
au,31/01/2023,Stripe_sales_deposits (deleted),Stripe,1.0,transfer
au,31/01/2023,Stripe_sales_deposits (deleted),Stripe,250.0,transfer
au,30/01/2023,Stripe_sales_deposits (deleted),Stripe,1.0,transfer
au,30/01/2023,Stripe_sales_deposits (deleted),Stripe,250.0,transfer
au,29/01/2023,Stripe_sales_deposits (deleted),Stripe,1.0,transfer
au,28/01/2023,Stripe_sales_deposits (deleted),Stripe,1.0,transfer
au,28/01/2023,Stripe_sales_deposits (deleted),Stripe,250.0,transfer
au,27/01/2023,Stripe_sales_deposits (deleted),Stripe,1.0,transfer
au,27/01/2023,Stripe_sales_deposits (deleted),Stripe,250.0,transfer
au,26/01/2023,Stripe_sales_deposits (deleted),Stripe,1.0,transfer
au,26/01/2023,Stripe_sales_deposits (deleted),Stripe,250.0,transfer
au,25/01/2023,Stripe_sales_deposits (deleted),Stripe,1.0,transfer
au,25/01/2023,Stripe_sales_deposits (deleted),Stripe,250.0,transfer
au,24/01/2023,Stripe_sales_deposits (deleted),Stripe,1.0,transfer
au,24/01/2023,Stripe_sales_deposits (deleted),Stripe,250.0,transfer
au,23/01/2023,Stripe_sales_deposits (deleted),Stripe,1.0,transfer
au,23/01/2023,Stripe_sales_deposits (deleted),Stripe,250.0,transfer
au,22/01/2023,Stripe_sales_deposits (deleted),Stripe,1.0,transfer
au,21/01/2023,Stripe_sales_deposits (deleted),Stripe,1.0,transfer
au,20/01/2023,Stripe_sales_deposits (deleted),Stripe,1.0,transfer
au,20/01/2023,Stripe_sales_deposits (deleted),Stripe,250.0,transfer
au,19/01/2023,Stripe_sales_deposits (deleted),Stripe,1.0,transfer
au,18/01/2023,Stripe_sales_deposits (deleted),Stripe,1.0,transfer
au,18/01/2023,Stripe_sales_deposits (deleted),Stripe,250.0,transfer
au,17/01/2023,Stripe_sales_deposits (deleted),Stripe,1.0,transfer
au,17/01/2023,Stripe_sales_deposits (deleted),Stripe,250.0,transfer
au,16/01/2023,Stripe_sales_deposits (deleted),Stripe,1.0,transfer
au,16/01/2023,Stripe_sales_deposits (deleted),Stripe,250.0,transfer
au,15/01/2023,Stripe_sales_deposits (deleted),Stripe,1.0,transfer
au,15/01/2023,Stripe_sales_deposits (deleted),Stripe,250.0,transfer
au,14/01/2023,Stripe_sales_deposits (deleted),Stripe,1.0,transfer
au,14/01/2023,Stripe_sales_deposits (deleted),Stripe,250.0,transfer
au,13/01/2023,Stripe_sales_deposits (deleted),Stripe,1.0,transfer
au,13/01/2023,Stripe_sales_deposits (deleted),Stripe,250.0,transfer
au,12/01/2023,Stripe_sales_deposits (deleted),Stripe,1.0,transfer
au,12/01/2023,Stripe_sales_deposits (deleted),Stripe,250.0,transfer
au,11/01/2023,Stripe_sales_deposits (deleted),Stripe,1.0,transfer
au,11/01/2023,Stripe_sales_deposits (deleted),Stripe,250.0,transfer
au,10/01/2023,Stripe_sales_deposits (deleted),Stripe,1.0,transfer
au,10/01/2023,Stripe_sales_deposits (deleted),Stripe,250.0,transfer
au,09/01/2023,Stripe_sales_deposits (deleted),Stripe,1.0,transfer
au,09/01/2023,Stripe_sales_deposits (deleted),Stripe,250.0,transfer
au,08/01/2023,Stripe_sales_deposits (deleted),Stripe,1.0,transfer
au,08/01/2023,Stripe_sales_deposits (deleted),Stripe,250.0,transfer
au,07/01/2023,Stripe_sales_deposits (deleted),Stripe,1.0,transfer
au,07/01/2023,Stripe_sales_deposits (deleted),Stripe,250.0,transfer
au,06/01/2023,Stripe_sales_deposits (deleted),Stripe,1.0,transfer
au,05/01/2023,Stripe_sales_deposits (deleted),Stripe,1.0,transfer
au,04/01/2023,Stripe_sales_deposits (deleted),Stripe,1.0,transfer
au,04/01/2023,Stripe_sales_deposits (deleted),Stripe,250.0,transfer
au,03/01/2023,Stripe_sales_deposits (deleted),Stripe,1.0,transfer
au,02/01/2023,Stripe_sales_deposits (deleted),Stripe,1.0,transfer
au,02/01/2023,Stripe_sales_deposits (deleted),Stripe,250.0,transfer
au,01/01/2023,Stripe_sales_deposits (deleted),Stripe,1.0,transfer
au,01/01/2023,Stripe_sales_deposits (deleted),Stripe,250.0,transfer
au,31/03/2023,Stripe_sales_disputes,Stripe,-1439.55,transfer
au,28/02/2023,Stripe_sales_disputes,Stripe,14.9,transfer
au,28/02/2023,Stripe_sales_disputes,Stripe,36.57,transfer
au,28/02/2023,Stripe_sales_disputes,Stripe,4.45,transfer
au,28/02/2023,Stripe_sales_disputes,Stripe,10.36,transfer
au,28/02/2023,Stripe_sales_disputes,Stripe,-194.04,transfer
au,26/02/2023,Stripe_sales_disputes,Stripe,84.25,transfer
au,24/02/2023,Stripe_sales_disputes,Stripe,29.27,transfer
au,23/02/2023,Stripe_sales_disputes,Stripe,20.0,transfer
au,23/02/2023,Stripe_sales_disputes,Stripe,10.0,transfer
au,23/02/2023,Stripe_sales_disputes,Stripe,65.7,transfer
au,23/02/2023,Stripe_sales_disputes,Stripe,50.0,transfer
au,22/02/2023,Stripe_sales_disputes,Stripe,500.0,transfer
au,22/02/2023,Stripe_sales_disputes,Stripe,86.45,transfer
au,21/02/2023,Stripe_sales_disputes,Stripe,232.86,transfer
au,21/02/2023,Stripe_sales_disputes,Stripe,42.01,transfer
au,20/02/2023,Stripe_sales_disputes,Stripe,457.4,transfer
au,20/02/2023,Stripe_sales_disputes,Stripe,436.08,transfer
au,20/02/2023,Stripe_sales_disputes,Stripe,32.98,transfer
au,19/02/2023,Stripe_sales_disputes,Stripe,39.56,transfer
au,19/02/2023,Stripe_sales_disputes,Stripe,13.88,transfer
au,19/02/2023,Stripe_sales_disputes,Stripe,15.69,transfer
au,19/02/2023,Stripe_sales_disputes,Stripe,39.94,transfer
au,19/02/2023,Stripe_sales_disputes,Stripe,29.46,transfer
au,19/02/2023,Stripe_sales_disputes,Stripe,55.04,transfer
au,19/02/2023,Stripe_sales_disputes,Stripe,421.05,transfer
au,19/02/2023,Stripe_sales_disputes,Stripe,30.75,transfer
au,19/02/2023,Stripe_sales_disputes,Stripe,243.27,transfer
au,19/02/2023,Stripe_sales_disputes,Stripe,157.43,transfer
au,19/02/2023,Stripe_sales_disputes,Stripe,3.81,transfer
au,18/02/2023,Stripe_sales_disputes,Stripe,166.18,transfer
au,17/02/2023,Stripe_sales_disputes,Stripe,20.0,transfer
au,17/02/2023,Stripe_sales_disputes,Stripe,7.39,transfer
au,17/02/2023,Stripe_sales_disputes,Stripe,52.59,transfer
au,17/02/2023,Stripe_sales_disputes,Stripe,1.8,transfer
au,17/02/2023,Stripe_sales_disputes,Stripe,54.39,transfer
au,17/02/2023,Stripe_sales_disputes,Stripe,10.17,transfer
au,17/02/2023,Stripe_sales_disputes,Stripe,3.75,transfer
au,17/02/2023,Stripe_sales_disputes,Stripe,4.47,transfer
au,17/02/2023,Stripe_sales_disputes,Stripe,26.82,transfer
au,17/02/2023,Stripe_sales_disputes,Stripe,232.82,transfer
au,17/02/2023,Stripe_sales_disputes,Stripe,48.45,transfer
au,16/02/2023,Stripe_sales_disputes,Stripe,30.75,transfer
au,16/02/2023,Stripe_sales_disputes,Stripe,61.37,transfer
au,16/02/2023,Stripe_sales_disputes,Stripe,172.36,transfer
au,16/02/2023,Stripe_sales_disputes,Stripe,27.99,transfer
au,16/02/2023,Stripe_sales_disputes,Stripe,14.15,transfer
au,16/02/2023,Stripe_sales_disputes,Stripe,23.5,transfer
au,16/02/2023,Stripe_sales_disputes,Stripe,3.89,transfer
au,16/02/2023,Stripe_sales_disputes,Stripe,4.06,transfer
au,16/02/2023,Stripe_sales_disputes,Stripe,7.17,transfer
au,16/02/2023,Stripe_sales_disputes,Stripe,22.27,transfer
au,16/02/2023,Stripe_sales_disputes,Stripe,48.94,transfer
au,16/02/2023,Stripe_sales_disputes,Stripe,7.65,transfer
au,16/02/2023,Stripe_sales_disputes,Stripe,20.4,transfer
au,16/02/2023,Stripe_sales_disputes,Stripe,54.88,transfer
au,16/02/2023,Stripe_sales_disputes,Stripe,12.26,transfer
au,16/02/2023,Stripe_sales_disputes,Stripe,22.29,transfer
au,16/02/2023,Stripe_sales_disputes,Stripe,17.9,transfer
au,15/02/2023,Stripe_sales_disputes,Stripe,6.66,transfer
au,14/02/2023,Stripe_sales_disputes,Stripe,35.09,transfer
au,14/02/2023,Stripe_sales_disputes,Stripe,12.79,transfer
au,14/02/2023,Stripe_sales_disputes,Stripe,49.24,transfer
au,14/02/2023,Stripe_sales_disputes,Stripe,6.88,transfer
au,14/02/2023,Stripe_sales_disputes,Stripe,28.97,transfer
au,14/02/2023,Stripe_sales_disputes,Stripe,51.98,transfer
au,14/02/2023,Stripe_sales_disputes,Stripe,35.75,transfer
au,14/02/2023,Stripe_sales_disputes,Stripe,41.08,transfer
au,14/02/2023,Stripe_sales_disputes,Stripe,93.3,transfer
au,14/02/2023,Stripe_sales_disputes,Stripe,79.55,transfer
au,14/02/2023,Stripe_sales_disputes,Stripe,30.75,transfer
au,13/02/2023,Stripe_sales_disputes,Stripe,276.37,transfer
au,10/02/2023,Stripe_sales_disputes,Stripe,20.0,transfer
au,10/02/2023,Stripe_sales_disputes,Stripe,93.59,transfer
au,09/02/2023,Stripe_sales_disputes,Stripe,30.75,transfer
au,09/02/2023,Stripe_sales_disputes,Stripe,70.21,transfer
au,09/02/2023,Stripe_sales_disputes,Stripe,65.1,transfer
au,07/02/2023,Stripe_sales_disputes,Stripe,155.19,transfer
au,07/02/2023,Stripe_sales_disputes,Stripe,30.75,transfer
au,05/02/2023,Stripe_sales_disputes,Stripe,134.84,transfer
au,04/02/2023,Stripe_sales_disputes,Stripe,613.0,transfer
au,04/02/2023,Stripe_sales_disputes,Stripe,30.75,transfer
au,04/02/2023,Stripe_sales_disputes,Stripe,149.96,transfer
au,03/02/2023,Stripe_sales_disputes,Stripe,20.0,transfer
au,03/02/2023,Stripe_sales_disputes,Stripe,57.06,transfer
au,03/02/2023,Stripe_sales_disputes,Stripe,85.38,transfer
au,03/02/2023,Stripe_sales_disputes,Stripe,269.06,transfer
au,02/02/2023,Stripe_sales_disputes,Stripe,302.37,transfer
au,02/02/2023,Stripe_sales_disputes,Stripe,66.63,transfer
au,01/02/2023,Stripe_sales_disputes,Stripe,17.22,transfer
au,01/02/2023,Stripe_sales_disputes,Stripe,60.0,transfer
au,28/02/2023,Stripe_sales_subscriptions (deleted),Stripe,61.5,transfer
au,27/02/2023,Stripe_sales_subscriptions (deleted),Stripe,560.0,transfer
au,27/02/2023,Stripe_sales_subscriptions (deleted),Stripe,30.75,transfer
au,26/02/2023,Stripe_sales_subscriptions (deleted),Stripe,112.75,transfer
au,21/02/2023,Stripe_sales_subscriptions (deleted),Stripe,30.75,transfer
au,17/02/2023,Stripe_sales_subscriptions (deleted),Stripe,185.56,transfer
au,17/02/2023,Stripe_sales_subscriptions (deleted),Stripe,10.19,transfer
au,17/02/2023,Stripe_sales_subscriptions (deleted),Stripe,30.75,transfer
au,13/02/2023,Stripe_sales_subscriptions (deleted),Stripe,30.75,transfer
au,11/02/2023,Stripe_sales_subscriptions (deleted),Stripe,30.75,transfer
au,08/02/2023,Stripe_sales_subscriptions (deleted),Stripe,10.25,transfer
au,07/02/2023,Stripe_sales_subscriptions (deleted),Stripe,30.75,transfer
au,07/02/2023,Stripe_sales_subscriptions (deleted),Stripe,41.0,transfer
au,06/02/2023,Stripe_sales_subscriptions (deleted),Stripe,10.25,transfer
au,06/02/2023,Stripe_sales_subscriptions (deleted),Stripe,30.75,transfer
au,31/01/2023,Stripe_sales_subscriptions (deleted),Stripe,451.0,transfer
au,28/01/2023,Stripe_sales_subscriptions (deleted),Stripe,61.5,transfer
au,26/01/2023,Stripe_sales_subscriptions (deleted),Stripe,112.75,transfer
au,26/01/2023,Stripe_sales_subscriptions (deleted),Stripe,10.25,transfer
au,21/01/2023,Stripe_sales_subscriptions (deleted),Stripe,30.75,transfer
au,17/01/2023,Stripe_sales_subscriptions (deleted),Stripe,30.75,transfer
au,13/01/2023,Stripe_sales_subscriptions (deleted),Stripe,30.75,transfer
au,11/01/2023,Stripe_sales_subscriptions (deleted),Stripe,30.75,transfer
au,07/01/2023,Stripe_sales_subscriptions (deleted),Stripe,30.75,transfer
au,07/01/2023,Stripe_sales_subscriptions (deleted),Stripe,41.0,transfer
au,06/01/2023,Stripe_sales_subscriptions (deleted),Stripe,10.25,transfer
au,06/01/2023,Stripe_sales_subscriptions (deleted),Stripe,30.75,transfer
au,28/02/2023,Stripe_sales_usage (deleted),Stripe,282.9,transfer
au,28/02/2023,Stripe_sales_usage (deleted),Stripe,139.91,transfer
au,28/02/2023,Stripe_sales_usage (deleted),Stripe,56.88,transfer
au,28/02/2023,Stripe_sales_usage (deleted),Stripe,57.91,transfer
au,28/02/2023,Stripe_sales_usage (deleted),Stripe,317.75,transfer
au,28/02/2023,Stripe_sales_usage (deleted),Stripe,362.33,transfer
au,28/02/2023,Stripe_sales_usage (deleted),Stripe,274.18,transfer
au,28/02/2023,Stripe_sales_usage (deleted),Stripe,77.38,transfer
au,28/02/2023,Stripe_sales_usage (deleted),Stripe,146.56,transfer
au,28/02/2023,Stripe_sales_usage (deleted),Stripe,419.8,transfer
au,28/02/2023,Stripe_sales_usage (deleted),Stripe,344.4,transfer
au,28/02/2023,Stripe_sales_usage (deleted),Stripe,1094.15,transfer
au,28/02/2023,Stripe_sales_usage (deleted),Stripe,53.81,transfer
au,28/02/2023,Stripe_sales_usage (deleted),Stripe,366.43,transfer
au,27/02/2023,Stripe_sales_usage (deleted),Stripe,54.83,transfer
au,27/02/2023,Stripe_sales_usage (deleted),Stripe,295.2,transfer
au,27/02/2023,Stripe_sales_usage (deleted),Stripe,208.06,transfer
au,27/02/2023,Stripe_sales_usage (deleted),Stripe,57.91,transfer
au,27/02/2023,Stripe_sales_usage (deleted),Stripe,294.68,transfer
au,27/02/2023,Stripe_sales_usage (deleted),Stripe,77.38,transfer
au,27/02/2023,Stripe_sales_usage (deleted),Stripe,53.81,transfer
au,26/02/2023,Stripe_sales_usage (deleted),Stripe,119.02,transfer
au,26/02/2023,Stripe_sales_usage (deleted),Stripe,113.77,transfer
au,26/02/2023,Stripe_sales_usage (deleted),Stripe,47.66,transfer
au,26/02/2023,Stripe_sales_usage (deleted),Stripe,52.78,transfer
au,26/02/2023,Stripe_sales_usage (deleted),Stripe,53.81,transfer
au,26/02/2023,Stripe_sales_usage (deleted),Stripe,78.41,transfer
au,26/02/2023,Stripe_sales_usage (deleted),Stripe,142.47,transfer
au,26/02/2023,Stripe_sales_usage (deleted),Stripe,458.0,transfer
au,26/02/2023,Stripe_sales_usage (deleted),Stripe,58.93,transfer
au,26/02/2023,Stripe_sales_usage (deleted),Stripe,81.48,transfer
au,26/02/2023,Stripe_sales_usage (deleted),Stripe,62.7,transfer
au,26/02/2023,Stripe_sales_usage (deleted),Stripe,77.38,transfer
au,26/02/2023,Stripe_sales_usage (deleted),Stripe,49.51,transfer
au,26/02/2023,Stripe_sales_usage (deleted),Stripe,194.75,transfer
au,25/02/2023,Stripe_sales_usage (deleted),Stripe,121.71,transfer
au,25/02/2023,Stripe_sales_usage (deleted),Stripe,78.41,transfer
au,25/02/2023,Stripe_sales_usage (deleted),Stripe,335.16,transfer
au,25/02/2023,Stripe_sales_usage (deleted),Stripe,95.32,transfer
au,25/02/2023,Stripe_sales_usage (deleted),Stripe,166.56,transfer
au,25/02/2023,Stripe_sales_usage (deleted),Stripe,91.73,transfer
au,25/02/2023,Stripe_sales_usage (deleted),Stripe,116.32,transfer
au,25/02/2023,Stripe_sales_usage (deleted),Stripe,90.71,transfer
au,25/02/2023,Stripe_sales_usage (deleted),Stripe,30.73,transfer
au,25/02/2023,Stripe_sales_usage (deleted),Stripe,336.51,transfer
au,25/02/2023,Stripe_sales_usage (deleted),Stripe,52.78,transfer
au,25/02/2023,Stripe_sales_usage (deleted),Stripe,53.81,transfer
au,25/02/2023,Stripe_sales_usage (deleted),Stripe,916.04,transfer
au,25/02/2023,Stripe_sales_usage (deleted),Stripe,50.73,transfer
au,24/02/2023,Stripe_sales_usage (deleted),Stripe,47.66,transfer
au,24/02/2023,Stripe_sales_usage (deleted),Stripe,110.7,transfer
au,24/02/2023,Stripe_sales_usage (deleted),Stripe,64.06,transfer
au,24/02/2023,Stripe_sales_usage (deleted),Stripe,456.63,transfer
au,24/02/2023,Stripe_sales_usage (deleted),Stripe,377.2,transfer
au,24/02/2023,Stripe_sales_usage (deleted),Stripe,114.03,transfer
au,24/02/2023,Stripe_sales_usage (deleted),Stripe,101.78,transfer
au,24/02/2023,Stripe_sales_usage (deleted),Stripe,193.89,transfer
au,24/02/2023,Stripe_sales_usage (deleted),Stripe,82.53,transfer
au,24/02/2023,Stripe_sales_usage (deleted),Stripe,109.67,transfer
au,24/02/2023,Stripe_sales_usage (deleted),Stripe,318.5,transfer
au,24/02/2023,Stripe_sales_usage (deleted),Stripe,382.83,transfer
au,24/02/2023,Stripe_sales_usage (deleted),Stripe,147.34,transfer
au,24/02/2023,Stripe_sales_usage (deleted),Stripe,153.75,transfer
au,24/02/2023,Stripe_sales_usage (deleted),Stripe,48.68,transfer
au,24/02/2023,Stripe_sales_usage (deleted),Stripe,165.02,transfer
au,24/02/2023,Stripe_sales_usage (deleted),Stripe,130.17,transfer
au,23/02/2023,Stripe_sales_usage (deleted),Stripe,295.2,transfer
au,23/02/2023,Stripe_sales_usage (deleted),Stripe,142.47,transfer
au,23/02/2023,Stripe_sales_usage (deleted),Stripe,115.82,transfer
au,23/02/2023,Stripe_sales_usage (deleted),Stripe,68.16,transfer
au,23/02/2023,Stripe_sales_usage (deleted),Stripe,50.18,transfer
au,23/02/2023,Stripe_sales_usage (deleted),Stripe,344.4,transfer
au,23/02/2023,Stripe_sales_usage (deleted),Stripe,38.93,transfer
au,23/02/2023,Stripe_sales_usage (deleted),Stripe,531.71,transfer
au,23/02/2023,Stripe_sales_usage (deleted),Stripe,423.31,transfer
au,23/02/2023,Stripe_sales_usage (deleted),Stripe,70.21,transfer
au,23/02/2023,Stripe_sales_usage (deleted),Stripe,47.66,transfer
au,23/02/2023,Stripe_sales_usage (deleted),Stripe,232.2,transfer
au,22/02/2023,Stripe_sales_usage (deleted),Stripe,101.98,transfer
au,22/02/2023,Stripe_sales_usage (deleted),Stripe,260.35,transfer
au,22/02/2023,Stripe_sales_usage (deleted),Stripe,177.32,transfer
au,22/02/2023,Stripe_sales_usage (deleted),Stripe,304.93,transfer
au,22/02/2023,Stripe_sales_usage (deleted),Stripe,101.78,transfer
au,22/02/2023,Stripe_sales_usage (deleted),Stripe,154.77,transfer
au,22/02/2023,Stripe_sales_usage (deleted),Stripe,117.87,transfer
au,22/02/2023,Stripe_sales_usage (deleted),Stripe,569.37,transfer
au,21/02/2023,Stripe_sales_usage (deleted),Stripe,130.17,transfer
au,21/02/2023,Stripe_sales_usage (deleted),Stripe,101.98,transfer
au,21/02/2023,Stripe_sales_usage (deleted),Stripe,57.91,transfer
au,21/02/2023,Stripe_sales_usage (deleted),Stripe,119.92,transfer
au,21/02/2023,Stripe_sales_usage (deleted),Stripe,79.74,transfer
au,21/02/2023,Stripe_sales_usage (deleted),Stripe,247.53,transfer
au,21/02/2023,Stripe_sales_usage (deleted),Stripe,58.93,transfer
au,21/02/2023,Stripe_sales_usage (deleted),Stripe,164.51,transfer
au,21/02/2023,Stripe_sales_usage (deleted),Stripe,294.68,transfer
au,21/02/2023,Stripe_sales_usage (deleted),Stripe,276.75,transfer
au,21/02/2023,Stripe_sales_usage (deleted),Stripe,95.32,transfer
au,21/02/2023,Stripe_sales_usage (deleted),Stripe,77.38,transfer
au,21/02/2023,Stripe_sales_usage (deleted),Stripe,219.35,transfer
au,21/02/2023,Stripe_sales_usage (deleted),Stripe,346.55,transfer
au,20/02/2023,Stripe_sales_usage (deleted),Stripe,79.74,transfer
au,20/02/2023,Stripe_sales_usage (deleted),Stripe,60.98,transfer
au,20/02/2023,Stripe_sales_usage (deleted),Stripe,365.92,transfer
au,20/02/2023,Stripe_sales_usage (deleted),Stripe,426.91,transfer
au,20/02/2023,Stripe_sales_usage (deleted),Stripe,117.87,transfer
au,20/02/2023,Stripe_sales_usage (deleted),Stripe,551.45,transfer
au,20/02/2023,Stripe_sales_usage (deleted),Stripe,77.38,transfer
au,20/02/2023,Stripe_sales_usage (deleted),Stripe,107.62,transfer
au,20/02/2023,Stripe_sales_usage (deleted),Stripe,228.06,transfer
au,19/02/2023,Stripe_sales_usage (deleted),Stripe,95.32,transfer
au,19/02/2023,Stripe_sales_usage (deleted),Stripe,130.17,transfer
au,19/02/2023,Stripe_sales_usage (deleted),Stripe,251.37,transfer
au,19/02/2023,Stripe_sales_usage (deleted),Stripe,304.93,transfer
au,19/02/2023,Stripe_sales_usage (deleted),Stripe,337.22,transfer
au,19/02/2023,Stripe_sales_usage (deleted),Stripe,77.38,transfer
au,19/02/2023,Stripe_sales_usage (deleted),Stripe,94.35,transfer
au,19/02/2023,Stripe_sales_usage (deleted),Stripe,57.91,transfer
au,19/02/2023,Stripe_sales_usage (deleted),Stripe,54.83,transfer
au,18/02/2023,Stripe_sales_usage (deleted),Stripe,80.68,transfer
au,18/02/2023,Stripe_sales_usage (deleted),Stripe,179.54,transfer
au,18/02/2023,Stripe_sales_usage (deleted),Stripe,140.93,transfer
au,18/02/2023,Stripe_sales_usage (deleted),Stripe,65.08,transfer
au,18/02/2023,Stripe_sales_usage (deleted),Stripe,69.18,transfer
au,18/02/2023,Stripe_sales_usage (deleted),Stripe,92.76,transfer
au,18/02/2023,Stripe_sales_usage (deleted),Stripe,752.86,transfer
au,18/02/2023,Stripe_sales_usage (deleted),Stripe,46.37,transfer
au,18/02/2023,Stripe_sales_usage (deleted),Stripe,114.03,transfer
au,18/02/2023,Stripe_sales_usage (deleted),Stripe,54.83,transfer
au,17/02/2023,Stripe_sales_usage (deleted),Stripe,289.56,transfer
au,17/02/2023,Stripe_sales_usage (deleted),Stripe,32.78,transfer
au,17/02/2023,Stripe_sales_usage (deleted),Stripe,95.32,transfer
au,17/02/2023,Stripe_sales_usage (deleted),Stripe,38.72,transfer
au,17/02/2023,Stripe_sales_usage (deleted),Stripe,406.35,transfer
au,17/02/2023,Stripe_sales_usage (deleted),Stripe,53.53,transfer
au,17/02/2023,Stripe_sales_usage (deleted),Stripe,182.96,transfer
au,17/02/2023,Stripe_sales_usage (deleted),Stripe,101.47,transfer
au,17/02/2023,Stripe_sales_usage (deleted),Stripe,253.68,transfer
au,17/02/2023,Stripe_sales_usage (deleted),Stripe,233.18,transfer
au,17/02/2023,Stripe_sales_usage (deleted),Stripe,74.31,transfer
au,17/02/2023,Stripe_sales_usage (deleted),Stripe,81.33,transfer
au,17/02/2023,Stripe_sales_usage (deleted),Stripe,97.88,transfer
au,17/02/2023,Stripe_sales_usage (deleted),Stripe,30.51,transfer
au,16/02/2023,Stripe_sales_usage (deleted),Stripe,264.45,transfer
au,16/02/2023,Stripe_sales_usage (deleted),Stripe,203.17,transfer
au,16/02/2023,Stripe_sales_usage (deleted),Stripe,515.06,transfer
au,16/02/2023,Stripe_sales_usage (deleted),Stripe,170.15,transfer
au,16/02/2023,Stripe_sales_usage (deleted),Stripe,47.66,transfer
au,16/02/2023,Stripe_sales_usage (deleted),Stripe,114.03,transfer
au,16/02/2023,Stripe_sales_usage (deleted),Stripe,58.93,transfer
au,16/02/2023,Stripe_sales_usage (deleted),Stripe,64.06,transfer
au,16/02/2023,Stripe_sales_usage (deleted),Stripe,263.93,transfer
au,16/02/2023,Stripe_sales_usage (deleted),Stripe,187.06,transfer
au,16/02/2023,Stripe_sales_usage (deleted),Stripe,138.37,transfer
au,16/02/2023,Stripe_sales_usage (deleted),Stripe,65.08,transfer
au,15/02/2023,Stripe_sales_usage (deleted),Stripe,59.5,transfer
au,15/02/2023,Stripe_sales_usage (deleted),Stripe,245.77,transfer
au,15/02/2023,Stripe_sales_usage (deleted),Stripe,46.63,transfer
au,15/02/2023,Stripe_sales_usage (deleted),Stripe,107.62,transfer
au,15/02/2023,Stripe_sales_usage (deleted),Stripe,138.37,transfer
au,15/02/2023,Stripe_sales_usage (deleted),Stripe,101.21,transfer
au,15/02/2023,Stripe_sales_usage (deleted),Stripe,94.3,transfer
au,15/02/2023,Stripe_sales_usage (deleted),Stripe,207.56,transfer
au,15/02/2023,Stripe_sales_usage (deleted),Stripe,64.06,transfer
au,15/02/2023,Stripe_sales_usage (deleted),Stripe,210.63,transfer
au,15/02/2023,Stripe_sales_usage (deleted),Stripe,54.83,transfer
au,15/02/2023,Stripe_sales_usage (deleted),Stripe,814.26,transfer
au,14/02/2023,Stripe_sales_usage (deleted),Stripe,130.17,transfer
au,14/02/2023,Stripe_sales_usage (deleted),Stripe,86.61,transfer
au,14/02/2023,Stripe_sales_usage (deleted),Stripe,235.75,transfer
au,14/02/2023,Stripe_sales_usage (deleted),Stripe,210.63,transfer
au,14/02/2023,Stripe_sales_usage (deleted),Stripe,107.62,transfer
au,14/02/2023,Stripe_sales_usage (deleted),Stripe,95.32,transfer
au,14/02/2023,Stripe_sales_usage (deleted),Stripe,1197.0,transfer
au,14/02/2023,Stripe_sales_usage (deleted),Stripe,103.87,transfer
au,14/02/2023,Stripe_sales_usage (deleted),Stripe,101.21,transfer
au,14/02/2023,Stripe_sales_usage (deleted),Stripe,54.83,transfer
au,14/02/2023,Stripe_sales_usage (deleted),Stripe,87.63,transfer
au,14/02/2023,Stripe_sales_usage (deleted),Stripe,117.87,transfer
au,14/02/2023,Stripe_sales_usage (deleted),Stripe,154.77,transfer
au,14/02/2023,Stripe_sales_usage (deleted),Stripe,346.55,transfer
au,14/02/2023,Stripe_sales_usage (deleted),Stripe,389.81,transfer
au,14/02/2023,Stripe_sales_usage (deleted),Stripe,126.42,transfer
au,14/02/2023,Stripe_sales_usage (deleted),Stripe,294.68,transfer
au,13/02/2023,Stripe_sales_usage (deleted),Stripe,294.68,transfer
au,13/02/2023,Stripe_sales_usage (deleted),Stripe,59.5,transfer
au,13/02/2023,Stripe_sales_usage (deleted),Stripe,107.62,transfer
au,13/02/2023,Stripe_sales_usage (deleted),Stripe,710.16,transfer
au,13/02/2023,Stripe_sales_usage (deleted),Stripe,293.66,transfer
au,13/02/2023,Stripe_sales_usage (deleted),Stripe,114.03,transfer
au,13/02/2023,Stripe_sales_usage (deleted),Stripe,86.61,transfer
au,13/02/2023,Stripe_sales_usage (deleted),Stripe,246.51,transfer
au,13/02/2023,Stripe_sales_usage (deleted),Stripe,101.21,transfer
au,13/02/2023,Stripe_sales_usage (deleted),Stripe,186.55,transfer
au,13/02/2023,Stripe_sales_usage (deleted),Stripe,47.66,transfer
au,13/02/2023,Stripe_sales_usage (deleted),Stripe,128.12,transfer
au,13/02/2023,Stripe_sales_usage (deleted),Stripe,54.83,transfer
au,13/02/2023,Stripe_sales_usage (deleted),Stripe,243.95,transfer
au,13/02/2023,Stripe_sales_usage (deleted),Stripe,109.67,transfer
au,13/02/2023,Stripe_sales_usage (deleted),Stripe,20.08,transfer
au,12/02/2023,Stripe_sales_usage (deleted),Stripe,156.31,transfer
au,12/02/2023,Stripe_sales_usage (deleted),Stripe,35.72,transfer
au,12/02/2023,Stripe_sales_usage (deleted),Stripe,174.76,transfer
au,12/02/2023,Stripe_sales_usage (deleted),Stripe,47.66,transfer
au,12/02/2023,Stripe_sales_usage (deleted),Stripe,164.51,transfer
au,12/02/2023,Stripe_sales_usage (deleted),Stripe,54.83,transfer
au,12/02/2023,Stripe_sales_usage (deleted),Stripe,90.71,transfer
au,12/02/2023,Stripe_sales_usage (deleted),Stripe,154.77,transfer
au,12/02/2023,Stripe_sales_usage (deleted),Stripe,251.37,transfer
au,12/02/2023,Stripe_sales_usage (deleted),Stripe,217.81,transfer
au,12/02/2023,Stripe_sales_usage (deleted),Stripe,39.53,transfer
au,12/02/2023,Stripe_sales_usage (deleted),Stripe,203.97,transfer
au,12/02/2023,Stripe_sales_usage (deleted),Stripe,92.76,transfer
au,11/02/2023,Stripe_sales_usage (deleted),Stripe,112.84,transfer
au,11/02/2023,Stripe_sales_usage (deleted),Stripe,47.66,transfer
au,11/02/2023,Stripe_sales_usage (deleted),Stripe,289.56,transfer
au,11/02/2023,Stripe_sales_usage (deleted),Stripe,426.91,transfer
au,11/02/2023,Stripe_sales_usage (deleted),Stripe,141.45,transfer
au,10/02/2023,Stripe_sales_usage (deleted),Stripe,60.98,transfer
au,10/02/2023,Stripe_sales_usage (deleted),Stripe,203.17,transfer
au,10/02/2023,Stripe_sales_usage (deleted),Stripe,179.54,transfer
au,10/02/2023,Stripe_sales_usage (deleted),Stripe,64.06,transfer
au,10/02/2023,Stripe_sales_usage (deleted),Stripe,115.82,transfer
au,10/02/2023,Stripe_sales_usage (deleted),Stripe,103.01,transfer
au,10/02/2023,Stripe_sales_usage (deleted),Stripe,342.09,transfer
au,10/02/2023,Stripe_sales_usage (deleted),Stripe,204.48,transfer
au,10/02/2023,Stripe_sales_usage (deleted),Stripe,54.16,transfer
au,10/02/2023,Stripe_sales_usage (deleted),Stripe,33.66,transfer
au,10/02/2023,Stripe_sales_usage (deleted),Stripe,171.52,transfer
au,10/02/2023,Stripe_sales_usage (deleted),Stripe,67.73,transfer
au,10/02/2023,Stripe_sales_usage (deleted),Stripe,126.84,transfer
au,10/02/2023,Stripe_sales_usage (deleted),Stripe,212.68,transfer
au,10/02/2023,Stripe_sales_usage (deleted),Stripe,388.29,transfer
au,10/02/2023,Stripe_sales_usage (deleted),Stripe,29.06,transfer
au,10/02/2023,Stripe_sales_usage (deleted),Stripe,121.71,transfer
au,09/02/2023,Stripe_sales_usage (deleted),Stripe,47.66,transfer
au,09/02/2023,Stripe_sales_usage (deleted),Stripe,82.51,transfer
au,09/02/2023,Stripe_sales_usage (deleted),Stripe,103.01,transfer
au,09/02/2023,Stripe_sales_usage (deleted),Stripe,386.42,transfer
au,09/02/2023,Stripe_sales_usage (deleted),Stripe,479.18,transfer
au,09/02/2023,Stripe_sales_usage (deleted),Stripe,57.91,transfer
au,09/02/2023,Stripe_sales_usage (deleted),Stripe,832.81,transfer
au,09/02/2023,Stripe_sales_usage (deleted),Stripe,185.01,transfer
au,09/02/2023,Stripe_sales_usage (deleted),Stripe,486.87,transfer
au,09/02/2023,Stripe_sales_usage (deleted),Stripe,114.03,transfer
au,09/02/2023,Stripe_sales_usage (deleted),Stripe,97.88,transfer
au,09/02/2023,Stripe_sales_usage (deleted),Stripe,217.81,transfer
au,09/02/2023,Stripe_sales_usage (deleted),Stripe,89.24,transfer
au,09/02/2023,Stripe_sales_usage (deleted),Stripe,58.93,transfer
au,09/02/2023,Stripe_sales_usage (deleted),Stripe,292.63,transfer
au,09/02/2023,Stripe_sales_usage (deleted),Stripe,352.08,transfer
au,08/02/2023,Stripe_sales_usage (deleted),Stripe,107.62,transfer
au,08/02/2023,Stripe_sales_usage (deleted),Stripe,49.72,transfer
au,08/02/2023,Stripe_sales_usage (deleted),Stripe,47.66,transfer
au,08/02/2023,Stripe_sales_usage (deleted),Stripe,114.03,transfer
au,08/02/2023,Stripe_sales_usage (deleted),Stripe,140.42,transfer
au,08/02/2023,Stripe_sales_usage (deleted),Stripe,76.96,transfer
au,08/02/2023,Stripe_sales_usage (deleted),Stripe,94.8,transfer
au,08/02/2023,Stripe_sales_usage (deleted),Stripe,68.92,transfer
au,08/02/2023,Stripe_sales_usage (deleted),Stripe,49.92,transfer
au,08/02/2023,Stripe_sales_usage (deleted),Stripe,138.37,transfer
au,08/02/2023,Stripe_sales_usage (deleted),Stripe,361.31,transfer
au,07/02/2023,Stripe_sales_usage (deleted),Stripe,47.66,transfer
au,07/02/2023,Stripe_sales_usage (deleted),Stripe,231.65,transfer
au,07/02/2023,Stripe_sales_usage (deleted),Stripe,53.81,transfer
au,07/02/2023,Stripe_sales_usage (deleted),Stripe,166.56,transfer
au,07/02/2023,Stripe_sales_usage (deleted),Stripe,114.03,transfer
au,07/02/2023,Stripe_sales_usage (deleted),Stripe,41.64,transfer
au,07/02/2023,Stripe_sales_usage (deleted),Stripe,186.55,transfer
au,07/02/2023,Stripe_sales_usage (deleted),Stripe,60.98,transfer
au,07/02/2023,Stripe_sales_usage (deleted),Stripe,198.03,transfer
au,07/02/2023,Stripe_sales_usage (deleted),Stripe,148.52,transfer
au,06/02/2023,Stripe_sales_usage (deleted),Stripe,49.5,transfer
au,06/02/2023,Stripe_sales_usage (deleted),Stripe,47.66,transfer
au,06/02/2023,Stripe_sales_usage (deleted),Stripe,56.88,transfer
au,06/02/2023,Stripe_sales_usage (deleted),Stripe,134.77,transfer
au,06/02/2023,Stripe_sales_usage (deleted),Stripe,260.89,transfer
au,06/02/2023,Stripe_sales_usage (deleted),Stripe,241.38,transfer
au,06/02/2023,Stripe_sales_usage (deleted),Stripe,59.19,transfer
au,06/02/2023,Stripe_sales_usage (deleted),Stripe,114.03,transfer
au,06/02/2023,Stripe_sales_usage (deleted),Stripe,60.98,transfer
au,06/02/2023,Stripe_sales_usage (deleted),Stripe,85.58,transfer
au,05/02/2023,Stripe_sales_usage (deleted),Stripe,47.66,transfer
au,05/02/2023,Stripe_sales_usage (deleted),Stripe,235.75,transfer
au,05/02/2023,Stripe_sales_usage (deleted),Stripe,46.97,transfer
au,05/02/2023,Stripe_sales_usage (deleted),Stripe,333.12,transfer
au,05/02/2023,Stripe_sales_usage (deleted),Stripe,44.96,transfer
au,04/02/2023,Stripe_sales_usage (deleted),Stripe,97.88,transfer
au,04/02/2023,Stripe_sales_usage (deleted),Stripe,1425.25,transfer
au,04/02/2023,Stripe_sales_usage (deleted),Stripe,331.57,transfer
au,04/02/2023,Stripe_sales_usage (deleted),Stripe,49.5,transfer
au,03/02/2023,Stripe_sales_usage (deleted),Stripe,77.65,transfer
au,03/02/2023,Stripe_sales_usage (deleted),Stripe,356.23,transfer
au,03/02/2023,Stripe_sales_usage (deleted),Stripe,179.54,transfer
au,03/02/2023,Stripe_sales_usage (deleted),Stripe,367.71,transfer
au,03/02/2023,Stripe_sales_usage (deleted),Stripe,243.43,transfer
au,03/02/2023,Stripe_sales_usage (deleted),Stripe,318.5,transfer
au,03/02/2023,Stripe_sales_usage (deleted),Stripe,29.74,transfer
au,03/02/2023,Stripe_sales_usage (deleted),Stripe,269.06,transfer
au,03/02/2023,Stripe_sales_usage (deleted),Stripe,171.17,transfer
au,03/02/2023,Stripe_sales_usage (deleted),Stripe,215.25,transfer
au,03/02/2023,Stripe_sales_usage (deleted),Stripe,78.28,transfer
au,03/02/2023,Stripe_sales_usage (deleted),Stripe,54.25,transfer
au,03/02/2023,Stripe_sales_usage (deleted),Stripe,47.66,transfer
au,02/02/2023,Stripe_sales_usage (deleted),Stripe,148.52,transfer
au,02/02/2023,Stripe_sales_usage (deleted),Stripe,81.33,transfer
au,02/02/2023,Stripe_sales_usage (deleted),Stripe,103.54,transfer
au,02/02/2023,Stripe_sales_usage (deleted),Stripe,148.74,transfer
au,02/02/2023,Stripe_sales_usage (deleted),Stripe,47.66,transfer
au,02/02/2023,Stripe_sales_usage (deleted),Stripe,79.91,transfer
au,02/02/2023,Stripe_sales_usage (deleted),Stripe,285.97,transfer
au,02/02/2023,Stripe_sales_usage (deleted),Stripe,62.51,transfer
au,02/02/2023,Stripe_sales_usage (deleted),Stripe,203.17,transfer
au,02/02/2023,Stripe_sales_usage (deleted),Stripe,233.18,transfer
au,02/02/2023,Stripe_sales_usage (deleted),Stripe,268.55,transfer
au,01/02/2023,Stripe_sales_usage (deleted),Stripe,195.77,transfer
au,01/02/2023,Stripe_sales_usage (deleted),Stripe,47.66,transfer
au,01/02/2023,Stripe_sales_usage (deleted),Stripe,359.77,transfer
au,01/02/2023,Stripe_sales_usage (deleted),Stripe,49.66,transfer
au,01/02/2023,Stripe_sales_usage (deleted),Stripe,138.37,transfer
au,01/02/2023,Stripe_sales_usage (deleted),Stripe,228.06,transfer
au,01/02/2023,Stripe_sales_usage (deleted),Stripe,115.31,transfer
au,01/02/2023,Stripe_sales_usage (deleted),Stripe,29.17,transfer
au,01/02/2023,Stripe_sales_usage (deleted),Stripe,87.12,transfer
au,01/02/2023,Stripe_sales_usage (deleted),Stripe,312.62,transfer
au,31/01/2023,Stripe_sales_usage (deleted),Stripe,48.68,transfer
au,31/01/2023,Stripe_sales_usage (deleted),Stripe,49.5,transfer
au,31/01/2023,Stripe_sales_usage (deleted),Stripe,130.17,transfer
au,31/01/2023,Stripe_sales_usage (deleted),Stripe,73.25,transfer
au,31/01/2023,Stripe_sales_usage (deleted),Stripe,30.75,transfer
au,31/01/2023,Stripe_sales_usage (deleted),Stripe,451.51,transfer
au,31/01/2023,Stripe_sales_usage (deleted),Stripe,115.31,transfer
au,30/01/2023,Stripe_sales_usage (deleted),Stripe,121.71,transfer
au,30/01/2023,Stripe_sales_usage (deleted),Stripe,298.27,transfer
au,30/01/2023,Stripe_sales_usage (deleted),Stripe,115.31,transfer
au,30/01/2023,Stripe_sales_usage (deleted),Stripe,49.5,transfer
au,30/01/2023,Stripe_sales_usage (deleted),Stripe,127.61,transfer
au,30/01/2023,Stripe_sales_usage (deleted),Stripe,97.88,transfer
au,30/01/2023,Stripe_sales_usage (deleted),Stripe,198.85,transfer
au,30/01/2023,Stripe_sales_usage (deleted),Stripe,47.66,transfer
au,30/01/2023,Stripe_sales_usage (deleted),Stripe,186.55,transfer
au,30/01/2023,Stripe_sales_usage (deleted),Stripe,103.54,transfer
au,30/01/2023,Stripe_sales_usage (deleted),Stripe,113.77,transfer
au,30/01/2023,Stripe_sales_usage (deleted),Stripe,476.11,transfer
au,29/01/2023,Stripe_sales_usage (deleted),Stripe,115.31,transfer
au,29/01/2023,Stripe_sales_usage (deleted),Stripe,86.61,transfer
au,29/01/2023,Stripe_sales_usage (deleted),Stripe,40.57,transfer
au,29/01/2023,Stripe_sales_usage (deleted),Stripe,245.77,transfer
au,29/01/2023,Stripe_sales_usage (deleted),Stripe,28.0,transfer
au,29/01/2023,Stripe_sales_usage (deleted),Stripe,310.06,transfer
au,29/01/2023,Stripe_sales_usage (deleted),Stripe,47.66,transfer
au,29/01/2023,Stripe_sales_usage (deleted),Stripe,124.02,transfer
au,29/01/2023,Stripe_sales_usage (deleted),Stripe,114.8,transfer
au,29/01/2023,Stripe_sales_usage (deleted),Stripe,383.86,transfer
au,28/01/2023,Stripe_sales_usage (deleted),Stripe,121.71,transfer
au,28/01/2023,Stripe_sales_usage (deleted),Stripe,247.18,transfer
au,28/01/2023,Stripe_sales_usage (deleted),Stripe,115.31,transfer
au,28/01/2023,Stripe_sales_usage (deleted),Stripe,47.66,transfer
au,28/01/2023,Stripe_sales_usage (deleted),Stripe,97.88,transfer
au,28/01/2023,Stripe_sales_usage (deleted),Stripe,102.5,transfer
au,28/01/2023,Stripe_sales_usage (deleted),Stripe,168.61,transfer
au,28/01/2023,Stripe_sales_usage (deleted),Stripe,46.63,transfer
au,28/01/2023,Stripe_sales_usage (deleted),Stripe,90.61,transfer
au,28/01/2023,Stripe_sales_usage (deleted),Stripe,75.33,transfer
au,27/01/2023,Stripe_sales_usage (deleted),Stripe,86.61,transfer
au,27/01/2023,Stripe_sales_usage (deleted),Stripe,58.93,transfer
au,27/01/2023,Stripe_sales_usage (deleted),Stripe,148.52,transfer
au,27/01/2023,Stripe_sales_usage (deleted),Stripe,1031.15,transfer
au,27/01/2023,Stripe_sales_usage (deleted),Stripe,185.52,transfer
au,27/01/2023,Stripe_sales_usage (deleted),Stripe,123.0,transfer
au,27/01/2023,Stripe_sales_usage (deleted),Stripe,160.92,transfer
au,27/01/2023,Stripe_sales_usage (deleted),Stripe,88.15,transfer
au,27/01/2023,Stripe_sales_usage (deleted),Stripe,174.76,transfer
au,27/01/2023,Stripe_sales_usage (deleted),Stripe,134.27,transfer
au,27/01/2023,Stripe_sales_usage (deleted),Stripe,20.0,transfer
au,27/01/2023,Stripe_sales_usage (deleted),Stripe,171.68,transfer
au,27/01/2023,Stripe_sales_usage (deleted),Stripe,60.98,transfer
au,27/01/2023,Stripe_sales_usage (deleted),Stripe,444.5,transfer
au,27/01/2023,Stripe_sales_usage (deleted),Stripe,97.88,transfer
au,27/01/2023,Stripe_sales_usage (deleted),Stripe,179.54,transfer
au,27/01/2023,Stripe_sales_usage (deleted),Stripe,107.62,transfer
au,27/01/2023,Stripe_sales_usage (deleted),Stripe,89.24,transfer
au,26/01/2023,Stripe_sales_usage (deleted),Stripe,97.88,transfer
au,26/01/2023,Stripe_sales_usage (deleted),Stripe,136.32,transfer
au,26/01/2023,Stripe_sales_usage (deleted),Stripe,60.98,transfer
au,26/01/2023,Stripe_sales_usage (deleted),Stripe,307.5,transfer
au,26/01/2023,Stripe_sales_usage (deleted),Stripe,351.06,transfer
au,26/01/2023,Stripe_sales_usage (deleted),Stripe,86.61,transfer
au,26/01/2023,Stripe_sales_usage (deleted),Stripe,71.18,transfer
au,26/01/2023,Stripe_sales_usage (deleted),Stripe,142.47,transfer
au,26/01/2023,Stripe_sales_usage (deleted),Stripe,320.31,transfer
au,26/01/2023,Stripe_sales_usage (deleted),Stripe,89.68,transfer
au,26/01/2023,Stripe_sales_usage (deleted),Stripe,49.5,transfer
au,26/01/2023,Stripe_sales_usage (deleted),Stripe,617.05,transfer
au,25/01/2023,Stripe_sales_usage (deleted),Stripe,210.66,transfer
au,25/01/2023,Stripe_sales_usage (deleted),Stripe,49.5,transfer
au,25/01/2023,Stripe_sales_usage (deleted),Stripe,77.88,transfer
au,25/01/2023,Stripe_sales_usage (deleted),Stripe,48.16,transfer
au,25/01/2023,Stripe_sales_usage (deleted),Stripe,97.88,transfer
au,25/01/2023,Stripe_sales_usage (deleted),Stripe,83.12,transfer
au,25/01/2023,Stripe_sales_usage (deleted),Stripe,178.5,transfer
au,25/01/2023,Stripe_sales_usage (deleted),Stripe,154.77,transfer
au,25/01/2023,Stripe_sales_usage (deleted),Stripe,110.17,transfer
au,25/01/2023,Stripe_sales_usage (deleted),Stripe,660.0,transfer
au,24/01/2023,Stripe_sales_usage (deleted),Stripe,119.0,transfer
au,24/01/2023,Stripe_sales_usage (deleted),Stripe,42.99,transfer
au,24/01/2023,Stripe_sales_usage (deleted),Stripe,83.12,transfer
au,24/01/2023,Stripe_sales_usage (deleted),Stripe,192.18,transfer
au,24/01/2023,Stripe_sales_usage (deleted),Stripe,212.17,transfer
au,24/01/2023,Stripe_sales_usage (deleted),Stripe,173.22,transfer
au,24/01/2023,Stripe_sales_usage (deleted),Stripe,210.63,transfer
au,24/01/2023,Stripe_sales_usage (deleted),Stripe,117.87,transfer
au,24/01/2023,Stripe_sales_usage (deleted),Stripe,181.42,transfer
au,24/01/2023,Stripe_sales_usage (deleted),Stripe,55.24,transfer
au,24/01/2023,Stripe_sales_usage (deleted),Stripe,5.89,transfer
au,24/01/2023,Stripe_sales_usage (deleted),Stripe,33.33,transfer
au,23/01/2023,Stripe_sales_usage (deleted),Stripe,58.93,transfer
au,23/01/2023,Stripe_sales_usage (deleted),Stripe,734.92,transfer
au,23/01/2023,Stripe_sales_usage (deleted),Stripe,81.48,transfer
au,23/01/2023,Stripe_sales_usage (deleted),Stripe,50.0,transfer
au,23/01/2023,Stripe_sales_usage (deleted),Stripe,345.93,transfer
au,23/01/2023,Stripe_sales_usage (deleted),Stripe,596.0,transfer
au,23/01/2023,Stripe_sales_usage (deleted),Stripe,20.0,transfer
au,22/01/2023,Stripe_sales_usage (deleted),Stripe,534.35,transfer
au,22/01/2023,Stripe_sales_usage (deleted),Stripe,148.52,transfer
au,22/01/2023,Stripe_sales_usage (deleted),Stripe,50.72,transfer
au,22/01/2023,Stripe_sales_usage (deleted),Stripe,53.81,transfer
au,22/01/2023,Stripe_sales_usage (deleted),Stripe,58.93,transfer
au,22/01/2023,Stripe_sales_usage (deleted),Stripe,93.99,transfer
au,22/01/2023,Stripe_sales_usage (deleted),Stripe,142.98,transfer
au,21/01/2023,Stripe_sales_usage (deleted),Stripe,68.16,transfer
au,21/01/2023,Stripe_sales_usage (deleted),Stripe,140.42,transfer
au,21/01/2023,Stripe_sales_usage (deleted),Stripe,130.17,transfer
au,21/01/2023,Stripe_sales_usage (deleted),Stripe,138.37,transfer
au,21/01/2023,Stripe_sales_usage (deleted),Stripe,76.87,transfer
au,21/01/2023,Stripe_sales_usage (deleted),Stripe,30.75,transfer
au,20/01/2023,Stripe_sales_usage (deleted),Stripe,304.93,transfer
au,20/01/2023,Stripe_sales_usage (deleted),Stripe,136.32,transfer
au,20/01/2023,Stripe_sales_usage (deleted),Stripe,35.67,transfer
au,20/01/2023,Stripe_sales_usage (deleted),Stripe,422.81,transfer
au,20/01/2023,Stripe_sales_usage (deleted),Stripe,269.06,transfer
au,20/01/2023,Stripe_sales_usage (deleted),Stripe,60.98,transfer
au,20/01/2023,Stripe_sales_usage (deleted),Stripe,203.56,transfer
au,20/01/2023,Stripe_sales_usage (deleted),Stripe,20.0,transfer
au,20/01/2023,Stripe_sales_usage (deleted),Stripe,46.63,transfer
au,20/01/2023,Stripe_sales_usage (deleted),Stripe,49.5,transfer
au,20/01/2023,Stripe_sales_usage (deleted),Stripe,40.0,transfer
au,20/01/2023,Stripe_sales_usage (deleted),Stripe,92.76,transfer
au,20/01/2023,Stripe_sales_usage (deleted),Stripe,379.25,transfer
au,20/01/2023,Stripe_sales_usage (deleted),Stripe,76.87,transfer
au,20/01/2023,Stripe_sales_usage (deleted),Stripe,260.85,transfer
au,20/01/2023,Stripe_sales_usage (deleted),Stripe,203.17,transfer
au,20/01/2023,Stripe_sales_usage (deleted),Stripe,99.01,transfer
au,19/01/2023,Stripe_sales_usage (deleted),Stripe,53.05,transfer
au,19/01/2023,Stripe_sales_usage (deleted),Stripe,161.95,transfer
au,19/01/2023,Stripe_sales_usage (deleted),Stripe,155.61,transfer
au,19/01/2023,Stripe_sales_usage (deleted),Stripe,60.98,transfer
au,19/01/2023,Stripe_sales_usage (deleted),Stripe,350.03,transfer
au,19/01/2023,Stripe_sales_usage (deleted),Stripe,203.17,transfer
au,19/01/2023,Stripe_sales_usage (deleted),Stripe,71.18,transfer
au,19/01/2023,Stripe_sales_usage (deleted),Stripe,68.76,transfer
au,18/01/2023,Stripe_sales_usage (deleted),Stripe,48.17,transfer
au,18/01/2023,Stripe_sales_usage (deleted),Stripe,36.86,transfer
au,18/01/2023,Stripe_sales_usage (deleted),Stripe,179.54,transfer
au,18/01/2023,Stripe_sales_usage (deleted),Stripe,68.16,transfer
au,18/01/2023,Stripe_sales_usage (deleted),Stripe,300.0,transfer
au,18/01/2023,Stripe_sales_usage (deleted),Stripe,100.0,transfer
au,18/01/2023,Stripe_sales_usage (deleted),Stripe,154.77,transfer
au,18/01/2023,Stripe_sales_usage (deleted),Stripe,50.89,transfer
au,18/01/2023,Stripe_sales_usage (deleted),Stripe,181.42,transfer
au,18/01/2023,Stripe_sales_usage (deleted),Stripe,215.25,transfer
au,17/01/2023,Stripe_sales_usage (deleted),Stripe,31.84,transfer
au,17/01/2023,Stripe_sales_usage (deleted),Stripe,210.63,transfer
au,17/01/2023,Stripe_sales_usage (deleted),Stripe,58.93,transfer
au,17/01/2023,Stripe_sales_usage (deleted),Stripe,55.24,transfer
au,17/01/2023,Stripe_sales_usage (deleted),Stripe,48.17,transfer
au,17/01/2023,Stripe_sales_usage (deleted),Stripe,55.33,transfer
au,17/01/2023,Stripe_sales_usage (deleted),Stripe,179.88,transfer
au,17/01/2023,Stripe_sales_usage (deleted),Stripe,1140.31,transfer
au,17/01/2023,Stripe_sales_usage (deleted),Stripe,99.01,transfer
au,17/01/2023,Stripe_sales_usage (deleted),Stripe,48.68,transfer
au,17/01/2023,Stripe_sales_usage (deleted),Stripe,1041.26,transfer
au,17/01/2023,Stripe_sales_usage (deleted),Stripe,36.3,transfer
au,17/01/2023,Stripe_sales_usage (deleted),Stripe,176.81,transfer
au,17/01/2023,Stripe_sales_usage (deleted),Stripe,96.35,transfer
au,17/01/2023,Stripe_sales_usage (deleted),Stripe,107.62,transfer
au,16/01/2023,Stripe_sales_usage (deleted),Stripe,73.8,transfer
au,16/01/2023,Stripe_sales_usage (deleted),Stripe,127.22,transfer
au,16/01/2023,Stripe_sales_usage (deleted),Stripe,350.03,transfer
au,16/01/2023,Stripe_sales_usage (deleted),Stripe,48.17,transfer
au,16/01/2023,Stripe_sales_usage (deleted),Stripe,60.98,transfer
au,16/01/2023,Stripe_sales_usage (deleted),Stripe,53.81,transfer
au,16/01/2023,Stripe_sales_usage (deleted),Stripe,119.0,transfer
au,15/01/2023,Stripe_sales_usage (deleted),Stripe,264.96,transfer
au,15/01/2023,Stripe_sales_usage (deleted),Stripe,56.37,transfer
au,15/01/2023,Stripe_sales_usage (deleted),Stripe,53.81,transfer
au,15/01/2023,Stripe_sales_usage (deleted),Stripe,68.76,transfer
au,15/01/2023,Stripe_sales_usage (deleted),Stripe,83.12,transfer
au,15/01/2023,Stripe_sales_usage (deleted),Stripe,109.67,transfer
au,15/01/2023,Stripe_sales_usage (deleted),Stripe,146.06,transfer
au,15/01/2023,Stripe_sales_usage (deleted),Stripe,99.01,transfer
au,15/01/2023,Stripe_sales_usage (deleted),Stripe,59.5,transfer
au,14/01/2023,Stripe_sales_usage (deleted),Stripe,640.62,transfer
au,14/01/2023,Stripe_sales_usage (deleted),Stripe,29.74,transfer
au,14/01/2023,Stripe_sales_usage (deleted),Stripe,461.25,transfer
au,14/01/2023,Stripe_sales_usage (deleted),Stripe,81.48,transfer
au,14/01/2023,Stripe_sales_usage (deleted),Stripe,65.6,transfer
au,14/01/2023,Stripe_sales_usage (deleted),Stripe,205.0,transfer
au,13/01/2023,Stripe_sales_usage (deleted),Stripe,179.37,transfer
au,13/01/2023,Stripe_sales_usage (deleted),Stripe,246.0,transfer
au,13/01/2023,Stripe_sales_usage (deleted),Stripe,29.74,transfer
au,13/01/2023,Stripe_sales_usage (deleted),Stripe,99.01,transfer
au,13/01/2023,Stripe_sales_usage (deleted),Stripe,50.0,transfer
au,13/01/2023,Stripe_sales_usage (deleted),Stripe,193.21,transfer
au,12/01/2023,Stripe_sales_usage (deleted),Stripe,460.22,transfer
au,12/01/2023,Stripe_sales_usage (deleted),Stripe,246.0,transfer
au,12/01/2023,Stripe_sales_usage (deleted),Stripe,49.72,transfer
au,12/01/2023,Stripe_sales_usage (deleted),Stripe,340.81,transfer
au,12/01/2023,Stripe_sales_usage (deleted),Stripe,352.08,transfer
au,12/01/2023,Stripe_sales_usage (deleted),Stripe,435.62,transfer
au,12/01/2023,Stripe_sales_usage (deleted),Stripe,320.31,transfer
au,12/01/2023,Stripe_sales_usage (deleted),Stripe,53.81,transfer
au,12/01/2023,Stripe_sales_usage (deleted),Stripe,112.75,transfer
au,12/01/2023,Stripe_sales_usage (deleted),Stripe,392.06,transfer
au,12/01/2023,Stripe_sales_usage (deleted),Stripe,49.5,transfer
au,12/01/2023,Stripe_sales_usage (deleted),Stripe,97.88,transfer
au,12/01/2023,Stripe_sales_usage (deleted),Stripe,243.95,transfer
au,11/01/2023,Stripe_sales_usage (deleted),Stripe,41.12,transfer
au,11/01/2023,Stripe_sales_usage (deleted),Stripe,152.72,transfer
au,11/01/2023,Stripe_sales_usage (deleted),Stripe,96.35,transfer
au,11/01/2023,Stripe_sales_usage (deleted),Stripe,60.04,transfer
au,11/01/2023,Stripe_sales_usage (deleted),Stripe,49.5,transfer
au,11/01/2023,Stripe_sales_usage (deleted),Stripe,115.82,transfer
au,11/01/2023,Stripe_sales_usage (deleted),Stripe,290.58,transfer
au,11/01/2023,Stripe_sales_usage (deleted),Stripe,53.81,transfer
au,11/01/2023,Stripe_sales_usage (deleted),Stripe,51.3,transfer
au,11/01/2023,Stripe_sales_usage (deleted),Stripe,230.62,transfer
au,11/01/2023,Stripe_sales_usage (deleted),Stripe,178.11,transfer
au,11/01/2023,Stripe_sales_usage (deleted),Stripe,245.77,transfer
au,11/01/2023,Stripe_sales_usage (deleted),Stripe,742.1,transfer
au,11/01/2023,Stripe_sales_usage (deleted),Stripe,313.9,transfer
au,11/01/2023,Stripe_sales_usage (deleted),Stripe,76.62,transfer
au,10/01/2023,Stripe_sales_usage (deleted),Stripe,51.23,transfer
au,10/01/2023,Stripe_sales_usage (deleted),Stripe,43.6,transfer
au,10/01/2023,Stripe_sales_usage (deleted),Stripe,93.27,transfer
au,10/01/2023,Stripe_sales_usage (deleted),Stripe,195.26,transfer
au,10/01/2023,Stripe_sales_usage (deleted),Stripe,117.87,transfer
au,10/01/2023,Stripe_sales_usage (deleted),Stripe,128.12,transfer
au,10/01/2023,Stripe_sales_usage (deleted),Stripe,49.5,transfer
au,10/01/2023,Stripe_sales_usage (deleted),Stripe,195.77,transfer
au,10/01/2023,Stripe_sales_usage (deleted),Stripe,584.25,transfer
au,10/01/2023,Stripe_sales_usage (deleted),Stripe,121.71,transfer
au,09/01/2023,Stripe_sales_usage (deleted),Stripe,58.93,transfer
au,09/01/2023,Stripe_sales_usage (deleted),Stripe,49.5,transfer
au,09/01/2023,Stripe_sales_usage (deleted),Stripe,190.65,transfer
au,09/01/2023,Stripe_sales_usage (deleted),Stripe,178.11,transfer
au,09/01/2023,Stripe_sales_usage (deleted),Stripe,128.12,transfer
au,09/01/2023,Stripe_sales_usage (deleted),Stripe,108.9,transfer
au,09/01/2023,Stripe_sales_usage (deleted),Stripe,96.35,transfer
au,09/01/2023,Stripe_sales_usage (deleted),Stripe,85.07,transfer
au,08/01/2023,Stripe_sales_usage (deleted),Stripe,492.5,transfer
au,08/01/2023,Stripe_sales_usage (deleted),Stripe,47.66,transfer
au,08/01/2023,Stripe_sales_usage (deleted),Stripe,134.16,transfer
au,08/01/2023,Stripe_sales_usage (deleted),Stripe,80.32,transfer
au,08/01/2023,Stripe_sales_usage (deleted),Stripe,190.65,transfer
au,08/01/2023,Stripe_sales_usage (deleted),Stripe,58.93,transfer
au,08/01/2023,Stripe_sales_usage (deleted),Stripe,49.5,transfer
au,08/01/2023,Stripe_sales_usage (deleted),Stripe,113.77,transfer
au,08/01/2023,Stripe_sales_usage (deleted),Stripe,293.66,transfer
au,07/01/2023,Stripe_sales_usage (deleted),Stripe,52.15,transfer
au,07/01/2023,Stripe_sales_usage (deleted),Stripe,83.01,transfer
au,07/01/2023,Stripe_sales_usage (deleted),Stripe,211.4,transfer
au,07/01/2023,Stripe_sales_usage (deleted),Stripe,64.06,transfer
au,07/01/2023,Stripe_sales_usage (deleted),Stripe,47.66,transfer
au,07/01/2023,Stripe_sales_usage (deleted),Stripe,139.91,transfer
au,07/01/2023,Stripe_sales_usage (deleted),Stripe,51.3,transfer
au,06/01/2023,Stripe_sales_usage (deleted),Stripe,128.24,transfer
au,06/01/2023,Stripe_sales_usage (deleted),Stripe,160.92,transfer
au,06/01/2023,Stripe_sales_usage (deleted),Stripe,47.66,transfer
au,06/01/2023,Stripe_sales_usage (deleted),Stripe,294.68,transfer
au,06/01/2023,Stripe_sales_usage (deleted),Stripe,381.67,transfer
au,05/01/2023,Stripe_sales_usage (deleted),Stripe,69.18,transfer
au,05/01/2023,Stripe_sales_usage (deleted),Stripe,123.0,transfer
au,05/01/2023,Stripe_sales_usage (deleted),Stripe,293.66,transfer
au,05/01/2023,Stripe_sales_usage (deleted),Stripe,47.66,transfer
au,05/01/2023,Stripe_sales_usage (deleted),Stripe,772.33,transfer
au,04/01/2023,Stripe_sales_usage (deleted),Stripe,175.55,transfer
au,04/01/2023,Stripe_sales_usage (deleted),Stripe,48.17,transfer
au,04/01/2023,Stripe_sales_usage (deleted),Stripe,168.6,transfer
au,04/01/2023,Stripe_sales_usage (deleted),Stripe,58.93,transfer
au,04/01/2023,Stripe_sales_usage (deleted),Stripe,15.42,transfer
au,04/01/2023,Stripe_sales_usage (deleted),Stripe,112.52,transfer
au,04/01/2023,Stripe_sales_usage (deleted),Stripe,55.0,transfer
au,04/01/2023,Stripe_sales_usage (deleted),Stripe,148.52,transfer
au,04/01/2023,Stripe_sales_usage (deleted),Stripe,203.56,transfer
au,03/01/2023,Stripe_sales_usage (deleted),Stripe,95.32,transfer
au,03/01/2023,Stripe_sales_usage (deleted),Stripe,70.72,transfer
au,03/01/2023,Stripe_sales_usage (deleted),Stripe,329.02,transfer
au,03/01/2023,Stripe_sales_usage (deleted),Stripe,5.95,transfer
au,03/01/2023,Stripe_sales_usage (deleted),Stripe,470.98,transfer
au,03/01/2023,Stripe_sales_usage (deleted),Stripe,77.38,transfer
au,02/01/2023,Stripe_sales_usage (deleted),Stripe,117.87,transfer
au,02/01/2023,Stripe_sales_usage (deleted),Stripe,43.05,transfer
au,02/01/2023,Stripe_sales_usage (deleted),Stripe,30.75,transfer
au,02/01/2023,Stripe_sales_usage (deleted),Stripe,47.66,transfer
au,02/01/2023,Stripe_sales_usage (deleted),Stripe,178.11,transfer
au,02/01/2023,Stripe_sales_usage (deleted),Stripe,32.29,transfer
au,02/01/2023,Stripe_sales_usage (deleted),Stripe,82.51,transfer
au,02/01/2023,Stripe_sales_usage (deleted),Stripe,26.95,transfer
au,02/01/2023,Stripe_sales_usage (deleted),Stripe,65.08,transfer
au,02/01/2023,Stripe_sales_usage (deleted),Stripe,1460.62,transfer
au,01/01/2023,Stripe_sales_usage (deleted),Stripe,20.88,transfer
au,01/01/2023,Stripe_sales_usage (deleted),Stripe,58.93,transfer
au,01/01/2023,Stripe_sales_usage (deleted),Stripe,107.62,transfer
au,04/03/2025,5100-STRIPE-HTRIP Stripe - Host Trip Expenses,1101 Savings (7311),-8500.0,transfer
au,28/02/2023,Stripe Monthly Fees (deleted),Stripe,0.09,transfer
au,28/02/2023,Stripe Monthly Fees (deleted),Stripe,0.0,transfer
au,27/02/2023,Stripe Monthly Fees (deleted),Stripe,0.13,transfer
au,27/02/2023,Stripe Monthly Fees (deleted),Stripe,9.02,transfer
au,26/02/2023,Stripe Monthly Fees (deleted),Stripe,0.44,transfer
au,26/02/2023,Stripe Monthly Fees (deleted),Stripe,9.35,transfer
au,26/02/2023,Stripe Monthly Fees (deleted),Stripe,8.14,transfer
au,25/02/2023,Stripe Monthly Fees (deleted),Stripe,8.69,transfer
au,25/02/2023,Stripe Monthly Fees (deleted),Stripe,0.04,transfer
au,24/02/2023,Stripe Monthly Fees (deleted),Stripe,0.17,transfer
au,24/02/2023,Stripe Monthly Fees (deleted),Stripe,4.18,transfer
au,24/02/2023,Stripe Monthly Fees (deleted),Stripe,0.88,transfer
au,24/02/2023,Stripe Monthly Fees (deleted),Stripe,1.51,transfer
au,22/02/2023,Stripe Monthly Fees (deleted),Stripe,7.59,transfer
au,22/02/2023,Stripe Monthly Fees (deleted),Stripe,0.18,transfer
au,21/02/2023,Stripe Monthly Fees (deleted),Stripe,4.18,transfer
au,21/02/2023,Stripe Monthly Fees (deleted),Stripe,2.52,transfer
au,21/02/2023,Stripe Monthly Fees (deleted),Stripe,0.04,transfer
au,20/02/2023,Stripe Monthly Fees (deleted),Stripe,0.09,transfer
au,20/02/2023,Stripe Monthly Fees (deleted),Stripe,5.39,transfer
au,20/02/2023,Stripe Monthly Fees (deleted),Stripe,6.71,transfer
au,20/02/2023,Stripe Monthly Fees (deleted),Stripe,0.88,transfer
au,19/02/2023,Stripe Monthly Fees (deleted),Stripe,8.8,transfer
au,19/02/2023,Stripe Monthly Fees (deleted),Stripe,8.03,transfer
au,19/02/2023,Stripe Monthly Fees (deleted),Stripe,1.24,transfer
au,19/02/2023,Stripe Monthly Fees (deleted),Stripe,0.11,transfer
au,19/02/2023,Stripe Monthly Fees (deleted),Stripe,0.13,transfer
au,18/02/2023,Stripe Monthly Fees (deleted),Stripe,0.03,transfer
au,18/02/2023,Stripe Monthly Fees (deleted),Stripe,0.44,transfer
au,18/02/2023,Stripe Monthly Fees (deleted),Stripe,7.59,transfer
au,17/02/2023,Stripe Monthly Fees (deleted),Stripe,12.87,transfer
au,17/02/2023,Stripe Monthly Fees (deleted),Stripe,0.44,transfer
au,16/02/2023,Stripe Monthly Fees (deleted),Stripe,6.05,transfer
au,16/02/2023,Stripe Monthly Fees (deleted),Stripe,0.17,transfer
au,16/02/2023,Stripe Monthly Fees (deleted),Stripe,0.04,transfer
au,16/02/2023,Stripe Monthly Fees (deleted),Stripe,1.52,transfer
au,15/02/2023,Stripe Monthly Fees (deleted),Stripe,6.82,transfer
au,15/02/2023,Stripe Monthly Fees (deleted),Stripe,0.88,transfer
au,14/02/2023,Stripe Monthly Fees (deleted),Stripe,0.17,transfer
au,14/02/2023,Stripe Monthly Fees (deleted),Stripe,4.07,transfer
au,14/02/2023,Stripe Monthly Fees (deleted),Stripe,0.44,transfer
au,13/02/2023,Stripe Monthly Fees (deleted),Stripe,0.11,transfer
au,13/02/2023,Stripe Monthly Fees (deleted),Stripe,0.44,transfer
au,13/02/2023,Stripe Monthly Fees (deleted),Stripe,10.12,transfer
au,13/02/2023,Stripe Monthly Fees (deleted),Stripe,0.18,transfer
au,12/02/2023,Stripe Monthly Fees (deleted),Stripe,8.58,transfer
au,12/02/2023,Stripe Monthly Fees (deleted),Stripe,0.09,transfer
au,11/02/2023,Stripe Monthly Fees (deleted),Stripe,9.9,transfer
au,11/02/2023,Stripe Monthly Fees (deleted),Stripe,0.13,transfer
au,09/02/2023,Stripe Monthly Fees (deleted),Stripe,7.15,transfer
au,09/02/2023,Stripe Monthly Fees (deleted),Stripe,0.44,transfer
au,09/02/2023,Stripe Monthly Fees (deleted),Stripe,0.45,transfer
au,08/02/2023,Stripe Monthly Fees (deleted),Stripe,0.22,transfer
au,08/02/2023,Stripe Monthly Fees (deleted),Stripe,3.3,transfer
au,08/02/2023,Stripe Monthly Fees (deleted),Stripe,7.04,transfer
au,06/02/2023,Stripe Monthly Fees (deleted),Stripe,7.48,transfer
au,06/02/2023,Stripe Monthly Fees (deleted),Stripe,0.44,transfer
au,05/02/2023,Stripe Monthly Fees (deleted),Stripe,9.79,transfer
au,05/02/2023,Stripe Monthly Fees (deleted),Stripe,0.88,transfer
au,05/02/2023,Stripe Monthly Fees (deleted),Stripe,0.11,transfer
au,04/02/2023,Stripe Monthly Fees (deleted),Stripe,0.44,transfer
au,04/02/2023,Stripe Monthly Fees (deleted),Stripe,5.94,transfer
au,04/02/2023,Stripe Monthly Fees (deleted),Stripe,7.92,transfer
au,03/02/2023,Stripe Monthly Fees (deleted),Stripe,158.4,transfer
au,03/02/2023,Stripe Monthly Fees (deleted),Stripe,8.14,transfer
au,03/02/2023,Stripe Monthly Fees (deleted),Stripe,29.15,transfer
au,03/02/2023,Stripe Monthly Fees (deleted),Stripe,0.04,transfer
au,03/02/2023,Stripe Monthly Fees (deleted),Stripe,221.2,transfer
au,02/02/2023,Stripe Monthly Fees (deleted),Stripe,8.58,transfer
au,02/02/2023,Stripe Monthly Fees (deleted),Stripe,2.49,transfer
au,02/02/2023,Stripe Monthly Fees (deleted),Stripe,0.44,transfer
au,01/02/2023,Stripe Monthly Fees (deleted),Stripe,6.93,transfer
au,31/01/2023,Stripe Monthly Fees (deleted),Stripe,0.0,transfer
au,30/01/2023,Stripe Monthly Fees (deleted),Stripe,5.0,transfer
au,30/01/2023,Stripe Monthly Fees (deleted),Stripe,0.14,transfer
au,30/01/2023,Stripe Monthly Fees (deleted),Stripe,0.31,transfer
au,30/01/2023,Stripe Monthly Fees (deleted),Stripe,0.4,transfer
au,29/01/2023,Stripe Monthly Fees (deleted),Stripe,7.6,transfer
au,29/01/2023,Stripe Monthly Fees (deleted),Stripe,0.04,transfer
au,29/01/2023,Stripe Monthly Fees (deleted),Stripe,0.1,transfer
au,28/01/2023,Stripe Monthly Fees (deleted),Stripe,0.62,transfer
au,28/01/2023,Stripe Monthly Fees (deleted),Stripe,5.8,transfer
au,27/01/2023,Stripe Monthly Fees (deleted),Stripe,7.2,transfer
au,26/01/2023,Stripe Monthly Fees (deleted),Stripe,0.04,transfer
au,26/01/2023,Stripe Monthly Fees (deleted),Stripe,4.9,transfer
au,25/01/2023,Stripe Monthly Fees (deleted),Stripe,0.03,transfer
au,25/01/2023,Stripe Monthly Fees (deleted),Stripe,4.0,transfer
au,24/01/2023,Stripe Monthly Fees (deleted),Stripe,0.04,transfer
au,24/01/2023,Stripe Monthly Fees (deleted),Stripe,7.8,transfer
au,23/01/2023,Stripe Monthly Fees (deleted),Stripe,2.2,transfer
au,23/01/2023,Stripe Monthly Fees (deleted),Stripe,0.04,transfer
au,23/01/2023,Stripe Monthly Fees (deleted),Stripe,0.15,transfer
au,22/01/2023,Stripe Monthly Fees (deleted),Stripe,6.9,transfer
au,22/01/2023,Stripe Monthly Fees (deleted),Stripe,0.08,transfer
au,22/01/2023,Stripe Monthly Fees (deleted),Stripe,0.1,transfer
au,21/01/2023,Stripe Monthly Fees (deleted),Stripe,0.04,transfer
au,21/01/2023,Stripe Monthly Fees (deleted),Stripe,8.6,transfer
au,20/01/2023,Stripe Monthly Fees (deleted),Stripe,4.3,transfer
au,20/01/2023,Stripe Monthly Fees (deleted),Stripe,0.78,transfer
au,19/01/2023,Stripe Monthly Fees (deleted),Stripe,5.8,transfer
au,19/01/2023,Stripe Monthly Fees (deleted),Stripe,0.15,transfer
au,19/01/2023,Stripe Monthly Fees (deleted),Stripe,0.4,transfer
au,19/01/2023,Stripe Monthly Fees (deleted),Stripe,0.12,transfer
au,18/01/2023,Stripe Monthly Fees (deleted),Stripe,4.0,transfer
au,18/01/2023,Stripe Monthly Fees (deleted),Stripe,0.28,transfer
au,17/01/2023,Stripe Monthly Fees (deleted),Stripe,4.2,transfer
au,17/01/2023,Stripe Monthly Fees (deleted),Stripe,0.4,transfer
au,16/01/2023,Stripe Monthly Fees (deleted),Stripe,0.08,transfer
au,16/01/2023,Stripe Monthly Fees (deleted),Stripe,0.15,transfer
au,16/01/2023,Stripe Monthly Fees (deleted),Stripe,3.7,transfer
au,16/01/2023,Stripe Monthly Fees (deleted),Stripe,4.4,transfer
au,16/01/2023,Stripe Monthly Fees (deleted),Stripe,0.04,transfer
au,15/01/2023,Stripe Monthly Fees (deleted),Stripe,0.4,transfer
au,15/01/2023,Stripe Monthly Fees (deleted),Stripe,6.2,transfer
au,15/01/2023,Stripe Monthly Fees (deleted),Stripe,0.08,transfer
au,14/01/2023,Stripe Monthly Fees (deleted),Stripe,6.3,transfer
au,14/01/2023,Stripe Monthly Fees (deleted),Stripe,0.15,transfer
au,14/01/2023,Stripe Monthly Fees (deleted),Stripe,0.16,transfer
au,13/01/2023,Stripe Monthly Fees (deleted),Stripe,0.04,transfer
au,13/01/2023,Stripe Monthly Fees (deleted),Stripe,5.8,transfer
au,11/01/2023,Stripe Monthly Fees (deleted),Stripe,6.0,transfer
au,11/01/2023,Stripe Monthly Fees (deleted),Stripe,0.4,transfer
au,10/01/2023,Stripe Monthly Fees (deleted),Stripe,0.08,transfer
au,10/01/2023,Stripe Monthly Fees (deleted),Stripe,4.4,transfer
au,09/01/2023,Stripe Monthly Fees (deleted),Stripe,4.2,transfer
au,09/01/2023,Stripe Monthly Fees (deleted),Stripe,0.36,transfer
au,09/01/2023,Stripe Monthly Fees (deleted),Stripe,5.3,transfer
au,08/01/2023,Stripe Monthly Fees (deleted),Stripe,5.3,transfer
au,08/01/2023,Stripe Monthly Fees (deleted),Stripe,0.2,transfer
au,08/01/2023,Stripe Monthly Fees (deleted),Stripe,0.8,transfer
au,07/01/2023,Stripe Monthly Fees (deleted),Stripe,2.6,transfer
au,07/01/2023,Stripe Monthly Fees (deleted),Stripe,0.04,transfer
au,07/01/2023,Stripe Monthly Fees (deleted),Stripe,0.4,transfer
au,07/01/2023,Stripe Monthly Fees (deleted),Stripe,0.56,transfer
au,06/01/2023,Stripe Monthly Fees (deleted),Stripe,3.4,transfer
au,05/01/2023,Stripe Monthly Fees (deleted),Stripe,4.0,transfer
au,05/01/2023,Stripe Monthly Fees (deleted),Stripe,0.04,transfer
au,04/01/2023,Stripe Monthly Fees (deleted),Stripe,1.5,transfer
au,03/01/2023,Stripe Monthly Fees (deleted),Stripe,103.0,transfer
au,03/01/2023,Stripe Monthly Fees (deleted),Stripe,166.94,transfer
au,03/01/2023,Stripe Monthly Fees (deleted),Stripe,21.5,transfer
au,03/01/2023,Stripe Monthly Fees (deleted),Stripe,2.7,transfer
au,01/01/2023,Stripe Monthly Fees (deleted),Stripe,1.38,transfer
au,01/01/2023,Stripe Monthly Fees (deleted),Stripe,2.26,transfer
au,01/01/2023,Stripe Monthly Fees (deleted),Stripe,3.7,transfer
au,28/02/2023,Stripe_transfer_others,Stripe,5.76,transfer
au,28/02/2023,Stripe_transfer_others,Stripe,193.28,transfer
au,28/02/2023,Stripe_transfer_others,Stripe,38.13,transfer
au,28/02/2023,Stripe_transfer_others,Stripe,24.39,transfer
au,28/02/2023,Stripe_transfer_others,Stripe,24.96,transfer
au,28/02/2023,Stripe_transfer_others,Stripe,18.74,transfer
au,28/02/2023,Stripe_transfer_others,Stripe,57.98,transfer
au,28/02/2023,Stripe_transfer_others,Stripe,60.44,transfer
au,28/02/2023,Stripe_transfer_others,Stripe,15.36,transfer
au,28/02/2023,Stripe_transfer_others,Stripe,28.48,transfer
au,28/02/2023,Stripe_transfer_others,Stripe,94.7,transfer
au,28/02/2023,Stripe_transfer_others,Stripe,30.59,transfer
au,28/02/2023,Stripe_transfer_others,Stripe,13.89,transfer
au,28/02/2023,Stripe_transfer_others,Stripe,80.7,transfer
au,28/02/2023,Stripe_transfer_others,Stripe,61.84,transfer
au,28/02/2023,Stripe_transfer_others,Stripe,66.0,transfer
au,28/02/2023,Stripe_transfer_others,Stripe,16.89,transfer
au,28/02/2023,Stripe_transfer_others,Stripe,105.18,transfer
au,28/02/2023,Stripe_transfer_others,Stripe,40.34,transfer
au,28/02/2023,Stripe_transfer_others,Stripe,151.52,transfer
au,28/02/2023,Stripe_transfer_others,Stripe,30.05,transfer
au,28/02/2023,Stripe_transfer_others,Stripe,114.63,transfer
au,28/02/2023,Stripe_transfer_others,Stripe,52.52,transfer
au,28/02/2023,Stripe_transfer_others,Stripe,409.91,transfer
au,28/02/2023,Stripe_transfer_others,Stripe,82.99,transfer
au,28/02/2023,Stripe_transfer_others,Stripe,6082.27,transfer
au,28/02/2023,Stripe_transfer_others,Stripe,0.0,transfer
au,26/02/2023,Stripe_transfer_others,Stripe,89.74,transfer
au,24/02/2023,Stripe_transfer_others,Stripe,742.44,transfer
au,24/02/2023,Stripe_transfer_others,Stripe,204.0,transfer
au,24/02/2023,Stripe_transfer_others,Stripe,62.29,transfer
au,23/02/2023,Stripe_transfer_others,Stripe,125.0,transfer
au,23/02/2023,Stripe_transfer_others,Stripe,55.03,transfer
au,23/02/2023,Stripe_transfer_others,Stripe,24.36,transfer
au,23/02/2023,Stripe_transfer_others,Stripe,67.48,transfer
au,23/02/2023,Stripe_transfer_others,Stripe,30.0,transfer
au,23/02/2023,Stripe_transfer_others,Stripe,222.67,transfer
au,21/02/2023,Stripe_transfer_others,Stripe,31.27,transfer
au,21/02/2023,Stripe_transfer_others,Stripe,152.42,transfer
au,21/02/2023,Stripe_transfer_others,Stripe,342.0,transfer
au,21/02/2023,Stripe_transfer_others,Stripe,50.0,transfer
au,19/02/2023,Stripe_transfer_others,Stripe,73.72,transfer
au,19/02/2023,Stripe_transfer_others,Stripe,45.28,transfer
au,19/02/2023,Stripe_transfer_others,Stripe,26.21,transfer
au,19/02/2023,Stripe_transfer_others,Stripe,21.0,transfer
au,19/02/2023,Stripe_transfer_others,Stripe,188.57,transfer
au,18/02/2023,Stripe_transfer_others,Stripe,120.0,transfer
au,18/02/2023,Stripe_transfer_others,Stripe,30.0,transfer
au,17/02/2023,Stripe_transfer_others,Stripe,30.0,transfer
au,17/02/2023,Stripe_transfer_others,Stripe,90.0,transfer
au,16/02/2023,Stripe_transfer_others,Stripe,676.61,transfer
au,16/02/2023,Stripe_transfer_others,Stripe,144.39,transfer
au,15/02/2023,Stripe_transfer_others,Stripe,34.16,transfer
au,15/02/2023,Stripe_transfer_others,Stripe,317.44,transfer
au,15/02/2023,Stripe_transfer_others,Stripe,91.73,transfer
au,15/02/2023,Stripe_transfer_others,Stripe,30.0,transfer
au,15/02/2023,Stripe_transfer_others,Stripe,115.6,transfer
au,11/02/2023,Stripe_transfer_others,Stripe,30.0,transfer
au,11/02/2023,Stripe_transfer_others,Stripe,160.16,transfer
au,10/02/2023,Stripe_transfer_others,Stripe,65.41,transfer
au,10/02/2023,Stripe_transfer_others,Stripe,90.0,transfer
au,10/02/2023,Stripe_transfer_others,Stripe,127.05,transfer
au,10/02/2023,Stripe_transfer_others,Stripe,50.0,transfer
au,10/02/2023,Stripe_transfer_others,Stripe,52.08,transfer
au,10/02/2023,Stripe_transfer_others,Stripe,20.0,transfer
au,10/02/2023,Stripe_transfer_others,Stripe,30.0,transfer
au,10/02/2023,Stripe_transfer_others,Stripe,60.0,transfer
au,09/02/2023,Stripe_transfer_others,Stripe,30.0,transfer
au,09/02/2023,Stripe_transfer_others,Stripe,190.0,transfer
au,09/02/2023,Stripe_transfer_others,Stripe,118.99,transfer
au,05/02/2023,Stripe_transfer_others,Stripe,103.81,transfer
au,05/02/2023,Stripe_transfer_others,Stripe,97.27,transfer
au,05/02/2023,Stripe_transfer_others,Stripe,117.4,transfer
au,04/02/2023,Stripe_transfer_others,Stripe,58.52,transfer
au,04/02/2023,Stripe_transfer_others,Stripe,22.4,transfer
au,04/02/2023,Stripe_transfer_others,Stripe,470.46,transfer
au,04/02/2023,Stripe_transfer_others,Stripe,168.1,transfer
au,04/02/2023,Stripe_transfer_others,Stripe,30.0,transfer
au,04/02/2023,Stripe_transfer_others,Stripe,192.92,transfer
au,04/02/2023,Stripe_transfer_others,Stripe,194.04,transfer
au,04/02/2023,Stripe_transfer_others,Stripe,39.2,transfer
au,04/02/2023,Stripe_transfer_others,Stripe,135.0,transfer
au,04/02/2023,Stripe_transfer_others,Stripe,13.44,transfer
au,04/02/2023,Stripe_transfer_others,Stripe,108.08,transfer
au,04/02/2023,Stripe_transfer_others,Stripe,48.0,transfer
au,03/02/2023,Stripe_transfer_others,Stripe,110.6,transfer
au,03/02/2023,Stripe_transfer_others,Stripe,66.64,transfer
au,03/02/2023,Stripe_transfer_others,Stripe,160.64,transfer
au,03/02/2023,Stripe_transfer_others,Stripe,122.36,transfer
au,02/02/2023,Stripe_transfer_others,Stripe,90.0,transfer
au,02/02/2023,Stripe_transfer_others,Stripe,656.0,transfer
au,02/02/2023,Stripe_transfer_others,Stripe,158.43,transfer
au,01/02/2023,Stripe_transfer_others,Stripe,210.0,transfer
au,01/02/2023,Stripe_transfer_others,Stripe,30.0,transfer
au,01/02/2023,Stripe_transfer_others,Stripe,266.2,transfer
au,01/02/2023,Stripe_transfer_others,Stripe,24.36,transfer
au,01/02/2023,Stripe_transfer_others,Stripe,85.68,transfer
au,01/02/2023,Stripe_transfer_others,Stripe,32.0,transfer
au,28/02/2023,Stripe_transfers_usage,Stripe,282.9,transfer
au,28/02/2023,Stripe_transfers_usage,Stripe,139.91,transfer
au,28/02/2023,Stripe_transfers_usage,Stripe,56.88,transfer
au,28/02/2023,Stripe_transfers_usage,Stripe,57.91,transfer
au,28/02/2023,Stripe_transfers_usage,Stripe,317.75,transfer
au,28/02/2023,Stripe_transfers_usage,Stripe,362.33,transfer
au,28/02/2023,Stripe_transfers_usage,Stripe,274.18,transfer
au,28/02/2023,Stripe_transfers_usage,Stripe,77.38,transfer
au,28/02/2023,Stripe_transfers_usage,Stripe,146.56,transfer
au,28/02/2023,Stripe_transfers_usage,Stripe,419.8,transfer
au,28/02/2023,Stripe_transfers_usage,Stripe,344.4,transfer
au,28/02/2023,Stripe_transfers_usage,Stripe,1094.15,transfer
au,28/02/2023,Stripe_transfers_usage,Stripe,53.81,transfer
au,28/02/2023,Stripe_transfers_usage,Stripe,366.43,transfer
au,28/02/2023,Stripe_transfers_usage,Stripe,-362.33,transfer
au,28/02/2023,Stripe_transfers_usage,Stripe,0.0,transfer
au,27/02/2023,Stripe_transfers_usage,Stripe,54.83,transfer
au,27/02/2023,Stripe_transfers_usage,Stripe,295.2,transfer
au,27/02/2023,Stripe_transfers_usage,Stripe,208.06,transfer
au,27/02/2023,Stripe_transfers_usage,Stripe,57.91,transfer
au,27/02/2023,Stripe_transfers_usage,Stripe,294.68,transfer
au,27/02/2023,Stripe_transfers_usage,Stripe,77.38,transfer
au,27/02/2023,Stripe_transfers_usage,Stripe,53.81,transfer
au,27/02/2023,Stripe_transfers_usage,Stripe,-208.06,transfer
au,26/02/2023,Stripe_transfers_usage,Stripe,119.02,transfer
au,26/02/2023,Stripe_transfers_usage,Stripe,113.77,transfer
au,26/02/2023,Stripe_transfers_usage,Stripe,47.66,transfer
au,26/02/2023,Stripe_transfers_usage,Stripe,52.78,transfer
au,26/02/2023,Stripe_transfers_usage,Stripe,53.81,transfer
au,26/02/2023,Stripe_transfers_usage,Stripe,78.41,transfer
au,26/02/2023,Stripe_transfers_usage,Stripe,142.47,transfer
au,26/02/2023,Stripe_transfers_usage,Stripe,458.0,transfer
au,26/02/2023,Stripe_transfers_usage,Stripe,58.93,transfer
au,26/02/2023,Stripe_transfers_usage,Stripe,81.48,transfer
au,26/02/2023,Stripe_transfers_usage,Stripe,62.7,transfer
au,26/02/2023,Stripe_transfers_usage,Stripe,77.38,transfer
au,26/02/2023,Stripe_transfers_usage,Stripe,49.51,transfer
au,26/02/2023,Stripe_transfers_usage,Stripe,194.75,transfer
au,26/02/2023,Stripe_transfers_usage,Stripe,-50.73,transfer
au,26/02/2023,Stripe_transfers_usage,Stripe,-119.02,transfer
au,26/02/2023,Stripe_transfers_usage,Stripe,-30.73,transfer
au,26/02/2023,Stripe_transfers_usage,Stripe,-95.32,transfer
au,26/02/2023,Stripe_transfers_usage,Stripe,-45.0,transfer
au,26/02/2023,Stripe_transfers_usage,Stripe,-58.93,transfer
au,26/02/2023,Stripe_transfers_usage,Stripe,-47.66,transfer
au,26/02/2023,Stripe_transfers_usage,Stripe,-62.7,transfer
au,25/02/2023,Stripe_transfers_usage,Stripe,121.71,transfer
au,25/02/2023,Stripe_transfers_usage,Stripe,78.41,transfer
au,25/02/2023,Stripe_transfers_usage,Stripe,335.16,transfer
au,25/02/2023,Stripe_transfers_usage,Stripe,95.32,transfer
au,25/02/2023,Stripe_transfers_usage,Stripe,166.56,transfer
au,25/02/2023,Stripe_transfers_usage,Stripe,91.73,transfer
au,25/02/2023,Stripe_transfers_usage,Stripe,116.32,transfer
au,25/02/2023,Stripe_transfers_usage,Stripe,90.71,transfer
au,25/02/2023,Stripe_transfers_usage,Stripe,30.73,transfer
au,25/02/2023,Stripe_transfers_usage,Stripe,336.51,transfer
au,25/02/2023,Stripe_transfers_usage,Stripe,52.78,transfer
au,25/02/2023,Stripe_transfers_usage,Stripe,53.81,transfer
au,25/02/2023,Stripe_transfers_usage,Stripe,916.04,transfer
au,25/02/2023,Stripe_transfers_usage,Stripe,50.73,transfer
au,25/02/2023,Stripe_transfers_usage,Stripe,-52.78,transfer
au,25/02/2023,Stripe_transfers_usage,Stripe,-101.78,transfer
au,24/02/2023,Stripe_transfers_usage,Stripe,47.66,transfer
au,24/02/2023,Stripe_transfers_usage,Stripe,110.7,transfer
au,24/02/2023,Stripe_transfers_usage,Stripe,64.06,transfer
au,24/02/2023,Stripe_transfers_usage,Stripe,456.63,transfer
au,24/02/2023,Stripe_transfers_usage,Stripe,377.2,transfer
au,24/02/2023,Stripe_transfers_usage,Stripe,114.03,transfer
au,24/02/2023,Stripe_transfers_usage,Stripe,101.78,transfer
au,24/02/2023,Stripe_transfers_usage,Stripe,193.89,transfer
au,24/02/2023,Stripe_transfers_usage,Stripe,82.53,transfer
au,24/02/2023,Stripe_transfers_usage,Stripe,109.67,transfer
au,24/02/2023,Stripe_transfers_usage,Stripe,318.5,transfer
au,24/02/2023,Stripe_transfers_usage,Stripe,382.83,transfer
au,24/02/2023,Stripe_transfers_usage,Stripe,147.34,transfer
au,24/02/2023,Stripe_transfers_usage,Stripe,153.75,transfer
au,24/02/2023,Stripe_transfers_usage,Stripe,48.68,transfer
au,24/02/2023,Stripe_transfers_usage,Stripe,165.02,transfer
au,24/02/2023,Stripe_transfers_usage,Stripe,130.17,transfer
au,24/02/2023,Stripe_transfers_usage,Stripe,-110.7,transfer
au,24/02/2023,Stripe_transfers_usage,Stripe,-47.66,transfer
au,24/02/2023,Stripe_transfers_usage,Stripe,-456.63,transfer
au,24/02/2023,Stripe_transfers_usage,Stripe,-147.34,transfer
au,23/02/2023,Stripe_transfers_usage,Stripe,295.2,transfer
au,23/02/2023,Stripe_transfers_usage,Stripe,142.47,transfer
au,23/02/2023,Stripe_transfers_usage,Stripe,115.82,transfer
au,23/02/2023,Stripe_transfers_usage,Stripe,68.16,transfer
au,23/02/2023,Stripe_transfers_usage,Stripe,50.18,transfer
au,23/02/2023,Stripe_transfers_usage,Stripe,344.4,transfer
au,23/02/2023,Stripe_transfers_usage,Stripe,38.93,transfer
au,23/02/2023,Stripe_transfers_usage,Stripe,531.71,transfer
au,23/02/2023,Stripe_transfers_usage,Stripe,423.31,transfer
au,23/02/2023,Stripe_transfers_usage,Stripe,70.21,transfer
au,23/02/2023,Stripe_transfers_usage,Stripe,47.66,transfer
au,23/02/2023,Stripe_transfers_usage,Stripe,232.2,transfer
au,23/02/2023,Stripe_transfers_usage,Stripe,-59.42,transfer
au,23/02/2023,Stripe_transfers_usage,Stripe,-68.16,transfer
au,23/02/2023,Stripe_transfers_usage,Stripe,-50.18,transfer
au,23/02/2023,Stripe_transfers_usage,Stripe,-195.0,transfer
au,22/02/2023,Stripe_transfers_usage,Stripe,101.98,transfer
au,22/02/2023,Stripe_transfers_usage,Stripe,260.35,transfer
au,22/02/2023,Stripe_transfers_usage,Stripe,177.32,transfer
au,22/02/2023,Stripe_transfers_usage,Stripe,304.93,transfer
au,22/02/2023,Stripe_transfers_usage,Stripe,101.78,transfer
au,22/02/2023,Stripe_transfers_usage,Stripe,154.77,transfer
au,22/02/2023,Stripe_transfers_usage,Stripe,117.87,transfer
au,22/02/2023,Stripe_transfers_usage,Stripe,569.37,transfer
au,22/02/2023,Stripe_transfers_usage,Stripe,-260.35,transfer
au,22/02/2023,Stripe_transfers_usage,Stripe,-101.78,transfer
au,22/02/2023,Stripe_transfers_usage,Stripe,-117.87,transfer
au,21/02/2023,Stripe_transfers_usage,Stripe,130.17,transfer
au,21/02/2023,Stripe_transfers_usage,Stripe,101.98,transfer
au,21/02/2023,Stripe_transfers_usage,Stripe,57.91,transfer
au,21/02/2023,Stripe_transfers_usage,Stripe,119.92,transfer
au,21/02/2023,Stripe_transfers_usage,Stripe,79.74,transfer
au,21/02/2023,Stripe_transfers_usage,Stripe,247.53,transfer
au,21/02/2023,Stripe_transfers_usage,Stripe,58.93,transfer
au,21/02/2023,Stripe_transfers_usage,Stripe,164.51,transfer
au,21/02/2023,Stripe_transfers_usage,Stripe,294.68,transfer
au,21/02/2023,Stripe_transfers_usage,Stripe,276.75,transfer
au,21/02/2023,Stripe_transfers_usage,Stripe,95.32,transfer
au,21/02/2023,Stripe_transfers_usage,Stripe,77.38,transfer
au,21/02/2023,Stripe_transfers_usage,Stripe,219.35,transfer
au,21/02/2023,Stripe_transfers_usage,Stripe,346.55,transfer
au,21/02/2023,Stripe_transfers_usage,Stripe,-304.93,transfer
au,21/02/2023,Stripe_transfers_usage,Stripe,-119.92,transfer
au,21/02/2023,Stripe_transfers_usage,Stripe,-247.53,transfer
au,21/02/2023,Stripe_transfers_usage,Stripe,-224.0,transfer
au,20/02/2023,Stripe_transfers_usage,Stripe,79.74,transfer
au,20/02/2023,Stripe_transfers_usage,Stripe,60.98,transfer
au,20/02/2023,Stripe_transfers_usage,Stripe,365.92,transfer
au,20/02/2023,Stripe_transfers_usage,Stripe,426.91,transfer
au,20/02/2023,Stripe_transfers_usage,Stripe,117.87,transfer
au,20/02/2023,Stripe_transfers_usage,Stripe,551.45,transfer
au,20/02/2023,Stripe_transfers_usage,Stripe,77.38,transfer
au,20/02/2023,Stripe_transfers_usage,Stripe,107.62,transfer
au,20/02/2023,Stripe_transfers_usage,Stripe,228.06,transfer
au,20/02/2023,Stripe_transfers_usage,Stripe,-365.92,transfer
au,19/02/2023,Stripe_transfers_usage,Stripe,95.32,transfer
au,19/02/2023,Stripe_transfers_usage,Stripe,130.17,transfer
au,19/02/2023,Stripe_transfers_usage,Stripe,251.37,transfer
au,19/02/2023,Stripe_transfers_usage,Stripe,304.93,transfer
au,19/02/2023,Stripe_transfers_usage,Stripe,337.22,transfer
au,19/02/2023,Stripe_transfers_usage,Stripe,77.38,transfer
au,19/02/2023,Stripe_transfers_usage,Stripe,94.35,transfer
au,19/02/2023,Stripe_transfers_usage,Stripe,57.91,transfer
au,19/02/2023,Stripe_transfers_usage,Stripe,54.83,transfer
au,19/02/2023,Stripe_transfers_usage,Stripe,-54.83,transfer
au,19/02/2023,Stripe_transfers_usage,Stripe,-81.33,transfer
au,18/02/2023,Stripe_transfers_usage,Stripe,80.68,transfer
au,18/02/2023,Stripe_transfers_usage,Stripe,179.54,transfer
au,18/02/2023,Stripe_transfers_usage,Stripe,140.93,transfer
au,18/02/2023,Stripe_transfers_usage,Stripe,65.08,transfer
au,18/02/2023,Stripe_transfers_usage,Stripe,69.18,transfer
au,18/02/2023,Stripe_transfers_usage,Stripe,92.76,transfer
au,18/02/2023,Stripe_transfers_usage,Stripe,752.86,transfer
au,18/02/2023,Stripe_transfers_usage,Stripe,46.37,transfer
au,18/02/2023,Stripe_transfers_usage,Stripe,114.03,transfer
au,18/02/2023,Stripe_transfers_usage,Stripe,54.83,transfer
au,18/02/2023,Stripe_transfers_usage,Stripe,-97.88,transfer
au,18/02/2023,Stripe_transfers_usage,Stripe,-39.53,transfer
au,18/02/2023,Stripe_transfers_usage,Stripe,-69.18,transfer
au,18/02/2023,Stripe_transfers_usage,Stripe,-114.03,transfer
au,17/02/2023,Stripe_transfers_usage,Stripe,289.56,transfer
au,17/02/2023,Stripe_transfers_usage,Stripe,32.78,transfer
au,17/02/2023,Stripe_transfers_usage,Stripe,95.32,transfer
au,17/02/2023,Stripe_transfers_usage,Stripe,38.72,transfer
au,17/02/2023,Stripe_transfers_usage,Stripe,406.35,transfer
au,17/02/2023,Stripe_transfers_usage,Stripe,53.53,transfer
au,17/02/2023,Stripe_transfers_usage,Stripe,182.96,transfer
au,17/02/2023,Stripe_transfers_usage,Stripe,101.47,transfer
au,17/02/2023,Stripe_transfers_usage,Stripe,253.68,transfer
au,17/02/2023,Stripe_transfers_usage,Stripe,233.18,transfer
au,17/02/2023,Stripe_transfers_usage,Stripe,74.31,transfer
au,17/02/2023,Stripe_transfers_usage,Stripe,81.33,transfer
au,17/02/2023,Stripe_transfers_usage,Stripe,97.88,transfer
au,17/02/2023,Stripe_transfers_usage,Stripe,30.51,transfer
au,17/02/2023,Stripe_transfers_usage,Stripe,-32.78,transfer
au,17/02/2023,Stripe_transfers_usage,Stripe,-101.47,transfer
au,16/02/2023,Stripe_transfers_usage,Stripe,264.45,transfer
au,16/02/2023,Stripe_transfers_usage,Stripe,203.17,transfer
au,16/02/2023,Stripe_transfers_usage,Stripe,515.06,transfer
au,16/02/2023,Stripe_transfers_usage,Stripe,170.15,transfer
au,16/02/2023,Stripe_transfers_usage,Stripe,47.66,transfer
au,16/02/2023,Stripe_transfers_usage,Stripe,114.03,transfer
au,16/02/2023,Stripe_transfers_usage,Stripe,58.93,transfer
au,16/02/2023,Stripe_transfers_usage,Stripe,64.06,transfer
au,16/02/2023,Stripe_transfers_usage,Stripe,263.93,transfer
au,16/02/2023,Stripe_transfers_usage,Stripe,187.06,transfer
au,16/02/2023,Stripe_transfers_usage,Stripe,138.37,transfer
au,16/02/2023,Stripe_transfers_usage,Stripe,65.08,transfer
au,15/02/2023,Stripe_transfers_usage,Stripe,59.5,transfer
au,15/02/2023,Stripe_transfers_usage,Stripe,245.77,transfer
au,15/02/2023,Stripe_transfers_usage,Stripe,46.63,transfer
au,15/02/2023,Stripe_transfers_usage,Stripe,107.62,transfer
au,15/02/2023,Stripe_transfers_usage,Stripe,138.37,transfer
au,15/02/2023,Stripe_transfers_usage,Stripe,101.21,transfer
au,15/02/2023,Stripe_transfers_usage,Stripe,94.3,transfer
au,15/02/2023,Stripe_transfers_usage,Stripe,207.56,transfer
au,15/02/2023,Stripe_transfers_usage,Stripe,64.06,transfer
au,15/02/2023,Stripe_transfers_usage,Stripe,210.63,transfer
au,15/02/2023,Stripe_transfers_usage,Stripe,54.83,transfer
au,15/02/2023,Stripe_transfers_usage,Stripe,814.26,transfer
au,15/02/2023,Stripe_transfers_usage,Stripe,-126.42,transfer
au,15/02/2023,Stripe_transfers_usage,Stripe,-94.3,transfer
au,15/02/2023,Stripe_transfers_usage,Stripe,-207.56,transfer
au,14/02/2023,Stripe_transfers_usage,Stripe,130.17,transfer
au,14/02/2023,Stripe_transfers_usage,Stripe,86.61,transfer
au,14/02/2023,Stripe_transfers_usage,Stripe,235.75,transfer
au,14/02/2023,Stripe_transfers_usage,Stripe,210.63,transfer
au,14/02/2023,Stripe_transfers_usage,Stripe,107.62,transfer
au,14/02/2023,Stripe_transfers_usage,Stripe,95.32,transfer
au,14/02/2023,Stripe_transfers_usage,Stripe,1197.0,transfer
au,14/02/2023,Stripe_transfers_usage,Stripe,103.87,transfer
au,14/02/2023,Stripe_transfers_usage,Stripe,101.21,transfer
au,14/02/2023,Stripe_transfers_usage,Stripe,54.83,transfer
au,14/02/2023,Stripe_transfers_usage,Stripe,87.63,transfer
au,14/02/2023,Stripe_transfers_usage,Stripe,117.87,transfer
au,14/02/2023,Stripe_transfers_usage,Stripe,154.77,transfer
au,14/02/2023,Stripe_transfers_usage,Stripe,346.55,transfer
au,14/02/2023,Stripe_transfers_usage,Stripe,389.81,transfer
au,14/02/2023,Stripe_transfers_usage,Stripe,126.42,transfer
au,14/02/2023,Stripe_transfers_usage,Stripe,294.68,transfer
au,14/02/2023,Stripe_transfers_usage,Stripe,-86.61,transfer
au,14/02/2023,Stripe_transfers_usage,Stripe,-235.75,transfer
au,14/02/2023,Stripe_transfers_usage,Stripe,-210.63,transfer
au,13/02/2023,Stripe_transfers_usage,Stripe,294.68,transfer
au,13/02/2023,Stripe_transfers_usage,Stripe,59.5,transfer
au,13/02/2023,Stripe_transfers_usage,Stripe,107.62,transfer
au,13/02/2023,Stripe_transfers_usage,Stripe,710.16,transfer
au,13/02/2023,Stripe_transfers_usage,Stripe,293.66,transfer
au,13/02/2023,Stripe_transfers_usage,Stripe,114.03,transfer
au,13/02/2023,Stripe_transfers_usage,Stripe,86.61,transfer
au,13/02/2023,Stripe_transfers_usage,Stripe,246.51,transfer
au,13/02/2023,Stripe_transfers_usage,Stripe,101.21,transfer
au,13/02/2023,Stripe_transfers_usage,Stripe,186.55,transfer
au,13/02/2023,Stripe_transfers_usage,Stripe,47.66,transfer
au,13/02/2023,Stripe_transfers_usage,Stripe,128.12,transfer
au,13/02/2023,Stripe_transfers_usage,Stripe,54.83,transfer
au,13/02/2023,Stripe_transfers_usage,Stripe,243.95,transfer
au,13/02/2023,Stripe_transfers_usage,Stripe,109.67,transfer
au,13/02/2023,Stripe_transfers_usage,Stripe,20.08,transfer
au,13/02/2023,Stripe_transfers_usage,Stripe,-294.68,transfer
au,13/02/2023,Stripe_transfers_usage,Stripe,-107.62,transfer
au,12/02/2023,Stripe_transfers_usage,Stripe,156.31,transfer
au,12/02/2023,Stripe_transfers_usage,Stripe,35.72,transfer
au,12/02/2023,Stripe_transfers_usage,Stripe,174.76,transfer
au,12/02/2023,Stripe_transfers_usage,Stripe,47.66,transfer
au,12/02/2023,Stripe_transfers_usage,Stripe,164.51,transfer
au,12/02/2023,Stripe_transfers_usage,Stripe,54.83,transfer
au,12/02/2023,Stripe_transfers_usage,Stripe,90.71,transfer
au,12/02/2023,Stripe_transfers_usage,Stripe,154.77,transfer
au,12/02/2023,Stripe_transfers_usage,Stripe,251.37,transfer
au,12/02/2023,Stripe_transfers_usage,Stripe,217.81,transfer
au,12/02/2023,Stripe_transfers_usage,Stripe,39.53,transfer
au,12/02/2023,Stripe_transfers_usage,Stripe,203.97,transfer
au,12/02/2023,Stripe_transfers_usage,Stripe,92.76,transfer
au,12/02/2023,Stripe_transfers_usage,Stripe,-156.31,transfer
au,12/02/2023,Stripe_transfers_usage,Stripe,-174.76,transfer
au,12/02/2023,Stripe_transfers_usage,Stripe,-217.81,transfer
au,11/02/2023,Stripe_transfers_usage,Stripe,112.84,transfer
au,11/02/2023,Stripe_transfers_usage,Stripe,47.66,transfer
au,11/02/2023,Stripe_transfers_usage,Stripe,289.56,transfer
au,11/02/2023,Stripe_transfers_usage,Stripe,426.91,transfer
au,11/02/2023,Stripe_transfers_usage,Stripe,141.45,transfer
au,11/02/2023,Stripe_transfers_usage,Stripe,-186.0,transfer
au,10/02/2023,Stripe_transfers_usage,Stripe,60.98,transfer
au,10/02/2023,Stripe_transfers_usage,Stripe,203.17,transfer
au,10/02/2023,Stripe_transfers_usage,Stripe,179.54,transfer
au,10/02/2023,Stripe_transfers_usage,Stripe,64.06,transfer
au,10/02/2023,Stripe_transfers_usage,Stripe,115.82,transfer
au,10/02/2023,Stripe_transfers_usage,Stripe,342.09,transfer
au,10/02/2023,Stripe_transfers_usage,Stripe,204.48,transfer
au,10/02/2023,Stripe_transfers_usage,Stripe,54.16,transfer
au,10/02/2023,Stripe_transfers_usage,Stripe,33.66,transfer
au,10/02/2023,Stripe_transfers_usage,Stripe,171.52,transfer
au,10/02/2023,Stripe_transfers_usage,Stripe,67.73,transfer
au,10/02/2023,Stripe_transfers_usage,Stripe,126.84,transfer
au,10/02/2023,Stripe_transfers_usage,Stripe,212.68,transfer
au,10/02/2023,Stripe_transfers_usage,Stripe,388.29,transfer
au,10/02/2023,Stripe_transfers_usage,Stripe,29.06,transfer
au,10/02/2023,Stripe_transfers_usage,Stripe,121.71,transfer
au,10/02/2023,Stripe_transfers_usage,Stripe,-352.08,transfer
au,10/02/2023,Stripe_transfers_usage,Stripe,-115.82,transfer
au,10/02/2023,Stripe_transfers_usage,Stripe,-64.06,transfer
au,10/02/2023,Stripe_transfers_usage,Stripe,-204.48,transfer
au,10/02/2023,Stripe_transfers_usage,Stripe,-4.4,transfer
au,10/02/2023,Stripe_transfers_usage,Stripe,-121.71,transfer
au,10/02/2023,Stripe_transfers_usage,Stripe,-60.0,transfer
au,09/02/2023,Stripe_transfers_usage,Stripe,47.66,transfer
au,09/02/2023,Stripe_transfers_usage,Stripe,386.42,transfer
au,09/02/2023,Stripe_transfers_usage,Stripe,479.18,transfer
au,09/02/2023,Stripe_transfers_usage,Stripe,57.91,transfer
au,09/02/2023,Stripe_transfers_usage,Stripe,832.81,transfer
au,09/02/2023,Stripe_transfers_usage,Stripe,185.01,transfer
au,09/02/2023,Stripe_transfers_usage,Stripe,486.87,transfer
au,09/02/2023,Stripe_transfers_usage,Stripe,114.03,transfer
au,09/02/2023,Stripe_transfers_usage,Stripe,97.88,transfer
au,09/02/2023,Stripe_transfers_usage,Stripe,217.81,transfer
au,09/02/2023,Stripe_transfers_usage,Stripe,58.93,transfer
au,09/02/2023,Stripe_transfers_usage,Stripe,292.63,transfer
au,09/02/2023,Stripe_transfers_usage,Stripe,352.08,transfer
au,09/02/2023,Stripe_transfers_usage,Stripe,82.51,transfer
au,09/02/2023,Stripe_transfers_usage,Stripe,103.01,transfer
au,09/02/2023,Stripe_transfers_usage,Stripe,89.24,transfer
au,09/02/2023,Stripe_transfers_usage,Stripe,-832.81,transfer
au,09/02/2023,Stripe_transfers_usage,Stripe,-486.87,transfer
au,09/02/2023,Stripe_transfers_usage,Stripe,-27.87,transfer
au,09/02/2023,Stripe_transfers_usage,Stripe,-872.0,transfer
au,09/02/2023,Stripe_transfers_usage,Stripe,-217.81,transfer
au,08/02/2023,Stripe_transfers_usage,Stripe,107.62,transfer
au,08/02/2023,Stripe_transfers_usage,Stripe,49.72,transfer
au,08/02/2023,Stripe_transfers_usage,Stripe,47.66,transfer
au,08/02/2023,Stripe_transfers_usage,Stripe,114.03,transfer
au,08/02/2023,Stripe_transfers_usage,Stripe,140.42,transfer
au,08/02/2023,Stripe_transfers_usage,Stripe,76.96,transfer
au,08/02/2023,Stripe_transfers_usage,Stripe,94.8,transfer
au,08/02/2023,Stripe_transfers_usage,Stripe,68.92,transfer
au,08/02/2023,Stripe_transfers_usage,Stripe,49.92,transfer
au,08/02/2023,Stripe_transfers_usage,Stripe,138.37,transfer
au,08/02/2023,Stripe_transfers_usage,Stripe,361.31,transfer
au,08/02/2023,Stripe_transfers_usage,Stripe,-107.62,transfer
au,08/02/2023,Stripe_transfers_usage,Stripe,-49.72,transfer
au,08/02/2023,Stripe_transfers_usage,Stripe,-140.42,transfer
au,08/02/2023,Stripe_transfers_usage,Stripe,-68.92,transfer
au,07/02/2023,Stripe_transfers_usage,Stripe,47.66,transfer
au,07/02/2023,Stripe_transfers_usage,Stripe,231.65,transfer
au,07/02/2023,Stripe_transfers_usage,Stripe,53.81,transfer
au,07/02/2023,Stripe_transfers_usage,Stripe,166.56,transfer
au,07/02/2023,Stripe_transfers_usage,Stripe,114.03,transfer
au,07/02/2023,Stripe_transfers_usage,Stripe,41.64,transfer
au,07/02/2023,Stripe_transfers_usage,Stripe,186.55,transfer
au,07/02/2023,Stripe_transfers_usage,Stripe,60.98,transfer
au,07/02/2023,Stripe_transfers_usage,Stripe,198.03,transfer
au,07/02/2023,Stripe_transfers_usage,Stripe,148.52,transfer
au,07/02/2023,Stripe_transfers_usage,Stripe,-53.81,transfer
au,07/02/2023,Stripe_transfers_usage,Stripe,-68.4,transfer
au,06/02/2023,Stripe_transfers_usage,Stripe,49.5,transfer
au,06/02/2023,Stripe_transfers_usage,Stripe,47.66,transfer
au,06/02/2023,Stripe_transfers_usage,Stripe,56.88,transfer
au,06/02/2023,Stripe_transfers_usage,Stripe,134.77,transfer
au,06/02/2023,Stripe_transfers_usage,Stripe,260.89,transfer
au,06/02/2023,Stripe_transfers_usage,Stripe,241.38,transfer
au,06/02/2023,Stripe_transfers_usage,Stripe,59.19,transfer
au,06/02/2023,Stripe_transfers_usage,Stripe,114.03,transfer
au,06/02/2023,Stripe_transfers_usage,Stripe,60.98,transfer
au,06/02/2023,Stripe_transfers_usage,Stripe,85.58,transfer
au,06/02/2023,Stripe_transfers_usage,Stripe,-29.33,transfer
au,05/02/2023,Stripe_transfers_usage,Stripe,47.66,transfer
au,05/02/2023,Stripe_transfers_usage,Stripe,235.75,transfer
au,05/02/2023,Stripe_transfers_usage,Stripe,46.97,transfer
au,05/02/2023,Stripe_transfers_usage,Stripe,333.12,transfer
au,05/02/2023,Stripe_transfers_usage,Stripe,44.96,transfer
au,04/02/2023,Stripe_transfers_usage,Stripe,97.88,transfer
au,04/02/2023,Stripe_transfers_usage,Stripe,1425.25,transfer
au,04/02/2023,Stripe_transfers_usage,Stripe,331.57,transfer
au,04/02/2023,Stripe_transfers_usage,Stripe,49.5,transfer
au,04/02/2023,Stripe_transfers_usage,Stripe,-194.0,transfer
au,04/02/2023,Stripe_transfers_usage,Stripe,-97.88,transfer
au,04/02/2023,Stripe_transfers_usage,Stripe,-331.57,transfer
au,03/02/2023,Stripe_transfers_usage,Stripe,77.65,transfer
au,03/02/2023,Stripe_transfers_usage,Stripe,356.23,transfer
au,03/02/2023,Stripe_transfers_usage,Stripe,179.54,transfer
au,03/02/2023,Stripe_transfers_usage,Stripe,367.71,transfer
au,03/02/2023,Stripe_transfers_usage,Stripe,243.43,transfer
au,03/02/2023,Stripe_transfers_usage,Stripe,318.5,transfer
au,03/02/2023,Stripe_transfers_usage,Stripe,29.74,transfer
au,03/02/2023,Stripe_transfers_usage,Stripe,269.06,transfer
au,03/02/2023,Stripe_transfers_usage,Stripe,171.17,transfer
au,03/02/2023,Stripe_transfers_usage,Stripe,215.25,transfer
au,03/02/2023,Stripe_transfers_usage,Stripe,78.28,transfer
au,03/02/2023,Stripe_transfers_usage,Stripe,54.25,transfer
au,03/02/2023,Stripe_transfers_usage,Stripe,47.66,transfer
au,03/02/2023,Stripe_transfers_usage,Stripe,-62.51,transfer
au,03/02/2023,Stripe_transfers_usage,Stripe,-269.06,transfer
au,03/02/2023,Stripe_transfers_usage,Stripe,-78.28,transfer
au,02/02/2023,Stripe_transfers_usage,Stripe,148.52,transfer
au,02/02/2023,Stripe_transfers_usage,Stripe,81.33,transfer
au,02/02/2023,Stripe_transfers_usage,Stripe,103.54,transfer
au,02/02/2023,Stripe_transfers_usage,Stripe,148.74,transfer
au,02/02/2023,Stripe_transfers_usage,Stripe,47.66,transfer
au,02/02/2023,Stripe_transfers_usage,Stripe,79.91,transfer
au,02/02/2023,Stripe_transfers_usage,Stripe,285.97,transfer
au,02/02/2023,Stripe_transfers_usage,Stripe,62.51,transfer
au,02/02/2023,Stripe_transfers_usage,Stripe,203.17,transfer
au,02/02/2023,Stripe_transfers_usage,Stripe,233.18,transfer
au,02/02/2023,Stripe_transfers_usage,Stripe,268.55,transfer
au,02/02/2023,Stripe_transfers_usage,Stripe,-27.95,transfer
au,02/02/2023,Stripe_transfers_usage,Stripe,-81.33,transfer
au,01/02/2023,Stripe_transfers_usage,Stripe,195.77,transfer
au,01/02/2023,Stripe_transfers_usage,Stripe,47.66,transfer
au,01/02/2023,Stripe_transfers_usage,Stripe,359.77,transfer
au,01/02/2023,Stripe_transfers_usage,Stripe,49.66,transfer
au,01/02/2023,Stripe_transfers_usage,Stripe,138.37,transfer
au,01/02/2023,Stripe_transfers_usage,Stripe,228.06,transfer
au,01/02/2023,Stripe_transfers_usage,Stripe,115.31,transfer
au,01/02/2023,Stripe_transfers_usage,Stripe,29.17,transfer
au,01/02/2023,Stripe_transfers_usage,Stripe,87.12,transfer
au,01/02/2023,Stripe_transfers_usage,Stripe,312.62,transfer
au,01/02/2023,Stripe_transfers_usage,Stripe,-195.77,transfer
au,01/02/2023,Stripe_transfers_usage,Stripe,-451.51,transfer
au,01/02/2023,Stripe_transfers_usage,Stripe,-48.17,transfer
au,01/02/2023,Stripe_transfers_usage,Stripe,-83.12,transfer
au,01/02/2023,Stripe_transfers_usage,Stripe,-49.66,transfer
au,31/01/2023,Stripe_transfers_usage,Stripe,30.0,transfer
au,31/01/2023,Stripe_transfers_usage,Stripe,174.93,transfer
au,31/01/2023,Stripe_transfers_usage,Stripe,115.31,transfer
au,31/01/2023,Stripe_transfers_usage,Stripe,81.26,transfer
au,31/01/2023,Stripe_transfers_usage,Stripe,451.51,transfer
au,31/01/2023,Stripe_transfers_usage,Stripe,48.48,transfer
au,31/01/2023,Stripe_transfers_usage,Stripe,49.5,transfer
au,31/01/2023,Stripe_transfers_usage,Stripe,48.68,transfer
au,31/01/2023,Stripe_transfers_usage,Stripe,130.17,transfer
au,31/01/2023,Stripe_transfers_usage,Stripe,73.25,transfer
au,31/01/2023,Stripe_transfers_usage,Stripe,-41.6,transfer
au,31/01/2023,Stripe_transfers_usage,Stripe,-130.17,transfer
au,31/01/2023,Stripe_transfers_usage,Stripe,-107.62,transfer
au,31/01/2023,Stripe_transfers_usage,Stripe,-51.09,transfer
au,31/01/2023,Stripe_transfers_usage,Stripe,7444.32,transfer
au,31/01/2023,Stripe_transfers_usage,Stripe,0.0,transfer
au,30/01/2023,Stripe_transfers_usage,Stripe,476.11,transfer
au,30/01/2023,Stripe_transfers_usage,Stripe,52.64,transfer
au,30/01/2023,Stripe_transfers_usage,Stripe,147.68,transfer
au,30/01/2023,Stripe_transfers_usage,Stripe,49.5,transfer
au,30/01/2023,Stripe_transfers_usage,Stripe,113.77,transfer
au,30/01/2023,Stripe_transfers_usage,Stripe,97.0,transfer
au,30/01/2023,Stripe_transfers_usage,Stripe,186.55,transfer
au,30/01/2023,Stripe_transfers_usage,Stripe,103.54,transfer
au,30/01/2023,Stripe_transfers_usage,Stripe,115.31,transfer
au,30/01/2023,Stripe_transfers_usage,Stripe,47.66,transfer
au,30/01/2023,Stripe_transfers_usage,Stripe,121.71,transfer
au,30/01/2023,Stripe_transfers_usage,Stripe,127.61,transfer
au,30/01/2023,Stripe_transfers_usage,Stripe,198.85,transfer
au,30/01/2023,Stripe_transfers_usage,Stripe,82.75,transfer
au,30/01/2023,Stripe_transfers_usage,Stripe,130.0,transfer
au,30/01/2023,Stripe_transfers_usage,Stripe,30.0,transfer
au,30/01/2023,Stripe_transfers_usage,Stripe,97.88,transfer
au,30/01/2023,Stripe_transfers_usage,Stripe,298.27,transfer
au,30/01/2023,Stripe_transfers_usage,Stripe,-97.88,transfer
au,30/01/2023,Stripe_transfers_usage,Stripe,-98.0,transfer
au,30/01/2023,Stripe_transfers_usage,Stripe,-476.11,transfer
au,30/01/2023,Stripe_transfers_usage,Stripe,-380.0,transfer
au,29/01/2023,Stripe_transfers_usage,Stripe,310.06,transfer
au,29/01/2023,Stripe_transfers_usage,Stripe,47.66,transfer
au,29/01/2023,Stripe_transfers_usage,Stripe,114.8,transfer
au,29/01/2023,Stripe_transfers_usage,Stripe,124.02,transfer
au,29/01/2023,Stripe_transfers_usage,Stripe,86.61,transfer
au,29/01/2023,Stripe_transfers_usage,Stripe,115.31,transfer
au,29/01/2023,Stripe_transfers_usage,Stripe,40.57,transfer
au,29/01/2023,Stripe_transfers_usage,Stripe,383.86,transfer
au,29/01/2023,Stripe_transfers_usage,Stripe,245.77,transfer
au,29/01/2023,Stripe_transfers_usage,Stripe,-310.06,transfer
au,29/01/2023,Stripe_transfers_usage,Stripe,-124.02,transfer
au,28/01/2023,Stripe_transfers_usage,Stripe,102.5,transfer
au,28/01/2023,Stripe_transfers_usage,Stripe,121.71,transfer
au,28/01/2023,Stripe_transfers_usage,Stripe,168.61,transfer
au,28/01/2023,Stripe_transfers_usage,Stripe,97.88,transfer
au,28/01/2023,Stripe_transfers_usage,Stripe,115.31,transfer
au,28/01/2023,Stripe_transfers_usage,Stripe,75.33,transfer
au,28/01/2023,Stripe_transfers_usage,Stripe,46.63,transfer
au,28/01/2023,Stripe_transfers_usage,Stripe,90.61,transfer
au,28/01/2023,Stripe_transfers_usage,Stripe,47.66,transfer
au,28/01/2023,Stripe_transfers_usage,Stripe,-75.33,transfer
au,28/01/2023,Stripe_transfers_usage,Stripe,-121.71,transfer
au,28/01/2023,Stripe_transfers_usage,Stripe,-97.88,transfer
au,27/01/2023,Stripe_transfers_usage,Stripe,123.0,transfer
au,27/01/2023,Stripe_transfers_usage,Stripe,171.68,transfer
au,27/01/2023,Stripe_transfers_usage,Stripe,174.76,transfer
au,27/01/2023,Stripe_transfers_usage,Stripe,107.62,transfer
au,27/01/2023,Stripe_transfers_usage,Stripe,444.5,transfer
au,27/01/2023,Stripe_transfers_usage,Stripe,1031.15,transfer
au,27/01/2023,Stripe_transfers_usage,Stripe,134.27,transfer
au,27/01/2023,Stripe_transfers_usage,Stripe,58.93,transfer
au,27/01/2023,Stripe_transfers_usage,Stripe,88.15,transfer
au,27/01/2023,Stripe_transfers_usage,Stripe,160.92,transfer
au,27/01/2023,Stripe_transfers_usage,Stripe,148.52,transfer
au,27/01/2023,Stripe_transfers_usage,Stripe,97.88,transfer
au,27/01/2023,Stripe_transfers_usage,Stripe,60.98,transfer
au,27/01/2023,Stripe_transfers_usage,Stripe,89.24,transfer
au,27/01/2023,Stripe_transfers_usage,Stripe,185.52,transfer
au,27/01/2023,Stripe_transfers_usage,Stripe,86.61,transfer
au,27/01/2023,Stripe_transfers_usage,Stripe,179.54,transfer
au,27/01/2023,Stripe_transfers_usage,Stripe,-160.92,transfer
au,27/01/2023,Stripe_transfers_usage,Stripe,-171.68,transfer
au,27/01/2023,Stripe_transfers_usage,Stripe,-1031.15,transfer
au,27/01/2023,Stripe_transfers_usage,Stripe,-88.15,transfer
au,26/01/2023,Stripe_transfers_usage,Stripe,320.31,transfer
au,26/01/2023,Stripe_transfers_usage,Stripe,142.47,transfer
au,26/01/2023,Stripe_transfers_usage,Stripe,307.5,transfer
au,26/01/2023,Stripe_transfers_usage,Stripe,71.18,transfer
au,26/01/2023,Stripe_transfers_usage,Stripe,60.98,transfer
au,26/01/2023,Stripe_transfers_usage,Stripe,89.68,transfer
au,26/01/2023,Stripe_transfers_usage,Stripe,86.61,transfer
au,26/01/2023,Stripe_transfers_usage,Stripe,49.5,transfer
au,26/01/2023,Stripe_transfers_usage,Stripe,97.88,transfer
au,26/01/2023,Stripe_transfers_usage,Stripe,136.32,transfer
au,26/01/2023,Stripe_transfers_usage,Stripe,351.06,transfer
au,26/01/2023,Stripe_transfers_usage,Stripe,617.05,transfer
au,26/01/2023,Stripe_transfers_usage,Stripe,-60.98,transfer
au,26/01/2023,Stripe_transfers_usage,Stripe,-71.18,transfer
au,26/01/2023,Stripe_transfers_usage,Stripe,-142.47,transfer
au,25/01/2023,Stripe_transfers_usage,Stripe,49.5,transfer
au,25/01/2023,Stripe_transfers_usage,Stripe,154.77,transfer
au,25/01/2023,Stripe_transfers_usage,Stripe,83.12,transfer
au,25/01/2023,Stripe_transfers_usage,Stripe,110.17,transfer
au,25/01/2023,Stripe_transfers_usage,Stripe,357.0,transfer
au,25/01/2023,Stripe_transfers_usage,Stripe,178.5,transfer
au,25/01/2023,Stripe_transfers_usage,Stripe,134.44,transfer
au,25/01/2023,Stripe_transfers_usage,Stripe,210.66,transfer
au,25/01/2023,Stripe_transfers_usage,Stripe,48.16,transfer
au,25/01/2023,Stripe_transfers_usage,Stripe,77.88,transfer
au,25/01/2023,Stripe_transfers_usage,Stripe,660.0,transfer
au,25/01/2023,Stripe_transfers_usage,Stripe,97.88,transfer
au,25/01/2023,Stripe_transfers_usage,Stripe,-48.16,transfer
au,25/01/2023,Stripe_transfers_usage,Stripe,-660.0,transfer
au,25/01/2023,Stripe_transfers_usage,Stripe,-77.88,transfer
au,24/01/2023,Stripe_transfers_usage,Stripe,192.18,transfer
au,24/01/2023,Stripe_transfers_usage,Stripe,210.63,transfer
au,24/01/2023,Stripe_transfers_usage,Stripe,55.24,transfer
au,24/01/2023,Stripe_transfers_usage,Stripe,33.33,transfer
au,24/01/2023,Stripe_transfers_usage,Stripe,212.17,transfer
au,24/01/2023,Stripe_transfers_usage,Stripe,83.12,transfer
au,24/01/2023,Stripe_transfers_usage,Stripe,42.99,transfer
au,24/01/2023,Stripe_transfers_usage,Stripe,173.22,transfer
au,24/01/2023,Stripe_transfers_usage,Stripe,181.42,transfer
au,24/01/2023,Stripe_transfers_usage,Stripe,119.0,transfer
au,24/01/2023,Stripe_transfers_usage,Stripe,117.87,transfer
au,24/01/2023,Stripe_transfers_usage,Stripe,-596.0,transfer
au,24/01/2023,Stripe_transfers_usage,Stripe,-192.18,transfer
au,24/01/2023,Stripe_transfers_usage,Stripe,-212.17,transfer
au,23/01/2023,Stripe_transfers_usage,Stripe,345.93,transfer
au,23/01/2023,Stripe_transfers_usage,Stripe,71.96,transfer
au,23/01/2023,Stripe_transfers_usage,Stripe,90.23,transfer
au,23/01/2023,Stripe_transfers_usage,Stripe,734.92,transfer
au,23/01/2023,Stripe_transfers_usage,Stripe,81.48,transfer
au,23/01/2023,Stripe_transfers_usage,Stripe,389.48,transfer
au,23/01/2023,Stripe_transfers_usage,Stripe,596.0,transfer
au,23/01/2023,Stripe_transfers_usage,Stripe,58.93,transfer
au,22/01/2023,Stripe_transfers_usage,Stripe,53.81,transfer
au,22/01/2023,Stripe_transfers_usage,Stripe,93.99,transfer
au,22/01/2023,Stripe_transfers_usage,Stripe,142.98,transfer
au,22/01/2023,Stripe_transfers_usage,Stripe,50.72,transfer
au,22/01/2023,Stripe_transfers_usage,Stripe,58.93,transfer
au,22/01/2023,Stripe_transfers_usage,Stripe,534.35,transfer
au,22/01/2023,Stripe_transfers_usage,Stripe,148.52,transfer
au,22/01/2023,Stripe_transfers_usage,Stripe,-50.72,transfer
au,21/01/2023,Stripe_transfers_usage,Stripe,76.87,transfer
au,21/01/2023,Stripe_transfers_usage,Stripe,140.42,transfer
au,21/01/2023,Stripe_transfers_usage,Stripe,68.16,transfer
au,21/01/2023,Stripe_transfers_usage,Stripe,138.37,transfer
au,21/01/2023,Stripe_transfers_usage,Stripe,130.17,transfer
au,21/01/2023,Stripe_transfers_usage,Stripe,-138.37,transfer
au,20/01/2023,Stripe_transfers_usage,Stripe,60.98,transfer
au,20/01/2023,Stripe_transfers_usage,Stripe,260.85,transfer
au,20/01/2023,Stripe_transfers_usage,Stripe,46.63,transfer
au,20/01/2023,Stripe_transfers_usage,Stripe,92.76,transfer
au,20/01/2023,Stripe_transfers_usage,Stripe,136.32,transfer
au,20/01/2023,Stripe_transfers_usage,Stripe,49.5,transfer
au,20/01/2023,Stripe_transfers_usage,Stripe,422.81,transfer
au,20/01/2023,Stripe_transfers_usage,Stripe,99.01,transfer
au,20/01/2023,Stripe_transfers_usage,Stripe,269.06,transfer
au,20/01/2023,Stripe_transfers_usage,Stripe,76.87,transfer
au,20/01/2023,Stripe_transfers_usage,Stripe,379.25,transfer
au,20/01/2023,Stripe_transfers_usage,Stripe,304.93,transfer
au,20/01/2023,Stripe_transfers_usage,Stripe,203.17,transfer
au,20/01/2023,Stripe_transfers_usage,Stripe,35.67,transfer
au,20/01/2023,Stripe_transfers_usage,Stripe,203.56,transfer
au,20/01/2023,Stripe_transfers_usage,Stripe,-76.87,transfer
au,20/01/2023,Stripe_transfers_usage,Stripe,-71.18,transfer
au,20/01/2023,Stripe_transfers_usage,Stripe,-379.25,transfer
au,19/01/2023,Stripe_transfers_usage,Stripe,68.76,transfer
au,19/01/2023,Stripe_transfers_usage,Stripe,350.03,transfer
au,19/01/2023,Stripe_transfers_usage,Stripe,203.17,transfer
au,19/01/2023,Stripe_transfers_usage,Stripe,53.05,transfer
au,19/01/2023,Stripe_transfers_usage,Stripe,71.18,transfer
au,19/01/2023,Stripe_transfers_usage,Stripe,161.95,transfer
au,19/01/2023,Stripe_transfers_usage,Stripe,60.98,transfer
au,19/01/2023,Stripe_transfers_usage,Stripe,-68.16,transfer
au,19/01/2023,Stripe_transfers_usage,Stripe,-53.05,transfer
au,18/01/2023,Stripe_transfers_usage,Stripe,50.89,transfer
au,18/01/2023,Stripe_transfers_usage,Stripe,215.25,transfer
au,18/01/2023,Stripe_transfers_usage,Stripe,42.45,transfer
au,18/01/2023,Stripe_transfers_usage,Stripe,9.8,transfer
au,18/01/2023,Stripe_transfers_usage,Stripe,181.42,transfer
au,18/01/2023,Stripe_transfers_usage,Stripe,48.17,transfer
au,18/01/2023,Stripe_transfers_usage,Stripe,179.54,transfer
au,18/01/2023,Stripe_transfers_usage,Stripe,68.16,transfer
au,18/01/2023,Stripe_transfers_usage,Stripe,36.86,transfer
au,18/01/2023,Stripe_transfers_usage,Stripe,154.77,transfer
au,18/01/2023,Stripe_transfers_usage,Stripe,-36.86,transfer
au,17/01/2023,Stripe_transfers_usage,Stripe,96.35,transfer
au,17/01/2023,Stripe_transfers_usage,Stripe,179.88,transfer
au,17/01/2023,Stripe_transfers_usage,Stripe,1140.31,transfer
au,17/01/2023,Stripe_transfers_usage,Stripe,99.01,transfer
au,17/01/2023,Stripe_transfers_usage,Stripe,1041.26,transfer
au,17/01/2023,Stripe_transfers_usage,Stripe,36.3,transfer
au,17/01/2023,Stripe_transfers_usage,Stripe,31.84,transfer
au,17/01/2023,Stripe_transfers_usage,Stripe,176.81,transfer
au,17/01/2023,Stripe_transfers_usage,Stripe,48.17,transfer
au,17/01/2023,Stripe_transfers_usage,Stripe,58.93,transfer
au,17/01/2023,Stripe_transfers_usage,Stripe,107.62,transfer
au,17/01/2023,Stripe_transfers_usage,Stripe,210.63,transfer
au,17/01/2023,Stripe_transfers_usage,Stripe,48.68,transfer
au,17/01/2023,Stripe_transfers_usage,Stripe,55.24,transfer
au,17/01/2023,Stripe_transfers_usage,Stripe,-96.35,transfer
au,17/01/2023,Stripe_transfers_usage,Stripe,-48.68,transfer
au,16/01/2023,Stripe_transfers_usage,Stripe,60.98,transfer
au,16/01/2023,Stripe_transfers_usage,Stripe,350.03,transfer
au,16/01/2023,Stripe_transfers_usage,Stripe,48.17,transfer
au,16/01/2023,Stripe_transfers_usage,Stripe,53.81,transfer
au,16/01/2023,Stripe_transfers_usage,Stripe,127.22,transfer
au,16/01/2023,Stripe_transfers_usage,Stripe,119.0,transfer
au,16/01/2023,Stripe_transfers_usage,Stripe,73.8,transfer
au,16/01/2023,Stripe_transfers_usage,Stripe,-73.8,transfer
au,16/01/2023,Stripe_transfers_usage,Stripe,-350.03,transfer
au,15/01/2023,Stripe_transfers_usage,Stripe,83.12,transfer
au,15/01/2023,Stripe_transfers_usage,Stripe,59.5,transfer
au,15/01/2023,Stripe_transfers_usage,Stripe,99.01,transfer
au,15/01/2023,Stripe_transfers_usage,Stripe,146.06,transfer
au,15/01/2023,Stripe_transfers_usage,Stripe,68.76,transfer
au,15/01/2023,Stripe_transfers_usage,Stripe,109.67,transfer
au,15/01/2023,Stripe_transfers_usage,Stripe,264.96,transfer
au,15/01/2023,Stripe_transfers_usage,Stripe,178.0,transfer
au,15/01/2023,Stripe_transfers_usage,Stripe,56.37,transfer
au,15/01/2023,Stripe_transfers_usage,Stripe,53.81,transfer
au,15/01/2023,Stripe_transfers_usage,Stripe,-264.96,transfer
au,14/01/2023,Stripe_transfers_usage,Stripe,640.62,transfer
au,14/01/2023,Stripe_transfers_usage,Stripe,81.48,transfer
au,14/01/2023,Stripe_transfers_usage,Stripe,205.0,transfer
au,14/01/2023,Stripe_transfers_usage,Stripe,65.6,transfer
au,14/01/2023,Stripe_transfers_usage,Stripe,29.74,transfer
au,14/01/2023,Stripe_transfers_usage,Stripe,461.25,transfer
au,14/01/2023,Stripe_transfers_usage,Stripe,-461.25,transfer
au,14/01/2023,Stripe_transfers_usage,Stripe,-65.6,transfer
au,14/01/2023,Stripe_transfers_usage,Stripe,-81.48,transfer
au,13/01/2023,Stripe_transfers_usage,Stripe,193.21,transfer
au,13/01/2023,Stripe_transfers_usage,Stripe,179.37,transfer
au,13/01/2023,Stripe_transfers_usage,Stripe,29.74,transfer
au,13/01/2023,Stripe_transfers_usage,Stripe,99.01,transfer
au,13/01/2023,Stripe_transfers_usage,Stripe,246.0,transfer
au,13/01/2023,Stripe_transfers_usage,Stripe,-246.0,transfer
au,12/01/2023,Stripe_transfers_usage,Stripe,352.08,transfer
au,12/01/2023,Stripe_transfers_usage,Stripe,112.75,transfer
au,12/01/2023,Stripe_transfers_usage,Stripe,340.81,transfer
au,12/01/2023,Stripe_transfers_usage,Stripe,435.62,transfer
au,12/01/2023,Stripe_transfers_usage,Stripe,243.95,transfer
au,12/01/2023,Stripe_transfers_usage,Stripe,460.22,transfer
au,12/01/2023,Stripe_transfers_usage,Stripe,246.0,transfer
au,12/01/2023,Stripe_transfers_usage,Stripe,392.06,transfer
au,12/01/2023,Stripe_transfers_usage,Stripe,53.81,transfer
au,12/01/2023,Stripe_transfers_usage,Stripe,49.72,transfer
au,12/01/2023,Stripe_transfers_usage,Stripe,97.88,transfer
au,12/01/2023,Stripe_transfers_usage,Stripe,500.0,transfer
au,12/01/2023,Stripe_transfers_usage,Stripe,49.5,transfer
au,12/01/2023,Stripe_transfers_usage,Stripe,320.31,transfer
au,12/01/2023,Stripe_transfers_usage,Stripe,-243.95,transfer
au,12/01/2023,Stripe_transfers_usage,Stripe,-460.22,transfer
au,11/01/2023,Stripe_transfers_usage,Stripe,30.0,transfer
au,11/01/2023,Stripe_transfers_usage,Stripe,245.77,transfer
au,11/01/2023,Stripe_transfers_usage,Stripe,313.9,transfer
au,11/01/2023,Stripe_transfers_usage,Stripe,247.0,transfer
au,11/01/2023,Stripe_transfers_usage,Stripe,230.44,transfer
au,11/01/2023,Stripe_transfers_usage,Stripe,96.35,transfer
au,11/01/2023,Stripe_transfers_usage,Stripe,178.11,transfer
au,11/01/2023,Stripe_transfers_usage,Stripe,51.3,transfer
au,11/01/2023,Stripe_transfers_usage,Stripe,301.13,transfer
au,11/01/2023,Stripe_transfers_usage,Stripe,53.81,transfer
au,11/01/2023,Stripe_transfers_usage,Stripe,230.62,transfer
au,11/01/2023,Stripe_transfers_usage,Stripe,129.87,transfer
au,11/01/2023,Stripe_transfers_usage,Stripe,152.72,transfer
au,11/01/2023,Stripe_transfers_usage,Stripe,742.1,transfer
au,11/01/2023,Stripe_transfers_usage,Stripe,115.82,transfer
au,11/01/2023,Stripe_transfers_usage,Stripe,41.12,transfer
au,11/01/2023,Stripe_transfers_usage,Stripe,60.04,transfer
au,11/01/2023,Stripe_transfers_usage,Stripe,49.5,transfer
au,11/01/2023,Stripe_transfers_usage,Stripe,290.58,transfer
au,11/01/2023,Stripe_transfers_usage,Stripe,-76.0,transfer
au,11/01/2023,Stripe_transfers_usage,Stripe,-313.9,transfer
au,10/01/2023,Stripe_transfers_usage,Stripe,78.0,transfer
au,10/01/2023,Stripe_transfers_usage,Stripe,121.71,transfer
au,10/01/2023,Stripe_transfers_usage,Stripe,195.77,transfer
au,10/01/2023,Stripe_transfers_usage,Stripe,93.27,transfer
au,10/01/2023,Stripe_transfers_usage,Stripe,195.26,transfer
au,10/01/2023,Stripe_transfers_usage,Stripe,117.87,transfer
au,10/01/2023,Stripe_transfers_usage,Stripe,43.6,transfer
au,10/01/2023,Stripe_transfers_usage,Stripe,12.04,transfer
au,10/01/2023,Stripe_transfers_usage,Stripe,51.23,transfer
au,10/01/2023,Stripe_transfers_usage,Stripe,49.5,transfer
au,10/01/2023,Stripe_transfers_usage,Stripe,584.25,transfer
au,10/01/2023,Stripe_transfers_usage,Stripe,128.12,transfer
au,10/01/2023,Stripe_transfers_usage,Stripe,130.97,transfer
au,10/01/2023,Stripe_transfers_usage,Stripe,-128.12,transfer
au,10/01/2023,Stripe_transfers_usage,Stripe,-584.25,transfer
au,09/01/2023,Stripe_transfers_usage,Stripe,38.29,transfer
au,09/01/2023,Stripe_transfers_usage,Stripe,178.11,transfer
au,09/01/2023,Stripe_transfers_usage,Stripe,128.12,transfer
au,09/01/2023,Stripe_transfers_usage,Stripe,49.5,transfer
au,09/01/2023,Stripe_transfers_usage,Stripe,108.9,transfer
au,09/01/2023,Stripe_transfers_usage,Stripe,85.07,transfer
au,09/01/2023,Stripe_transfers_usage,Stripe,96.35,transfer
au,09/01/2023,Stripe_transfers_usage,Stripe,190.65,transfer
au,09/01/2023,Stripe_transfers_usage,Stripe,58.93,transfer
au,08/01/2023,Stripe_transfers_usage,Stripe,113.77,transfer
au,08/01/2023,Stripe_transfers_usage,Stripe,49.5,transfer
au,08/01/2023,Stripe_transfers_usage,Stripe,492.5,transfer
au,08/01/2023,Stripe_transfers_usage,Stripe,47.66,transfer
au,08/01/2023,Stripe_transfers_usage,Stripe,58.93,transfer
au,08/01/2023,Stripe_transfers_usage,Stripe,134.16,transfer
au,08/01/2023,Stripe_transfers_usage,Stripe,80.32,transfer
au,08/01/2023,Stripe_transfers_usage,Stripe,293.66,transfer
au,08/01/2023,Stripe_transfers_usage,Stripe,190.65,transfer
au,08/01/2023,Stripe_transfers_usage,Stripe,-190.65,transfer
au,08/01/2023,Stripe_transfers_usage,Stripe,-83.01,transfer
au,08/01/2023,Stripe_transfers_usage,Stripe,-492.5,transfer
au,07/01/2023,Stripe_transfers_usage,Stripe,139.91,transfer
au,07/01/2023,Stripe_transfers_usage,Stripe,51.3,transfer
au,07/01/2023,Stripe_transfers_usage,Stripe,211.4,transfer
au,07/01/2023,Stripe_transfers_usage,Stripe,83.01,transfer
au,07/01/2023,Stripe_transfers_usage,Stripe,47.66,transfer
au,07/01/2023,Stripe_transfers_usage,Stripe,64.06,transfer
au,07/01/2023,Stripe_transfers_usage,Stripe,41.72,transfer
au,07/01/2023,Stripe_transfers_usage,Stripe,-211.4,transfer
au,06/01/2023,Stripe_transfers_usage,Stripe,128.24,transfer
au,06/01/2023,Stripe_transfers_usage,Stripe,47.66,transfer
au,06/01/2023,Stripe_transfers_usage,Stripe,381.67,transfer
au,06/01/2023,Stripe_transfers_usage,Stripe,160.92,transfer
au,06/01/2023,Stripe_transfers_usage,Stripe,294.68,transfer
au,05/01/2023,Stripe_transfers_usage,Stripe,47.66,transfer
au,05/01/2023,Stripe_transfers_usage,Stripe,69.18,transfer
au,05/01/2023,Stripe_transfers_usage,Stripe,123.0,transfer
au,05/01/2023,Stripe_transfers_usage,Stripe,772.33,transfer
au,05/01/2023,Stripe_transfers_usage,Stripe,293.66,transfer
au,04/01/2023,Stripe_transfers_usage,Stripe,148.52,transfer
au,04/01/2023,Stripe_transfers_usage,Stripe,203.56,transfer
au,04/01/2023,Stripe_transfers_usage,Stripe,168.6,transfer
au,04/01/2023,Stripe_transfers_usage,Stripe,4.76,transfer
au,04/01/2023,Stripe_transfers_usage,Stripe,48.17,transfer
au,04/01/2023,Stripe_transfers_usage,Stripe,175.55,transfer
au,04/01/2023,Stripe_transfers_usage,Stripe,58.93,transfer
au,04/01/2023,Stripe_transfers_usage,Stripe,55.0,transfer
au,04/01/2023,Stripe_transfers_usage,Stripe,-168.6,transfer
au,04/01/2023,Stripe_transfers_usage,Stripe,-20.88,transfer
au,03/01/2023,Stripe_transfers_usage,Stripe,470.98,transfer
au,03/01/2023,Stripe_transfers_usage,Stripe,70.72,transfer
au,03/01/2023,Stripe_transfers_usage,Stripe,95.32,transfer
au,03/01/2023,Stripe_transfers_usage,Stripe,77.38,transfer
au,03/01/2023,Stripe_transfers_usage,Stripe,329.02,transfer
au,03/01/2023,Stripe_transfers_usage,Stripe,-1127.0,transfer
au,02/01/2023,Stripe_transfers_usage,Stripe,225.4,transfer
au,02/01/2023,Stripe_transfers_usage,Stripe,25.2,transfer
au,02/01/2023,Stripe_transfers_usage,Stripe,47.66,transfer
au,02/01/2023,Stripe_transfers_usage,Stripe,65.08,transfer
au,02/01/2023,Stripe_transfers_usage,Stripe,117.87,transfer
au,02/01/2023,Stripe_transfers_usage,Stripe,33.6,transfer
au,02/01/2023,Stripe_transfers_usage,Stripe,42.0,transfer
au,02/01/2023,Stripe_transfers_usage,Stripe,82.51,transfer
au,02/01/2023,Stripe_transfers_usage,Stripe,169.12,transfer
au,02/01/2023,Stripe_transfers_usage,Stripe,30.0,transfer
au,02/01/2023,Stripe_transfers_usage,Stripe,32.27,transfer
au,02/01/2023,Stripe_transfers_usage,Stripe,1460.62,transfer
au,02/01/2023,Stripe_transfers_usage,Stripe,264.8,transfer
au,02/01/2023,Stripe_transfers_usage,Stripe,60.48,transfer
au,02/01/2023,Stripe_transfers_usage,Stripe,324.0,transfer
au,02/01/2023,Stripe_transfers_usage,Stripe,80.92,transfer
au,02/01/2023,Stripe_transfers_usage,Stripe,450.08,transfer
au,02/01/2023,Stripe_transfers_usage,Stripe,21.56,transfer
au,02/01/2023,Stripe_transfers_usage,Stripe,178.11,transfer
au,02/01/2023,Stripe_transfers_usage,Stripe,156.6,transfer
au,02/01/2023,Stripe_transfers_usage,Stripe,-185.52,transfer
au,02/01/2023,Stripe_transfers_usage,Stripe,-58.93,transfer
au,01/01/2023,Stripe_transfers_usage,Stripe,20.88,transfer
au,01/01/2023,Stripe_transfers_usage,Stripe,107.62,transfer
au,01/01/2023,Stripe_transfers_usage,Stripe,58.93,transfer
au,31/12/2023,Stripe fees,Stripe,1312.76,transfer
au,31/10/2023,Stripe fees,Stripe,1112.64,transfer
au,30/09/2023,Stripe fees,Stripe,1000.14,transfer
au,31/08/2023,Stripe fees,Stripe,1659.32,transfer
au,31/07/2023,Stripe fees,Stripe,1645.75,transfer
au,30/06/2023,Stripe fees,Stripe,1653.05,transfer
au,31/05/2023,Stripe fees,Stripe,1317.68,transfer
au,30/04/2023,Stripe fees,Stripe,1562.6,transfer
au,31/03/2023,Stripe fees,Stripe,1573.61,transfer
au,28/02/2023,Stripe fees,Stripe,1681.05,transfer
au,28/02/2023,Stripe fees,Stripe,0.0,transfer
au,31/01/2023,Stripe fees,Stripe,1260.37,transfer
au,31/01/2023,Stripe fees,Stripe,0.0,transfer
au,28/02/2023,Stripe Fees (deleted),Stripe,0.0,transfer
au,31/12/2023,Stripe monthly,Stripe,357.39,transfer
au,31/10/2023,Stripe monthly,Stripe,324.43,transfer
au,30/09/2023,Stripe monthly,Stripe,405.89,transfer
au,31/08/2023,Stripe monthly,Stripe,593.84,transfer
au,31/07/2023,Stripe monthly,Stripe,622.6,transfer
au,30/06/2023,Stripe monthly,Stripe,671.15,transfer
au,31/05/2023,Stripe monthly,Stripe,658.64,transfer
au,30/04/2023,Stripe monthly,Stripe,692.99,transfer
au,31/03/2023,Stripe monthly,Stripe,666.96,transfer
au,28/02/2023,Stripe monthly,Stripe,0.0,transfer
au,31/01/2023,Stripe monthly,Stripe,0.0,transfer
au,21/12/2023,Bank charges and fees,1102 Wise AU,0.57,transfer
au,19/12/2023,Bank charges and fees,1102 Wise AU,0.57,transfer
au,21/11/2023,Bank charges and fees,1102 Wise AU,0.57,transfer
au,15/11/2023,Bank charges and fees,1102 Wise AU,0.57,transfer
au,26/10/2023,Bank charges and fees,1102 Wise AU,0.57,transfer
au,20/10/2023,Bank charges and fees,1102 Wise AU,0.57,transfer
au,19/10/2023,Bank charges and fees,1102 Wise AU,0.57,transfer
au,22/09/2023,Bank charges and fees,1102 Wise AU,0.57,transfer
au,13/09/2023,Bank charges and fees,1102 Wise AU,0.57,transfer
au,11/09/2023,Bank charges and fees,1102 Wise AU,0.57,transfer
au,24/07/2023,Bank charges and fees,1102 Wise AU,0.57,transfer
au,15/07/2023,Bank charges and fees,1102 Wise AU,0.57,transfer
au,12/06/2023,Bank charges and fees,1102 Wise AU,0.57,transfer
au,12/01/2023,Bank charges and fees,1102 Wise AU,0.57,transfer
au,31/03/2026,Bank Fees,1101 Savings (7311),9.34,transfer
au,31/03/2026,Bank Fees,1101 Savings (7311),1.99,transfer
au,30/03/2026,Bank Fees,1102 Wise AU,0.21,transfer
au,30/03/2026,Bank Fees,1102 Wise AU,0.1,transfer
au,29/03/2026,Bank Fees,1102 Wise AU,0.09,transfer
au,28/03/2026,Bank Fees,1102 Wise AU,0.04,transfer
au,28/03/2026,Bank Fees,1102 Wise AU,0.09,transfer
au,28/03/2026,Bank Fees,1102 Wise AU,0.01,transfer
au,27/03/2026,Bank Fees,1102 Wise AU,0.79,transfer
au,27/03/2026,Bank Fees,1102 Wise AU,24.88,transfer
au,27/03/2026,Bank Fees,1102 Wise AU,23.14,transfer
au,27/03/2026,Bank Fees,1102 Wise AU,11.68,transfer
au,27/03/2026,Bank Fees,1102 Wise AU,10.78,transfer
au,27/03/2026,Bank Fees,1102 Wise AU,17.57,transfer
au,27/03/2026,Bank Fees,1102 Wise AU,9.68,transfer
au,27/03/2026,Bank Fees,1102 Wise AU,3.91,transfer
au,27/03/2026,Bank Fees,1102 Wise AU,3.41,transfer
au,27/03/2026,Bank Fees,1102 Wise AU,14.55,transfer
au,27/03/2026,Bank Fees,1102 Wise AU,29.45,transfer
au,27/03/2026,Bank Fees,1102 Wise AU,9.42,transfer
au,27/03/2026,Bank Fees,1102 Wise AU,10.04,transfer
au,27/03/2026,Bank Fees,1102 Wise AU,4.15,transfer
au,27/03/2026,Bank Fees,1102 Wise AU,4.05,transfer
au,27/03/2026,Bank Fees,1102 Wise AU,3.38,transfer
au,27/03/2026,Bank Fees,1102 Wise AU,5.26,transfer
au,27/03/2026,Bank Fees,1102 Wise AU,4.15,transfer
au,27/03/2026,Bank Fees,1102 Wise AU,4.89,transfer
au,27/03/2026,Bank Fees,1102 Wise AU,4.15,transfer
au,27/03/2026,Bank Fees,1102 Wise AU,4.15,transfer
au,27/03/2026,Bank Fees,1102 Wise AU,4.15,transfer
au,27/03/2026,Bank Fees,1102 Wise AU,4.15,transfer
au,27/03/2026,Bank Fees,1102 Wise AU,4.15,transfer
au,27/03/2026,Bank Fees,1102 Wise AU,7.03,transfer
au,27/03/2026,Bank Fees,1102 Wise AU,4.15,transfer
au,27/03/2026,Bank Fees,1102 Wise AU,5.26,transfer
au,27/03/2026,Bank Fees,1102 Wise AU,4.89,transfer
au,27/03/2026,Bank Fees,1102 Wise AU,4.15,transfer
au,27/03/2026,Bank Fees,1102 Wise AU,4.15,transfer
au,27/03/2026,Bank Fees,1102 Wise AU,4.15,transfer
au,27/03/2026,Bank Fees,1102 Wise AU,4.15,transfer
au,27/03/2026,Bank Fees,1102 Wise AU,4.15,transfer
au,27/03/2026,Bank Fees,1102 Wise AU,4.15,transfer
au,27/03/2026,Bank Fees,1102 Wise AU,4.15,transfer
au,27/03/2026,Bank Fees,1102 Wise AU,4.15,transfer
au,27/03/2026,Bank Fees,1102 Wise AU,4.15,transfer
au,27/03/2026,Bank Fees,1102 Wise AU,4.15,transfer
au,27/03/2026,Bank Fees,1102 Wise AU,4.15,transfer
au,27/03/2026,Bank Fees,1102 Wise AU,4.15,transfer
au,27/03/2026,Bank Fees,1102 Wise AU,5.26,transfer
au,27/03/2026,Bank Fees,1102 Wise AU,5.62,transfer
au,27/03/2026,Bank Fees,1102 Wise AU,0.39,transfer
au,26/03/2026,Bank Fees,1102 Wise AU,0.06,transfer
au,26/03/2026,Bank Fees,1102 Wise AU,0.12,transfer
au,25/03/2026,Bank Fees,1101 Savings (7311),2.66,transfer
au,25/03/2026,Bank Fees,1102 Wise AU,0.12,transfer
au,24/03/2026,Bank Fees,1101 Savings (7311),10.12,transfer
au,24/03/2026,Bank Fees,1101 Savings (7311),0.27,transfer
au,24/03/2026,Bank Fees,1102 Wise AU,0.12,transfer
au,24/03/2026,Bank Fees,1102 Wise AU,0.12,transfer
au,24/03/2026,Bank Fees,1102 Wise AU,0.11,transfer
au,23/03/2026,Bank Fees,1102 Wise AU,50.07,transfer
au,23/03/2026,Bank Fees,1102 Wise AU,0.67,transfer
au,23/03/2026,Bank Fees,1102 Wise AU,1.41,transfer
au,23/03/2026,Bank Fees,112233 WISE AU USD,12.18,transfer
au,23/03/2026,Bank Fees,112233 WISE AU USD,7.13,transfer
au,22/03/2026,Bank Fees,1102 Wise AU,0.11,transfer
au,21/03/2026,Bank Fees,1101 Savings (7311),0.75,transfer
au,21/03/2026,Bank Fees,1102 Wise AU,0.11,transfer
au,20/03/2026,Bank Fees,1102 Wise AU,0.12,transfer
au,20/03/2026,Bank Fees,1102 Wise AU,5.62,transfer
au,20/03/2026,Bank Fees,1102 Wise AU,0.11,transfer
au,20/03/2026,Bank Fees,1102 Wise AU,11.28,transfer
au,19/03/2026,Bank Fees,1102 Wise AU,0.11,transfer
au,19/03/2026,Bank Fees,1102 Wise AU,0.11,transfer
au,18/03/2026,Bank Fees,1101 Savings (7311),3.02,transfer
au,18/03/2026,Bank Fees,1101 Savings (7311),1.0,transfer
au,18/03/2026,Bank Fees,1102 Wise AU,0.12,transfer
au,18/03/2026,Bank Fees,1102 Wise AU,2.67,transfer
au,18/03/2026,Bank Fees,1102 Wise AU,0.02,transfer
au,18/03/2026,Bank Fees,1102 Wise AU,0.12,transfer
au,18/03/2026,Bank Fees,1102 Wise AU,0.11,transfer
au,17/03/2026,Bank Fees,1101 Savings (7311),1.93,transfer
au,17/03/2026,Bank Fees,1101 Savings (7311),1.1,transfer
au,17/03/2026,Bank Fees,1101 Savings (7311),0.99,transfer
au,17/03/2026,Bank Fees,1101 Savings (7311),8.17,transfer
au,17/03/2026,Bank Fees,1102 Wise AU,0.12,transfer
au,17/03/2026,Bank Fees,1102 Wise AU,0.11,transfer
au,17/03/2026,Bank Fees,1102 Wise AU,0.11,transfer
au,17/03/2026,Bank Fees,1102 Wise AU,0.11,transfer
au,17/03/2026,Bank Fees,1102 Wise AU,0.11,transfer
au,16/03/2026,Bank Fees,1102 Wise AU,0.11,transfer
au,16/03/2026,Bank Fees,1102 Wise AU,5.61,transfer
au,16/03/2026,Bank Fees,1102 Wise AU,4.75,transfer
au,16/03/2026,Bank Fees,1102 Wise AU,4.75,transfer
au,16/03/2026,Bank Fees,1102 Wise AU,4.75,transfer
au,16/03/2026,Bank Fees,1102 Wise AU,4.75,transfer
au,16/03/2026,Bank Fees,1102 Wise AU,4.75,transfer
au,16/03/2026,Bank Fees,1102 Wise AU,4.75,transfer
au,16/03/2026,Bank Fees,1102 Wise AU,4.75,transfer
au,16/03/2026,Bank Fees,1102 Wise AU,4.75,transfer
au,16/03/2026,Bank Fees,1102 Wise AU,4.75,transfer
au,16/03/2026,Bank Fees,1102 Wise AU,4.75,transfer
au,16/03/2026,Bank Fees,1102 Wise AU,3.18,transfer
au,16/03/2026,Bank Fees,1102 Wise AU,5.36,transfer
au,16/03/2026,Bank Fees,1102 Wise AU,0.11,transfer
au,16/03/2026,Bank Fees,1102 Wise AU,4.75,transfer
au,16/03/2026,Bank Fees,1102 Wise AU,4.75,transfer
au,15/03/2026,Bank Fees,1102 Wise AU,0.25,transfer
au,15/03/2026,Bank Fees,1102 Wise AU,0.12,transfer
au,15/03/2026,Bank Fees,1102 Wise AU,0.12,transfer
au,14/03/2026,Bank Fees,1101 Savings (7311),47.84,transfer
au,14/03/2026,Bank Fees,1101 Savings (7311),1.24,transfer
au,14/03/2026,Bank Fees,1102 Wise AU,0.1,transfer
au,14/03/2026,Bank Fees,1102 Wise AU,0.13,transfer
au,14/03/2026,Bank Fees,1102 Wise AU,0.12,transfer
au,14/03/2026,Bank Fees,1102 Wise AU,0.12,transfer
au,14/03/2026,Bank Fees,1102 Wise AU,0.12,transfer
au,14/03/2026,Bank Fees,1102 Wise AU,0.12,transfer
au,14/03/2026,Bank Fees,1102 Wise AU,0.2,transfer
au,14/03/2026,Bank Fees,1102 Wise AU,0.12,transfer
au,13/03/2026,Bank Fees,1102 Wise AU,0.12,transfer
au,13/03/2026,Bank Fees,1102 Wise AU,0.11,transfer
au,13/03/2026,Bank Fees,1102 Wise AU,0.11,transfer
au,13/03/2026,Bank Fees,1102 Wise AU,1.19,transfer
au,12/03/2026,Bank Fees,1102 Wise AU,0.12,transfer
au,12/03/2026,Bank Fees,1102 Wise AU,1.41,transfer
au,12/03/2026,Bank Fees,1102 Wise AU,0.12,transfer
au,12/03/2026,Bank Fees,1102 Wise AU,0.11,transfer
au,11/03/2026,Bank Fees,1102 Wise AU,0.28,transfer
au,11/03/2026,Bank Fees,1102 Wise AU,0.11,transfer
au,11/03/2026,Bank Fees,1102 Wise AU,0.11,transfer
au,10/03/2026,Bank Fees,1101 Savings (7311),1.1,transfer
au,10/03/2026,Bank Fees,1102 Wise AU,0.12,transfer
au,10/03/2026,Bank Fees,1102 Wise AU,0.11,transfer
au,10/03/2026,Bank Fees,1102 Wise AU,0.11,transfer
au,09/03/2026,Bank Fees,1102 Wise AU,15.24,transfer
au,09/03/2026,Bank Fees,1102 Wise AU,0.12,transfer
au,09/03/2026,Bank Fees,1102 Wise AU,0.11,transfer
au,08/03/2026,Bank Fees,1102 Wise AU,0.11,transfer
au,07/03/2026,Bank Fees,1101 Savings (7311),1.21,transfer
au,07/03/2026,Bank Fees,1101 Savings (7311),3.27,transfer
au,07/03/2026,Bank Fees,1102 Wise AU,0.12,transfer
au,07/03/2026,Bank Fees,1102 Wise AU,0.16,transfer
au,07/03/2026,Bank Fees,1102 Wise AU,0.11,transfer
au,07/03/2026,Bank Fees,1102 Wise AU,1.31,transfer
au,06/03/2026,Bank Fees,1102 Wise AU,0.11,transfer
au,06/03/2026,Bank Fees,1102 Wise AU,0.12,transfer
au,06/03/2026,Bank Fees,1102 Wise AU,6.0,transfer
au,05/03/2026,Bank Fees,1102 Wise AU,0.11,transfer
au,05/03/2026,Bank Fees,1102 Wise AU,0.11,transfer
au,05/03/2026,Bank Fees,1102 Wise AU,1.19,transfer
au,04/03/2026,Bank Fees,1102 Wise AU,0.11,transfer
au,04/03/2026,Bank Fees,1102 Wise AU,0.11,transfer
au,04/03/2026,Bank Fees,1102 Wise AU,0.12,transfer
au,04/03/2026,Bank Fees,1102 Wise AU,0.11,transfer
au,03/03/2026,Bank Fees,1101 Savings (7311),1.93,transfer
au,03/03/2026,Bank Fees,1101 Savings (7311),3.71,transfer
au,03/03/2026,Bank Fees,1101 Savings (7311),0.39,transfer
au,03/03/2026,Bank Fees,1101 Savings (7311),10.34,transfer
au,03/03/2026,Bank Fees,1102 Wise AU,0.12,transfer
au,03/03/2026,Bank Fees,1102 Wise AU,4.4,transfer
au,03/03/2026,Bank Fees,1102 Wise AU,0.11,transfer
au,03/03/2026,Bank Fees,1102 Wise AU,0.12,transfer
au,03/03/2026,Bank Fees,1102 Wise AU,0.11,transfer
au,03/03/2026,Bank Fees,1102 Wise AU,1.11,transfer
au,02/03/2026,Bank Fees,1102 Wise AU,0.11,transfer
au,02/03/2026,Bank Fees,1102 Wise AU,0.08,transfer
au,01/03/2026,Bank Fees,1102 Wise AU,1.16,transfer
au,01/03/2026,Bank Fees,1102 Wise AU,0.11,transfer
au,01/03/2026,Bank Fees,1102 Wise AU,0.01,transfer
au,01/03/2026,Bank Fees,1102 Wise AU,0.11,transfer
au,01/03/2026,Bank Fees,1102 Wise AU,0.05,transfer
au,01/03/2026,Bank Fees,1102 Wise AU,0.05,transfer
au,01/03/2026,Bank Fees,1102 Wise AU,2.98,transfer
au,28/02/2026,Bank Fees,1101 Savings (7311),13.01,transfer
au,28/02/2026,Bank Fees,1102 Wise AU,0.09,transfer
au,28/02/2026,Bank Fees,1102 Wise AU,0.08,transfer
au,28/02/2026,Bank Fees,1102 Wise AU,0.1,transfer
au,27/02/2026,Bank Fees,1102 Wise AU,0.09,transfer
au,27/02/2026,Bank Fees,1102 Wise AU,9.8,transfer
au,27/02/2026,Bank Fees,1102 Wise AU,4.07,transfer
au,27/02/2026,Bank Fees,1102 Wise AU,3.99,transfer
au,27/02/2026,Bank Fees,1102 Wise AU,4.07,transfer
au,27/02/2026,Bank Fees,1102 Wise AU,5.15,transfer
au,27/02/2026,Bank Fees,1102 Wise AU,4.07,transfer
au,27/02/2026,Bank Fees,1102 Wise AU,3.5,transfer
au,27/02/2026,Bank Fees,1102 Wise AU,4.07,transfer
au,27/02/2026,Bank Fees,1102 Wise AU,6.22,transfer
au,27/02/2026,Bank Fees,1102 Wise AU,4.07,transfer
au,27/02/2026,Bank Fees,1102 Wise AU,4.07,transfer
au,27/02/2026,Bank Fees,1102 Wise AU,4.07,transfer
au,27/02/2026,Bank Fees,1102 Wise AU,4.07,transfer
au,27/02/2026,Bank Fees,1102 Wise AU,6.86,transfer
au,27/02/2026,Bank Fees,1102 Wise AU,4.07,transfer
au,27/02/2026,Bank Fees,1102 Wise AU,4.4,transfer
au,27/02/2026,Bank Fees,1102 Wise AU,5.15,transfer
au,27/02/2026,Bank Fees,1102 Wise AU,4.07,transfer
au,27/02/2026,Bank Fees,1102 Wise AU,4.79,transfer
au,27/02/2026,Bank Fees,1102 Wise AU,4.07,transfer
au,27/02/2026,Bank Fees,1102 Wise AU,3.0,transfer
au,27/02/2026,Bank Fees,1102 Wise AU,4.07,transfer
au,27/02/2026,Bank Fees,1102 Wise AU,4.07,transfer
au,27/02/2026,Bank Fees,1102 Wise AU,4.07,transfer
au,27/02/2026,Bank Fees,1102 Wise AU,4.07,transfer
au,27/02/2026,Bank Fees,1102 Wise AU,4.07,transfer
au,27/02/2026,Bank Fees,1102 Wise AU,4.07,transfer
au,27/02/2026,Bank Fees,1102 Wise AU,4.07,transfer
au,27/02/2026,Bank Fees,1102 Wise AU,4.07,transfer
au,27/02/2026,Bank Fees,1102 Wise AU,4.07,transfer
au,27/02/2026,Bank Fees,1102 Wise AU,4.07,transfer
au,27/02/2026,Bank Fees,1102 Wise AU,4.07,transfer
au,27/02/2026,Bank Fees,1102 Wise AU,4.07,transfer
au,27/02/2026,Bank Fees,1102 Wise AU,4.07,transfer
au,27/02/2026,Bank Fees,1102 Wise AU,5.15,transfer
au,27/02/2026,Bank Fees,1102 Wise AU,14.62,transfer
au,27/02/2026,Bank Fees,1102 Wise AU,1.92,transfer
au,27/02/2026,Bank Fees,1102 Wise AU,32.14,transfer
au,27/02/2026,Bank Fees,1102 Wise AU,16.7,transfer
au,27/02/2026,Bank Fees,1102 Wise AU,16.28,transfer
au,27/02/2026,Bank Fees,1102 Wise AU,9.07,transfer
au,27/02/2026,Bank Fees,1102 Wise AU,3.66,transfer
au,27/02/2026,Bank Fees,1102 Wise AU,3.42,transfer
au,27/02/2026,Bank Fees,1102 Wise AU,0.08,transfer
au,27/02/2026,Bank Fees,1102 Wise AU,0.09,transfer
au,26/02/2026,Bank Fees,1102 Wise AU,0.07,transfer
au,26/02/2026,Bank Fees,1102 Wise AU,0.09,transfer
au,26/02/2026,Bank Fees,1102 Wise AU,0.09,transfer
au,26/02/2026,Bank Fees,1102 Wise AU,0.09,transfer
au,26/02/2026,Bank Fees,1102 Wise AU,0.08,transfer
au,26/02/2026,Bank Fees,1102 Wise AU,0.14,transfer
au,26/02/2026,Bank Fees,1102 Wise AU,0.08,transfer
au,26/02/2026,Bank Fees,1102 Wise AU,0.09,transfer
au,25/02/2026,Bank Fees,1101 Savings (7311),2.65,transfer
au,24/02/2026,Bank Fees,1101 Savings (7311),0.27,transfer
au,21/02/2026,Bank Fees,1101 Savings (7311),0.75,transfer
au,20/02/2026,Bank Fees,1101 Savings (7311),0.11,transfer
au,20/02/2026,Bank Fees,1102 Wise AU,0.14,transfer
au,20/02/2026,Bank Fees,1102 Wise AU,0.14,transfer
au,20/02/2026,Bank Fees,1102 Wise AU,41.6,transfer
au,20/02/2026,Bank Fees,1102 Wise AU,37.41,transfer
au,20/02/2026,Bank Fees,112233 WISE AU USD,12.15,transfer
au,19/02/2026,Bank Fees,1101 Savings (7311),0.08,transfer
au,19/02/2026,Bank Fees,1101 Savings (7311),0.11,transfer
au,19/02/2026,Bank Fees,1102 Wise AU,0.14,transfer
au,19/02/2026,Bank Fees,1102 Wise AU,0.14,transfer
au,18/02/2026,Bank Fees,1101 Savings (7311),0.11,transfer
au,18/02/2026,Bank Fees,1101 Savings (7311),0.99,transfer
au,18/02/2026,Bank Fees,1101 Savings (7311),0.06,transfer
au,18/02/2026,Bank Fees,1101 Savings (7311),0.04,transfer
au,17/02/2026,Bank Fees,1101 Savings (7311),8.9,transfer
au,17/02/2026,Bank Fees,1101 Savings (7311),1.04,transfer
au,17/02/2026,Bank Fees,1101 Savings (7311),1.93,transfer
au,17/02/2026,Bank Fees,1101 Savings (7311),1.09,transfer
au,17/02/2026,Bank Fees,1101 Savings (7311),0.99,transfer
au,16/02/2026,Bank Fees,1102 Wise AU,4.69,transfer
au,15/02/2026,Bank Fees,1102 Wise AU,0.24,transfer
au,14/02/2026,Bank Fees,1101 Savings (7311),0.06,transfer
au,14/02/2026,Bank Fees,1101 Savings (7311),1.24,transfer
au,14/02/2026,Bank Fees,1101 Savings (7311),0.2,transfer
au,14/02/2026,Bank Fees,1102 Wise AU,1.03,transfer
au,13/02/2026,Bank Fees,1102 Wise AU,1.39,transfer
au,11/02/2026,Bank Fees,1101 Savings (7311),0.06,transfer
au,11/02/2026,Bank Fees,1101 Savings (7311),0.11,transfer
au,11/02/2026,Bank Fees,1102 Wise AU,23.72,transfer
au,10/02/2026,Bank Fees,1101 Savings (7311),1.11,transfer
au,10/02/2026,Bank Fees,1101 Savings (7311),0.06,transfer
au,10/02/2026,Bank Fees,1102 Wise AU,0.11,transfer
au,10/02/2026,Bank Fees,1102 Wise AU,56.2,transfer
au,10/02/2026,Bank Fees,1102 Wise AU,31.21,transfer
au,10/02/2026,Bank Fees,1102 Wise AU,3.77,transfer
au,10/02/2026,Bank Fees,1102 Wise AU,0.99,transfer
au,07/02/2026,Bank Fees,1101 Savings (7311),0.06,transfer
au,07/02/2026,Bank Fees,1101 Savings (7311),1.21,transfer
au,06/02/2026,Bank Fees,1101 Savings (7311),3.28,transfer
au,06/02/2026,Bank Fees,1102 Wise AU,40.66,transfer
au,05/02/2026,Bank Fees,1102 Wise AU,1.78,transfer
au,05/02/2026,Bank Fees,1102 Wise AU,10.05,transfer
au,05/02/2026,Bank Fees,1102 Wise AU,3.06,transfer
au,03/02/2026,Bank Fees,1101 Savings (7311),0.4,transfer
au,03/02/2026,Bank Fees,1101 Savings (7311),3.77,transfer
au,03/02/2026,Bank Fees,1102 Wise AU,2.29,transfer
au,02/02/2026,Bank Fees,1102 Wise AU,0.91,transfer
au,30/01/2026,Bank Fees,1102 Wise AU,-4.58,transfer
au,30/01/2026,Bank Fees,1102 Wise AU,4.58,transfer
au,30/01/2026,Bank Fees,1102 Wise AU,5.06,transfer
au,30/01/2026,Bank Fees,1102 Wise AU,5.15,transfer
au,30/01/2026,Bank Fees,1101 Savings (7311),10.62,transfer
au,30/01/2026,Bank Fees,1101 Savings (7311),1.98,transfer
au,29/01/2026,Bank Fees,1102 Wise AU,0.01,transfer
au,29/01/2026,Bank Fees,1102 Wise AU,0.05,transfer
au,29/01/2026,Bank Fees,1101 Savings (7311),48.67,transfer
au,28/01/2026,Bank Fees,1102 Wise AU,22.67,transfer
au,28/01/2026,Bank Fees,1102 Wise AU,21.48,transfer
au,28/01/2026,Bank Fees,1102 Wise AU,11.89,transfer
au,28/01/2026,Bank Fees,1102 Wise AU,9.62,transfer
au,28/01/2026,Bank Fees,1102 Wise AU,10.03,transfer
au,28/01/2026,Bank Fees,1102 Wise AU,16.5,transfer
au,28/01/2026,Bank Fees,1102 Wise AU,11.27,transfer
au,28/01/2026,Bank Fees,1102 Wise AU,9.19,transfer
au,28/01/2026,Bank Fees,1102 Wise AU,14.96,transfer
au,28/01/2026,Bank Fees,1102 Wise AU,2.86,transfer
au,28/01/2026,Bank Fees,1102 Wise AU,32.79,transfer
au,28/01/2026,Bank Fees,1102 Wise AU,3.47,transfer
au,28/01/2026,Bank Fees,1102 Wise AU,17.04,transfer
au,28/01/2026,Bank Fees,1102 Wise AU,0.02,transfer
au,28/01/2026,Bank Fees,1101 Savings (7311),2.91,transfer
au,27/01/2026,Bank Fees,1102 Wise AU,0.02,transfer
au,27/01/2026,Bank Fees,1102 Wise AU,9.99,transfer
au,27/01/2026,Bank Fees,1102 Wise AU,4.14,transfer
au,27/01/2026,Bank Fees,1102 Wise AU,4.04,transfer
au,27/01/2026,Bank Fees,1102 Wise AU,5.24,transfer
au,27/01/2026,Bank Fees,1102 Wise AU,3.56,transfer
au,27/01/2026,Bank Fees,1102 Wise AU,4.15,transfer
au,27/01/2026,Bank Fees,1102 Wise AU,6.33,transfer
au,27/01/2026,Bank Fees,1102 Wise AU,6.99,transfer
au,27/01/2026,Bank Fees,1102 Wise AU,4.48,transfer
au,27/01/2026,Bank Fees,1102 Wise AU,4.87,transfer
au,27/01/2026,Bank Fees,1102 Wise AU,3.04,transfer
au,27/01/2026,Bank Fees,1102 Wise AU,8.53,transfer
au,27/01/2026,Bank Fees,1102 Wise AU,7.2,transfer
au,27/01/2026,Bank Fees,1102 Wise AU,3.38,transfer
au,27/01/2026,Bank Fees,1102 Wise AU,3.74,transfer
au,27/01/2026,Bank Fees,1102 Wise AU,4.22,transfer
au,27/01/2026,Bank Fees,1102 Wise AU,0.58,transfer
au,26/01/2026,Bank Fees,1102 Wise AU,0.01,transfer
au,26/01/2026,Bank Fees,1102 Wise AU,0.18,transfer
au,25/01/2026,Bank Fees,1102 Wise AU,0.01,transfer
au,25/01/2026,Bank Fees,1102 Wise AU,2.39,transfer
au,25/01/2026,Bank Fees,1102 Wise AU,0.44,transfer
au,24/01/2026,Bank Fees,1102 Wise AU,0.01,transfer
au,23/01/2026,Bank Fees,1102 Wise AU,0.01,transfer
au,22/01/2026,Bank Fees,1102 Wise AU,0.11,transfer
au,22/01/2026,Bank Fees,1102 Wise AU,0.06,transfer
au,22/01/2026,Bank Fees,1102 Wise AU,0.08,transfer
au,22/01/2026,Bank Fees,1102 Wise AU,0.51,transfer
au,22/01/2026,Bank Fees,1102 Wise AU,0.08,transfer
au,22/01/2026,Bank Fees,1101 Savings (7311),0.29,transfer
au,22/01/2026,Bank Fees,1101 Savings (7311),0.06,transfer
au,22/01/2026,Bank Fees,1101 Savings (7311),0.79,transfer
au,22/01/2026,Bank Fees,1101 Savings (7311),0.05,transfer
au,22/01/2026,Bank Fees,1102 Wise AU,16.4,transfer
au,20/01/2026,Bank Fees,1102 Wise AU,49.83,transfer
au,20/01/2026,Bank Fees,1101 Savings (7311),3.41,transfer
au,20/01/2026,Bank Fees,1101 Savings (7311),1.05,transfer
au,18/01/2026,Bank Fees,1102 Wise AU,0.04,transfer
au,16/01/2026,Bank Fees,1102 Wise AU,71.82,transfer
au,16/01/2026,Bank Fees,1101 Savings (7311),1.05,transfer
au,16/01/2026,Bank Fees,1101 Savings (7311),1.15,transfer
au,15/01/2026,Bank Fees,1102 Wise AU,90.68,transfer
au,15/01/2026,Bank Fees,1102 Wise AU,4.31,transfer
au,15/01/2026,Bank Fees,112233 WISE AU USD,11.51,transfer
au,15/01/2026,Bank Fees,112233 WISE AU USD,4.71,transfer
au,15/01/2026,Bank Fees,112233 WISE AU USD,4.6,transfer
au,15/01/2026,Bank Fees,112233 WISE AU USD,5.98,transfer
au,15/01/2026,Bank Fees,112233 WISE AU USD,4.68,transfer
au,15/01/2026,Bank Fees,112233 WISE AU USD,4.03,transfer
au,15/01/2026,Bank Fees,112233 WISE AU USD,5.08,transfer
au,15/01/2026,Bank Fees,112233 WISE AU USD,3.0,transfer
au,15/01/2026,Bank Fees,112233 WISE AU USD,4.95,transfer
au,15/01/2026,Bank Fees,112233 WISE AU USD,4.74,transfer
au,15/01/2026,Bank Fees,112233 WISE AU USD,8.03,transfer
au,15/01/2026,Bank Fees,112233 WISE AU USD,7.25,transfer
au,15/01/2026,Bank Fees,1101 Savings (7311),2.05,transfer
au,15/01/2026,Bank Fees,1101 Savings (7311),8.66,transfer
au,14/01/2026,Bank Fees,1102 Wise AU,0.2,transfer
au,14/01/2026,Bank Fees,1101 Savings (7311),0.06,transfer
au,14/01/2026,Bank Fees,1101 Savings (7311),0.12,transfer
au,14/01/2026,Bank Fees,1101 Savings (7311),1.31,transfer
au,13/01/2026,Bank Fees,1102 Wise AU,1.25,transfer
au,13/01/2026,Bank Fees,1102 Wise AU,0.12,transfer
au,13/01/2026,Bank Fees,1101 Savings (7311),0.06,transfer
au,13/01/2026,Bank Fees,1101 Savings (7311),1.25,transfer
au,10/01/2026,Bank Fees,1102 Wise AU,0.02,transfer
au,10/01/2026,Bank Fees,1102 Wise AU,0.12,transfer
au,09/01/2026,Bank Fees,1102 Wise AU,0.1,transfer
au,09/01/2026,Bank Fees,1102 Wise AU,0.52,transfer
au,08/01/2026,Bank Fees,1101 Savings (7311),3.2,transfer
au,08/01/2026,Bank Fees,1101 Savings (7311),1.05,transfer
au,07/01/2026,Bank Fees,1102 Wise AU,0.52,transfer
au,07/01/2026,Bank Fees,1101 Savings (7311),0.04,transfer
au,07/01/2026,Bank Fees,1101 Savings (7311),0.06,transfer
au,06/01/2026,Bank Fees,1101 Savings (7311),2.15,transfer
au,06/01/2026,Bank Fees,1101 Savings (7311),3.42,transfer
au,02/01/2026,Bank Fees,1102 Wise AU,0.54,transfer
au,01/01/2026,Bank Fees,1101 Savings (7311),3.93,transfer
au,01/01/2026,Bank Fees,1101 Savings (7311),0.42,transfer
au,01/01/2026,Bank Fees,1101 Savings (7311),0.12,transfer
au,31/12/2025,Bank Fees,1102 Wise AU,656.82,transfer
au,31/12/2025,Bank Fees,1101 Savings (7311),0.78,transfer
au,30/12/2025,Bank Fees,1101 Savings (7311),0.34,transfer
au,30/12/2025,Bank Fees,1101 Savings (7311),0.15,transfer
au,30/12/2025,Bank Fees,1101 Savings (7311),0.06,transfer
au,30/12/2025,Bank Fees,1101 Savings (7311),0.17,transfer
au,30/12/2025,Bank Fees,1101 Savings (7311),3.1,transfer
au,30/12/2025,Bank Fees,1101 Savings (7311),10.94,transfer
au,30/12/2025,Bank Fees,1101 Savings (7311),5.26,transfer
au,30/12/2025,Bank Fees,1101 Savings (7311),2.04,transfer
au,25/12/2025,Bank Fees,1101 Savings (7311),0.06,transfer
au,25/12/2025,Bank Fees,1101 Savings (7311),1.08,transfer
au,25/12/2025,Bank Fees,1101 Savings (7311),1.06,transfer
au,25/12/2025,Bank Fees,1101 Savings (7311),2.96,transfer
au,23/12/2025,Bank Fees,1101 Savings (7311),0.9,transfer
au,23/12/2025,Bank Fees,1101 Savings (7311),0.29,transfer
au,23/12/2025,Bank Fees,1101 Savings (7311),0.8,transfer
au,19/12/2025,Bank Fees,1101 Savings (7311),0.06,transfer
au,19/12/2025,Bank Fees,1101 Savings (7311),0.11,transfer
au,19/12/2025,Bank Fees,1101 Savings (7311),1.06,transfer
au,19/12/2025,Bank Fees,1101 Savings (7311),0.32,transfer
au,18/12/2025,Bank Fees,1101 Savings (7311),1.06,transfer
au,18/12/2025,Bank Fees,1101 Savings (7311),4.26,transfer
au,18/12/2025,Bank Fees,1101 Savings (7311),3.34,transfer
au,17/12/2025,Bank Fees,1101 Savings (7311),0.14,transfer
au,17/12/2025,Bank Fees,1101 Savings (7311),1.16,transfer
au,17/12/2025,Bank Fees,1101 Savings (7311),1.06,transfer
au,16/12/2025,Bank Fees,1101 Savings (7311),8.71,transfer
au,16/12/2025,Bank Fees,1101 Savings (7311),1.06,transfer
au,16/12/2025,Bank Fees,1101 Savings (7311),1.85,transfer
au,16/12/2025,Bank Fees,1101 Savings (7311),1.32,transfer
au,12/12/2025,Bank Fees,1101 Savings (7311),3.31,transfer
au,11/12/2025,Bank Fees,1101 Savings (7311),0.04,transfer
au,11/12/2025,Bank Fees,1101 Savings (7311),1.27,transfer
au,11/12/2025,Bank Fees,1101 Savings (7311),0.12,transfer
au,09/12/2025,Bank Fees,1101 Savings (7311),3.21,transfer
au,09/12/2025,Bank Fees,1101 Savings (7311),1.06,transfer
au,06/12/2025,Bank Fees,1101 Savings (7311),0.12,transfer
au,06/12/2025,Bank Fees,1101 Savings (7311),0.85,transfer
au,06/12/2025,Bank Fees,1101 Savings (7311),0.15,transfer
au,06/12/2025,Bank Fees,1101 Savings (7311),0.1,transfer
au,06/12/2025,Bank Fees,1101 Savings (7311),3.48,transfer
au,06/12/2025,Bank Fees,1101 Savings (7311),0.34,transfer
au,05/12/2025,Bank Fees,1101 Savings (7311),2.15,transfer
au,04/12/2025,Bank Fees,1101 Savings (7311),0.12,transfer
au,02/12/2025,Bank Fees,1101 Savings (7311),11.24,transfer
au,02/12/2025,Bank Fees,1101 Savings (7311),2.1,transfer
au,02/12/2025,Bank Fees,1101 Savings (7311),4.03,transfer
au,02/12/2025,Bank Fees,1101 Savings (7311),0.81,transfer
au,02/12/2025,Bank Fees,1101 Savings (7311),0.43,transfer
au,27/11/2025,Bank Fees,1101 Savings (7311),2.18,transfer
au,25/11/2025,Bank Fees,1101 Savings (7311),1.09,transfer
au,25/11/2025,Bank Fees,1101 Savings (7311),0.12,transfer
au,25/11/2025,Bank Fees,1101 Savings (7311),3.05,transfer
au,22/11/2025,Bank Fees,1101 Savings (7311),0.3,transfer
au,21/11/2025,Bank Fees,1101 Savings (7311),0.68,transfer
au,21/11/2025,Bank Fees,1101 Savings (7311),0.81,transfer
au,19/11/2025,Bank Fees,1101 Savings (7311),1.08,transfer
au,18/11/2025,Bank Fees,1101 Savings (7311),1.07,transfer
au,18/11/2025,Bank Fees,1101 Savings (7311),1.18,transfer
au,18/11/2025,Bank Fees,1101 Savings (7311),3.25,transfer
au,18/11/2025,Bank Fees,1101 Savings (7311),1.08,transfer
au,15/11/2025,Bank Fees,1101 Savings (7311),0.35,transfer
au,15/11/2025,Bank Fees,1101 Savings (7311),8.87,transfer
au,15/11/2025,Bank Fees,1101 Savings (7311),1.88,transfer
au,15/11/2025,Bank Fees,1101 Savings (7311),3.23,transfer
au,14/11/2025,Bank Fees,1101 Savings (7311),1.35,transfer
au,13/11/2025,Bank Fees,1101 Savings (7311),1.3,transfer
au,11/11/2025,Bank Fees,1101 Savings (7311),0.26,transfer
au,11/11/2025,Bank Fees,1101 Savings (7311),0.29,transfer
au,11/11/2025,Bank Fees,1101 Savings (7311),0.2,transfer
au,11/11/2025,Bank Fees,1101 Savings (7311),0.37,transfer
au,11/11/2025,Bank Fees,1101 Savings (7311),0.27,transfer
au,11/11/2025,Bank Fees,1101 Savings (7311),1.52,transfer
au,11/11/2025,Bank Fees,1101 Savings (7311),0.32,transfer
au,11/11/2025,Bank Fees,1101 Savings (7311),0.12,transfer
au,11/11/2025,Bank Fees,1101 Savings (7311),0.41,transfer
au,11/11/2025,Bank Fees,1101 Savings (7311),0.42,transfer
au,08/11/2025,Bank Fees,1101 Savings (7311),0.83,transfer
au,08/11/2025,Bank Fees,1101 Savings (7311),1.08,transfer
au,08/11/2025,Bank Fees,1101 Savings (7311),0.17,transfer
au,08/11/2025,Bank Fees,1101 Savings (7311),2.92,transfer
au,08/11/2025,Bank Fees,1101 Savings (7311),0.27,transfer
au,07/11/2025,Bank Fees,1101 Savings (7311),1.37,transfer
au,06/11/2025,Bank Fees,1101 Savings (7311),0.25,transfer
au,06/11/2025,Bank Fees,1101 Savings (7311),1.18,transfer
au,06/11/2025,Bank Fees,1101 Savings (7311),18.12,transfer
au,06/11/2025,Bank Fees,1101 Savings (7311),0.12,transfer
au,06/11/2025,Bank Fees,1101 Savings (7311),0.04,transfer
au,06/11/2025,Bank Fees,1101 Savings (7311),0.87,transfer
au,06/11/2025,Bank Fees,1101 Savings (7311),1.74,transfer
au,06/11/2025,Bank Fees,1101 Savings (7311),2.52,transfer
au,06/11/2025,Bank Fees,1101 Savings (7311),50.95,transfer
au,06/11/2025,Bank Fees,1101 Savings (7311),0.17,transfer
au,06/11/2025,Bank Fees,1101 Savings (7311),0.13,transfer
au,06/11/2025,Bank Fees,1101 Savings (7311),0.28,transfer
au,05/11/2025,Bank Fees,1101 Savings (7311),0.12,transfer
au,01/11/2025,Bank Fees,1101 Savings (7311),0.43,transfer
au,01/11/2025,Bank Fees,1101 Savings (7311),1.06,transfer
au,01/11/2025,Bank Fees,1101 Savings (7311),4.0,transfer
au,31/10/2025,Bank Fees,1101 Savings (7311),0.8,transfer
au,31/10/2025,Bank Fees,1101 Savings (7311),2.09,transfer
au,30/10/2025,Bank Fees,1101 Savings (7311),0.27,transfer
au,30/10/2025,Bank Fees,1101 Savings (7311),0.08,transfer
au,30/10/2025,Bank Fees,1101 Savings (7311),11.23,transfer
au,28/10/2025,Bank Fees,1101 Savings (7311),0.17,transfer
au,28/10/2025,Bank Fees,1101 Savings (7311),0.88,transfer
au,25/10/2025,Bank Fees,1101 Savings (7311),1.08,transfer
au,25/10/2025,Bank Fees,1101 Savings (7311),3.02,transfer
au,24/10/2025,Bank Fees,1101 Savings (7311),0.12,transfer
au,24/10/2025,Bank Fees,1101 Savings (7311),4.33,transfer
au,22/10/2025,Bank Fees,1101 Savings (7311),0.82,transfer
au,21/10/2025,Bank Fees,1101 Savings (7311),1.08,transfer
au,18/10/2025,Bank Fees,1101 Savings (7311),2.23,transfer
au,18/10/2025,Bank Fees,1101 Savings (7311),1.08,transfer
au,17/10/2025,Bank Fees,1101 Savings (7311),1.36,transfer
au,17/10/2025,Bank Fees,1101 Savings (7311),1.09,transfer
au,16/10/2025,Bank Fees,1101 Savings (7311),1.19,transfer
au,16/10/2025,Bank Fees,1101 Savings (7311),1.08,transfer
au,16/10/2025,Bank Fees,1101 Savings (7311),1.89,transfer
au,15/10/2025,Bank Fees,1101 Savings (7311),10.72,transfer
au,14/10/2025,Bank Fees,1101 Savings (7311),0.12,transfer
au,14/10/2025,Bank Fees,1101 Savings (7311),1.35,transfer
au,10/10/2025,Bank Fees,1101 Savings (7311),0.12,transfer
au,10/10/2025,Bank Fees,1101 Savings (7311),1.28,transfer
au,09/10/2025,Bank Fees,1101 Savings (7311),0.12,transfer
au,09/10/2025,Bank Fees,1101 Savings (7311),1.2,transfer
au,09/10/2025,Bank Fees,1101 Savings (7311),0.17,transfer
au,08/10/2025,Bank Fees,1101 Savings (7311),1.06,transfer
au,07/10/2025,Bank Fees,1101 Savings (7311),2.12,transfer
au,07/10/2025,Bank Fees,1101 Savings (7311),2.66,transfer
au,07/10/2025,Bank Fees,1101 Savings (7311),0.08,transfer
au,07/10/2025,Bank Fees,1101 Savings (7311),0.12,transfer
au,07/10/2025,Bank Fees,1101 Savings (7311),0.69,transfer
au,02/10/2025,Bank Fees,1101 Savings (7311),0.43,transfer
au,02/10/2025,Bank Fees,1101 Savings (7311),4.01,transfer
au,01/10/2025,Bank Fees,1101 Savings (7311),11.24,transfer
au,30/09/2025,Bank Fees,1101 Savings (7311),1.68,transfer
au,30/09/2025,Bank Fees,1101 Savings (7311),0.05,transfer
au,25/09/2025,Bank Fees,1101 Savings (7311),2.97,transfer
au,25/09/2025,Bank Fees,1101 Savings (7311),1.07,transfer
au,19/09/2025,Bank Fees,1101 Savings (7311),0.34,transfer
au,19/09/2025,Bank Fees,1101 Savings (7311),1.05,transfer
au,17/09/2025,Bank Fees,1101 Savings (7311),1.16,transfer
au,17/09/2025,Bank Fees,1101 Savings (7311),1.06,transfer
au,16/09/2025,Bank Fees,1101 Savings (7311),1.85,transfer
au,16/09/2025,Bank Fees,1101 Savings (7311),1.06,transfer
au,16/09/2025,Bank Fees,1101 Savings (7311),10.46,transfer
au,16/09/2025,Bank Fees,1101 Savings (7311),1.33,transfer
au,13/09/2025,Bank Fees,1101 Savings (7311),0.11,transfer
au,13/09/2025,Bank Fees,1101 Savings (7311),1.05,transfer
au,11/09/2025,Bank Fees,1101 Savings (7311),1.29,transfer
au,09/09/2025,Bank Fees,1101 Savings (7311),2.13,transfer
au,09/09/2025,Bank Fees,1101 Savings (7311),1.08,transfer
au,09/09/2025,Bank Fees,1101 Savings (7311),2.12,transfer
au,06/09/2025,Bank Fees,1101 Savings (7311),3.24,transfer
au,05/09/2025,Bank Fees,1101 Savings (7311),0.38,transfer
au,02/09/2025,Bank Fees,1101 Savings (7311),0.25,transfer
au,02/09/2025,Bank Fees,1101 Savings (7311),0.19,transfer
au,02/09/2025,Bank Fees,1101 Savings (7311),0.43,transfer
au,02/09/2025,Bank Fees,1101 Savings (7311),4.03,transfer
au,02/09/2025,Bank Fees,1101 Savings (7311),0.21,transfer
au,02/09/2025,Bank Fees,1101 Savings (7311),0.73,transfer
au,02/09/2025,Bank Fees,1101 Savings (7311),0.14,transfer
au,02/09/2025,Bank Fees,1101 Savings (7311),0.05,transfer
au,01/09/2025,Bank Fees,1101 Savings (7311),0.29,transfer
au,01/09/2025,Bank Fees,1101 Savings (7311),8.19,transfer
au,01/09/2025,Bank Fees,1101 Savings (7311),1.11,transfer
au,30/08/2025,Bank Fees,1101 Savings (7311),0.31,transfer
au,30/08/2025,Bank Fees,1101 Savings (7311),11.34,transfer
au,30/08/2025,Bank Fees,1101 Savings (7311),5.1,transfer
au,30/08/2025,Bank Fees,1101 Savings (7311),0.34,transfer
au,30/08/2025,Bank Fees,1101 Savings (7311),0.71,transfer
au,30/08/2025,Bank Fees,1101 Savings (7311),1.18,transfer
au,29/08/2025,Bank Fees,1101 Savings (7311),0.09,transfer
au,29/08/2025,Bank Fees,1101 Savings (7311),6.1,transfer
au,29/08/2025,Bank Fees,1101 Savings (7311),0.31,transfer
au,28/08/2025,Bank Fees,1101 Savings (7311),2.18,transfer
au,26/08/2025,Bank Fees,1101 Savings (7311),1.09,transfer
au,26/08/2025,Bank Fees,1101 Savings (7311),3.05,transfer
au,26/08/2025,Bank Fees,1101 Savings (7311),1.11,transfer
au,26/08/2025,Bank Fees,1101 Savings (7311),23.69,transfer
au,26/08/2025,Bank Fees,1101 Savings (7311),9.43,transfer
au,26/08/2025,Bank Fees,1101 Savings (7311),126.46,transfer
au,20/08/2025,Bank Fees,1101 Savings (7311),0.81,transfer
au,20/08/2025,Bank Fees,1101 Savings (7311),0.76,transfer
au,19/08/2025,Bank Fees,1101 Savings (7311),1.08,transfer
au,19/08/2025,Bank Fees,1101 Savings (7311),3.27,transfer
au,16/08/2025,Bank Fees,1101 Savings (7311),1.07,transfer
au,16/08/2025,Bank Fees,1101 Savings (7311),1.18,transfer
au,15/08/2025,Bank Fees,1101 Savings (7311),10.7,transfer
au,15/08/2025,Bank Fees,1101 Savings (7311),1.89,transfer
au,14/08/2025,Bank Fees,1101 Savings (7311),1.35,transfer
au,13/08/2025,Bank Fees,1101 Savings (7311),1.13,transfer
au,12/08/2025,Bank Fees,1101 Savings (7311),1.3,transfer
au,08/08/2025,Bank Fees,1101 Savings (7311),1.09,transfer
au,07/08/2025,Bank Fees,1101 Savings (7311),1.08,transfer
au,07/08/2025,Bank Fees,1101 Savings (7311),2.17,transfer
au,06/08/2025,Bank Fees,1101 Savings (7311),0.07,transfer
au,01/08/2025,Bank Fees,1101 Savings (7311),0.43,transfer
au,01/08/2025,Bank Fees,1101 Savings (7311),4.04,transfer
au,30/07/2025,Bank Fees,1101 Savings (7311),8.39,transfer
au,25/07/2025,Bank Fees,1101 Savings (7311),3.01,transfer
au,25/07/2025,Bank Fees,1101 Savings (7311),1.08,transfer
au,19/07/2025,Bank Fees,1101 Savings (7311),1.08,transfer
au,18/07/2025,Bank Fees,1101 Savings (7311),1.08,transfer
au,17/07/2025,Bank Fees,1101 Savings (7311),1.07,transfer
au,16/07/2025,Bank Fees,1101 Savings (7311),1.17,transfer
au,16/07/2025,Bank Fees,1101 Savings (7311),1.87,transfer
au,15/07/2025,Bank Fees,1101 Savings (7311),10.57,transfer
au,15/07/2025,Bank Fees,1101 Savings (7311),1.34,transfer
au,12/07/2025,Bank Fees,1101 Savings (7311),1.29,transfer
au,11/07/2025,Bank Fees,1101 Savings (7311),2.16,transfer
au,10/07/2025,Bank Fees,1101 Savings (7311),1.07,transfer
au,10/07/2025,Bank Fees,1101 Savings (7311),1.99,transfer
au,08/07/2025,Bank Fees,1101 Savings (7311),1.07,transfer
au,05/07/2025,Bank Fees,1101 Savings (7311),0.83,transfer
au,03/07/2025,Bank Fees,1101 Savings (7311),0.3,transfer
au,02/07/2025,Bank Fees,1101 Savings (7311),4.03,transfer
au,02/07/2025,Bank Fees,1101 Savings (7311),0.43,transfer
au,01/07/2025,Bank Fees,1101 Savings (7311),1.86,transfer
au,01/07/2025,Bank Fees,1101 Savings (7311),0.23,transfer
au,01/07/2025,Bank Fees,1101 Savings (7311),2.99,transfer
au,01/07/2025,Bank Fees,1101 Savings (7311),0.57,transfer
au,01/07/2025,Bank Fees,1101 Savings (7311),1.85,transfer
au,01/07/2025,Bank Fees,1101 Savings (7311),8.44,transfer
au,01/07/2025,Bank Fees,1101 Savings (7311),0.15,transfer
au,01/07/2025,Bank Fees,1101 Savings (7311),0.09,transfer
au,01/07/2025,Bank Fees,1101 Savings (7311),0.08,transfer
au,28/06/2025,Bank Fees,1101 Savings (7311),0.25,transfer
au,28/06/2025,Bank Fees,1101 Savings (7311),1.88,transfer
au,28/06/2025,Bank Fees,1101 Savings (7311),0.51,transfer
au,28/06/2025,Bank Fees,1101 Savings (7311),2.28,transfer
au,27/06/2025,Bank Fees,1101 Savings (7311),3.75,transfer
au,27/06/2025,Bank Fees,1101 Savings (7311),1.17,transfer
au,27/06/2025,Bank Fees,1101 Savings (7311),3.74,transfer
au,27/06/2025,Bank Fees,1101 Savings (7311),0.85,transfer
au,27/06/2025,Bank Fees,1101 Savings (7311),0.35,transfer
au,27/06/2025,Bank Fees,1101 Savings (7311),0.25,transfer
au,27/06/2025,Bank Fees,1101 Savings (7311),0.66,transfer
au,25/06/2025,Bank Fees,1101 Savings (7311),11.0,transfer
au,25/06/2025,Bank Fees,1101 Savings (7311),1.09,transfer
au,25/06/2025,Bank Fees,1101 Savings (7311),3.03,transfer
au,24/06/2025,Bank Fees,1101 Savings (7311),0.81,transfer
au,19/06/2025,Bank Fees,1101 Savings (7311),1.08,transfer
au,18/06/2025,Bank Fees,1101 Savings (7311),1.08,transfer
au,17/06/2025,Bank Fees,1101 Savings (7311),1.89,transfer
au,17/06/2025,Bank Fees,1101 Savings (7311),11.17,transfer
au,17/06/2025,Bank Fees,1101 Savings (7311),1.19,transfer
au,14/06/2025,Bank Fees,1101 Savings (7311),1.35,transfer
au,12/06/2025,Bank Fees,1101 Savings (7311),1.3,transfer
au,11/06/2025,Bank Fees,1101 Savings (7311),1.19,transfer
au,10/06/2025,Bank Fees,1101 Savings (7311),1.08,transfer
au,03/06/2025,Bank Fees,1101 Savings (7311),4.1,transfer
au,03/06/2025,Bank Fees,1101 Savings (7311),0.44,transfer
au,30/05/2025,Bank Fees,1101 Savings (7311),9.07,transfer
au,27/05/2025,Bank Fees,1101 Savings (7311),3.28,transfer
au,27/05/2025,Bank Fees,1101 Savings (7311),3.05,transfer
au,21/05/2025,Bank Fees,1101 Savings (7311),1.1,transfer
au,20/05/2025,Bank Fees,1101 Savings (7311),1.1,transfer
au,17/05/2025,Bank Fees,1101 Savings (7311),1.09,transfer
au,16/05/2025,Bank Fees,1101 Savings (7311),5.23,transfer
au,15/05/2025,Bank Fees,1101 Savings (7311),1.93,transfer
au,15/05/2025,Bank Fees,1101 Savings (7311),9.09,transfer
au,14/05/2025,Bank Fees,1101 Savings (7311),1.37,transfer
au,10/05/2025,Bank Fees,1101 Savings (7311),1.31,transfer
au,08/05/2025,Bank Fees,1101 Savings (7311),1.09,transfer
au,07/05/2025,Bank Fees,1101 Savings (7311),1.21,transfer
au,02/05/2025,Bank Fees,1101 Savings (7311),4.12,transfer
au,02/05/2025,Bank Fees,1101 Savings (7311),0.44,transfer
au,01/05/2025,Bank Fees,1101 Savings (7311),0.04,transfer
au,30/04/2025,Bank Fees,1101 Savings (7311),7.54,transfer
au,25/04/2025,Bank Fees,1101 Savings (7311),3.07,transfer
au,18/04/2025,Bank Fees,1101 Savings (7311),1.11,transfer
au,16/04/2025,Bank Fees,1101 Savings (7311),1.98,transfer
au,15/04/2025,Bank Fees,1101 Savings (7311),9.35,transfer
au,15/04/2025,Bank Fees,1101 Savings (7311),15.0,transfer
au,10/04/2025,Bank Fees,1101 Savings (7311),1.38,transfer
au,09/04/2025,Bank Fees,1101 Savings (7311),1.15,transfer
au,08/04/2025,Bank Fees,1101 Savings (7311),1.24,transfer
au,04/04/2025,Bank Fees,1102 Wise AU,22.0,transfer
au,01/04/2025,Bank Fees,1101 Savings (7311),4.18,transfer
au,01/04/2025,Bank Fees,1101 Savings (7311),7.66,transfer
au,01/04/2025,Bank Fees,1101 Savings (7311),0.44,transfer
au,25/03/2025,Bank Fees,1101 Savings (7311),3.12,transfer
au,18/03/2025,Bank Fees,1101 Savings (7311),1.12,transfer
au,18/03/2025,Bank Fees,1101 Savings (7311),6.32,transfer
au,15/03/2025,Bank Fees,1101 Savings (7311),9.2,transfer
au,15/03/2025,Bank Fees,1101 Savings (7311),1.95,transfer
au,13/03/2025,Bank Fees,1101 Savings (7311),1.34,transfer
au,08/03/2025,Bank Fees,1101 Savings (7311),3.16,transfer
au,06/03/2025,Bank Fees,1101 Savings (7311),1.24,transfer
au,04/03/2025,Bank Fees,1101 Savings (7311),4.21,transfer
au,04/03/2025,Bank Fees,1101 Savings (7311),0.45,transfer
au,04/03/2025,Bank Fees,1101 Savings (7311),7.72,transfer
au,25/02/2025,Bank Fees,1101 Savings (7311),1.43,transfer
au,18/02/2025,Bank Fees,1101 Savings (7311),1.11,transfer
au,15/02/2025,Bank Fees,1101 Savings (7311),1.97,transfer
au,15/02/2025,Bank Fees,1101 Savings (7311),9.27,transfer
au,13/02/2025,Bank Fees,1101 Savings (7311),1.34,transfer
au,06/02/2025,Bank Fees,1101 Savings (7311),1.27,transfer
au,01/02/2025,Bank Fees,1101 Savings (7311),0.45,transfer
au,01/02/2025,Bank Fees,1101 Savings (7311),4.23,transfer
au,31/01/2025,Bank Fees,1101 Savings (7311),3.31,transfer
au,30/01/2025,Bank Fees,1101 Savings (7311),9.85,transfer
au,26/01/2025,Bank Fees,1101 Savings (7311),12.68,transfer
au,18/01/2025,Bank Fees,1101 Savings (7311),1.13,transfer
au,15/01/2025,Bank Fees,1101 Savings (7311),2.0,transfer
au,15/01/2025,Bank Fees,1101 Savings (7311),9.96,transfer
au,10/01/2025,Bank Fees,1100 Stripe - Clearing Account,2.0,transfer
au,07/01/2025,Bank Fees,1101 Savings (7311),1.24,transfer
au,01/01/2025,Bank Fees,1101 Savings (7311),0.45,transfer
au,01/01/2025,Bank Fees,1101 Savings (7311),4.24,transfer
au,31/12/2024,Bank Fees,1101 Savings (7311),4.21,transfer
au,31/12/2024,Bank Fees,1101 Savings (7311),12.19,transfer
au,27/12/2024,Bank Fees,1102 Wise AU,99.82,transfer
au,18/12/2024,Bank Fees,1101 Savings (7311),1.1,transfer
au,17/12/2024,Bank Fees,1101 Savings (7311),1.65,transfer
au,17/12/2024,Bank Fees,1101 Savings (7311),7.27,transfer
au,12/12/2024,Bank Fees,1101 Savings (7311),0.23,transfer
au,10/12/2024,Bank Fees,1101 Savings (7311),0.14,transfer
au,10/12/2024,Bank Fees,1101 Savings (7311),0.21,transfer
au,10/12/2024,Bank Fees,1101 Savings (7311),0.31,transfer
au,10/12/2024,Bank Fees,1101 Savings (7311),0.16,transfer
au,10/12/2024,Bank Fees,1101 Savings (7311),49.91,transfer
au,10/12/2024,Bank Fees,1101 Savings (7311),0.44,transfer
au,10/12/2024,Bank Fees,1101 Savings (7311),0.12,transfer
au,10/12/2024,Bank Fees,1101 Savings (7311),2.66,transfer
au,10/12/2024,Bank Fees,1101 Savings (7311),0.34,transfer
au,10/12/2024,Bank Fees,1101 Savings (7311),0.37,transfer
au,07/12/2024,Bank Fees,1101 Savings (7311),1.22,transfer
au,07/12/2024,Bank Fees,1101 Savings (7311),0.62,transfer
au,07/12/2024,Bank Fees,1101 Savings (7311),0.48,transfer
au,07/12/2024,Bank Fees,1101 Savings (7311),0.11,transfer
au,07/12/2024,Bank Fees,1101 Savings (7311),11.34,transfer
au,06/12/2024,Bank Fees,1101 Savings (7311),1.19,transfer
au,06/12/2024,Bank Fees,1101 Savings (7311),0.35,transfer
au,06/12/2024,Bank Fees,1101 Savings (7311),2.39,transfer
au,05/12/2024,Bank Fees,1101 Savings (7311),8.51,transfer
au,05/12/2024,Bank Fees,1101 Savings (7311),2.15,transfer
au,05/12/2024,Bank Fees,1101 Savings (7311),0.16,transfer
au,04/12/2024,Bank Fees,1101 Savings (7311),0.09,transfer
au,03/12/2024,Bank Fees,1101 Savings (7311),4.04,transfer
au,30/11/2024,Bank Fees,1101 Savings (7311),9.57,transfer
au,20/11/2024,Bank Fees,1101 Savings (7311),1.58,transfer
au,19/11/2024,Bank Fees,1101 Savings (7311),1.09,transfer
au,15/11/2024,Bank Fees,1101 Savings (7311),1.07,transfer
au,15/11/2024,Bank Fees,1101 Savings (7311),0.54,transfer
au,15/11/2024,Bank Fees,1101 Savings (7311),7.1,transfer
au,07/11/2024,Bank Fees,1101 Savings (7311),106.84,transfer
au,06/11/2024,Bank Fees,1101 Savings (7311),1.18,transfer
au,01/11/2024,Bank Fees,1101 Savings (7311),4.01,transfer
au,01/11/2024,Bank Fees,1101 Savings (7311),0.43,transfer
au,31/10/2024,Bank Fees,1101 Savings (7311),9.37,transfer
au,22/10/2024,Bank Fees,1101 Savings (7311),1.52,transfer
au,21/10/2024,Bank Fees,1101 Savings (7311),25.0,transfer
au,18/10/2024,Bank Fees,1101 Savings (7311),1.05,transfer
au,15/10/2024,Bank Fees,1101 Savings (7311),6.87,transfer
au,15/10/2024,Bank Fees,1101 Savings (7311),0.59,transfer
au,08/10/2024,Bank Fees,1101 Savings (7311),0.46,transfer
au,08/10/2024,Bank Fees,1101 Savings (7311),1.13,transfer
au,05/10/2024,Bank Fees,1101 Savings (7311),2.55,transfer
au,02/10/2024,Bank Fees,1101 Savings (7311),3.82,transfer
au,02/10/2024,Bank Fees,1101 Savings (7311),0.41,transfer
au,26/09/2024,Bank Fees,1101 Savings (7311),0.27,transfer
au,26/09/2024,Bank Fees,1101 Savings (7311),0.09,transfer
au,24/09/2024,Bank Fees,1101 Savings (7311),3.08,transfer
au,24/09/2024,Bank Fees,1101 Savings (7311),0.3,transfer
au,24/09/2024,Bank Fees,1101 Savings (7311),0.19,transfer
au,24/09/2024,Bank Fees,1101 Savings (7311),0.07,transfer
au,24/09/2024,Bank Fees,1101 Savings (7311),0.08,transfer
au,24/09/2024,Bank Fees,1101 Savings (7311),0.5,transfer
au,24/09/2024,Bank Fees,1101 Savings (7311),1.71,transfer
au,21/09/2024,Bank Fees,1101 Savings (7311),0.55,transfer
au,21/09/2024,Bank Fees,1101 Savings (7311),1.27,transfer
au,21/09/2024,Bank Fees,1101 Savings (7311),0.18,transfer
au,21/09/2024,Bank Fees,1101 Savings (7311),1.44,transfer
au,20/09/2024,Bank Fees,1101 Savings (7311),1.11,transfer
au,20/09/2024,Bank Fees,1101 Savings (7311),7.41,transfer
au,20/09/2024,Bank Fees,1101 Savings (7311),0.44,transfer
au,20/09/2024,Bank Fees,1101 Savings (7311),0.18,transfer
au,20/09/2024,Bank Fees,1101 Savings (7311),0.99,transfer
au,20/09/2024,Bank Fees,1101 Savings (7311),0.48,transfer
au,19/09/2024,Bank Fees,1101 Savings (7311),0.44,transfer
au,19/09/2024,Bank Fees,1101 Savings (7311),1.57,transfer
au,19/09/2024,Bank Fees,1101 Savings (7311),12.08,transfer
au,19/09/2024,Bank Fees,1101 Savings (7311),1.22,transfer
au,19/09/2024,Bank Fees,1101 Savings (7311),0.52,transfer
au,18/09/2024,Bank Fees,1101 Savings (7311),1.05,transfer
au,18/09/2024,Bank Fees,1101 Savings (7311),0.78,transfer
au,17/09/2024,Bank Fees,1101 Savings (7311),3.47,transfer
au,06/09/2024,Bank Fees,1101 Savings (7311),1.15,transfer
au,03/09/2024,Bank Fees,1101 Savings (7311),0.41,transfer
au,20/08/2024,Bank Fees,1101 Savings (7311),1.07,transfer
au,15/08/2024,Bank Fees,1101 Savings (7311),3.52,transfer
au,06/08/2024,Bank Fees,1101 Savings (7311),1.19,transfer
au,01/08/2024,Bank Fees,1101 Savings (7311),0.43,transfer
au,18/07/2024,Bank Fees,1101 Savings (7311),1.04,transfer
au,06/07/2024,Bank Fees,1101 Savings (7311),1.16,transfer
au,02/07/2024,Bank Fees,1101 Savings (7311),0.42,transfer
au,18/06/2024,Bank Fees,1101 Savings (7311),1.06,transfer
au,01/06/2024,Bank Fees,1101 Savings (7311),0.42,transfer
au,01/06/2024,Bank Fees,1101 Savings (7311),1.57,transfer
au,28/05/2024,Bank Fees,1101 Savings (7311),24.24,transfer
au,18/05/2024,Bank Fees,1101 Savings (7311),0.91,transfer
au,07/05/2024,Bank Fees,1101 Savings (7311),0.41,transfer
au,02/05/2024,Bank Fees,1101 Savings (7311),0.37,transfer
au,23/04/2024,Bank Fees,1101 Savings (7311),0.1,transfer
au,23/04/2024,Bank Fees,1101 Savings (7311),5.57,transfer
au,18/04/2024,Bank Fees,1101 Savings (7311),0.93,transfer
au,16/04/2024,Bank Fees,1101 Savings (7311),19.07,transfer
au,19/03/2024,Bank Fees,1101 Savings (7311),0.92,transfer
au,20/02/2024,Bank Fees,1101 Savings (7311),0.93,transfer
au,23/01/2024,Bank Fees,1101 Savings (7311),0.91,transfer
au,18/01/2024,Bank Fees,1101 Savings (7311),0.9,transfer
au,19/12/2023,Bank Fees,1101 Savings (7311),0.9,transfer
au,30/11/2023,Bank Fees,1101 Savings (7311),7.44,transfer
au,28/11/2023,Bank Fees,1101 Savings (7311),22.17,transfer
au,28/11/2023,Bank Fees,1101 Savings (7311),4.46,transfer
au,18/11/2023,Bank Fees,1101 Savings (7311),0.93,transfer
au,16/11/2023,Bank Fees,1101 Savings (7311),0.42,transfer
au,16/11/2023,Bank Fees,1101 Savings (7311),0.38,transfer
au,21/10/2023,Bank Fees,1101 Savings (7311),37.34,transfer
au,18/10/2023,Bank Fees,1101 Savings (7311),0.95,transfer
au,26/09/2023,Bank Fees,1101 Savings (7311),93.39,transfer
au,21/09/2023,Bank Fees,1101 Savings (7311),18.25,transfer
au,21/09/2023,Bank Fees,1101 Savings (7311),19.65,transfer
au,21/09/2023,Bank Fees,1101 Savings (7311),17.22,transfer
au,16/09/2023,Bank Fees,1101 Savings (7311),5.81,transfer
au,12/09/2023,Bank Fees,1101 Savings (7311),94.41,transfer
au,26/08/2023,Bank Fees,1101 Savings (7311),3.08,transfer
au,19/08/2023,Bank Fees,1101 Savings (7311),27.91,transfer
au,16/08/2023,Bank Fees,1101 Savings (7311),0.41,transfer
au,16/08/2023,Bank Fees,1101 Savings (7311),5.74,transfer
au,12/08/2023,Bank Fees,1101 Savings (7311),1.39,transfer
au,08/08/2023,Bank Fees,1101 Savings (7311),0.25,transfer
au,08/08/2023,Bank Fees,1101 Savings (7311),8.39,transfer
au,19/07/2023,Bank Fees,1101 Savings (7311),26.35,transfer
au,18/07/2023,Bank Fees,1101 Savings (7311),6.25,transfer
au,08/07/2023,Bank Fees,1101 Savings (7311),0.41,transfer
au,06/07/2023,Bank Fees,1101 Savings (7311),90.9,transfer
au,20/06/2023,Bank Fees,1101 Savings (7311),26.61,transfer
au,17/06/2023,Bank Fees,1101 Savings (7311),0.44,transfer
au,16/06/2023,Bank Fees,1101 Savings (7311),5.53,transfer
au,09/06/2023,Bank Fees,1101 Savings (7311),0.41,transfer
au,19/05/2023,Bank Fees,1101 Savings (7311),27.13,transfer
au,16/05/2023,Bank Fees,1101 Savings (7311),5.61,transfer
au,16/05/2023,Bank Fees,1101 Savings (7311),4.42,transfer
au,09/05/2023,Bank Fees,1101 Savings (7311),5.83,transfer
au,09/05/2023,Bank Fees,1101 Savings (7311),1.64,transfer
au,09/05/2023,Bank Fees,1101 Savings (7311),0.32,transfer
au,09/05/2023,Bank Fees,1101 Savings (7311),0.27,transfer
au,09/05/2023,Bank Fees,1101 Savings (7311),0.35,transfer
au,09/05/2023,Bank Fees,1101 Savings (7311),0.16,transfer
au,09/05/2023,Bank Fees,1101 Savings (7311),0.14,transfer
au,06/05/2023,Bank Fees,1101 Savings (7311),0.15,transfer
au,06/05/2023,Bank Fees,1101 Savings (7311),1.97,transfer
au,06/05/2023,Bank Fees,1101 Savings (7311),0.88,transfer
au,06/05/2023,Bank Fees,1101 Savings (7311),0.24,transfer
au,05/05/2023,Bank Fees,1101 Savings (7311),0.29,transfer
au,05/05/2023,Bank Fees,1101 Savings (7311),1.19,transfer
au,05/05/2023,Bank Fees,1101 Savings (7311),0.33,transfer
au,05/05/2023,Bank Fees,1101 Savings (7311),2.18,transfer
au,05/05/2023,Bank Fees,1101 Savings (7311),4.27,transfer
au,04/05/2023,Bank Fees,1101 Savings (7311),0.97,transfer
au,04/05/2023,Bank Fees,1101 Savings (7311),1.58,transfer
au,21/04/2023,Bank Fees,1101 Savings (7311),0.99,transfer
au,18/04/2023,Bank Fees,1101 Savings (7311),5.6,transfer
au,12/04/2023,Bank Fees,1101 Savings (7311),33.99,transfer
au,23/03/2023,Bank Fees,1101 Savings (7311),5.94,transfer
au,17/03/2023,Bank Fees,1101 Savings (7311),5.67,transfer
au,16/02/2023,Bank Fees,1101 Savings (7311),5.4,transfer
au,19/01/2023,Bank Fees,1101 Savings (7311),25.94,transfer
au,17/01/2023,Bank Fees,1101 Savings (7311),5.38,transfer
au,17/01/2023,Bank Fees,1101 Savings (7311),2.7,transfer
au,20/12/2022,Bank Fees,1101 Savings (7311),26.97,transfer
au,16/12/2022,Bank Fees,1101 Savings (7311),5.52,transfer
au,06/12/2022,Bank Fees,1101 Savings (7311),0.57,transfer
au,04/12/2022,Bank Fees,1101 Savings (7311),0.0,transfer
au,03/12/2022,Bank Fees,1101 Savings (7311),0.0,transfer
au,03/12/2022,Bank Fees,1101 Savings (7311),1.66,transfer
au,02/12/2022,Bank Fees,1101 Savings (7311),0.0,transfer
au,01/12/2022,Bank Fees,1101 Savings (7311),0.0,transfer
au,22/11/2022,Bank Fees,1101 Savings (7311),27.03,transfer
au,18/11/2022,Bank Fees,1101 Savings (7311),40.51,transfer
au,16/11/2022,Bank Fees,1101 Savings (7311),5.66,transfer
au,15/11/2022,Bank Fees,1101 Savings (7311),46.72,transfer
au,15/11/2022,Bank Fees,1101 Savings (7311),45.76,transfer
au,15/11/2022,Bank Fees,1101 Savings (7311),45.73,transfer
au,15/11/2022,Bank Fees,1101 Savings (7311),45.79,transfer
au,15/11/2022,Bank Fees,1101 Savings (7311),46.09,transfer
au,15/11/2022,Bank Fees,1101 Savings (7311),47.64,transfer
au,15/11/2022,Bank Fees,1101 Savings (7311),47.44,transfer
au,15/11/2022,Bank Fees,1101 Savings (7311),47.32,transfer
au,15/11/2022,Bank Fees,1101 Savings (7311),46.14,transfer
au,15/11/2022,Bank Fees,1101 Savings (7311),48.35,transfer
au,15/11/2022,Bank Fees,1101 Savings (7311),45.87,transfer
au,15/11/2022,Bank Fees,1101 Savings (7311),46.54,transfer
au,15/11/2022,Bank Fees,1101 Savings (7311),45.91,transfer
au,15/11/2022,Bank Fees,1101 Savings (7311),45.98,transfer
au,15/11/2022,Bank Fees,1101 Savings (7311),47.03,transfer
au,15/11/2022,Bank Fees,1101 Savings (7311),47.68,transfer
au,15/11/2022,Bank Fees,1101 Savings (7311),46.11,transfer
au,15/11/2022,Bank Fees,1101 Savings (7311),45.88,transfer
au,15/11/2022,Bank Fees,1101 Savings (7311),46.63,transfer
au,15/11/2022,Bank Fees,1101 Savings (7311),46.43,transfer
au,15/11/2022,Bank Fees,1101 Savings (7311),47.76,transfer
au,15/11/2022,Bank Fees,1101 Savings (7311),49.34,transfer
au,15/11/2022,Bank Fees,1101 Savings (7311),46.17,transfer
au,15/11/2022,Bank Fees,1101 Savings (7311),48.27,transfer
au,15/11/2022,Bank Fees,1101 Savings (7311),54.04,transfer
au,15/11/2022,Bank Fees,1101 Savings (7311),51.01,transfer
au,15/11/2022,Bank Fees,1101 Savings (7311),47.37,transfer
au,15/11/2022,Bank Fees,1101 Savings (7311),47.29,transfer
au,15/11/2022,Bank Fees,1101 Savings (7311),46.16,transfer
au,15/11/2022,Bank Fees,1101 Savings (7311),46.95,transfer
au,15/11/2022,Bank Fees,1101 Savings (7311),47.7,transfer
au,15/11/2022,Bank Fees,1101 Savings (7311),46.33,transfer
au,09/11/2022,Bank Fees,1101 Savings (7311),6.0,transfer
au,26/10/2022,Bank Fees,1101 Savings (7311),79.81,transfer
au,25/10/2022,Bank Fees,1101 Savings (7311),1.88,transfer
au,19/10/2022,Bank Fees,1101 Savings (7311),29.06,transfer
au,18/10/2022,Bank Fees,1101 Savings (7311),6.03,transfer
au,12/10/2022,Bank Fees,1101 Savings (7311),0.71,transfer
au,01/10/2022,Bank Fees,1101 Savings (7311),43.56,transfer
au,30/09/2022,Bank Fees,1101 Savings (7311),43.46,transfer
au,29/09/2022,Bank Fees,1101 Savings (7311),43.33,transfer
au,27/09/2022,Bank Fees,1101 Savings (7311),43.09,transfer
au,24/09/2022,Bank Fees,1101 Savings (7311),0.35,transfer
au,24/09/2022,Bank Fees,1101 Savings (7311),0.22,transfer
au,24/09/2022,Bank Fees,1101 Savings (7311),0.07,transfer
au,24/09/2022,Bank Fees,1101 Savings (7311),158.09,transfer
au,20/09/2022,Bank Fees,1101 Savings (7311),26.99,transfer
au,16/09/2022,Bank Fees,1101 Savings (7311),5.52,transfer
au,15/09/2022,Bank Fees,1101 Savings (7311),0.06,transfer
au,15/09/2022,Bank Fees,1101 Savings (7311),0.07,transfer
au,14/09/2022,Bank Fees,1101 Savings (7311),0.36,transfer
au,13/09/2022,Bank Fees,1101 Savings (7311),0.67,transfer
au,10/09/2022,Bank Fees,1101 Savings (7311),0.38,transfer
au,09/09/2022,Bank Fees,1101 Savings (7311),20.93,transfer
au,30/08/2022,Bank Fees,1101 Savings (7311),23.52,transfer
au,26/08/2022,Bank Fees,1101 Savings (7311),2.18,transfer
au,25/08/2022,Bank Fees,1101 Savings (7311),42.08,transfer
au,25/08/2022,Bank Fees,1101 Savings (7311),0.38,transfer
au,24/08/2022,Bank Fees,1101 Savings (7311),42.04,transfer
au,23/08/2022,Bank Fees,1101 Savings (7311),42.0,transfer
au,23/08/2022,Bank Fees,1101 Savings (7311),42.04,transfer
au,20/08/2022,Bank Fees,1101 Savings (7311),41.97,transfer
au,19/08/2022,Bank Fees,1101 Savings (7311),25.75,transfer
au,18/08/2022,Bank Fees,1101 Savings (7311),41.58,transfer
au,16/08/2022,Bank Fees,1101 Savings (7311),5.93,transfer
au,16/08/2022,Bank Fees,1101 Savings (7311),41.32,transfer
au,16/08/2022,Bank Fees,1101 Savings (7311),5.25,transfer
au,13/08/2022,Bank Fees,1101 Savings (7311),0.86,transfer
au,13/08/2022,Bank Fees,1101 Savings (7311),0.43,transfer
au,12/08/2022,Bank Fees,1101 Savings (7311),41.86,transfer
au,12/08/2022,Bank Fees,1101 Savings (7311),0.65,transfer
au,12/08/2022,Bank Fees,1101 Savings (7311),0.43,transfer
au,11/08/2022,Bank Fees,1101 Savings (7311),31.58,transfer
au,11/08/2022,Bank Fees,1101 Savings (7311),0.12,transfer
au,10/08/2022,Bank Fees,1101 Savings (7311),42.24,transfer
au,09/08/2022,Bank Fees,1101 Savings (7311),1.03,transfer
au,09/08/2022,Bank Fees,1101 Savings (7311),0.16,transfer
au,09/08/2022,Bank Fees,1101 Savings (7311),42.24,transfer
au,06/08/2022,Bank Fees,1101 Savings (7311),42.11,transfer
au,04/08/2022,Bank Fees,1101 Savings (7311),41.73,transfer
au,04/08/2022,Bank Fees,1101 Savings (7311),8.65,transfer
au,02/08/2022,Bank Fees,1101 Savings (7311),31.35,transfer
au,02/08/2022,Bank Fees,1101 Savings (7311),41.94,transfer
au,30/07/2022,Bank Fees,1101 Savings (7311),41.83,transfer
au,30/07/2022,Bank Fees,1101 Savings (7311),156.03,transfer
au,28/07/2022,Bank Fees,1101 Savings (7311),41.96,transfer
au,27/07/2022,Bank Fees,1101 Savings (7311),156.45,transfer
au,27/07/2022,Bank Fees,1101 Savings (7311),3.92,transfer
au,26/07/2022,Bank Fees,1101 Savings (7311),41.85,transfer
au,26/07/2022,Bank Fees,1101 Savings (7311),31.29,transfer
au,26/07/2022,Bank Fees,1101 Savings (7311),3.92,transfer
au,26/07/2022,Bank Fees,1101 Savings (7311),0.38,transfer
au,26/07/2022,Bank Fees,1101 Savings (7311),156.45,transfer
au,23/07/2022,Bank Fees,1101 Savings (7311),41.88,transfer
au,21/07/2022,Bank Fees,1101 Savings (7311),42.38,transfer
au,20/07/2022,Bank Fees,1101 Savings (7311),26.8,transfer
au,19/07/2022,Bank Fees,1101 Savings (7311),42.53,transfer
au,19/07/2022,Bank Fees,1101 Savings (7311),42.75,transfer
au,16/07/2022,Bank Fees,1101 Savings (7311),42.43,transfer
au,16/07/2022,Bank Fees,1101 Savings (7311),5.53,transfer
au,14/07/2022,Bank Fees,1101 Savings (7311),6.06,transfer
au,14/07/2022,Bank Fees,1101 Savings (7311),42.52,transfer
au,12/07/2022,Bank Fees,1101 Savings (7311),3.33,transfer
au,12/07/2022,Bank Fees,1101 Savings (7311),42.13,transfer
au,12/07/2022,Bank Fees,1101 Savings (7311),0.66,transfer
au,12/07/2022,Bank Fees,1101 Savings (7311),42.22,transfer
au,09/07/2022,Bank Fees,1101 Savings (7311),42.21,transfer
au,08/07/2022,Bank Fees,1101 Savings (7311),42.2,transfer
au,07/07/2022,Bank Fees,1101 Savings (7311),42.29,transfer
au,06/07/2022,Bank Fees,1101 Savings (7311),42.47,transfer
au,05/07/2022,Bank Fees,1101 Savings (7311),42.02,transfer
au,05/07/2022,Bank Fees,1101 Savings (7311),42.47,transfer
au,02/07/2022,Bank Fees,1101 Savings (7311),42.08,transfer
au,01/07/2022,Bank Fees,1101 Savings (7311),41.89,transfer
au,30/06/2022,Bank Fees,1101 Savings (7311),41.92,transfer
au,29/06/2022,Bank Fees,1101 Savings (7311),44.53,transfer
au,28/06/2022,Bank Fees,1101 Savings (7311),41.96,transfer
au,28/06/2022,Bank Fees,1101 Savings (7311),42.0,transfer
au,25/06/2022,Bank Fees,1101 Savings (7311),0.39,transfer
au,25/06/2022,Bank Fees,1101 Savings (7311),41.97,transfer
au,24/06/2022,Bank Fees,1101 Savings (7311),41.78,transfer
au,23/06/2022,Bank Fees,1101 Savings (7311),41.88,transfer
au,22/06/2022,Bank Fees,1101 Savings (7311),41.83,transfer
au,21/06/2022,Bank Fees,1101 Savings (7311),41.83,transfer
au,21/06/2022,Bank Fees,1101 Savings (7311),1.75,transfer
au,21/06/2022,Bank Fees,1101 Savings (7311),25.93,transfer
au,21/06/2022,Bank Fees,1101 Savings (7311),41.63,transfer
au,18/06/2022,Bank Fees,1101 Savings (7311),42.0,transfer
au,17/06/2022,Bank Fees,1101 Savings (7311),41.98,transfer
au,16/06/2022,Bank Fees,1101 Savings (7311),41.63,transfer
au,16/06/2022,Bank Fees,1101 Savings (7311),5.38,transfer
au,15/06/2022,Bank Fees,1101 Savings (7311),41.14,transfer
au,14/06/2022,Bank Fees,1101 Savings (7311),41.14,transfer
au,14/06/2022,Bank Fees,1101 Savings (7311),5.78,transfer
au,14/06/2022,Bank Fees,1101 Savings (7311),0.63,transfer
au,11/06/2022,Bank Fees,1101 Savings (7311),40.64,transfer
au,11/06/2022,Bank Fees,1101 Savings (7311),7.95,transfer
au,10/06/2022,Bank Fees,1101 Savings (7311),40.72,transfer
au,09/06/2022,Bank Fees,1101 Savings (7311),40.67,transfer
au,07/06/2022,Bank Fees,1101 Savings (7311),40.49,transfer
au,03/06/2022,Bank Fees,1101 Savings (7311),40.9,transfer
au,02/06/2022,Bank Fees,1101 Savings (7311),25.41,transfer
au,01/06/2022,Bank Fees,1101 Savings (7311),5.25,transfer
au,31/05/2022,Bank Fees,1101 Savings (7311),41.3,transfer
au,31/05/2022,Bank Fees,1101 Savings (7311),50.69,transfer
au,28/05/2022,Bank Fees,1101 Savings (7311),30.77,transfer
au,27/05/2022,Bank Fees,1101 Savings (7311),0.38,transfer
au,17/05/2022,Bank Fees,1101 Savings (7311),3.97,transfer
au,14/05/2022,Bank Fees,1101 Savings (7311),5.95,transfer
au,14/05/2022,Bank Fees,1101 Savings (7311),2.48,transfer
au,14/05/2022,Bank Fees,1101 Savings (7311),374.28,transfer
au,13/05/2022,Bank Fees,1101 Savings (7311),2.61,transfer
au,12/05/2022,Bank Fees,1101 Savings (7311),0.64,transfer
au,10/05/2022,Bank Fees,1101 Savings (7311),2.48,transfer
au,07/05/2022,Bank Fees,1101 Savings (7311),3.81,transfer
au,07/05/2022,Bank Fees,1101 Savings (7311),3.33,transfer
au,06/05/2022,Bank Fees,1101 Savings (7311),63.51,transfer
au,05/05/2022,Bank Fees,1101 Savings (7311),2.48,transfer
au,04/05/2022,Bank Fees,1101 Savings (7311),11.77,transfer
au,04/05/2022,Bank Fees,1101 Savings (7311),0.61,transfer
au,03/05/2022,Bank Fees,1101 Savings (7311),0.05,transfer
au,27/04/2022,Bank Fees,1101 Savings (7311),0.0,transfer
au,27/04/2022,Bank Fees,1101 Savings (7311),0.38,transfer
au,25/04/2022,Bank Fees,1101 Savings (7311),0.0,transfer
au,25/04/2022,Bank Fees,1101 Savings (7311),133.0,transfer
au,20/04/2022,Bank Fees,1101 Savings (7311),0.0,transfer
au,20/04/2022,Bank Fees,1101 Savings (7311),0.0,transfer
au,20/04/2022,Bank Fees,1101 Savings (7311),5.03,transfer
au,20/04/2022,Bank Fees,1101 Savings (7311),24.38,transfer
au,14/04/2022,Bank Fees,1101 Savings (7311),0.0,transfer
au,14/04/2022,Bank Fees,1101 Savings (7311),5.61,transfer
au,12/04/2022,Bank Fees,1101 Savings (7311),0.6,transfer
au,02/04/2022,Bank Fees,1101 Savings (7311),0.0,transfer
au,25/03/2022,Bank Fees,1101 Savings (7311),0.0,transfer
au,25/03/2022,Bank Fees,1101 Savings (7311),0.37,transfer
au,23/03/2022,Bank Fees,1101 Savings (7311),0.0,transfer
au,23/03/2022,Bank Fees,1101 Savings (7311),2.41,transfer
au,19/03/2022,Bank Fees,1101 Savings (7311),0.0,transfer
au,19/03/2022,Bank Fees,1101 Savings (7311),25.08,transfer
au,16/03/2022,Bank Fees,1101 Savings (7311),0.0,transfer
au,16/03/2022,Bank Fees,1101 Savings (7311),0.0,transfer
au,16/03/2022,Bank Fees,1101 Savings (7311),5.11,transfer
au,16/03/2022,Bank Fees,1101 Savings (7311),4.41,transfer
au,15/03/2022,Bank Fees,1101 Savings (7311),0.0,transfer
au,15/03/2022,Bank Fees,1101 Savings (7311),5.64,transfer
au,12/03/2022,Bank Fees,1101 Savings (7311),0.62,transfer
au,02/03/2022,Bank Fees,1101 Savings (7311),0.0,transfer
au,25/02/2022,Bank Fees,1101 Savings (7311),0.0,transfer
au,25/02/2022,Bank Fees,1101 Savings (7311),0.39,transfer
au,23/02/2022,Bank Fees,1101 Savings (7311),0.0,transfer
au,23/02/2022,Bank Fees,1101 Savings (7311),2.47,transfer
au,19/02/2022,Bank Fees,1101 Savings (7311),0.0,transfer
au,19/02/2022,Bank Fees,1101 Savings (7311),25.21,transfer
au,17/02/2022,Bank Fees,1101 Savings (7311),0.0,transfer
au,17/02/2022,Bank Fees,1101 Savings (7311),0.0,transfer
au,17/02/2022,Bank Fees,1101 Savings (7311),0.0,transfer
au,17/02/2022,Bank Fees,1101 Savings (7311),3.92,transfer
au,17/02/2022,Bank Fees,1101 Savings (7311),0.22,transfer
au,17/02/2022,Bank Fees,1101 Savings (7311),0.72,transfer
au,16/02/2022,Bank Fees,1101 Savings (7311),0.0,transfer
au,16/02/2022,Bank Fees,1101 Savings (7311),5.24,transfer
au,15/02/2022,Bank Fees,1101 Savings (7311),0.0,transfer
au,15/02/2022,Bank Fees,1101 Savings (7311),5.75,transfer
au,12/02/2022,Bank Fees,1101 Savings (7311),0.63,transfer
au,04/02/2022,Bank Fees,1101 Savings (7311),23.8,transfer
au,03/02/2022,Bank Fees,1101 Savings (7311),46.43,transfer
au,25/01/2022,Bank Fees,1101 Savings (7311),0.0,transfer
au,25/01/2022,Bank Fees,1101 Savings (7311),0.0,transfer
au,25/01/2022,Bank Fees,1101 Savings (7311),0.0,transfer
au,25/01/2022,Bank Fees,1101 Savings (7311),0.39,transfer
au,25/01/2022,Bank Fees,1101 Savings (7311),41.63,transfer
au,25/01/2022,Bank Fees,1101 Savings (7311),2.46,transfer
au,19/01/2022,Bank Fees,1101 Savings (7311),0.0,transfer
au,19/01/2022,Bank Fees,1101 Savings (7311),25.03,transfer
au,18/01/2022,Bank Fees,1101 Savings (7311),0.0,transfer
au,18/01/2022,Bank Fees,1101 Savings (7311),5.12,transfer
au,14/01/2022,Bank Fees,1101 Savings (7311),0.0,transfer
au,14/01/2022,Bank Fees,1101 Savings (7311),6.54,transfer
au,12/01/2022,Bank Fees,1101 Savings (7311),0.63,transfer
au,21/12/2021,Bank Fees,1101 Savings (7311),0.0,transfer
au,21/12/2021,Bank Fees,1101 Savings (7311),25.2,transfer
au,16/12/2021,Bank Fees,1101 Savings (7311),0.0,transfer
au,16/12/2021,Bank Fees,1101 Savings (7311),5.23,transfer
au,14/12/2021,Bank Fees,1101 Savings (7311),0.0,transfer
au,14/12/2021,Bank Fees,1101 Savings (7311),5.8,transfer
au,19/11/2021,Bank Fees,1101 Savings (7311),0.0,transfer
au,19/11/2021,Bank Fees,1101 Savings (7311),24.69,transfer
au,16/11/2021,Bank Fees,1101 Savings (7311),5.62,transfer
au,16/11/2021,Bank Fees,1101 Savings (7311),5.11,transfer
au,20/10/2021,Bank Fees,1101 Savings (7311),0.0,transfer
au,20/10/2021,Bank Fees,1101 Savings (7311),24.32,transfer
au,19/10/2021,Bank Fees,1101 Savings (7311),0.0,transfer
au,19/10/2021,Bank Fees,1101 Savings (7311),2.47,transfer
au,16/10/2021,Bank Fees,1101 Savings (7311),0.0,transfer
au,16/10/2021,Bank Fees,1101 Savings (7311),2.5,transfer
au,14/10/2021,Bank Fees,1101 Savings (7311),0.0,transfer
au,14/10/2021,Bank Fees,1101 Savings (7311),5.67,transfer
