invoice_id,retool_id,invoice_number,counterparty_id,inv_currency,inv_amount,invoice_date,provisionally_paid,coa,coa_source,recovery_status,rec_vendor,rec_invoice_number,rec_amount,conflict,payline_txn,payline_basis,payline_conf,vendorlink_type,vendorlink_proposal,status,match_class,payment_txn_id,payment_amount,payment_currency,payment_date,reason,detail_reason
234,32620,,,AUD,6182.89,2026-07-03,N,,RULES_NEEDED,,,,,,,,,,,UNMATCHED,,,,,,NOT_PROVISIONAL_PAID,
235,32619,64554,55,SGD,350.00,2026-07-21,N,5032,INVOICE,,,,,,,,,,,UNMATCHED,,,,,,NOT_PROVISIONAL_PAID,
236,32607,03107,702,AUD,165.00,2024-01-20,N,,RULES_NEEDED,,,,,,,,,,,UNMATCHED,,,,,,NOT_PROVISIONAL_PAID,
237,32579,TT-M2604781,144,SGD,3270.00,2026-07-27,N,,RULES_NEEDED,,,,,,,,,,,UNMATCHED,,,,,,NOT_PROVISIONAL_PAID,
238,32572,,80,SGD,360.00,2026-08-01,Y,5060,INVOICE,,,,,,,NONE,,,,UNMATCHED,,,,,,NO_MATCHING_PAYMENT_FOUND,NO_INVOICE_NUMBER
239,32508,,,SGD,1797.12,2026-07-24,N,,RULES_NEEDED,,,,,,,,,,,UNMATCHED,,,,,,NOT_PROVISIONAL_PAID,
240,32472,64534,55,SGD,250.00,2026-07-17,N,5032,INVOICE,,,,,,,,,,,UNMATCHED,,,,,,NOT_PROVISIONAL_PAID,
241,32465,3RDD0XHE 0004,70,AUD,712.38,2026-07-23,N,5032,COUNTERPARTY,,,,,,,,,,,UNMATCHED,,,,,,NOT_PROVISIONAL_PAID,
242,32427,2026071402,128,SGD,1000.00,2026-07-14,N,6401,INVOICE,,,,,,,,,,,UNMATCHED,,,,,,NOT_PROVISIONAL_PAID,
243,32386,6a4b7462b8eac2d561e78db0,70,SGD,2790.00,2026-07-06,N,5032,INVOICE,,,,,,,,,,,UNMATCHED,,,,,,NOT_PROVISIONAL_PAID,
244,32380,INVFR0589038,31,USD,2198.70,2026-06-29,Y,6701,INVOICE,,,,,,,,,,,MATCHED,FIRST_CLASS_REF,9633,2857.78,SGD,2026-07-20,reference+amount+temporal,
245,32379,INVFR0575792,31,USD,2268.20,2026-05-29,Y,6701,INVOICE,,,,,,,,,,,MATCHED,FIRST_CLASS_REF,9632,2947.88,SGD,2026-07-20,reference+amount+temporal,
246,32339,AAU206387,41,AUD,617.45,2026-07-14,N,5032,INVOICE,,,,,,,,,,,UNMATCHED,,,,,,NOT_PROVISIONAL_PAID,
247,32334,M2604218,144,SGD,3270.00,2026-07-01,N,5036,INVOICE,,,,,,,,,,,UNMATCHED,,,,,,NOT_PROVISIONAL_PAID,
248,32279,64503,55,SGD,250.00,2026-07-08,N,5032,INVOICE,,,,,,,,,,,UNMATCHED,,,,,,NOT_PROVISIONAL_PAID,
249,32277,C202607-14,703,SGD,3270.00,2026-07-14,N,,RULES_NEEDED,,,,,,,,,,,UNMATCHED,,,,,,NOT_PROVISIONAL_PAID,
250,32276,,144,SGD,3270.00,2026-07-07,N,,RULES_NEEDED,,,,,,,,,,,UNMATCHED,,,,,,NOT_PROVISIONAL_PAID,
251,32273,,649,USD,10000.00,2026-06-01,Y,5030,INVOICE,,,,,,10850,AMOUNT_GAP,LOW,,,UNMATCHED,,,,,,NO_MATCHING_PAYMENT_FOUND,NO_INVOICE_NUMBER
252,32263,4053881,72,AUD,220.00,2026-06-25,N,5034,INVOICE,,,,,,,,,,,UNMATCHED,,,,,,NOT_PROVISIONAL_PAID,
253,32214,6a4f7a99b8eac2d561e7aad1,70,SGD,2890.00,2026-07-09,Y,5032,INVOICE,,,,,,,NONE,,,,UNMATCHED,,,,,,NO_MATCHING_PAYMENT_FOUND,NO_REFERENCE_MATCH
254,32198,64462,55,SGD,250.00,2026-07-01,N,5032,INVOICE,,,,,,,,,,,UNMATCHED,,,,,,NOT_PROVISIONAL_PAID,
255,32196,64470,55,SGD,250.00,2026-07-01,Y,5032,INVOICE,,,,,,,,,,,MATCHED,FIRST_CLASS_REF,9635,250.0,SGD,2026-07-23,reference+amount+temporal,
256,32167,64460,55,SGD,1500.00,2026-06-30,N,5032,INVOICE,,,,,,,,,,,UNMATCHED,,,,,,NOT_PROVISIONAL_PAID,
257,32089,02112025A,695,AUD,330.00,2025-11-02,N,,RULES_NEEDED,,,,,,,,,,,UNMATCHED,,,,,,NOT_PROVISIONAL_PAID,
258,32063,51694821,704,AUD,1316.20,2026-03-02,N,,RULES_NEEDED,,,,,,,,,,,UNMATCHED,,,,,,NOT_PROVISIONAL_PAID,
259,32042,64485,55,SGD,400.00,2026-07-03,N,5032,INVOICE,,,,,,,,,,,UNMATCHED,,,,,,NOT_PROVISIONAL_PAID,
260,32025,,,AUD,300.00,2026-07-07,Y,,RULES_NEEDED,,,,,,,,,NEW,Blake Forsyth,UNMATCHED,,,,,,EXCLUDED_NOT_A_VENDOR,
261,31914,DM026,111,AUD,1364.00,2026-06-29,N,5001,INVOICE,,,,,,,,,,,UNMATCHED,,,,,,NOT_PROVISIONAL_PAID,
262,31901,63799,55,SGD,500.00,2026-02-12,N,5032,INVOICE,,,,,,,,,,,UNMATCHED,,,,,,NOT_PROVISIONAL_PAID,
263,31894,64456,55,SGD,1100.00,2026-06-29,N,5032,INVOICE,,,,,,,,,,,UNMATCHED,,,,,,NOT_PROVISIONAL_PAID,
264,31887,64455,55,SGD,300.00,2026-06-29,N,5032,INVOICE,,,,,,,,,,,UNMATCHED,,,,,,NOT_PROVISIONAL_PAID,
265,31864,117787,70,SGD,130.79,2026-06-30,Y,5032,COUNTERPARTY,,,,,,,NONE,,,,UNMATCHED,,,,,,NO_MATCHING_PAYMENT_FOUND,NO_REFERENCE_MATCH
266,31856,,187,AUD,4609.79,2026-06-30,N,5062,INVOICE,,,,,,,,,,,UNMATCHED,,,,,,NOT_PROVISIONAL_PAID,
267,31849,,650,AUD,100.00,2026-06-29,N,5025,INVOICE,,,,,,,,,,,UNMATCHED,,,,,,NOT_PROVISIONAL_PAID,
268,31843,INV-3190768,142,AUD,15142.05,2026-06-10,N,5030,INVOICE,,,,,,,,,,,UNMATCHED,,,,,,NOT_PROVISIONAL_PAID,
269,31842,INV-3190741,142,AUD,16551.36,2026-05-08,N,5030,INVOICE,,,,,,,,,,,UNMATCHED,,,,,,NOT_PROVISIONAL_PAID,
270,31839,INV-01295,138,AUD,275.00,2026-06-26,Y,5032,INVOICE,,,,,,,,,,,MATCHED,FIRST_CLASS_REF,11029,275.0,AUD,2026-07-18,reference+amount+temporal,
271,31836,64427,55,SGD,800.00,2026-06-22,N,5032,INVOICE,,,,,,,,,,,UNMATCHED,,,,,,NOT_PROVISIONAL_PAID,
272,31831,SGRFP26-457,355,SGD,132.01,2026-06-08,N,6700,COUNTERPARTY,,,,,,,,,,,UNMATCHED,,,,,,NOT_PROVISIONAL_PAID,
273,31829,SGIN26-368659,355,SGD,167.20,2026-06-01,N,6700,COUNTERPARTY,,,,,,,,,,,UNMATCHED,,,,,,NOT_PROVISIONAL_PAID,
274,31828,SGIN26-368660,355,SGD,11651.33,2026-06-01,N,6700,COUNTERPARTY,,,,,,,,,,,UNMATCHED,,,,,,NOT_PROVISIONAL_PAID,
275,31827,SGIN26-296225,355,SGD,167.48,2026-05-01,Y,6700,COUNTERPARTY,,,,,,,,,,,MATCHED,FIRST_CLASS_REF,9601,167.48,SGD,2026-06-28,reference+amount+temporal,
276,31803,INV-01294,138,AUD,1100.00,2026-06-26,N,5032,INVOICE,,,,,,,,,,,UNMATCHED,,,,,,NOT_PROVISIONAL_PAID,
277,31772,DM025,111,AUD,1023.00,2026-06-25,N,5001,INVOICE,,,,,,,,,,,UNMATCHED,,,,,,NOT_PROVISIONAL_PAID,
278,31741,ST-M2603741,144,SGD,3270.00,2026-06-10,N,,RULES_NEEDED,,,,,,,,,,,UNMATCHED,,,,,,NOT_PROVISIONAL_PAID,
279,31699,,80,SGD,360.00,2026-07-01,Y,5060,INVOICE,,,,,,,NONE,,,,UNMATCHED,,,,,,NO_MATCHING_PAYMENT_FOUND,NO_INVOICE_NUMBER
280,31662,INV-01292,138,AUD,385.00,2026-06-18,N,5032,INVOICE,,,,,,,,,,,UNMATCHED,,,,,,NOT_PROVISIONAL_PAID,
281,31641,DM024,111,AUD,924.00,2026-06-18,N,5001,INVOICE,,,,,,,,,,,UNMATCHED,,,,,,NOT_PROVISIONAL_PAID,
282,31635,INV-3190749,142,AUD,134.94,2026-06-01,Y,5030,INVOICE,,,,,,,,,,,MATCHED,FIRST_CLASS_REF,10953,134.94,AUD,2026-07-08,reference+amount+temporal,
283,31634,106782,130,USD,808.08,2026-05-31,Y,5030,INVOICE,,,,,,,,,,,MATCHED,FIRST_CLASS_REF,10952,1169.83,AUD,2026-07-08,reference+amount+temporal,
284,31633,R209914,656,AUD,8180.05,2026-06-01,N,5032,INVOICE,,,,,,,,,,,UNMATCHED,,,,,,NOT_PROVISIONAL_PAID,
285,31632,,649,USD,10000.00,2026-05-31,Y,5030,INVOICE,,,,,,,NONE,,,,UNMATCHED,,,,,,NO_MATCHING_PAYMENT_FOUND,NO_INVOICE_NUMBER
286,31624,INV-01293,138,AUD,385.00,2026-06-18,Y,5032,INVOICE,,,,,,,,,,,MATCHED,FIRST_CLASS_REF,11033,385.0,AUD,2026-07-21,reference+amount+temporal,
287,31608,404381106537,274,AUD,3532.10,2026-06-17,Y,6701,INVOICE,,,,,,,,,,,MATCHED,FIRST_CLASS_REF,10833,3532.1,AUD,2026-06-20,reference+amount+temporal,
288,31597,,706,AUD,2970.00,2026-06-19,N,,RULES_NEEDED,,,,,,,,,,,UNMATCHED,,,,,,NOT_PROVISIONAL_PAID,
289,31574,4032800,72,AUD,220.00,2026-04-13,N,5034,INVOICE,,,,,,,,,,,UNMATCHED,,,,,,NOT_PROVISIONAL_PAID,
290,31559,4046421,72,AUD,330.00,2026-05-28,N,5034,INVOICE,,,,,,,,,,,UNMATCHED,,,,,,NOT_PROVISIONAL_PAID,
291,31554,,368,AUD,4650.72,2026-06-18,Y,,RULES_NEEDED,,,,,,10868,EXACT,HIGH,,,MATCHED,PAYLINE_EXACT,10868,4650.72,AUD,2026-06-26,payline amount+date accepted (HIGH),
292,31530,8561,622,AUD,2420.00,2026-03-31,N,6501,INVOICE,,,,,,,,,,,UNMATCHED,,,,,,NOT_PROVISIONAL_PAID,
293,31529,00561671,670,AUD,1153.10,2026-06-17,Y,5033,INVOICE,,,,,,,,,,,MATCHED,FIRST_CLASS_REF,10867,1153.1,AUD,2026-06-26,reference+amount+temporal,
294,31504,4048763,72,AUD,220.00,2026-06-05,Y,5034,INVOICE,,,,,,,,,,,MATCHED,FIRST_CLASS_REF,10865,220.0,AUD,2026-06-26,reference+amount+temporal,
295,31440,CLAIMNO 12209378001,150,AUD,3097.18,2026-04-30,Y,,RULES_NEEDED,,,,,,,NONE,,,,UNMATCHED,,,,,,NO_MATCHING_PAYMENT_FOUND,NO_REFERENCE_MATCH
296,31356,INV-01291,138,AUD,930.00,2026-06-03,Y,5032,INVOICE,,,,,,,,,,,MATCHED,FIRST_CLASS_REF,10859,930.0,AUD,2026-06-26,reference+amount+temporal,
297,31292,INV-01289,138,AUD,580.00,2026-05-25,Y,5032,INVOICE,,,,,,,,,,,MATCHED,FIRST_CLASS_REF,10862,580.0,AUD,2026-06-26,reference+amount+temporal,
298,31270,FDD2C2B0010,87,USD,18307.80,2026-04-03,Y,6701,INVOICE,,,,,,,,,,,MATCHED,FIRST_CLASS_REF,9541,23565.91,SGD,2026-06-05,reference+amount+temporal,
299,31268,INVFR0561321,31,USD,2268.80,2026-04-29,Y,6701,INVOICE,,,,,,,,,,,MATCHED,FIRST_CLASS_REF,9543,2931.09,SGD,2026-06-05,reference+amount+temporal,
300,31167,FLE0016844,86,AUD,5000.00,2026-05-28,Y,,RULES_NEEDED,,,,,,,NONE,,,,UNMATCHED,,,,,,NO_MATCHING_PAYMENT_FOUND,NO_REFERENCE_MATCH
301,31160,INV-01290,138,AUD,1400.00,2026-05-29,N,5032,INVOICE,,,,,,,,,,,UNMATCHED,,,,,,NOT_PROVISIONAL_PAID,
302,31104,2472,707,AUD,5204.35,2026-05-28,Y,,RULES_NEEDED,,,,,,10948,EXACT,HIGH,,,MATCHED,PAYLINE_EXACT,10948,5204.35,AUD,2026-07-07,payline amount+date accepted (HIGH),
303,31076,INV-01288,138,AUD,1595.00,2026-05-25,N,5032,INVOICE,,,,,,,,,,,UNMATCHED,,,,,,NOT_PROVISIONAL_PAID,
304,31070,4039504,72,AUD,220.00,2026-05-05,N,5034,INVOICE,,,,,,,,,,,UNMATCHED,,,,,,NOT_PROVISIONAL_PAID,
305,31069,6a1422aab8eac2d561e72e35,70,SGD,2785.00,2026-05-27,Y,5032,COUNTERPARTY,,,,,,,NONE,,,,UNMATCHED,,,,,,NO_MATCHING_PAYMENT_FOUND,NO_REFERENCE_MATCH
306,31045,11742595203,150,AUD,5775.51,2026-05-27,Y,,RULES_NEEDED,,,,,,,NONE,,,,UNMATCHED,,,,,,NO_MATCHING_PAYMENT_FOUND,NO_REFERENCE_MATCH
307,30991,,187,AUD,1777.12,2026-05-26,Y,5062,INVOICE,,,,,,,NONE,,,,UNMATCHED,,,,,,NO_MATCHING_PAYMENT_FOUND,NO_INVOICE_NUMBER
308,30983,,80,SGD,600.00,2026-06-01,Y,5060,INVOICE,,,,,,,NONE,,,,UNMATCHED,,,,,,NO_MATCHING_PAYMENT_FOUND,NO_INVOICE_NUMBER
309,30920,,649,USD,10000.00,2026-04-01,Y,5030,INVOICE,,,,,,,NONE,,,,UNMATCHED,,,,,,NO_MATCHING_PAYMENT_FOUND,NO_INVOICE_NUMBER
310,30918,INV-3190715,142,AUD,17635.12,2026-04-07,N,5030,INVOICE,,,,,,,,,,,UNMATCHED,,,,,,NOT_PROVISIONAL_PAID,
311,30848,113511/21,361,AUD,2911.26,2026-04-16,Y,,RULES_NEEDED,,,,,,,NONE,,,,UNMATCHED,,,,,,NO_MATCHING_PAYMENT_FOUND,NO_REFERENCE_MATCH
312,30837,,694,SGD,3000.00,2026-05-07,Y,,RULES_NEEDED,,,,,,9468,EXACT,HIGH,,,MATCHED,PAYLINE_EXACT,9468,3000.0,SGD,2026-05-19,payline amount+date accepted (HIGH),
313,30834,106336,130,USD,854.88,2026-04-30,Y,5030,INVOICE,,,,,,,,,,,MATCHED,FIRST_CLASS_REF,10951,1237.31,AUD,2026-07-08,reference+amount+temporal,
314,30813,SC2605-49906,27,SGD,3270.00,2026-05-07,Y,5001,INVOICE,,,,,,,,,,,MATCHED,FIRST_CLASS_REF,9469,3270.0,SGD,2026-05-19,reference+amount+temporal,
315,30736,SGIN26-296249,355,SGD,10379.34,2026-05-01,Y,6700,COUNTERPARTY,,,,,,,,,,,MATCHED,FIRST_CLASS_REF,10592,11295.56,AUD,2026-05-14,reference+amount+temporal,
316,30724,AAU201391,41,AUD,386.75,2026-04-23,Y,5032,INVOICE,,,,,,,,,,,MATCHED,FIRST_CLASS_REF,10681,386.75,AUD,2026-05-19,reference+amount+temporal,
317,30716,4023418,72,AUD,330.00,2026-03-03,Y,5034,INVOICE,,,,,,,,,,,MATCHED,FIRST_CLASS_REF,10661,330.0,AUD,2026-05-19,reference+amount+temporal,
318,30622,4039553,72,AUD,165.00,2026-05-06,Y,5034,INVOICE,,,,,,,,,,,MATCHED,FIRST_CLASS_REF,10679,165.0,AUD,2026-05-19,reference+amount+temporal,
319,30588,2549974,650,AUD,17258.90,2026-04-30,N,5025,INVOICE,,,,,,,,,,,UNMATCHED,,,,,,NOT_PROVISIONAL_PAID,
320,30587,8615,622,AUD,220.00,2026-04-30,N,6501,INVOICE,,,,,,,,,,,UNMATCHED,,,,,,NOT_PROVISIONAL_PAID,
321,30539,10716,667,AUD,3421.60,2026-04-01,Y,5025,INVOICE,,,,,,10686,AMOUNT_GAP,MED,,,MATCHED,PAYLINE_AMOUNT_GAP,10686,1469.6,AUD,2026-05-21,payline amount+date accepted (MED),
322,30530,,187,AUD,3485.17,2026-05-06,Y,5062,INVOICE,,,,,,10727,AMOUNT_GAP,LOW,,,UNMATCHED,,,,,,NO_MATCHING_PAYMENT_FOUND,NO_INVOICE_NUMBER
323,30475,,163,AUD,286.37,2026-04-01,Y,6000,COUNTERPARTY,,,,,,10581,EXACT,HIGH,,,MATCHED,PAYLINE_EXACT,10581,286.37,AUD,2026-05-12,payline amount+date accepted (HIGH),
324,30473,R208694,656,AUD,8207.27,2026-05-04,N,5032,INVOICE,,,,,,,,,,,UNMATCHED,,,,,,NOT_PROVISIONAL_PAID,
325,30472,,649,USD,10000.00,2026-04-30,Y,5030,INVOICE,,,,,,,NONE,,,,UNMATCHED,,,,,,NO_MATCHING_PAYMENT_FOUND,NO_INVOICE_NUMBER
327,30469,105878,130,USD,864.24,2026-03-31,Y,5030,INVOICE,,,,,,,,,,,MATCHED,FIRST_CLASS_REF,10950,1251.65,AUD,2026-07-08,reference+amount+temporal,
328,30383,4027809,72,AUD,220.00,2026-03-20,Y,5034,INVOICE,,,,,,,,,,,MATCHED,FIRST_CLASS_REF,10665,220.0,AUD,2026-05-19,reference+amount+temporal,
329,30380,4017426,72,AUD,220.00,2026-02-09,Y,5034,INVOICE,,,,,,,,,,,MATCHED,FIRST_CLASS_REF,10658,220.0,AUD,2026-05-19,reference+amount+temporal,
330,30368,INVFR0548016,31,USD,2340.66,2026-03-29,Y,6701,INVOICE,,,,,,,,,,,MATCHED,FIRST_CLASS_REF,9447,3016.37,SGD,2026-04-30,reference+amount+temporal,
331,30367,INVFR0534146,31,USD,2412.00,2026-02-28,Y,6701,INVOICE,,,,,,,,,,,MATCHED,FIRST_CLASS_REF,9446,3108.09,SGD,2026-04-30,reference+amount+temporal,
332,30350,4034416.1,72,AUD,220.00,2026-04-22,Y,5034,INVOICE,,,,,,,,,,,MATCHED,FIRST_CLASS_REF,10675,220.0,AUD,2026-05-19,reference+amount+temporal,
333,30339,4035038,72,AUD,165.00,2026-04-23,Y,5034,INVOICE,,,,,,,,,,,MATCHED,FIRST_CLASS_REF,10677,165.0,AUD,2026-05-19,reference+amount+temporal,
334,30338,4032294,72,AUD,330.00,2026-04-09,Y,5034,INVOICE,,,,,,,,,,,MATCHED,FIRST_CLASS_REF,10672,330.0,AUD,2026-05-19,reference+amount+temporal,
335,30324,4035912,72,AUD,330.00,2026-04-27,Y,5034,INVOICE,,,,,,,,,,,MATCHED,FIRST_CLASS_REF,10678,330.0,AUD,2026-05-19,reference+amount+temporal,
336,30291,,80,SGD,840.00,2026-05-01,Y,5060,INVOICE,,,,,,,NONE,,,,UNMATCHED,,,,,,NO_MATCHING_PAYMENT_FOUND,NO_INVOICE_NUMBER
337,30290,64101,55,SGD,650.00,2026-04-07,Y,5032,INVOICE,,,,,,,,,,,MATCHED,FIRST_CLASS_REF,9455,650.0,SGD,2026-05-19,reference+amount+temporal,
338,30288,INV-01284,138,AUD,3000.00,2026-03-27,Y,5032,INVOICE,,,,,,,,,,,MATCHED,FIRST_CLASS_REF,10598,3000.0,AUD,2026-05-14,reference+amount+temporal,
339,30248,INV-01285,138,AUD,2748.00,2026-04-16,Y,5032,INVOICE,,,,,,,,,,,MATCHED,FIRST_CLASS_REF,10597,2748.0,AUD,2026-05-14,reference+amount+temporal,
340,30243,,70,SGD,100.00,2025-04-13,Y,5032,COUNTERPARTY,,,,,,86516,AMOUNT_GAP,LOW,,,UNMATCHED,,,,,,NO_MATCHING_PAYMENT_FOUND,NO_INVOICE_NUMBER
341,30221,4035699,72,AUD,330.00,2026-04-23,Y,5034,INVOICE,,,,,,,,,,,MATCHED,FIRST_CLASS_REF,10676,330.0,AUD,2026-05-19,reference+amount+temporal,
342,30176,69ddd747bde5dd9648b77f6e,70,SGD,510.00,2026-04-21,Y,5032,INVOICE,,,,,,,NONE,,,,UNMATCHED,,,,,,NO_MATCHING_PAYMENT_FOUND,NO_REFERENCE_MATCH
343,30148,4034416,72,AUD,220.00,2026-04-16,Y,5034,INVOICE,,,,,,,,,,,UNMATCHED,,,,,,NO_MATCHING_PAYMENT_FOUND,PAYMENT_ALREADY_CLAIMED (txn 10675 -> inv 332)
344,30138,FLE031149,119,AUD,-854771.43,2026-04-13,N,5035,INVOICE,,,,,,,,,,,UNMATCHED,,,,,,NOT_PROVISIONAL_PAID,
345,30128,34555,708,AUD,338.80,2026-04-16,Y,5033,INVOICE,,,,,,,NONE,,,,UNMATCHED,,,,,,NO_MATCHING_PAYMENT_FOUND,NO_REFERENCE_MATCH
346,30126,429503264080420226,709,NZD,212.02,2026-04-08,Y,,RULES_NEEDED,,,,,,,NONE,,,,UNMATCHED,,,,,,NO_MATCHING_PAYMENT_FOUND,NO_REFERENCE_MATCH
347,30118,VH-PI-26-001149,153,SGD,5553.60,2026-03-25,Y,6500,INVOICE,,,,,,,,,,,MATCHED,FIRST_CLASS_REF,9435,5553.6,SGD,2026-04-20,reference+amount+temporal,
348,30103,R207711,656,AUD,10660.50,2026-04-02,Y,5032,INVOICE,,,,,,,,,,,MATCHED,FIRST_CLASS_REF,10949,10660.5,AUD,2026-07-08,reference+amount+temporal,
349,30093,,649,USD,10000.00,2026-03-31,Y,5030,INVOICE,,,,,,,NONE,,,,UNMATCHED,,,,,,NO_MATCHING_PAYMENT_FOUND,NO_INVOICE_NUMBER
350,30046,VL40317705,752,AUD,2000.00,2026-04-15,Y,,RULES_NEEDED,,,,,,,,,,,MATCHED,FIRST_CLASS_REF,11047,2000.0,AUD,2026-07-23,reference+amount+temporal,
351,30020,,659,AUD,3097.18,2026-04-16,N,5032,INVOICE,,,,,,,,,,,UNMATCHED,,,,,,NOT_PROVISIONAL_PAID,
352,30001,4031104,72,AUD,165.00,2026-04-07,Y,5034,INVOICE,,,,,,,,,,,MATCHED,FIRST_CLASS_REF,10671,165.0,AUD,2026-05-19,reference+amount+temporal,
353,29999,,187,AUD,2435.75,2026-04-16,Y,5062,INVOICE,,,,,,10540,EXACT,HIGH,,,MATCHED,PAYLINE_EXACT,10540,2435.75,AUD,2026-04-30,payline amount+date accepted (HIGH),
354,29959,S113554/50,361,AUD,1025.12,2026-03-31,Y,,RULES_NEEDED,,,,,,,NONE,,,,UNMATCHED,,,,,,NO_MATCHING_PAYMENT_FOUND,NO_REFERENCE_MATCH
355,29957,64091,55,SGD,800.00,2026-04-06,Y,5032,INVOICE,,,,,,,,,,,MATCHED,FIRST_CLASS_REF,9454,800.0,SGD,2026-05-19,reference+amount+temporal,
356,29950,SGIN26-217406,355,SGD,169.52,2026-04-01,Y,6700,COUNTERPARTY,,,,,,,,,,,MATCHED,FIRST_CLASS_REF,9428,169.52,SGD,2026-04-15,reference+amount+temporal,
357,29949,SGIN26-217404,355,SGD,11315.15,2026-04-01,Y,6700,COUNTERPARTY,,,,,,,,,,,MATCHED,FIRST_CLASS_REF,10593,12309.72,AUD,2026-05-14,reference+amount+temporal,
358,29944,236622,119,AUD,69472.07,2026-03-30,Y,5035,INVOICE,,,,,,,NONE,,,,UNMATCHED,,,,,,NO_MATCHING_PAYMENT_FOUND,NO_REFERENCE_MATCH
359,29936,4027752,72,AUD,330.00,2026-03-20,Y,5034,INVOICE,,,,,,,,,,,MATCHED,FIRST_CLASS_REF,10664,330.0,AUD,2026-05-19,reference+amount+temporal,
360,29908,4030163,72,AUD,165.00,2026-03-30,Y,5034,INVOICE,,,,,,,,,,,MATCHED,FIRST_CLASS_REF,10669,165.0,AUD,2026-05-19,reference+amount+temporal,
361,29880,VH-PI-26-001150,153,SGD,2185.50,2026-03-25,Y,6500,COUNTERPARTY,,,,,,,,,,,MATCHED,FIRST_CLASS_REF,9403,2185.5,SGD,2026-04-13,reference+amount+temporal,
362,29877,RNN26-G-34004,597,SGD,545.00,2026-02-01,Y,6701,INVOICE,,,,,,,,,,,MATCHED,FIRST_CLASS_REF,9402,545.0,SGD,2026-04-13,reference+amount+temporal,
363,29746,64096,55,SGD,300.00,2026-04-06,Y,5032,INVOICE,,,,,,,,,,,MATCHED,FIRST_CLASS_REF,9453,300.0,SGD,2026-05-19,reference+amount+temporal,
364,29732,,,AUD,600.00,2026-04-08,Y,,RULES_NEEDED,,,,,,,,,NEW,Paolo Villaflores,UNMATCHED,,,,,,EXCLUDED_NOT_A_VENDOR,
365,29637,4028006,72,AUD,330.00,2026-03-25,Y,5034,INVOICE,,,,,,,,,,,MATCHED,FIRST_CLASS_REF,10667,330.0,AUD,2026-05-19,reference+amount+temporal,
366,29616,PB 22415,146,SGD,70.00,2024-04-04,Y,5033,COUNTERPARTY,,,,,,,,,,,MATCHED,FIRST_CLASS_REF,9615,70.0,SGD,2026-07-08,reference+amount+temporal,
367,29590,4025378,72,AUD,220.00,2026-03-30,Y,5034,INVOICE,,,,,,,,,,,MATCHED,FIRST_CLASS_REF,10670,220.0,AUD,2026-05-19,reference+amount+temporal,
368,29572,DM023,111,AUD,1045.00,2026-03-25,Y,5001,INVOICE,,,,,,,,,,,MATCHED,FIRST_CLASS_REF,10539,1045.0,AUD,2026-04-30,reference+amount+temporal,
369,29558,64016,55,SGD,100.00,2026-03-25,Y,5032,INVOICE,,,,,,,,,,,MATCHED,FIRST_CLASS_REF,9448,100.0,SGD,2026-04-30,reference+amount+temporal,
370,29538,R206324,656,AUD,14294.12,2026-03-13,Y,5032,INVOICE,,,,,,,,,,,MATCHED,FIRST_CLASS_REF,10857,14294.12,AUD,2026-06-26,reference+amount+temporal,
371,29537,INV-3190694,142,AUD,11502.10,2026-03-09,Y,5030,INVOICE,,,,,,,,,,,MATCHED,FIRST_CLASS_REF,10692,11502.1,AUD,2026-05-22,reference+amount+temporal,
372,29524,4027467,72,AUD,82.50,2026-03-27,Y,5034,INVOICE,,,,,,,,,,,MATCHED,FIRST_CLASS_REF,10668,82.5,AUD,2026-05-19,reference+amount+temporal,
373,29514,INV-01282,138,AUD,3801.60,2026-03-16,Y,5032,INVOICE,,,,,,,,,,,MATCHED,FIRST_CLASS_REF,10458,3801.6,AUD,2026-04-27,reference+amount+temporal,
374,29476,SGIN26-144223,355,SGD,166.38,2026-03-01,Y,6700,COUNTERPARTY,,,,,,,,,,,MATCHED,FIRST_CLASS_REF,9427,166.38,SGD,2026-04-15,reference+amount+temporal,
375,29475,SGIN26-144226,355,SGD,9862.47,2026-03-01,Y,6700,COUNTERPARTY,,,,,,,,,,,MATCHED,FIRST_CLASS_REF,10591,10729.55,AUD,2026-05-14,reference+amount+temporal,
376,29474,SGIN26-71776,355,SGD,10365.04,2026-02-01,Y,6700,COUNTERPARTY,,,,,,,,,,,MATCHED,FIRST_CLASS_REF,10419,11385.61,AUD,2026-04-16,reference+amount+temporal,
377,29473,SGIN26-71775,355,SGD,170.05,2026-02-01,Y,6700,COUNTERPARTY,,,,,,,,,,,MATCHED,FIRST_CLASS_REF,9426,170.05,SGD,2026-04-15,reference+amount+temporal,
378,29437,,106,SGD,3270.00,2026-03-29,Y,5032,INVOICE,,,,,,10326,NEAR_1PCT,MED,,,MATCHED,PAYLINE_NEAR_1PCT,10326,3645.48,AUD,2026-04-10,payline amount+date accepted (MED),
379,29415,4027573,72,AUD,330.00,2026-03-23,Y,5034,INVOICE,,,,,,,,,,,MATCHED,FIRST_CLASS_REF,10666,330.0,AUD,2026-05-19,reference+amount+temporal,
380,29388,18756,652,AUD,440.00,2026-03-26,Y,5032,INVOICE,,,,,,,,,,,MATCHED,FIRST_CLASS_REF,10351,440.0,AUD,2026-04-15,reference+amount+temporal,
381,29380,,163,USD,225.56,2026-03-26,Y,6000,INVOICE,,,,,,,,,NEW,Craig Letters,UNMATCHED,,,,,,NO_MATCHING_PAYMENT_FOUND,NO_INVOICE_NUMBER
382,29344,,80,SGD,840.00,2026-04-01,Y,5060,INVOICE,,,,,,,NONE,,,,UNMATCHED,,,,,,NO_MATCHING_PAYMENT_FOUND,NO_INVOICE_NUMBER
383,29318,,59,SGD,490.50,2026-02-02,N,5001,INVOICE,,,,,,,,,,,UNMATCHED,,,,,,NOT_PROVISIONAL_PAID,
384,29298,FINV7268,671,AUD,385.00,2026-01-08,Y,5032,INVOICE,,,,,,10355,GST,MED,,,MATCHED,PAYLINE_GST,10355,350.0,AUD,2026-04-15,payline amount+date accepted (MED),
385,29238,4024239,72,AUD,330.00,2026-03-05,Y,5034,INVOICE,,,,,,,,,,,MATCHED,FIRST_CLASS_REF,10662,330.0,AUD,2026-05-19,reference+amount+temporal,
386,29215,DM022,111,AUD,198.00,2026-03-17,Y,5001,INVOICE,,,,,,,,,,,MATCHED,FIRST_CLASS_REF,10538,198.0,AUD,2026-04-30,reference+amount+temporal,
387,29203,69a647cbacb8219c1c82d170,70,SGD,150.00,2026-03-17,Y,5032,INVOICE,,,,,,,NONE,,,,UNMATCHED,,,,,,NO_MATCHING_PAYMENT_FOUND,NO_REFERENCE_MATCH
388,29178,4027475,72,AUD,330.00,2026-03-19,Y,5034,INVOICE,,,,,,,,,,,MATCHED,FIRST_CLASS_REF,10663,330.0,AUD,2026-05-19,reference+amount+temporal,
389,29162,,163,AUD,253.16,2026-03-19,Y,6000,COUNTERPARTY,,,,,,10206,EXACT,HIGH,,,MATCHED,PAYLINE_EXACT,10206,253.16,AUD,2026-03-19,payline amount+date accepted (HIGH),
390,29160,C0715966,328,AUD,1393.26,2026-02-26,Y,2410,COUNTERPARTY,,,,,,,NONE,,,,UNMATCHED,,,,,,NO_MATCHING_PAYMENT_FOUND,NO_REFERENCE_MATCH
391,29125,113554/40,361,AUD,598.00,2026-03-17,Y,,RULES_NEEDED,,,,,,,NONE,,,,UNMATCHED,,,,,,NO_MATCHING_PAYMENT_FOUND,NO_REFERENCE_MATCH
392,29122,FDD2C2B 0008,87,USD,169.39,2026-03-03,N,6701,INVOICE,,,,,,,,,,,UNMATCHED,,,,,,NOT_PROVISIONAL_PAID,
393,29121,FDD2C2B 0007,87,USD,178.22,2026-02-03,N,6701,INVOICE,,,,,,,,,,,UNMATCHED,,,,,,NOT_PROVISIONAL_PAID,
394,29120,INV-01283,138,AUD,1980.00,2026-03-16,Y,5032,INVOICE,,,,,,,,,,,MATCHED,FIRST_CLASS_REF,10457,1980.0,AUD,2026-04-27,reference+amount+temporal,
395,29119,FDD2C2B 0006,87,USD,18307.80,2026-01-03,Y,6701,INVOICE,,,,,,10420,AMOUNT_GAP,MED,,,MATCHED,PAYLINE_AMOUNT_GAP,10420,25524.54,AUD,2026-04-16,payline amount+date accepted (MED),
396,29118,D25DE45847538,694,SGD,4246.07,2026-02-26,Y,,RULES_NEEDED,,,,,,9436,EXACT,HIGH,,,MATCHED,PAYLINE_EXACT,9436,4246.07,SGD,2026-04-20,payline amount+date accepted (HIGH),
397,29115,VH-PI-25-007450,153,SGD,263.50,2025-12-30,Y,6500,INVOICE,,,,,,,,,,,MATCHED,FIRST_CLASS_REF,10197,293.04,AUD,2026-03-18,reference+amount+temporal,
398,29090,69aa9ab0acb8219c1c82dd1d,70,SGD,180.00,2026-03-17,Y,5032,INVOICE,,,,,,,NONE,,,,UNMATCHED,,,,,,NO_MATCHING_PAYMENT_FOUND,NO_REFERENCE_MATCH
399,29006,63850,55,SGD,750.00,2026-03-03,Y,5032,INVOICE,,,,,,,,,,,MATCHED,FIRST_CLASS_REF,9452,750.0,SGD,2026-05-19,reference+amount+temporal,
400,28932,AAU195396,41,AUD,717.31,2026-01-29,Y,5032,INVOICE,,,,,,,,,,,MATCHED,FIRST_CLASS_REF,10529,717.3,AUD,2026-04-29,reference+amount+temporal,
401,28906,AAU197156,41,AUD,173.75,2026-02-16,Y,5032,INVOICE,,,,,,,,,,,MATCHED,FIRST_CLASS_REF,10854,173.75,AUD,2026-06-25,reference+amount+temporal,
402,28878,105373,130,USD,923.52,2026-02-28,Y,5030,INVOICE,,,,,,10568,AMOUNT_GAP,MED,,,MATCHED,PAYLINE_AMOUNT_GAP,10568,1284.81,AUD,2026-05-06,payline amount+date accepted (MED),
403,28877,,649,USD,10000.00,2026-02-28,Y,5030,INVOICE,,,,,,11120,NEAR_1PCT,MED,,,MATCHED,PAYLINE_NEAR_1PCT,11120,10013.54,USD,2026-03-23,payline amount+date accepted (MED),
404,28820,404381103912,274,AUD,7582.58,2026-01-31,N,6701,INVOICE,,,,,,,,,,,UNMATCHED,,,,,,NOT_PROVISIONAL_PAID,
405,28819,404381103145,274,AUD,7925.78,2025-12-31,N,6701,INVOICE,,,,,,,,,,,UNMATCHED,,,,,,NOT_PROVISIONAL_PAID,
406,28775,,,AUD,10300.00,2026-01-30,Y,,RULES_NEEDED,,,,,,,,,NEW,Rajat Verma,UNMATCHED,,,,,,EXCLUDED_NOT_A_VENDOR,
407,28753,,187,AUD,7953.69,2026-01-29,Y,5062,INVOICE,,,,,,10126,EXACT,HIGH,,,MATCHED,PAYLINE_EXACT,10126,7953.69,AUD,2026-03-06,payline amount+date accepted (HIGH),
408,28740,INV-3190685,142,AUD,10742.20,2026-02-09,Y,5030,INVOICE,,,,,,,,,,,MATCHED,FIRST_CLASS_REF,10520,10742.2,AUD,2026-04-28,reference+amount+temporal,
409,28738,,649,USD,10000.00,2026-01-31,Y,5030,INVOICE,,,,,,,NONE,,,,UNMATCHED,,,,,,NO_MATCHING_PAYMENT_FOUND,NO_INVOICE_NUMBER
410,28737,AU-MRKV035079E0,117,AUD,330.00,2026-02-03,N,5066,INVOICE,,,,,,,,,,,UNMATCHED,,,,,,NOT_PROVISIONAL_PAID,
411,28697,4023579,72,AUD,165.00,2026-03-03,Y,5034,INVOICE,,,,,,,,,,,MATCHED,FIRST_CLASS_REF,10660,165.0,AUD,2026-05-19,reference+amount+temporal,
412,28685,,144,SGD,3270.00,2026-02-27,Y,,RULES_NEEDED,,,,,,9408,EXACT,MED,,,MATCHED,PAYLINE_EXACT,9408,3270.0,SGD,2026-04-15,payline amount+date accepted (MED),
413,28679,63827,55,SGD,1000.00,2026-02-25,Y,5032,INVOICE,,,,,,,,,,,MATCHED,FIRST_CLASS_REF,9423,1000.0,SGD,2026-04-15,reference+amount+temporal,
414,28675,2543918,650,AUD,411.44,2025-12-31,N,5025,INVOICE,,,,,,,,,,,UNMATCHED,,,,,,NOT_PROVISIONAL_PAID,
415,28674,2544043,650,AUD,3898.72,2025-12-31,N,5025,INVOICE,,,,,,,,,,,UNMATCHED,,,,,,NOT_PROVISIONAL_PAID,
416,28673,2543115,650,AUD,3596.34,2025-11-30,N,5025,INVOICE,,,,,,,,,,,UNMATCHED,,,,,,NOT_PROVISIONAL_PAID,
417,28672,2542478,650,AUD,411.44,2025-11-30,N,5025,INVOICE,,,,,,,,,,,UNMATCHED,,,,,,NOT_PROVISIONAL_PAID,
418,28671,2541495,650,AUD,5096.08,2025-10-31,N,5025,INVOICE,,,,,,,,,,,UNMATCHED,,,,,,NOT_PROVISIONAL_PAID,
419,28670,2540953,650,AUD,411.44,2025-10-31,N,5025,INVOICE,,,,,,,,,,,UNMATCHED,,,,,,NOT_PROVISIONAL_PAID,
420,28669,2539027,650,AUD,2548.04,2025-09-30,N,5025,INVOICE,,,,,,,,,,,UNMATCHED,,,,,,NOT_PROVISIONAL_PAID,
421,28668,2538381,650,AUD,411.44,2025-09-30,N,5025,INVOICE,,,,,,,,,,,UNMATCHED,,,,,,NOT_PROVISIONAL_PAID,
422,28667,,650,AUD,103.62,2026-03-03,N,5025,INVOICE,,,,,,,,,,,UNMATCHED,,,,,,NOT_PROVISIONAL_PAID,
423,28666,,650,AUD,71.90,2026-03-03,N,5025,INVOICE,,,,,,,,,,,UNMATCHED,,,,,,NOT_PROVISIONAL_PAID,
424,28613,2026022801,128,SGD,200.00,2026-02-28,Y,6401,INVOICE,,,,,,,,,,,MATCHED,FIRST_CLASS_REF,9345,200.0,SGD,2026-03-09,reference+amount+temporal,
425,28543,63789,55,SGD,250.00,2026-02-09,Y,5032,INVOICE,,,,,,,,,,,MATCHED,FIRST_CLASS_REF,9421,250.0,SGD,2026-04-15,reference+amount+temporal,
426,28533,4017096,72,AUD,165.00,2026-02-06,Y,5034,INVOICE,,,,,,,,,,,MATCHED,FIRST_CLASS_REF,10657,165.0,AUD,2026-05-19,reference+amount+temporal,
427,28507,60319,710,AUD,3149.01,2026-02-24,Y,,RULES_NEEDED,,,,,,,NONE,,,,UNMATCHED,,,,,,NO_MATCHING_PAYMENT_FOUND,NO_REFERENCE_MATCH
428,28496,R0328988OD,59,SGD,109.00,2026-02-23,N,5001,INVOICE,,,,,,,,,,,UNMATCHED,,,,,,NOT_PROVISIONAL_PAID,
429,28483,INV-00002444,157,AUD,438.90,2025-12-31,N,6501,INVOICE,,,,,,,,,,,UNMATCHED,,,,,,NOT_PROVISIONAL_PAID,
430,28392,,80,USD,720.00,2026-03-01,Y,5060,INVOICE,,,,,,,NONE,,,,UNMATCHED,,,,,,NO_MATCHING_PAYMENT_FOUND,NO_INVOICE_NUMBER
431,28378,26.0044,28,AUD,907.50,2026-01-31,Y,6500,INVOICE,,,,,,,,,,,MATCHED,FIRST_CLASS_REF,10004,907.5,AUD,2026-02-23,reference+amount+temporal,
432,28346,INVFR0521413,31,USD,2844.00,2026-01-29,Y,6701,INVOICE,,,,,,,,,,,MATCHED,FIRST_CLASS_REF,9322,3626.16,SGD,2026-02-20,reference+amount+temporal,
433,28345,INVFR0508850,31,USD,2844.93,2025-12-29,Y,6701,INVOICE,,,,,,,,,,,MATCHED,FIRST_CLASS_REF,9321,3627.77,SGD,2026-02-20,reference+amount+temporal,
434,28342,INVFR0496023,31,USD,2988.00,2025-11-29,Y,6701,INVOICE,,,,,,,,,,,MATCHED,FIRST_CLASS_REF,9320,3809.52,SGD,2026-02-20,reference+amount+temporal,
435,28340,INVFR0482476,31,USD,3163.10,2025-10-29,Y,6701,INVOICE,,,,,,,,,,,MATCHED,FIRST_CLASS_REF,9318,4024.5,SGD,2026-02-19,reference+amount+temporal,
436,28294,18735,652,AUD,3909.30,2026-02-10,Y,5032,INVOICE,,,,,,,,,,,MATCHED,FIRST_CLASS_REF,10102,3909.3,AUD,2026-03-04,reference+amount+temporal,
437,28228,,163,AUD,0.00,2026-02-16,Y,6000,INVOICE,,,,,,,,,NEW,Craig Letters,UNMATCHED,,,,,,NO_MATCHING_PAYMENT_FOUND,NO_AMOUNT
438,28203,4017927,72,AUD,165.00,2026-02-10,Y,5034,INVOICE,,,,,,,,,,,MATCHED,FIRST_CLASS_REF,10659,165.0,AUD,2026-05-19,reference+amount+temporal,
439,28133,2025092501,128,SGD,600.00,2026-02-13,Y,6401,INVOICE,,,,,,,,,,,MATCHED,FIRST_CLASS_REF,9324,600.0,SGD,2026-02-20,reference+amount+temporal,
440,28117,360385,711,AUD,170.44,2025-12-18,Y,,RULES_NEEDED,,,,,,,NONE,,,,UNMATCHED,,,,,,NO_MATCHING_PAYMENT_FOUND,NO_REFERENCE_MATCH
441,28113,63780,55,SGD,250.00,2026-02-09,Y,5032,INVOICE,,,,,,,,,,,MATCHED,FIRST_CLASS_REF,9420,250.0,SGD,2026-04-15,reference+amount+temporal,
443,28027,INVSGP13649,116,USD,5883.71,2025-12-31,Y,6701,INVOICE,,,,,,,,,,,MATCHED,FIRST_CLASS_REF,10841,8568.09,AUD,2026-06-23,reference+amount+temporal,
444,28024,,649,USD,10000.00,2026-02-10,Y,5030,INVOICE,,,,,,11095,NEAR_1PCT,MED,,,MATCHED,PAYLINE_NEAR_1PCT,11095,10008.54,USD,2026-02-20,payline amount+date accepted (MED),
445,28004,260004,662,AUD,6600.00,2026-02-09,Y,5032,INVOICE,,,,,,,,,,,MATCHED,FIRST_CLASS_REF,9936,6600.0,AUD,2026-02-09,reference+amount+temporal,
446,27983,4014478,72,AUD,165.00,2026-01-30,Y,5034,INVOICE,,,,,,,,,,,MATCHED,FIRST_CLASS_REF,10656,165.0,AUD,2026-05-19,reference+amount+temporal,
447,27975,56921,767,AUD,296.00,2026-02-05,Y,,RULES_NEEDED,,,,,,,,,NEW,Northside Autocare Pty Ltd,UNMATCHED,,,,,,NO_MATCHING_PAYMENT_FOUND,NO_REFERENCE_MATCH
448,27962,INV-01280,138,AUD,5000.00,2026-02-07,Y,5032,INVOICE,,,,,,,,,,,MATCHED,FIRST_CLASS_REF,10101,5000.0,AUD,2026-03-04,reference+amount+temporal,
449,27940,D25DE45412082,694,SGD,4036.55,2026-01-21,Y,,RULES_NEEDED,,,,,,9261,EXACT,HIGH,,,MATCHED,PAYLINE_EXACT,9261,4036.55,SGD,2026-02-06,payline amount+date accepted (HIGH),
450,27939,D25DE45412193,694,SGD,5850.83,2026-01-21,Y,,RULES_NEEDED,,,,,,9262,EXACT,HIGH,,,MATCHED,PAYLINE_EXACT,9262,5850.83,SGD,2026-02-06,payline amount+date accepted (HIGH),
451,27929,YS-10901,664,SGD,4360.00,2026-02-05,Y,5032,INVOICE,,,,,,9344,AMOUNT_GAP,MED,,,MATCHED,PAYLINE_AMOUNT_GAP,9344,3270.0,SGD,2026-03-09,payline amount+date accepted (MED),
452,27927,1695731837,,USD,500.23,2026-02-05,Y,,RULES_NEEDED,,,,,,,,,NEW,"Agoda Company Pte, Ltd.",UNMATCHED,,,,,,EXCLUDED_DO_NOT_CREATE,
453,27918,R202750,656,AUD,7573.90,2025-12-17,Y,5032,INVOICE,,,,,,,,,,,MATCHED,FIRST_CLASS_REF,9960,7573.9,AUD,2026-02-13,reference+amount+temporal,
454,27917,R204354,656,AUD,9659.49,2026-02-03,Y,5032,INVOICE,,,,,,,,,,,MATCHED,FIRST_CLASS_REF,10537,9659.49,AUD,2026-04-30,reference+amount+temporal,
455,27916,R202034,656,AUD,2841.03,2025-11-30,Y,5032,INVOICE,,,,,,,,,,,MATCHED,FIRST_CLASS_REF,9961,2841.03,AUD,2026-02-13,reference+amount+temporal,
456,27915,104942,130,USD,970.32,2026-01-31,Y,5030,INVOICE,,,,,,,,,,,MATCHED,FIRST_CLASS_REF,10544,1365.89,AUD,2026-04-30,reference+amount+temporal,
457,27914,AU-MRKV034778AB,117,AUD,330.00,2026-01-08,N,5066,INVOICE,,,,,,,,,,,UNMATCHED,,,,,,NOT_PROVISIONAL_PAID,
458,27900,,,SGD,349.35,2026-02-19,Y,,RULES_NEEDED,,,,,,,,,NEW,Agoda,UNMATCHED,,,,,,EXCLUDED_DO_NOT_CREATE,
459,27874,CBMI26020005,106,SGD,2539.70,2026-02-02,Y,5032,INVOICE,,,,,,,,,,,MATCHED,FIRST_CLASS_REF,10325,2831.93,AUD,2026-04-10,reference+amount+temporal,
460,27854,INV-7321,149,AUD,2000.00,2026-02-02,Y,5060,COUNTERPARTY,,,,,,,,,,,MATCHED,FIRST_CLASS_REF,10110,2000.0,AUD,2026-03-05,reference+amount+temporal,
461,27852,20260012,712,SGD,1836.26,2026-01-22,Y,,RULES_NEEDED,,,,,,,NONE,,,,UNMATCHED,,,,,,NO_MATCHING_PAYMENT_FOUND,NO_REFERENCE_MATCH
462,27851,104483,130,USD,985.92,2025-12-31,Y,5030,INVOICE,,,,,,10567,AMOUNT_GAP,MED,,,MATCHED,PAYLINE_AMOUNT_GAP,10567,1371.42,AUD,2026-05-06,payline amount+date accepted (MED),
463,27722,404381101407,274,AUD,5877.30,2025-10-31,Y,6701,INVOICE,,,,,,,,,,,MATCHED,FIRST_CLASS_REF,10119,5877.3,AUD,2026-03-06,reference+amount+temporal,
464,27719,404381100379,274,AUD,5469.75,2025-09-30,Y,6701,INVOICE,,,,,,,,,,,MATCHED,FIRST_CLASS_REF,9919,5469.75,AUD,2026-02-04,reference+amount+temporal,
465,27718,1038359,83,AUD,5316.03,2025-08-31,Y,6701,INVOICE,,,,,,,,,,,MATCHED,FIRST_CLASS_REF,9901,5316.03,AUD,2026-02-02,reference+amount+temporal,
466,27712,FLE0015420,86,AUD,3650.00,2025-06-16,Y,,RULES_NEEDED,,,,,,,NONE,,,,UNMATCHED,,,,,,NO_MATCHING_PAYMENT_FOUND,NO_REFERENCE_MATCH
467,27647,,80,SGD,120.00,2026-02-01,Y,5060,INVOICE,,,,,,,NONE,,,,UNMATCHED,,,,,,NO_MATCHING_PAYMENT_FOUND,NO_INVOICE_NUMBER
468,27550,63673,55,SGD,280.00,2026-01-17,Y,5032,INVOICE,,,,,,,,,,,MATCHED,FIRST_CLASS_REF,9422,280.0,SGD,2026-04-15,reference+amount+temporal,
469,27542,RNN26-G-34003,597,SGD,545.00,2026-02-01,Y,6701,INVOICE,,,,,,,,,,,MATCHED,FIRST_CLASS_REF,9941,612.6,AUD,2026-02-10,reference+amount+temporal,
470,27538,INV-3190679,142,AUD,13496.98,2026-01-13,Y,5030,INVOICE,,,,,,,,,,,MATCHED,FIRST_CLASS_REF,9881,13496.98,AUD,2026-01-28,reference+amount+temporal,
471,27536,INV-3190670,142,AUD,12184.74,2025-12-19,Y,5030,INVOICE,,,,,,,,,,,MATCHED,FIRST_CLASS_REF,9880,12184.74,AUD,2026-01-28,reference+amount+temporal,
472,27457,INV-01279,138,AUD,3092.20,2026-01-23,Y,5032,INVOICE,,,,,,,,,,,MATCHED,FIRST_CLASS_REF,9897,3092.2,AUD,2026-02-02,reference+amount+temporal,
473,27447,,694,SGD,3000.00,2026-01-12,Y,,RULES_NEEDED,,,,,,9374,EXACT,MED,,,MATCHED,PAYLINE_EXACT,9374,3000.0,SGD,2026-03-20,payline amount+date accepted (MED),
474,27435,,80,SGD,600.00,2026-02-01,Y,5060,INVOICE,,,,,,,NONE,,,,UNMATCHED,,,,,,NO_MATCHING_PAYMENT_FOUND,NO_INVOICE_NUMBER
475,27425,AAU194356,41,AUD,1252.35,2025-12-17,Y,5032,INVOICE,,,,,,,,,,,MATCHED,FIRST_CLASS_REF,9898,1252.35,AUD,2026-02-02,reference+amount+temporal,
476,27423,,187,AUD,7773.87,2026-01-23,Y,5062,INVOICE,,,,,,9923,EXACT,HIGH,,,MATCHED,PAYLINE_EXACT,9923,7773.87,AUD,2026-02-04,payline amount+date accepted (HIGH),
477,27349,,144,SGD,3270.00,2026-01-15,Y,,RULES_NEEDED,,,,,,9235,EXACT,MED,,,UNMATCHED,,,,,,NO_MATCHING_PAYMENT_FOUND,PAYLINE_TXN_TAKEN (9235)
478,27345,FLE0016340,86,AUD,1018.63,2026-01-21,Y,,RULES_NEEDED,,,,,,,NONE,,,,UNMATCHED,,,,,,NO_MATCHING_PAYMENT_FOUND,NO_REFERENCE_MATCH
479,27324,2531605,650,AUD,1255.63,2025-05-31,Y,5025,INVOICE,,,,,,,,,,,MATCHED,FIRST_CLASS_REF,9904,1255.63,AUD,2026-02-02,reference+amount+temporal,
480,27319,2534887,650,AUD,109.52,2025-07-31,Y,5025,INVOICE,,,,,,,,,,,MATCHED,FIRST_CLASS_REF,9907,109.52,AUD,2026-02-02,reference+amount+temporal,
481,27312,2537767,650,AUD,3847.61,2025-08-31,Y,5025,INVOICE,,,,,,,,,,,MATCHED,FIRST_CLASS_REF,9910,3847.61,AUD,2026-02-02,reference+amount+temporal,
482,27311,2533139,650,AUD,2511.26,2025-06-30,N,5025,INVOICE,,,,,,,,,,,UNMATCHED,,,,,,NOT_PROVISIONAL_PAID,
483,27235,,253,SGD,1221.00,2025-02-01,Y,5061,COUNTERPARTY,,,,,,9240,EXACT,HIGH,,,MATCHED,PAYLINE_EXACT,9240,1221.0,SGD,2026-01-16,payline amount+date accepted (HIGH),
484,27222,8121,622,AUD,1760.00,2025-08-31,Y,6501,INVOICE,,,,,,9799,EXACT,HIGH,,,MATCHED,PAYLINE_EXACT,9799,1760.0,AUD,2026-01-22,payline amount+date accepted (HIGH),
485,27159,,550,SGD,3261.99,2026-01-14,Y,,RULES_NEEDED,,,,,,9234,EXACT,HIGH,,,MATCHED,PAYLINE_EXACT,9234,3261.99,SGD,2026-01-15,payline amount+date accepted (HIGH),
486,27133,,28,AUD,13546.18,2026-01-13,Y,6500,INVOICE,,,,,,,NONE,,,,UNMATCHED,,,,,,NO_MATCHING_PAYMENT_FOUND,NO_INVOICE_NUMBER
487,27100,2536629,650,AUD,411.44,2025-09-02,Y,5025,INVOICE,,,,,,,,,,,MATCHED,FIRST_CLASS_REF,9911,411.44,AUD,2026-02-02,reference+amount+temporal,
488,27098,2534558,650,AUD,411.44,2025-07-31,Y,5025,INVOICE,,,,,,,,,,,MATCHED,FIRST_CLASS_REF,9908,411.44,AUD,2026-02-02,reference+amount+temporal,
489,27095,2506605,650,AUD,402.29,2025-05-31,Y,5025,INVOICE,,,,,,,,,,,MATCHED,FIRST_CLASS_REF,9905,402.29,AUD,2026-02-02,reference+amount+temporal,
490,27093,2454120,650,AUD,388.69,2024-05-31,Y,5025,INVOICE,,,,,,,,,,,MATCHED,FIRST_CLASS_REF,9903,388.69,AUD,2026-02-02,reference+amount+temporal,
491,27037,6960866692a2db2bed380b24,70,SGD,800.00,2026-01-09,Y,5032,COUNTERPARTY,,,,,,,NONE,,,,UNMATCHED,,,,,,NO_MATCHING_PAYMENT_FOUND,NO_REFERENCE_MATCH
492,26940,SGIN26-221,355,SGD,10574.60,2026-01-01,Y,6700,COUNTERPARTY,,,,,,,,,,,MATCHED,FIRST_CLASS_REF,10390,11672.77,AUD,2026-04-15,reference+amount+temporal,
493,26938,SGIN25-776148,355,SGD,9099.82,2025-12-01,Y,6700,COUNTERPARTY,,,,,,,,,,,MATCHED,FIRST_CLASS_REF,9250,9099.82,SGD,2026-01-23,reference+amount+temporal,
494,26937,SGIN25-720838,355,SGD,8719.34,2025-11-01,Y,6700,COUNTERPARTY,,,,,,,,,,,MATCHED,FIRST_CLASS_REF,9243,8719.34,SGD,2026-01-16,reference+amount+temporal,
495,26928,SGIN26-220,355,SGD,171.33,2026-01-01,Y,6700,COUNTERPARTY,,,,,,,,,,,MATCHED,FIRST_CLASS_REF,9224,171.33,SGD,2026-01-07,reference+amount+temporal,
496,26927,SGIN25-776149,355,SGD,171.88,2025-12-01,Y,6700,COUNTERPARTY,,,,,,,,,,,MATCHED,FIRST_CLASS_REF,9223,171.88,SGD,2026-01-07,reference+amount+temporal,
497,26926,902205,355,SGD,223.97,2025-11-18,Y,6700,COUNTERPARTY,,,,,,,,,,,MATCHED,FIRST_CLASS_REF,9222,223.97,SGD,2026-01-07,reference+amount+temporal,
498,26925,SGIN25-720840,355,SGD,169.88,2025-11-01,Y,6700,COUNTERPARTY,,,,,,,,,,,MATCHED,FIRST_CLASS_REF,9221,169.88,SGD,2026-01-07,reference+amount+temporal,
499,26924,902095,355,SGD,233.68,2025-10-27,Y,6700,COUNTERPARTY,,,,,,,,,,,MATCHED,FIRST_CLASS_REF,9220,233.68,SGD,2026-01-07,reference+amount+temporal,
500,26852,INV-7205,149,AUD,2000.00,2026-01-05,Y,5060,INVOICE,,,,,,,,,,,MATCHED,FIRST_CLASS_REF,9900,2000.0,AUD,2026-02-02,reference+amount+temporal,
501,26813,52483,672,SGD,20.60,2025-12-30,Y,5025,INVOICE,,,,,,9212,AMOUNT_GAP,MED,,,MATCHED,PAYLINE_AMOUNT_GAP,9212,30.0,SGD,2026-01-02,payline amount+date accepted (MED),
502,26754,25.0379,28,AUD,880.00,2025-12-01,Y,6500,INVOICE,,,,,,,,,,,MATCHED,FIRST_CLASS_REF,9648,880.0,AUD,2026-01-02,reference+amount+temporal,
503,26753,25.0305,28,AUD,1155.00,2025-09-30,Y,6500,INVOICE,,,,,,,,,,,MATCHED,FIRST_CLASS_REF,9645,1155.0,AUD,2026-01-02,reference+amount+temporal,
504,26752,25.0322,28,AUD,907.50,2025-10-01,Y,6500,INVOICE,,,,,,,,,,,MATCHED,FIRST_CLASS_REF,9646,907.5,AUD,2026-01-02,reference+amount+temporal,
505,26751,25.0363,28,AUD,1430.00,2025-10-31,Y,6500,INVOICE,,,,,,,,,,,MATCHED,FIRST_CLASS_REF,9647,1430.0,AUD,2026-01-02,reference+amount+temporal,
506,26696,151,714,AUD,1452.00,2025-12-24,Y,,RULES_NEEDED,,,,,,,NONE,,,,UNMATCHED,,,,,,NO_MATCHING_PAYMENT_FOUND,INVOICE_NUMBER_TOO_SHORT
507,26664,,80,SGD,720.00,2026-01-01,Y,5060,INVOICE,,,,,,,NONE,,,,UNMATCHED,,,,,,NO_MATCHING_PAYMENT_FOUND,NO_INVOICE_NUMBER
508,26656,,715,AUD,830.00,2025-12-27,Y,,RULES_NEEDED,,,,,,,NONE,,,,UNMATCHED,,,,,,NO_MATCHING_PAYMENT_FOUND,NO_INVOICE_NUMBER
509,26643,3215698.1,72,AUD,110.00,2025-12-10,Y,5034,INVOICE,,,,,,,,,,,MATCHED,FIRST_CLASS_REF,10653,110.0,AUD,2026-05-19,reference+amount+temporal,
510,26512,404381102206,274,AUD,5491.20,2025-11-30,Y,6701,INVOICE,,,,,,,,,,,MATCHED,FIRST_CLASS_REF,10120,5491.2,AUD,2026-03-06,reference+amount+temporal,
511,26465,18482,652,AUD,2156.69,2025-06-13,Y,5032,INVOICE,,,,,,,,,,,MATCHED,FIRST_CLASS_REF,9680,2156.69,AUD,2026-01-12,reference+amount+temporal,
512,26370,AU-MRKV034438E0,117,AUD,660.00,2025-12-02,Y,5066,INVOICE,,,,,,,,,,,MATCHED,FIRST_CLASS_REF,9754,660.0,AUD,2026-01-15,reference+amount+temporal,
513,26369,104122,130,USD,985.92,2025-11-30,Y,5030,INVOICE,,,,,,,,,,,MATCHED,FIRST_CLASS_REF,9894,1414.01,AUD,2026-01-30,reference+amount+temporal,
514,26368,,649,USD,10000.00,2025-11-30,Y,5030,INVOICE,,,,,,9787,NEAR_1PCT,MED,,,MATCHED,PAYLINE_NEAR_1PCT,9787,14896.54,AUD,2026-01-20,payline amount+date accepted (MED),
515,26367,AU-MRKV034332DF,117,AUD,320.83,2025-11-21,Y,5066,INVOICE,,,,,,,,,,,MATCHED,FIRST_CLASS_REF,9753,320.83,AUD,2026-01-15,reference+amount+temporal,
516,26366,393,117,AUD,214.52,2025-11-17,Y,5066,INVOICE,,,,,,9752,EXACT,HIGH,,,MATCHED,PAYLINE_EXACT,9752,214.52,AUD,2026-01-15,payline amount+date accepted (HIGH),
517,26364,INV-3190648,142,AUD,12436.32,2025-11-13,Y,5030,INVOICE,,,,,,,,,,,MATCHED,FIRST_CLASS_REF,9807,12436.32,AUD,2026-01-23,reference+amount+temporal,
518,26363,AU-MRKV0340979B,117,AUD,2079.00,2025-11-03,Y,5066,INVOICE,,,,,,,,,,,MATCHED,FIRST_CLASS_REF,9751,2079.0,AUD,2026-01-15,reference+amount+temporal,
519,26349,VH-PI-25-007095,153,SGD,490.50,2025-12-10,Y,6500,INVOICE,,,,,,,,,,,MATCHED,FIRST_CLASS_REF,95315,490.5,SGD,2025-12-15,reference+amount+temporal,
520,26348,VH-PI-25-007194,153,SGD,490.50,2025-12-15,Y,6500,INVOICE,,,,,,,,,,,MATCHED,FIRST_CLASS_REF,95314,490.5,SGD,2025-12-15,reference+amount+temporal,
521,26333,FINV7081,671,AUD,165.00,2025-11-07,Y,5032,INVOICE,,,,,,,,,,,MATCHED,FIRST_CLASS_REF,97818,165.0,AUD,2025-12-15,reference+amount+temporal,
522,26330,FINV7023,671,AUD,181.50,2025-10-24,Y,5032,INVOICE,,,,,,,,,,,MATCHED,FIRST_CLASS_REF,97817,181.5,AUD,2025-12-15,reference+amount+temporal,
523,26329,FINV6975,671,AUD,385.00,2025-10-17,Y,5032,INVOICE,,,,,,,,,,,MATCHED,FIRST_CLASS_REF,97816,385.0,AUD,2025-12-15,reference+amount+temporal,
524,26328,FINV6955,671,AUD,385.00,2025-10-07,Y,5032,INVOICE,,,,,,,,,,,MATCHED,FIRST_CLASS_REF,97815,385.0,AUD,2025-12-15,reference+amount+temporal,
525,26326,FINV5929,671,AUD,385.00,2025-09-26,Y,5032,INVOICE,,,,,,,,,,,MATCHED,FIRST_CLASS_REF,97814,385.0,AUD,2025-12-15,reference+amount+temporal,
526,26260,,671,AUD,1501.50,2025-12-12,Y,5032,INVOICE,,,,,,97814,AMOUNT_GAP,LOW,,,UNMATCHED,,,,,,NO_MATCHING_PAYMENT_FOUND,NO_INVOICE_NUMBER
527,26238,VH-PI-25-001266,153,SGD,1200.00,2025-02-27,Y,6500,INVOICE,,,,,,,,,,,MATCHED,FIRST_CLASS_REF,95306,1200.0,SGD,2025-12-11,reference+amount+temporal,
528,26228,17690,716,AUD,5000.00,2025-12-11,Y,,RULES_NEEDED,,,,,,,,,,,MATCHED,FIRST_CLASS_REF,97823,5000.0,AUD,2025-12-17,reference+amount+temporal,
529,26166,INV-7115,149,AUD,2000.00,2025-12-08,Y,5060,INVOICE,,,,,,,,,,,MATCHED,FIRST_CLASS_REF,9679,2000.0,AUD,2026-01-12,reference+amount+temporal,
530,26155,,768,SGD,261.60,2025-12-08,Y,,RULES_NEEDED,,,,,,,,,NEW,SCI (Singapore Continuation Institute),UNMATCHED,,,,,,NO_MATCHING_PAYMENT_FOUND,NO_INVOICE_NUMBER
531,26152,INV-01272,138,AUD,495.00,2025-12-03,Y,5032,INVOICE,,,,,,,,,,,MATCHED,FIRST_CLASS_REF,97846,495.0,AUD,2025-12-19,reference+amount+temporal,
532,26129,,511,SGD,3270.00,2025-12-07,Y,5032,INVOICE,,,,,,9230,EXACT,HIGH,,,MATCHED,PAYLINE_EXACT,9230,3270.0,SGD,2026-01-12,payline amount+date accepted (HIGH),
533,26114,,144,SGD,3270.00,2025-11-28,Y,,RULES_NEEDED,,,,,,9227,EXACT,MED,,,MATCHED,PAYLINE_EXACT,9227,3270.0,SGD,2026-01-12,payline amount+date accepted (MED),
534,26102,,328,AUD,825.00,2025-11-14,Y,2410,COUNTERPARTY,,,,,,104952,AMOUNT_GAP,LOW,,,UNMATCHED,,,,,,NO_MATCHING_PAYMENT_FOUND,NO_INVOICE_NUMBER
535,26099,,,SGD,800.00,2025-11-27,Y,,RULES_NEEDED,,,,,,,,,NEW,Irene Poh,UNMATCHED,,,,,,EXCLUDED_NOT_A_VENDOR,
536,26082,VL40301694,752,AUD,300.00,2025-12-02,Y,5036,manual,,,,,,,,,,,MATCHED,FIRST_CLASS_REF,97788,300.0,AUD,2025-12-09,reference+amount+temporal,
537,26018,VH-PI-25-006869,153,SGD,1800.00,2025-12-01,Y,6500,COUNTERPARTY,,,,,,,,,,,MATCHED,FIRST_CLASS_REF,95298,1800.0,SGD,2025-12-02,reference+amount+temporal,
538,25987,VH-PI-25-005110,153,SGD,3825.90,2025-08-27,Y,6500,COUNTERPARTY,,,,,,,,,,,MATCHED,FIRST_CLASS_REF,95296,3825.9,SGD,2025-12-01,reference+amount+temporal,
539,25949,,80,SGD,1320.00,2025-12-01,Y,5060,INVOICE,,,,,,,NONE,,,,UNMATCHED,,,,,,NO_MATCHING_PAYMENT_FOUND,NO_INVOICE_NUMBER
540,25935,6927212ae1f624978ad1b8f5,70,SGD,3700.00,2025-11-25,Y,5032,INVOICE,,,,,,,NONE,,,,UNMATCHED,,,,,,NO_MATCHING_PAYMENT_FOUND,NO_REFERENCE_MATCH
541,25932,,717,AUD,4183.00,2025-11-28,Y,,RULES_NEEDED,,,,,,,NONE,,,,UNMATCHED,,,,,,NO_MATCHING_PAYMENT_FOUND,NO_INVOICE_NUMBER
542,25903,3217111,72,AUD,165.00,2025-11-12,Y,5034,INVOICE,,,,,,,,,,,MATCHED,FIRST_CLASS_REF,97808,165.0,AUD,2025-12-10,reference+amount+temporal,
543,25880,84995,132,AUD,514.05,2025-11-18,Y,5025,INVOICE,,,,,,9683,EXACT,HIGH,,,MATCHED,PAYLINE_EXACT,9683,514.05,AUD,2026-01-12,payline amount+date accepted (HIGH),
544,25849,103933,130,USD,960.96,2025-10-31,Y,5030,INVOICE,,,,,,,,,,,MATCHED,FIRST_CLASS_REF,9893,1379.14,AUD,2026-01-30,reference+amount+temporal,
545,25847,,328,AUD,1933.53,2025-11-14,Y,2410,COUNTERPARTY,,,,,,,NONE,,,,UNMATCHED,,,,,,NO_MATCHING_PAYMENT_FOUND,NO_INVOICE_NUMBER
546,25846,,655,SGD,3173.20,2025-11-25,Y,5062,COUNTERPARTY,,,,,,10546,AMOUNT_GAP,LOW,,,UNMATCHED,,,,,,NO_MATCHING_PAYMENT_FOUND,NO_INVOICE_NUMBER
547,25765,DM019,111,AUD,1144.00,2025-11-20,Y,5001,INVOICE,,,,,,,,,,,MATCHED,FIRST_CLASS_REF,9785,1144.0,AUD,2026-01-20,reference+amount+temporal,
548,25763,DM018,111,AUD,924.00,2025-11-15,Y,5001,INVOICE,,,,,,,,,,,MATCHED,FIRST_CLASS_REF,9783,924.0,AUD,2026-01-20,reference+amount+temporal,
549,25737,INVSGP13464,116,USD,4154.01,2025-09-30,Y,6701,INVOICE,,,,,,,,,,,MATCHED,FIRST_CLASS_REF,95267,5463.54,SGD,2025-11-20,reference+amount+temporal,
550,25736,FDD2C2B 0003,87,USD,300.34,2025-11-03,Y,6701,INVOICE,,,,,,95270,NEAR_1PCT,MED,,,UNMATCHED,,,,,,NO_MATCHING_PAYMENT_FOUND,PAYLINE_TXN_TAKEN (95270)
551,25735,INV02417832,87,USD,305.22,2025-02-10,Y,6701,INVOICE,,,,,,,,,,,MATCHED,FIRST_CLASS_REF,95270,401.12,SGD,2025-11-20,reference+amount+temporal,
552,25686,232626,119,AUD,82274.34,2025-09-24,N,5035,INVOICE,,,,,,,,,,,UNMATCHED,,,,,,NOT_PROVISIONAL_PAID,
553,25683,18675,652,AUD,1602.15,2025-11-12,Y,5032,INVOICE,,,,,,,,,,,MATCHED,FIRST_CLASS_REF,97868,1602.15,AUD,2025-12-23,reference+amount+temporal,
554,25680,INVSGP13521,116,USD,4598.24,2025-10-31,Y,6701,INVOICE,,,,,,95267,GST,LOW,,,UNMATCHED,,,,,,NO_MATCHING_PAYMENT_FOUND,NO_REFERENCE_MATCH
555,25673,INVFR0470571,31,USD,3370.60,2025-09-29,Y,6701,INVOICE,,,,,,,NONE,,,,UNMATCHED,,,,,,NO_MATCHING_PAYMENT_FOUND,NO_REFERENCE_MATCH
556,25658,SGIN25-641238,355,SGD,166.51,2025-10-01,Y,6700,COUNTERPARTY,,,,,,,,,,,MATCHED,FIRST_CLASS_REF,9219,166.51,SGD,2026-01-07,reference+amount+temporal,
557,25657,SGIN25-641240,355,SGD,9730.12,2025-10-01,Y,6700,COUNTERPARTY,,,,,,,,,,,MATCHED,FIRST_CLASS_REF,9218,9730.12,SGD,2026-01-07,reference+amount+temporal,
558,25656,902027,355,SGD,191.19,2025-09-18,Y,6700,COUNTERPARTY,,,,,,,,,,,MATCHED,FIRST_CLASS_REF,9217,191.19,SGD,2026-01-07,reference+amount+temporal,
559,25655,SGN25-982577,355,SGD,7823.50,2025-09-01,Y,6700,INVOICE,,,,,,95312,EXACT,HIGH,,,MATCHED,PAYLINE_EXACT,95312,7823.5,SGD,2025-12-15,payline amount+date accepted (HIGH),
560,25654,SGIN25-562576,355,SGD,168.18,2025-09-01,Y,6700,COUNTERPARTY,,,,,,,,,,,MATCHED,FIRST_CLASS_REF,9216,168.18,SGD,2026-01-07,reference+amount+temporal,
561,25627,18674,652,AUD,1100.00,2025-11-12,Y,5032,INVOICE,,,,,,,,,,,MATCHED,FIRST_CLASS_REF,97780,1100.0,AUD,2025-12-02,reference+amount+temporal,
562,25617,M2506892,144,SGD,3270.00,2025-11-10,Y,,RULES_NEEDED,,,,,,,,,,,MATCHED,FIRST_CLASS_REF,9235,3270.0,SGD,2026-01-15,reference+amount+temporal,
563,25616,,719,AUD,1292.51,2025-11-14,Y,,RULES_NEEDED,,,,,,,NONE,,,,UNMATCHED,,,,,,NO_MATCHING_PAYMENT_FOUND,NO_INVOICE_NUMBER
564,25563,,655,USD,3000.00,2025-11-13,Y,5062,COUNTERPARTY,,,,,,97718,AMOUNT_GAP,LOW,,,UNMATCHED,,,,,,NO_MATCHING_PAYMENT_FOUND,NO_INVOICE_NUMBER
565,25548,,720,SGD,840.00,2025-11-12,Y,,RULES_NEEDED,,,,,,,NONE,,,,UNMATCHED,,,,,,NO_MATCHING_PAYMENT_FOUND,NO_INVOICE_NUMBER
566,25519,6912e6254427c0f80f3f190a,70,SGD,500.00,2025-11-10,Y,5032,INVOICE,,,,,,,NONE,,,,UNMATCHED,,,,,,NO_MATCHING_PAYMENT_FOUND,NO_REFERENCE_MATCH
567,25516,6912dc59f9b99292e8c189ff,70,SGD,610.00,2025-10-17,Y,5032,INVOICE,,,,,,104787,AMOUNT_GAP,LOW,,,UNMATCHED,,,,,,NO_MATCHING_PAYMENT_FOUND,NO_REFERENCE_MATCH
568,24877,63207,55,SGD,250.00,2025-10-01,Y,5032,INVOICE,,,,,,,,,,,MATCHED,FIRST_CLASS_REF,95230,250.0,SGD,2025-11-06,reference+amount+temporal,
569,24257,INV-01254,138,AUD,175.00,2025-09-29,Y,5032,INVOICE,,,,,,,,,,,MATCHED,FIRST_CLASS_REF,97671,175.0,AUD,2025-11-12,reference+amount+temporal,
570,24159,,80,SGD,1440.00,2025-10-01,Y,5060,INVOICE,,,,,,,NONE,,,,UNMATCHED,,,,,,NO_MATCHING_PAYMENT_FOUND,NO_INVOICE_NUMBER
571,23932,23-24/348,125,INR,40000.00,2024-01-12,Y,6500,INVOICE,,,,,,,,,,,MATCHED,FIRST_CLASS_REF,91430,649.0,SGD,2024-01-25,reference+amount+temporal,
572,23854,,655,SGD,3000.00,2025-09-14,Y,5062,COUNTERPARTY,,,,,,97497,GST,LOW,,,UNMATCHED,,,,,,NO_MATCHING_PAYMENT_FOUND,NO_INVOICE_NUMBER
573,23845,68aad4d57dbb76fcd5ef1214,70,SGD,520.00,2025-09-13,Y,5032,INVOICE,,,,,,,NONE,,,,UNMATCHED,,,,,,NO_MATCHING_PAYMENT_FOUND,NO_REFERENCE_MATCH
574,23808,68ba6efcc486c8bda76d8b15,70,SGD,6000.00,2025-09-12,Y,5032,INVOICE,,,,,,,NONE,,,,UNMATCHED,,,,,,NO_MATCHING_PAYMENT_FOUND,NO_REFERENCE_MATCH
575,23798,142/DL.VHPL-AKAY/2023-26,120,SGD,4750.00,2023-08-28,Y,6501,INVOICE,,,,,,94980,EXACT,MED,,,MATCHED,PAYLINE_EXACT,94980,4750.0,SGD,2025-09-12,payline amount+date accepted (MED),
576,23754,227014,119,AUD,82384.34,2025-02-19,Y,5035,INVOICE,,,,,,,NONE,,,,UNMATCHED,,,,,,NO_MATCHING_PAYMENT_FOUND,NO_REFERENCE_MATCH
577,23748,00000482,48,AUD,187.00,2025-08-21,Y,5033,INVOICE,,,,,,,NONE,,,,UNMATCHED,,,,,,NO_MATCHING_PAYMENT_FOUND,NO_REFERENCE_MATCH
578,23725,INV 509-INV25/30467,27,SGD,1526.00,2025-09-14,Y,5001,INVOICE,,,,,,,,,,,MATCHED,FIRST_CLASS_REF,95032,1526.0,SGD,2025-09-25,reference+amount+temporal,
579,23704,,550,SGD,2783.88,2023-01-01,Y,,RULES_NEEDED,,,,,,,NONE,,,,UNMATCHED,,,,,,NO_MATCHING_PAYMENT_FOUND,NO_INVOICE_NUMBER
580,23672,,144,SGD,4360.00,2025-06-11,Y,5036,manual,,,,,,95356,EXACT,HIGH,,,MATCHED,PAYLINE_EXACT,95356,4360.0,SGD,2025-12-17,payline amount+date accepted (HIGH),
581,23607,,649,USD,12084.00,2025-08-31,Y,5030,INVOICE,,,,,,95090,AMOUNT_GAP,LOW,,,UNMATCHED,,,,,,NO_MATCHING_PAYMENT_FOUND,NO_INVOICE_NUMBER
582,23606,,649,USD,12084.00,2025-07-30,Y,5030,INVOICE,,,,,,,NONE,,,,UNMATCHED,,,,,,NO_MATCHING_PAYMENT_FOUND,NO_INVOICE_NUMBER
583,23558,KWI202303430367,98,USD,350.06,2025-08-31,Y,5030,INVOICE,,,,,,,NONE,,,,UNMATCHED,,,,,,NO_MATCHING_PAYMENT_FOUND,NO_REFERENCE_MATCH
584,23529,INV-01248,138,AUD,5327.56,2025-09-02,Y,5032,INVOICE,,,,,,,,,,,MATCHED,FIRST_CLASS_REF,97414,5327.56,AUD,2025-09-09,reference+amount+temporal,
585,23527,,28,AUD,19628.96,2025-08-18,Y,6500,INVOICE,,,,,,,NONE,,,,UNMATCHED,,,,,,NO_MATCHING_PAYMENT_FOUND,NO_INVOICE_NUMBER
586,23525,FTI1100002984,123,AUD,4137.05,2025-08-31,N,5033,INVOICE,,,,,,,,,,,UNMATCHED,,,,,,NOT_PROVISIONAL_PAID,
587,23524,0260729255,123,AUD,37782.00,2025-05-09,N,5033,INVOICE,,,,,,,,,,,UNMATCHED,,,,,,NOT_PROVISIONAL_PAID,
588,23512,AU-MRKV033354F7,117,AUD,7507.50,2025-09-02,Y,5066,INVOICE,,,,,,,,,,,MATCHED,FIRST_CLASS_REF,97393,7507.5,AUD,2025-09-04,reference+amount+temporal,
589,23510,AU-MRKV032496C1,117,AUD,3922.04,2025-06-22,Y,5066,INVOICE,,,,,,,,,,,MATCHED,FIRST_CLASS_REF,97392,3922.04,AUD,2025-09-04,reference+amount+temporal,
590,23498,3182737,72,AUD,165.00,2025-08-15,Y,5034,INVOICE,,,,,,,,,,,MATCHED,FIRST_CLASS_REF,97802,165.0,AUD,2025-12-10,reference+amount+temporal,
591,23486,18567,652,AUD,770.88,2025-08-22,Y,5032,INVOICE,,,,,,,,,,,MATCHED,FIRST_CLASS_REF,97401,770.88,AUD,2025-09-04,reference+amount+temporal,
592,23467,35963,129,AUD,4601.30,2025-08-28,Y,5032,INVOICE,,,,,,,,,,,MATCHED,FIRST_CLASS_REF,97515,4601.3,AUD,2025-10-02,reference+amount+temporal,
593,23427,6892ec3485cb5fe029fbd2bc,70,SGD,1255.00,2025-08-29,Y,5032,INVOICE,,,,,,,NONE,,,,UNMATCHED,,,,,,NO_MATCHING_PAYMENT_FOUND,NO_REFERENCE_MATCH
594,23391,DM015,111,AUD,924.00,2025-08-28,Y,5001,INVOICE,,,,,,,,,,,MATCHED,FIRST_CLASS_REF,97415,924.0,AUD,2025-09-09,reference+amount+temporal,
595,23375,68848d4e23dc22d2bc5f8634,70,SGD,689.00,2025-08-27,Y,5032,INVOICE,,,,,,,NONE,,,,UNMATCHED,,,,,,NO_MATCHING_PAYMENT_FOUND,NO_REFERENCE_MATCH
596,23370,227803,119,AUD,9607.15,2025-03-25,N,5035,INVOICE,,,,,,,,,,,UNMATCHED,,,,,,NOT_PROVISIONAL_PAID,
597,23369,231951,721,AUD,82274.34,2025-08-26,Y,,RULES_NEEDED,,,,,,,NONE,,,,UNMATCHED,,,,,,NO_MATCHING_PAYMENT_FOUND,NO_REFERENCE_MATCH
598,23360,AU-MRKV03298102,117,AUD,7507.50,2025-08-03,Y,5066,INVOICE,,,,,,,,,,,MATCHED,FIRST_CLASS_REF,97369,7507.5,AUD,2025-08-29,reference+amount+temporal,
599,23359,AU-MRKV032902F4,117,AUD,2324.50,2025-08-03,Y,5066,INVOICE,,,,,,,,,,,MATCHED,FIRST_CLASS_REF,97368,2324.5,AUD,2025-08-29,reference+amount+temporal,
600,23358,AU-MRKV0316828C,117,AUD,2091.87,2025-04-03,Y,5066,INVOICE,,,,,,,,,,,MATCHED,FIRST_CLASS_REF,97367,2091.87,AUD,2025-08-29,reference+amount+temporal,
601,23356,2049,145,AUD,3080.00,2025-08-26,Y,5032,INVOICE,,,,,,,NONE,,,,UNMATCHED,,,,,,NO_MATCHING_PAYMENT_FOUND,INVOICE_NUMBER_TOO_SHORT
602,23331,,655,SGD,3000.00,2025-08-28,Y,5062,COUNTERPARTY,,,,,,,NONE,,,,UNMATCHED,,,,,,NO_MATCHING_PAYMENT_FOUND,NO_INVOICE_NUMBER
603,23330,18967,146,SGD,190.00,2025-08-29,Y,5033,COUNTERPARTY,,,,,,,,,,,MATCHED,FIRST_CLASS_REF,95171,180.0,SGD,2025-10-22,reference+amount+temporal,
604,23322,3185874,72,AUD,220.00,2025-08-21,Y,5034,INVOICE,,,,,,,,,,,MATCHED,FIRST_CLASS_REF,97801,220.0,AUD,2025-12-10,reference+amount+temporal,
605,23321,18565,652,AUD,1539.52,2025-08-22,Y,5032,INVOICE,,,,,,,,,,,MATCHED,FIRST_CLASS_REF,97400,1539.52,AUD,2025-09-04,reference+amount+temporal,
606,23320,01267381,79,AUD,1178.80,2025-08-18,Y,5033,INVOICE,,,,,,,,,,,MATCHED,FIRST_CLASS_REF,97475,1178.8,AUD,2025-09-17,reference+amount+temporal,
607,23318,01267539,79,AUD,778.50,2025-08-19,Y,5033,INVOICE,,,,,,,,,,,MATCHED,FIRST_CLASS_REF,97476,778.5,AUD,2025-09-17,reference+amount+temporal,
608,23312,51996,113,AUD,2295.15,2025-08-19,N,5032,INVOICE,,,,,,,,,,,UNMATCHED,,,,,,NOT_PROVISIONAL_PAID,
609,23252,SGIN25-490940,355,SGD,164.74,2025-08-01,Y,6700,COUNTERPARTY,,,,,,97491,AMOUNT_GAP,MED,,,MATCHED,PAYLINE_AMOUNT_GAP,97491,197.12,AUD,2025-09-22,payline amount+date accepted (MED),
610,23251,SGIN25-490942,355,SGD,6842.77,2025-08-01,Y,6700,COUNTERPARTY,,,,,,,,,,,MATCHED,FIRST_CLASS_REF,95311,6842.77,SGD,2025-12-15,reference+amount+temporal,
611,23247,63036,55,SGD,880.00,2025-08-25,Y,5032,INVOICE,,,,,,,,,,,MATCHED,FIRST_CLASS_REF,95228,880.0,SGD,2025-11-06,reference+amount+temporal,
612,23233,14647,88,AUD,5052.47,2025-07-17,Y,5032,INVOICE,,,,,,,NONE,,,,UNMATCHED,,,,,,NO_MATCHING_PAYMENT_FOUND,NO_REFERENCE_MATCH
613,23230,901931,355,SGD,86.64,2025-08-19,Y,6700,COUNTERPARTY,,,,,,,,,,,MATCHED,FIRST_CLASS_REF,94879,86.64,SGD,2025-08-26,reference+amount+temporal,
614,23226,VH-PI-25-005063,153,SGD,109.00,2025-08-26,Y,6500,INVOICE,,,,,,,,,,,MATCHED,FIRST_CLASS_REF,94878,109.0,SGD,2025-08-26,reference+amount+temporal,
615,23204,,80,SGD,2010.00,2025-09-01,Y,5060,INVOICE,,,,,,,NONE,,,,UNMATCHED,,,,,,NO_MATCHING_PAYMENT_FOUND,NO_INVOICE_NUMBER
616,23197,62963,55,SGD,500.00,2025-08-13,Y,5032,INVOICE,,,,,,,,,,,MATCHED,FIRST_CLASS_REF,95227,500.0,SGD,2025-11-06,reference+amount+temporal,
617,23196,62872,55,SGD,200.00,2025-07-28,Y,5032,INVOICE,,,,,,,,,,,MATCHED,FIRST_CLASS_REF,95226,200.0,SGD,2025-11-06,reference+amount+temporal,
618,23189,80840,132,AUD,567.86,2025-08-18,Y,5025,INVOICE,,,,,,,,,,,MATCHED,FIRST_CLASS_REF,97665,567.86,AUD,2025-11-12,reference+amount+temporal,
619,23099,3185847,72,AUD,165.00,2025-08-21,Y,5034,INVOICE,,,,,,,,,,,MATCHED,FIRST_CLASS_REF,97674,165.0,AUD,2025-11-12,reference+amount+temporal,
620,23086,1035455,83,AUD,2059.20,2025-06-30,Y,6701,INVOICE,,,,,,,,,,,MATCHED,FIRST_CLASS_REF,97355,2059.2,AUD,2025-08-27,reference+amount+temporal,
621,23083,D25DE42762372,694,SGD,3696.34,2025-07-22,Y,,RULES_NEEDED,,,,,,,NONE,,,,UNMATCHED,,,,,,NO_MATCHING_PAYMENT_FOUND,NO_REFERENCE_MATCH
622,23082,D25DE42762212,694,SGD,3354.67,2025-07-22,Y,,RULES_NEEDED,,,,,,,NONE,,,,UNMATCHED,,,,,,NO_MATCHING_PAYMENT_FOUND,NO_REFERENCE_MATCH
623,23037,INV-01246,138,AUD,330.00,2025-08-19,Y,5032,INVOICE,,,,,,,,,,,MATCHED,FIRST_CLASS_REF,97402,330.0,AUD,2025-09-05,reference+amount+temporal,
624,23026,,694,SGD,476.18,2025-07-08,Y,,RULES_NEEDED,,,,,,9239,EXACT,HIGH,,,MATCHED,PAYLINE_EXACT,9239,476.18,SGD,2026-01-15,payline amount+date accepted (HIGH),
625,22996,INV-01245,138,AUD,5000.00,2025-08-19,Y,5032,INVOICE,,,,,,,,,,,MATCHED,FIRST_CLASS_REF,97413,5000.0,AUD,2025-09-09,reference+amount+temporal,
626,22968,INV-6643,149,AUD,2000.00,2025-08-18,Y,5060,INVOICE,,,,,,,,,,,MATCHED,FIRST_CLASS_REF,97328,2000.0,AUD,2025-08-25,reference+amount+temporal,
627,22967,INV-3190605,142,AUD,21439.87,2025-07-10,Y,5030,INVOICE,,,,,,,,,,,MATCHED,FIRST_CLASS_REF,97353,21439.87,AUD,2025-08-27,reference+amount+temporal,
628,22966,102382,130,USD,957.00,2025-07-31,Y,5030,INVOICE,,,,,,,,,,,MATCHED,FIRST_CLASS_REF,97520,1458.35,AUD,2025-10-03,reference+amount+temporal,
629,22965,FTI1100002181,328,AUD,6228.24,2025-07-31,Y,2410,COUNTERPARTY,,,,,,,NONE,,,,UNMATCHED,,,,,,NO_MATCHING_PAYMENT_FOUND,NO_REFERENCE_MATCH
630,22947,2045,145,AUD,3500.00,2025-08-06,Y,5032,INVOICE,,,,,,,NONE,,,,UNMATCHED,,,,,,NO_MATCHING_PAYMENT_FOUND,INVOICE_NUMBER_TOO_SHORT
631,22913,ADPP202500011993,697,SGD,39.24,2025-08-06,Y,,RULES_NEEDED,,,,,,,NONE,,,,UNMATCHED,,,,,,NO_MATCHING_PAYMENT_FOUND,NO_REFERENCE_MATCH
632,22824,0002341,722,AUD,600.00,2025-08-13,Y,,RULES_NEEDED,,,,,,,,,,,MATCHED,FIRST_CLASS_REF,97498,600.0,AUD,2025-09-23,reference+amount+temporal,
633,22786,3159186,72,AUD,220.00,2025-07-04,Y,5034,INVOICE,,,,,,,,,,,MATCHED,FIRST_CLASS_REF,97398,220.0,AUD,2025-09-04,reference+amount+temporal,
634,22772,,655,AUD,3000.00,2025-08-12,Y,5062,COUNTERPARTY,,,,,,97441,EXACT,MED,,,MATCHED,PAYLINE_EXACT,97441,3000.0,AUD,2025-09-12,payline amount+date accepted (MED),
635,22760,,666,SGD,2350.00,2025-08-11,Y,5032,INVOICE,,,,,,9407,EXACT,HIGH,,,MATCHED,PAYLINE_EXACT,9407,2350.0,SGD,2026-04-15,payline amount+date accepted (HIGH),
636,22741,1037113,83,AUD,2316.60,2025-07-31,Y,6701,INVOICE,,,,,,,,,,,MATCHED,FIRST_CLASS_REF,97426,2316.6,AUD,2025-09-10,reference+amount+temporal,
637,22725,252002,34,AUD,473.00,2025-08-07,Y,5033,INVOICE,,,,,,,,,,,MATCHED,FIRST_CLASS_REF,97536,473.0,AUD,2025-10-13,reference+amount+temporal,
638,22696,18551,652,AUD,1182.50,2025-08-03,Y,5032,INVOICE,,,,,,,,,,,MATCHED,FIRST_CLASS_REF,97340,1182.5,AUD,2025-08-25,reference+amount+temporal,
639,22673,188,102,AUD,5000.00,2025-08-08,Y,5032,INVOICE,,,,,,97319,EXACT,MED,,,MATCHED,PAYLINE_EXACT,97319,5000.0,AUD,2025-08-25,payline amount+date accepted (MED),
640,22665,3174850,72,AUD,165.00,2025-07-31,Y,5034,INVOICE,,,,,,,,,,,MATCHED,FIRST_CLASS_REF,97397,165.0,AUD,2025-09-04,reference+amount+temporal,
641,22625,,,PHP,87220.00,2025-08-05,Y,,RULES_NEEDED,,,,,,,,,NEW,Icy Orense,UNMATCHED,,,,,,EXCLUDED_NOT_A_VENDOR,
642,22606,00000382,48,AUD,660.00,2025-08-05,N,5033,INVOICE,,,,,,,,,,,UNMATCHED,,,,,,NOT_PROVISIONAL_PAID,
643,22595,80104,132,AUD,427.35,2025-07-31,Y,5025,INVOICE,,,,,,,,,,,MATCHED,FIRST_CLASS_REF,97663,427.35,AUD,2025-11-12,reference+amount+temporal,
644,22573,688832cf8cd01d7ef1d460e7,70,SGD,500.00,2025-08-04,Y,5032,INVOICE,,,,,,104618,AMOUNT_GAP,LOW,,,UNMATCHED,,,,,,NO_MATCHING_PAYMENT_FOUND,NO_REFERENCE_MATCH
645,22567,INVSGP13338,116,USD,4748.60,2025-07-31,Y,6701,INVOICE,,,,,,9535,NEAR_1PCT,MED,,,MATCHED,PAYLINE_NEAR_1PCT,9535,6422.56,SGD,2026-05-29,payline amount+date accepted (MED),
646,22562,KWI202303421878,98,USD,350.70,2025-07-31,Y,5030,INVOICE,,,,,,87638,NEAR_1PCT,MED,,,MATCHED,PAYLINE_NEAR_1PCT,87638,470.09,SGD,2025-11-07,payline amount+date accepted (MED),
647,22531,INVFR0446625,31,USD,2988.08,2025-07-29,Y,6701,INVOICE,,,,,,,,,,,MATCHED,FIRST_CLASS_REF,95293,3890.66,SGD,2025-11-28,reference+amount+temporal,
648,22527,INV02411469,87,USD,854.19,2025-03-08,Y,6701,INVOICE,,,,,,,,,,,MATCHED,FIRST_CLASS_REF,95268,1120.81,SGD,2025-11-20,reference+amount+temporal,
649,22524,,70,SGD,12688.15,2025-06-24,Y,5032,COUNTERPARTY,,,,,,,NONE,,,,UNMATCHED,,,,,,NO_MATCHING_PAYMENT_FOUND,NO_INVOICE_NUMBER
650,22523,,70,SGD,10898.91,2025-07-01,Y,5032,COUNTERPARTY,,,,,,,NONE,,,,UNMATCHED,,,,,,NO_MATCHING_PAYMENT_FOUND,NO_INVOICE_NUMBER
651,22522,,70,SGD,10902.18,2025-06-01,Y,5032,COUNTERPARTY,,,,,,,NONE,,,,UNMATCHED,,,,,,NO_MATCHING_PAYMENT_FOUND,NO_INVOICE_NUMBER
652,22521,24-MK000495-R05,70,SGD,21057.71,2025-05-28,Y,5032,COUNTERPARTY,,,,,,,NONE,,,,UNMATCHED,,,,,,NO_MATCHING_PAYMENT_FOUND,NO_REFERENCE_MATCH
653,22519,,70,SGD,15857.87,2025-04-30,Y,5032,COUNTERPARTY,,,,,,,NONE,,,,UNMATCHED,,,,,,NO_MATCHING_PAYMENT_FOUND,NO_INVOICE_NUMBER
654,22518,24-MK000495-R05,70,SGD,20931.82,2025-01-21,Y,5032,COUNTERPARTY,,,,,,,NONE,,,,UNMATCHED,,,,,,NO_MATCHING_PAYMENT_FOUND,NO_REFERENCE_MATCH
655,22516,,70,SGD,13787.96,2024-12-20,Y,5032,COUNTERPARTY,,,,,,,NONE,,,,UNMATCHED,,,,,,NO_MATCHING_PAYMENT_FOUND,NO_INVOICE_NUMBER
656,22515,,70,SGD,15808.82,2024-11-01,Y,5032,COUNTERPARTY,,,,,,,NONE,,,,UNMATCHED,,,,,,NO_MATCHING_PAYMENT_FOUND,NO_INVOICE_NUMBER
657,22514,,144,SGD,35.98,2024-09-01,Y,,RULES_NEEDED,,,,,,94860,GST,LOW,,,UNMATCHED,,,,,,NO_MATCHING_PAYMENT_FOUND,NO_INVOICE_NUMBER
658,22512,,144,SGD,16031.80,2024-09-01,Y,5035,manual,,,,,,94866,EXACT,HIGH,,,MATCHED,PAYLINE_EXACT,94866,16031.8,SGD,2025-08-23,payline amount+date accepted (HIGH),
659,22481,68843f9023dc22d2bc5f7c9c,70,SGD,705.00,2025-08-01,Y,5032,INVOICE,,,,,,,NONE,,,,UNMATCHED,,,,,,NO_MATCHING_PAYMENT_FOUND,NO_REFERENCE_MATCH
660,22467,VL40281647,752,AUD,2000.00,2025-07-29,Y,5036,manual,,,,,,,,,,,MATCHED,FIRST_CLASS_REF,97338,2000.0,AUD,2025-08-25,reference+amount+temporal,
661,22464,686b764793480754349c32fa,70,SGD,3750.00,2025-07-31,Y,5032,INVOICE,,,,,,,NONE,,,,UNMATCHED,,,,,,NO_MATCHING_PAYMENT_FOUND,NO_REFERENCE_MATCH
662,22461,INV 508-INV25/30176,27,SGD,1526.00,2025-08-14,Y,5001,INVOICE,,,,,,,,,,,MATCHED,FIRST_CLASS_REF,94958,1526.0,SGD,2025-09-01,reference+amount+temporal,
663,22441,DM014,111,AUD,924.00,2025-07-31,Y,5001,INVOICE,,,,,,,,,,,MATCHED,FIRST_CLASS_REF,97308,925.0,AUD,2025-08-21,reference+amount+temporal,
664,22438,INV-01240,138,AUD,2200.00,2025-07-30,Y,5032,INVOICE,,,,,,,,,,,MATCHED,FIRST_CLASS_REF,97411,2200.0,AUD,2025-09-09,reference+amount+temporal,
665,22433,INV-01242,138,AUD,1843.60,2025-07-31,Y,5032,INVOICE,,,,,,,,,,,MATCHED,FIRST_CLASS_REF,97412,1843.6,AUD,2025-09-09,reference+amount+temporal,
666,22430,INV-01239,138,AUD,3575.00,2025-07-30,Y,5032,INVOICE,,,,,,,,,,,MATCHED,FIRST_CLASS_REF,97410,3575.0,AUD,2025-09-09,reference+amount+temporal,
667,22408,PB 19242,146,SGD,640.00,2026-01-12,Y,5033,COUNTERPARTY,,,,,,,NONE,,,,UNMATCHED,,,,,,NO_MATCHING_PAYMENT_FOUND,TEMPORAL_BLOCK (payment predates invoice)
668,22395,4223AB95 0015,328,AUD,1404.25,2025-02-05,Y,2410,COUNTERPARTY,,,,,,103363,AMOUNT_GAP,LOW,,,UNMATCHED,,,,,,NO_MATCHING_PAYMENT_FOUND,NO_REFERENCE_MATCH
669,22377,,154,SGD,2016.50,2025-07-30,Y,5032,INVOICE,,,,,,94814,NEAR_1PCT,MED,,,MATCHED,PAYLINE_NEAR_1PCT,94814,2016.0,SGD,2025-08-06,payline amount+date accepted (MED),
670,22375,INV02404816,87,USD,19143.52,2025-03-07,Y,6701,INVOICE,,,,,,,,,,,MATCHED,FIRST_CLASS_REF,94877,24610.25,SGD,2025-08-25,reference+amount+temporal,
671,22369,901824,355,SGD,183.54,2025-07-21,Y,6700,COUNTERPARTY,,,,,,97490,AMOUNT_GAP,MED,,,MATCHED,PAYLINE_AMOUNT_GAP,97490,219.38,AUD,2025-09-22,payline amount+date accepted (MED),
672,22366,231196,119,AUD,82272.63,2025-07-25,Y,5035,INVOICE,,,,,,,NONE,,,,UNMATCHED,,,,,,NO_MATCHING_PAYMENT_FOUND,NO_REFERENCE_MATCH
673,22365,230555,119,AUD,82272.63,2025-06-30,Y,5035,INVOICE,,,,,,,NONE,,,,UNMATCHED,,,,,,NO_MATCHING_PAYMENT_FOUND,NO_REFERENCE_MATCH
674,22364,229549,119,AUD,82274.32,2025-06-10,Y,5035,INVOICE,,,,,,,NONE,,,,UNMATCHED,,,,,,NO_MATCHING_PAYMENT_FOUND,NO_REFERENCE_MATCH
675,22360,77093,132,AUD,661.39,2025-05-05,Y,5025,INVOICE,,,,,,,,,,,MATCHED,FIRST_CLASS_REF,97645,661.39,AUD,2025-11-06,reference+amount+temporal,
676,22272,,80,SGD,2250.00,2025-08-01,Y,5060,INVOICE,,,,,,,NONE,,,,UNMATCHED,,,,,,NO_MATCHING_PAYMENT_FOUND,NO_INVOICE_NUMBER
677,22261,PB19216,146,SGD,50.00,2025-04-25,Y,5033,COUNTERPARTY,,,,,,,,,,,MATCHED,FIRST_CLASS_REF,95167,50.0,SGD,2025-10-22,reference+amount+temporal,
678,22213,FLE0015565,86,AUD,5000.00,2025-07-07,Y,,RULES_NEEDED,,,,,,,NONE,,,,UNMATCHED,,,,,,NO_MATCHING_PAYMENT_FOUND,NO_REFERENCE_MATCH
679,22200,25.0187,28,AUD,1100.00,2025-06-01,Y,6500,INVOICE,,,,,,,,,,,MATCHED,FIRST_CLASS_REF,97548,1100.0,AUD,2025-10-20,reference+amount+temporal,
680,22199,25.0232,28,AUD,907.50,2025-07-09,Y,6500,INVOICE,,,,,,,,,,,MATCHED,FIRST_CLASS_REF,97547,907.5,AUD,2025-10-20,reference+amount+temporal,
681,22198,25.0202,28,AUD,1760.00,2025-06-30,Y,6500,INVOICE,,,,,,,,,,,MATCHED,FIRST_CLASS_REF,97546,1760.0,AUD,2025-10-20,reference+amount+temporal,
682,22193,186,102,AUD,2200.00,2025-07-21,Y,5032,INVOICE,,,,,,97312,EXACT,HIGH,,,MATCHED,PAYLINE_EXACT,97312,2200.0,AUD,2025-08-22,payline amount+date accepted (HIGH),
683,22182,D25DE42762226,694,SGD,5154.36,2025-07-22,Y,5036,manual,,,,,,95174,EXACT,HIGH,,,MATCHED,PAYLINE_EXACT,95174,5154.36,SGD,2025-10-23,payline amount+date accepted (HIGH),
684,22138,NC-PI-25-000160,723,SGD,1800.00,2025-02-23,Y,,RULES_NEEDED,,,,,,,,,,,MATCHED,FIRST_CLASS_REF,94751,1800.0,SGD,2025-07-23,reference+amount+temporal,
685,22137,VH-PI-25-001131,153,SGD,3657.00,2025-02-23,Y,6500,INVOICE,,,,,,,,,,,MATCHED,FIRST_CLASS_REF,94750,3657.0,SGD,2025-07-23,reference+amount+temporal,
686,22135,,67,SGD,1308.00,2024-12-26,N,5032,INVOICE,,,,,,,,,,,UNMATCHED,,,,,,NOT_PROVISIONAL_PAID,
687,22132,,752,AUD,5000.00,2025-06-10,Y,5036,manual,,,,,,97337,EXACT,MED,,,MATCHED,PAYLINE_EXACT,97337,5000.0,AUD,2025-08-25,payline amount+date accepted (MED),
688,22131,00006665,95,AUD,1350.00,2025-05-14,Y,5054,INVOICE,,,,,,,,,,,MATCHED,FIRST_CLASS_REF,97408,1350.0,AUD,2025-09-09,reference+amount+temporal,
689,22128,,655,AUD,2046.32,2025-07-22,Y,5062,COUNTERPARTY,,,,,,97255,NEAR_1PCT,MED,,,MATCHED,PAYLINE_NEAR_1PCT,97255,2047.32,AUD,2025-07-24,payline amount+date accepted (MED),
690,22119,,705,AUD,1650.00,2025-07-22,N,,RULES_NEEDED,,,,,,,,,,,UNMATCHED,,,,,,NOT_PROVISIONAL_PAID,
691,22087,,550,SGD,2783.88,2025-07-16,Y,,RULES_NEEDED,,,,,,94977,EXACT,HIGH,,,MATCHED,PAYLINE_EXACT,94977,2783.88,SGD,2025-09-09,payline amount+date accepted (HIGH),
692,22085,INV-6548,149,AUD,2000.00,2025-07-21,Y,5060,INVOICE,,,,,,,,,,,MATCHED,FIRST_CLASS_REF,97327,2000.0,AUD,2025-08-25,reference+amount+temporal,
693,22067,68773b9558069040dd7499f7,70,SGD,540.00,2025-07-19,Y,5032,INVOICE,,,,,,,NONE,,,,UNMATCHED,,,,,,NO_MATCHING_PAYMENT_FOUND,NO_REFERENCE_MATCH
694,22058,DM013,111,AUD,1133.00,2025-07-10,Y,5001,INVOICE,,,,,,,,,,,MATCHED,FIRST_CLASS_REF,97307,1134.0,AUD,2025-08-21,reference+amount+temporal,
695,22052,6869d022701a2fea9402009d,70,SGD,800.00,2025-07-16,Y,5032,INVOICE,,,,,,,NONE,,,,UNMATCHED,,,,,,NO_MATCHING_PAYMENT_FOUND,NO_REFERENCE_MATCH
696,22034,20519277,72,AUD,220.00,2025-07-16,Y,5034,INVOICE,,,,,,97394,EXACT,MED,,,UNMATCHED,,,,,,NO_MATCHING_PAYMENT_FOUND,PAYLINE_TXN_TAKEN (97394)
697,22026,VIR5082,698,AUD,605.00,2025-07-17,Y,,RULES_NEEDED,,,,,,,NONE,,,,UNMATCHED,,,,,,NO_MATCHING_PAYMENT_FOUND,NO_REFERENCE_MATCH
698,22016,INVFR0421084,31,USD,2773.00,2025-05-29,Y,6701,INVOICE,,,,,,,,,,,MATCHED,FIRST_CLASS_REF,94744,3508.46,SGD,2025-07-22,reference+amount+temporal,
699,22015,VH-PI-25-001132,153,SGD,2022.00,2025-02-23,Y,6500,COUNTERPARTY,,,,,,,,,,,MATCHED,FIRST_CLASS_REF,94747,2022.0,SGD,2025-07-22,reference+amount+temporal,
700,22002,18520,652,AUD,2101.00,2025-07-16,Y,5032,INVOICE,,,,,,,,,,,MATCHED,FIRST_CLASS_REF,97283,2102.0,AUD,2025-07-29,reference+amount+temporal,
701,21996,18517,652,AUD,880.00,2025-07-16,Y,5032,INVOICE,,,,,,,,,,,MATCHED,FIRST_CLASS_REF,97281,881.0,AUD,2025-07-29,reference+amount+temporal,
702,21962,18518,652,AUD,2304.31,2025-07-16,Y,5032,INVOICE,,,,,,,,,,,MATCHED,FIRST_CLASS_REF,97282,2305.31,AUD,2025-07-29,reference+amount+temporal,
703,21953,INV 507-INV25/29839,70,SGD,1526.00,2025-07-14,Y,5032,COUNTERPARTY,,,,,,,NONE,,,,UNMATCHED,,,,,,NO_MATCHING_PAYMENT_FOUND,NO_REFERENCE_MATCH
704,21932,110226110321,77,USD,51.05,2025-05-04,N,6701,INVOICE,,,,,,,,,,,UNMATCHED,,,,,,NOT_PROVISIONAL_PAID,
705,21931,110226110049,77,USD,54.95,2025-04-06,N,6701,INVOICE,,,,,,,,,,,UNMATCHED,,,,,,NOT_PROVISIONAL_PAID,
706,21930,110225112952,77,USD,53.90,2025-03-07,N,6701,INVOICE,,,,,,,,,,,UNMATCHED,,,,,,NOT_PROVISIONAL_PAID,
707,21928,INV/MI/27265,104,USD,2284.00,2025-01-05,N,6701,INVOICE,,,,,,,,,,,UNMATCHED,,,,,,NOT_PROVISIONAL_PAID,
708,21927,INV/MI/26433,104,USD,2284.00,2025-01-04,N,6701,INVOICE,,,,,,,,,,,UNMATCHED,,,,,,NOT_PROVISIONAL_PAID,
709,21925,SGIN25-351623,355,SGD,172.95,2025-06-01,Y,6700,COUNTERPARTY,,,,,,97487,AMOUNT_GAP,MED,,,MATCHED,PAYLINE_AMOUNT_GAP,97487,206.82,AUD,2025-09-22,payline amount+date accepted (MED),
710,21924,SGIN25-351624,355,SGD,5683.58,2025-06-01,Y,6700,COUNTERPARTY,,,,,,97486,AMOUNT_GAP,MED,,,MATCHED,PAYLINE_AMOUNT_GAP,97486,6738.33,AUD,2025-09-22,payline amount+date accepted (MED),
711,21923,SGIN25-279114,355,SGD,173.15,2025-05-01,Y,6700,COUNTERPARTY,,,,,,,,,,,MATCHED,FIRST_CLASS_REF,94595,173.15,SGD,2025-06-24,reference+amount+temporal,
712,21922,SGIN25-279113,355,SGD,5451.07,2025-05-01,Y,6700,COUNTERPARTY,,,,,,,,,,,MATCHED,FIRST_CLASS_REF,94594,5451.07,SGD,2025-06-24,reference+amount+temporal,
713,21921,SGIN25-209858,355,SGD,225.63,2025-04-01,Y,6700,COUNTERPARTY,,,,,,,,,,,MATCHED,FIRST_CLASS_REF,94593,225.63,SGD,2025-06-24,reference+amount+temporal,
714,21920,SGIN25-209859,355,SGD,5887.69,2025-04-01,Y,6700,COUNTERPARTY,,,,,,,,,,,MATCHED,FIRST_CLASS_REF,94592,5887.69,SGD,2025-06-24,reference+amount+temporal,
715,21918,INV138669,65,AUD,885.50,2025-06-01,N,5030,INVOICE,,,,,,,,,,,UNMATCHED,,,,,,NOT_PROVISIONAL_PAID,
716,21916,INV137425,65,AUD,900.90,2025-03-01,N,5030,INVOICE,,,,,,,,,,,UNMATCHED,,,,,,NOT_PROVISIONAL_PAID,
717,21913,INV138239,65,AUD,885.50,2025-05-01,N,5030,INVOICE,,,,,,,,,,,UNMATCHED,,,,,,NOT_PROVISIONAL_PAID,
718,21911,1032907,83,AUD,4086.23,2025-04-30,Y,6701,INVOICE,,,,,,,,,,,MATCHED,FIRST_CLASS_REF,97118,4006.53,AUD,2025-06-02,reference+amount+temporal,
719,21909,1034296,83,AUD,3521.38,2025-05-31,Y,6701,INVOICE,,,,,,,,,,,MATCHED,FIRST_CLASS_REF,97254,3522.38,AUD,2025-07-23,reference+amount+temporal,
720,21908,INV02396615,87,USD,823.70,2025-03-06,Y,6701,INVOICE,,,,,,95268,AMOUNT_GAP,LOW,,,UNMATCHED,,,,,,NO_MATCHING_PAYMENT_FOUND,NO_REFERENCE_MATCH
721,21906,INV02386774,87,USD,644.82,2025-03-05,Y,6701,INVOICE,,,,,,,,,,,MATCHED,FIRST_CLASS_REF,95269,845.95,SGD,2025-11-20,reference+amount+temporal,
722,21905,INV02374705,87,USD,18308.82,2025-03-04,Y,6701,INVOICE,,,,,,94877,NEAR_1PCT,MED,,,UNMATCHED,,,,,,NO_MATCHING_PAYMENT_FOUND,PAYLINE_TXN_TAKEN (94877)
723,21904,INVFR0433219,31,USD,3028.80,2025-06-29,Y,6701,INVOICE,,,,,,,,,,,MATCHED,FIRST_CLASS_REF,94941,3921.0,SGD,2025-08-27,reference+amount+temporal,
724,21903,INVSGP13261,116,USD,4538.60,2025-06-30,Y,6701,INVOICE,,,,,,94742,GST,LOW,,,UNMATCHED,,,,,,NO_MATCHING_PAYMENT_FOUND,NO_REFERENCE_MATCH
725,21901,INVSGP13201,116,USD,4679.25,2025-05-31,Y,6701,INVOICE,,,,,,97873,NEAR_1PCT,MED,,,MATCHED,PAYLINE_NEAR_1PCT,97873,6932.67,AUD,2025-12-24,payline amount+date accepted (MED),
726,21900,INVSGP13076,116,USD,5149.80,2025-03-31,Y,6701,INVOICE,,,,,,,,,,,MATCHED,FIRST_CLASS_REF,94742,6651.97,SGD,2025-07-16,reference+amount+temporal,
727,21894,INVSGP13132,116,USD,5439.74,2025-04-30,Y,6701,INVOICE,,,,,,,,,,,MATCHED,FIRST_CLASS_REF,94737,7032.27,SGD,2025-07-16,reference+amount+temporal,
728,21892,,752,AUD,3000.00,2025-07-04,Y,,RULES_NEEDED,,,,,,97336,EXACT,MED,,,UNMATCHED,,,,,,NO_MATCHING_PAYMENT_FOUND,PAYLINE_TXN_TAKEN (97336)
729,21849,683fdf73674d797f9d74b679,70,SGD,2420.00,2025-07-02,Y,5032,INVOICE,,,,,,,NONE,,,,UNMATCHED,,,,,,NO_MATCHING_PAYMENT_FOUND,NO_REFERENCE_MATCH
730,21837,,86,AUD,5000.00,2025-07-08,Y,,RULES_NEEDED,,,,,,,NONE,,,,UNMATCHED,,,,,,NO_MATCHING_PAYMENT_FOUND,NO_INVOICE_NUMBER
731,21833,,652,AUD,1100.00,2025-06-11,Y,5032,INVOICE,,,,,,97780,EXACT,MED,,,UNMATCHED,,,,,,NO_MATCHING_PAYMENT_FOUND,PAYLINE_TXN_TAKEN (97780)
732,21825,18498,652,AUD,1630.84,2025-06-29,Y,5032,INVOICE,,,,,,,,,,,MATCHED,FIRST_CLASS_REF,97279,1631.84,AUD,2025-07-29,reference+amount+temporal,
733,21731,INV0000207002,509,AUD,26451.20,2025-06-30,Y,5060,INVOICE,,,,,,,,,,,MATCHED,FIRST_CLASS_REF,10726,26451.2,AUD,2026-05-29,reference+amount+temporal,
734,21730,INV0000203982,509,AUD,25454.40,2025-05-31,Y,5060,INVOICE,,,,,,10819,NEAR_1PCT,MED,,,MATCHED,PAYLINE_NEAR_1PCT,10819,25600.0,AUD,2026-06-16,payline amount+date accepted (MED),
735,21729,INV0000198343,509,AUD,25072.00,2025-04-30,Y,5060,INVOICE,,,,,,,,,,,MATCHED,FIRST_CLASS_REF,9776,25072.0,AUD,2026-01-16,reference+amount+temporal,
736,21728,INV0000195459,509,AUD,26417.00,2025-04-01,Y,5060,INVOICE,,,,,,,,,,,MATCHED,FIRST_CLASS_REF,97364,26417.0,AUD,2025-08-28,reference+amount+temporal,
737,21726,FT00000012,509,AUD,48834.86,2025-01-06,Y,5060,INVOICE,,,,,,,,,,,MATCHED,FIRST_CLASS_REF,97363,48834.86,AUD,2025-08-28,reference+amount+temporal,
738,21724,FT00000011,509,AUD,48153.91,2024-12-12,Y,5060,INVOICE,,,,,,,,,,,MATCHED,FIRST_CLASS_REF,96404,48154.91,AUD,2025-01-06,reference+amount+temporal,
739,21723,FT00000010,509,AUD,47789.60,2024-11-06,Y,5060,INVOICE,,,,,,96249,NEAR_1PCT,MED,,,MATCHED,PAYLINE_NEAR_1PCT,96249,47790.6,AUD,2024-12-05,payline amount+date accepted (MED),
740,21722,FT00000009,509,AUD,48075.20,2024-10-10,Y,5060,INVOICE,,,,,,,,,,,MATCHED,FIRST_CLASS_REF,96129,48076.43,AUD,2024-11-02,reference+amount+temporal,
741,21720,3160324,72,AUD,220.00,2025-07-10,Y,5034,INVOICE,,,,,,,,,,,MATCHED,FIRST_CLASS_REF,97395,220.0,AUD,2025-09-04,reference+amount+temporal,
742,21719,FT00000008,509,AUD,42823.20,2024-09-09,Y,5060,INVOICE,,,,,,,,,,,MATCHED,FIRST_CLASS_REF,96016,42824.43,AUD,2024-10-04,reference+amount+temporal,
743,21718,FT00000007,509,AUD,42192.00,2024-08-07,Y,5060,INVOICE,,,,,,,,,,,MATCHED,FIRST_CLASS_REF,95982,42193.23,AUD,2024-09-05,reference+amount+temporal,
744,21717,FT00000006,509,AUD,42033.60,2024-07-10,Y,5060,INVOICE,,,,,,,,,,,MATCHED,FIRST_CLASS_REF,95952,42034.83,AUD,2024-07-30,reference+amount+temporal,
745,21709,,752,AUD,2000.00,2025-05-27,Y,,RULES_NEEDED,,,,,,97338,EXACT,MED,,,UNMATCHED,,,,,,NO_MATCHING_PAYMENT_FOUND,PAYLINE_TXN_TAKEN (97338)
746,21705,2025071001,128,SGD,300.00,2025-07-10,Y,6401,INVOICE,,,,,,,,,,,MATCHED,FIRST_CLASS_REF,94695,300.0,SGD,2025-07-11,reference+amount+temporal,
747,21697,3107084,72,AUD,330.00,2025-05-12,Y,5034,INVOICE,,,,,,,,,,,MATCHED,FIRST_CLASS_REF,97399,330.0,AUD,2025-09-04,reference+amount+temporal,
748,21685,682e9ddc8aa7b26bd9cb36c4,70,SGD,300.00,2025-06-21,Y,5032,INVOICE,,,,,,,NONE,,,,UNMATCHED,,,,,,NO_MATCHING_PAYMENT_FOUND,NO_REFERENCE_MATCH
749,21603,1ZO2FH,72,AUD,165.00,2025-03-19,Y,5034,INVOICE,,,,,,97397,EXACT,MED,,,UNMATCHED,,,,,,NO_MATCHING_PAYMENT_FOUND,PAYLINE_TXN_TAKEN (97397)
750,21601,,146,SGD,810.00,2025-05-31,Y,5033,COUNTERPARTY,,,,,,94688,AMOUNT_GAP,LOW,,,UNMATCHED,,,,,,NO_MATCHING_PAYMENT_FOUND,NO_INVOICE_NUMBER
751,21600,INV-PB15613,146,SGD,280.00,2025-04-13,Y,5033,COUNTERPARTY,,,,,,,,,,,MATCHED,FIRST_CLASS_REF,94688,280.0,SGD,2025-07-03,reference+amount+temporal,
752,21574,101919,130,USD,1023.00,2025-06-30,Y,5030,INVOICE,,,,,,,,,,,MATCHED,FIRST_CLASS_REF,97519,1558.81,AUD,2025-10-03,reference+amount+temporal,
753,21573,FTI1100000815,123,AUD,1258.00,2025-06-30,Y,5033,INVOICE,,,,,,,,,,,MATCHED,FIRST_CLASS_REF,97325,1258.0,AUD,2025-08-25,reference+amount+temporal,
754,21572,AU-MRKV03261592,117,AUD,7507.50,2025-07-02,Y,5066,INVOICE,,,,,,,,,,,MATCHED,FIRST_CLASS_REF,97366,7507.5,AUD,2025-08-29,reference+amount+temporal,
755,21571,374,117,AUD,425.37,2025-06-17,Y,5066,INVOICE,,,,,,97360,EXACT,MED,,,MATCHED,PAYLINE_EXACT,97360,425.37,AUD,2025-08-28,payline amount+date accepted (MED),
756,21570,AU-MRKV03249523,117,AUD,556.42,2025-06-22,Y,5066,INVOICE,,,,,,,,,,,MATCHED,FIRST_CLASS_REF,97359,556.42,AUD,2025-08-28,reference+amount+temporal,
757,21569,570012537,82,USD,13292.40,2025-07-01,Y,5030,INVOICE,,,,,,,,,,,MATCHED,FIRST_CLASS_REF,97354,20604.35,AUD,2025-08-27,reference+amount+temporal,
758,21566,6863973e1ee9fbc3cea377b2,70,SGD,400.00,2025-07-06,Y,5032,INVOICE,,,,,,,NONE,,,,UNMATCHED,,,,,,NO_MATCHING_PAYMENT_FOUND,NO_REFERENCE_MATCH
759,21563,174,102,AUD,5000.00,2025-05-30,Y,5032,INVOICE,,,,,,,NONE,,,,UNMATCHED,,,,,,NO_MATCHING_PAYMENT_FOUND,INVOICE_NUMBER_TOO_SHORT
760,21560,11900951,72,AUD,220.00,2025-06-06,Y,5034,INVOICE,,,,,,,NONE,,,,UNMATCHED,,,,,,NO_MATCHING_PAYMENT_FOUND,NO_REFERENCE_MATCH
761,21538,,70,SGD,500.00,2025-05-07,Y,5032,COUNTERPARTY,,,,,,,NONE,,,,UNMATCHED,,,,,,NO_MATCHING_PAYMENT_FOUND,NO_INVOICE_NUMBER
762,21439,80177,769,SGD,650.00,2025-07-03,Y,,RULES_NEEDED,,,,,,,,,NEW,Car Key Depot Pte Ltd,UNMATCHED,,,,,,NO_MATCHING_PAYMENT_FOUND,NO_REFERENCE_MATCH
763,21427,6853a67564c77a86b177a31f,70,SGD,6158.00,2025-07-02,Y,5032,INVOICE,,,,,,,NONE,,,,UNMATCHED,,,,,,NO_MATCHING_PAYMENT_FOUND,NO_REFERENCE_MATCH
764,21401,3149043,72,AUD,165.00,2025-06-17,Y,5034,INVOICE,,,,,,,,,,,MATCHED,FIRST_CLASS_REF,97224,166.0,AUD,2025-07-09,reference+amount+temporal,
765,21381,180,102,AUD,5000.00,2025-05-31,Y,5032,INVOICE,,,,,,,NONE,,,,UNMATCHED,,,,,,NO_MATCHING_PAYMENT_FOUND,INVOICE_NUMBER_TOO_SHORT
766,21369,684bd3059f3e58a10161d3b9,70,SGD,4300.00,2025-07-01,Y,5032,INVOICE,,,,,,,NONE,,,,UNMATCHED,,,,,,NO_MATCHING_PAYMENT_FOUND,NO_REFERENCE_MATCH
767,21331,INV-6461,149,AUD,2000.00,2025-06-23,Y,5060,INVOICE,,,,,,,,,,,MATCHED,FIRST_CLASS_REF,97304,2001.0,AUD,2025-08-08,reference+amount+temporal,
768,21324,,655,SGD,7000.00,2025-07-01,Y,5062,COUNTERPARTY,,,,,,97303,GST,LOW,,,UNMATCHED,,,,,,NO_MATCHING_PAYMENT_FOUND,NO_INVOICE_NUMBER
769,21315,,,SGD,550.00,2025-07-01,Y,,RULES_NEEDED,,,,,,,,,NEW,DL ops fund,UNMATCHED,,,,,,EXCLUDED_NOT_A_VENDOR,
770,21251,12221,138,AUD,440.00,2025-06-23,Y,5032,INVOICE,,,,,,,,,,,MATCHED,FIRST_CLASS_REF,97230,441.0,AUD,2025-07-15,reference+amount+temporal,
771,21230,14482,88,AUD,1916.98,2025-06-16,Y,5032,INVOICE,,,,,,,NONE,,,,UNMATCHED,,,,,,NO_MATCHING_PAYMENT_FOUND,NO_REFERENCE_MATCH
772,21219,ADJ8919204,90,AUD,2841.00,2025-06-26,N,5032,INVOICE,,,,,,,,,,,UNMATCHED,,,,,,NOT_PROVISIONAL_PAID,
773,21209,00256489,133,AUD,280.00,2024-11-22,N,5033,INVOICE,,,,,,,,,,,UNMATCHED,,,,,,NOT_PROVISIONAL_PAID,
774,21203,CBMI25060278,106,SGD,3270.00,2025-06-26,Y,5032,INVOICE,,,,,,,,,,,MATCHED,FIRST_CLASS_REF,94691,3270.0,SGD,2025-07-09,reference+amount+temporal,
775,21133,01250473,79,AUD,2378.25,2025-05-28,Y,5033,INVOICE,,,,,,97190,AMOUNT_GAP,LOW,,,UNMATCHED,,,,,,NO_MATCHING_PAYMENT_FOUND,NO_REFERENCE_MATCH
776,21107,2015,145,AUD,2000.00,2025-06-09,Y,5032,INVOICE,,,,,,,NONE,,,,UNMATCHED,,,,,,NO_MATCHING_PAYMENT_FOUND,INVOICE_NUMBER_TOO_SHORT
777,21087,51605,113,AUD,5000.00,2025-06-11,Y,5032,INVOICE,,,,,,,,,,,MATCHED,FIRST_CLASS_REF,97417,5000.0,AUD,2025-09-09,reference+amount+temporal,
778,21028,VL40291219,752,AUD,2650.00,2025-06-18,Y,5036,manual,,,,,,,,,,,MATCHED,FIRST_CLASS_REF,97335,2650.0,AUD,2025-08-25,reference+amount+temporal,
779,20998,3113825,72,AUD,220.00,2025-04-16,Y,5034,INVOICE,,,,,,,,,,,MATCHED,FIRST_CLASS_REF,97211,221.0,AUD,2025-07-09,reference+amount+temporal,
780,20960,2019,145,AUD,1655.00,2025-06-13,Y,5032,INVOICE,,,,,,,NONE,,,,UNMATCHED,,,,,,NO_MATCHING_PAYMENT_FOUND,INVOICE_NUMBER_TOO_SHORT
781,20947,570000948V,150,SGD,40.00,2025-06-18,Y,,RULES_NEEDED,,,,,,,NONE,,,,UNMATCHED,,,,,,NO_MATCHING_PAYMENT_FOUND,NO_REFERENCE_MATCH
782,20937,18218,652,AUD,1773.15,2024-10-25,Y,5032,INVOICE,,,,,,,,,,,MATCHED,FIRST_CLASS_REF,97179,1774.15,AUD,2025-07-02,reference+amount+temporal,
783,20935,3133767,72,AUD,220.00,2025-05-22,Y,5034,INVOICE,,,,,,,,,,,MATCHED,FIRST_CLASS_REF,97220,221.0,AUD,2025-07-09,reference+amount+temporal,
784,20929,18389,652,AUD,1815.00,2025-06-04,Y,5032,INVOICE,,,,,,,,,,,MATCHED,FIRST_CLASS_REF,97182,1816.0,AUD,2025-07-02,reference+amount+temporal,
785,20926,18463,652,AUD,2021.25,2025-01-06,Y,5032,INVOICE,,,,,,,,,,,MATCHED,FIRST_CLASS_REF,97180,2022.25,AUD,2025-07-02,reference+amount+temporal,
786,20867,INV-3190592,142,AUD,21613.29,2025-06-10,Y,5030,INVOICE,,,,,,,,,,,MATCHED,FIRST_CLASS_REF,97352,21613.29,AUD,2025-08-27,reference+amount+temporal,
787,20866,101461,130,USD,1053.00,2025-05-31,Y,5030,INVOICE,,,,,,,,,,,MATCHED,FIRST_CLASS_REF,97189,1608.12,AUD,2025-07-03,reference+amount+temporal,
788,20865,AU-MRKV03231826,117,AUD,7507.50,2025-06-02,Y,5066,INVOICE,,,,,,,,,,,MATCHED,FIRST_CLASS_REF,97358,7507.5,AUD,2025-08-28,reference+amount+temporal,
789,20864,FTI1100000277,123,AUD,3572.99,2025-05-31,Y,5033,INVOICE,,,,,,,,,,,MATCHED,FIRST_CLASS_REF,97324,3572.99,AUD,2025-08-25,reference+amount+temporal,
790,20862,570012536,82,USD,13292.40,2025-06-02,Y,5030,INVOICE,,,,,,,,,,,MATCHED,FIRST_CLASS_REF,94600,17034.84,SGD,2025-06-25,reference+amount+temporal,
791,20861,,655,SGD,3000.00,2025-06-17,Y,5062,COUNTERPARTY,,,,,,97158,GST,LOW,,,UNMATCHED,,,,,,NO_MATCHING_PAYMENT_FOUND,NO_INVOICE_NUMBER
792,20855,,80,SGD,3240.00,2025-07-01,Y,5060,INVOICE,,,,,,,NONE,,,,UNMATCHED,,,,,,NO_MATCHING_PAYMENT_FOUND,NO_INVOICE_NUMBER
793,20851,3140090,72,AUD,165.00,2025-06-02,Y,5034,INVOICE,,,,,,,,,,,MATCHED,FIRST_CLASS_REF,97222,166.0,AUD,2025-07-09,reference+amount+temporal,
794,20791,,146,SGD,100.00,2025-06-13,Y,5033,COUNTERPARTY,,,,,,94686,EXACT,MED,,,MATCHED,PAYLINE_EXACT,94686,100.0,SGD,2025-07-03,payline amount+date accepted (MED),
795,20788,VL40288329,752,AUD,3000.00,2025-06-10,Y,5036,manual,,,,,,,,,,,MATCHED,FIRST_CLASS_REF,97236,3001.0,AUD,2025-07-17,reference+amount+temporal,
796,20787,VH-PI-25-003465,153,SGD,21.80,2025-06-12,Y,6500,COUNTERPARTY,,,,,,94556,AMOUNT_GAP,MED,,,MATCHED,PAYLINE_AMOUNT_GAP,94556,20.0,SGD,2025-06-13,payline amount+date accepted (MED),
797,20772,,58,AUD,3619.00,2025-06-12,Y,5033,INVOICE,,,,,,97152,NEAR_1PCT,MED,,,MATCHED,PAYLINE_NEAR_1PCT,97152,3620.0,AUD,2025-06-25,payline amount+date accepted (MED),
798,20734,18474,652,AUD,1155.00,2025-06-08,Y,5032,INVOICE,,,,,,,,,,,MATCHED,FIRST_CLASS_REF,97277,1156.0,AUD,2025-07-29,reference+amount+temporal,
799,20728,51506,113,AUD,4438.04,2025-05-10,N,5032,INVOICE,,,,,,,,,,,UNMATCHED,,,,,,NOT_PROVISIONAL_PAID,
800,20709,75945,132,AUD,371.79,2025-04-30,Y,5025,INVOICE,,,,,,,,,,,MATCHED,FIRST_CLASS_REF,97662,371.79,AUD,2025-11-12,reference+amount+temporal,
801,20706,,27,SGD,1526.00,2025-07-13,Y,5001,INVOICE,,,,,,94745,EXACT,MED,,,MATCHED,PAYLINE_EXACT,94745,1526.0,SGD,2025-07-22,payline amount+date accepted (MED),
802,20700,,67,SGD,163.50,2025-06-11,N,5032,INVOICE,,,,,,,,,,,UNMATCHED,,,,,,NOT_PROVISIONAL_PAID,
803,20695,,655,AUD,1655.40,2025-06-11,Y,5062,INVOICE,,,,,,,,,NEW,Abdul Ground Ops,UNMATCHED,,,,,,NO_MATCHING_PAYMENT_FOUND,NO_INVOICE_NUMBER
804,20666,3136232,72,AUD,165.00,2025-05-27,Y,5034,INVOICE,,,,,,,,,,,MATCHED,FIRST_CLASS_REF,97221,166.0,AUD,2025-07-09,reference+amount+temporal,
805,20621,VL40280662,752,AUD,2300.00,2025-05-23,Y,,RULES_NEEDED,,,,,,97167,AMOUNT_GAP,MED,,,UNMATCHED,,97167,2001.0,AUD,2025-06-27,NO_MATCHING_PAYMENT_FOUND,PAYLINE_TXN_TAKEN (97167)
806,20554,02025332,29,AUD,5000.00,2025-06-06,Y,5032,INVOICE,,,,,,,,,,,MATCHED,FIRST_CLASS_REF,97233,5001.0,AUD,2025-07-17,reference+amount+temporal,
807,20459,00000143,48,AUD,99.00,2025-05-10,Y,5033,INVOICE,,,,,,,NONE,,,,UNMATCHED,,,,,,NO_MATCHING_PAYMENT_FOUND,NO_REFERENCE_MATCH
808,20438,,752,AUD,300.00,2025-05-20,Y,,RULES_NEEDED,,,,,,,NONE,,,,UNMATCHED,,,,,,NO_MATCHING_PAYMENT_FOUND,NO_INVOICE_NUMBER
809,20433,3466,84,SGD,1362.00,2025-05-28,Y,6104,INVOICE,,,,,,,NONE,,,,UNMATCHED,,,,,,NO_MATCHING_PAYMENT_FOUND,INVOICE_NUMBER_TOO_SHORT
810,20395,,752,AUD,300.00,2025-06-03,Y,,RULES_NEEDED,,,,,,97788,EXACT,MED,,,UNMATCHED,,,,,,NO_MATCHING_PAYMENT_FOUND,PAYLINE_TXN_TAKEN (97788)
811,20394,VL40288924,752,AUD,5000.00,2025-05-23,Y,5036,manual,,,,,,,,,,,MATCHED,FIRST_CLASS_REF,97242,5001.0,AUD,2025-07-17,reference+amount+temporal,
813,20389,INVFR0409216,31,USD,3012.00,2025-04-29,Y,6701,INVOICE,,,,,,,,,,,MATCHED,FIRST_CLASS_REF,94549,3886.13,SGD,2025-06-10,reference+amount+temporal,
814,20388,INVFR0397095,31,USD,3236.52,2025-03-29,Y,6701,INVOICE,,,,,,,,,,,MATCHED,FIRST_CLASS_REF,94548,4175.46,SGD,2025-06-10,reference+amount+temporal,
815,20386,INV-0171,58,AUD,1308.20,2025-05-29,Y,5033,INVOICE,,,,,,,,,,,MATCHED,FIRST_CLASS_REF,97125,1309.2,AUD,2025-06-06,reference+amount+temporal,
816,20380,,770,SGD,128.00,2025-06-03,Y,,RULES_NEEDED,,,,,,,,,NEW,CAIDA,UNMATCHED,,,,,,NO_MATCHING_PAYMENT_FOUND,NO_INVOICE_NUMBER
817,20373,368,117,AUD,838.49,2025-05-18,Y,5066,INVOICE,,,,,,97186,NEAR_1PCT,MED,,,MATCHED,PAYLINE_NEAR_1PCT,97186,839.49,AUD,2025-07-03,payline amount+date accepted (MED),
818,20372,AU-MRKV03217300,117,AUD,946.16,2025-05-19,Y,5066,INVOICE,,,,,,,,,,,MATCHED,FIRST_CLASS_REF,97185,947.16,AUD,2025-07-03,reference+amount+temporal,
819,20371,INV-3190585,142,AUD,20279.03,2025-05-09,Y,5030,INVOICE,,,,,,,,,,,MATCHED,FIRST_CLASS_REF,97147,20280.03,AUD,2025-06-18,reference+amount+temporal,
820,20353,,125,INR,40000.00,2024-07-01,Y,6500,INVOICE,,,,,,93450,AMOUNT_GAP,LOW,,,UNMATCHED,,,,,,NO_MATCHING_PAYMENT_FOUND,NO_INVOICE_NUMBER
821,20311,18435,652,AUD,5665.00,2025-09-05,Y,5032,INVOICE,,,,,,97855,AMOUNT_GAP,LOW,,,UNMATCHED,,,,,,NO_MATCHING_PAYMENT_FOUND,TEMPORAL_BLOCK (payment predates invoice)
822,20303,3070984,72,AUD,330.00,2025-02-12,Y,5034,INVOICE,,,,,,,,,,,MATCHED,FIRST_CLASS_REF,97210,331.0,AUD,2025-07-09,reference+amount+temporal,
823,20254,VL40284838,752,AUD,5000.00,2025-05-21,Y,5036,manual,,,,,,,,,,,MATCHED,FIRST_CLASS_REF,97137,5001.0,AUD,2025-06-11,reference+amount+temporal,
824,20231,VL40291350,752,AUD,3000.00,2025-05-20,Y,5036,manual,,,,,,,,,,,MATCHED,FIRST_CLASS_REF,97336,3000.0,AUD,2025-08-25,reference+amount+temporal,
825,20221,,34,AUD,1890.00,2025-05-29,Y,5033,INVOICE,,,,,,97250,NEAR_1PCT,MED,,,MATCHED,PAYLINE_NEAR_1PCT,97250,1891.0,AUD,2025-07-22,payline amount+date accepted (MED),
826,20213,,724,SGD,1000.00,2025-05-29,Y,,RULES_NEEDED,,,,,,94663,EXACT,HIGH,,,MATCHED,PAYLINE_EXACT,94663,1000.0,SGD,2025-06-27,payline amount+date accepted (HIGH),
827,20188,,80,SGD,2910.00,2025-06-01,Y,5060,INVOICE,,,,,,,NONE,,,,UNMATCHED,,,,,,NO_MATCHING_PAYMENT_FOUND,NO_INVOICE_NUMBER
828,20184,14337,88,AUD,5000.00,2025-05-19,Y,5032,INVOICE,,,,,,,NONE,,,,UNMATCHED,,,,,,NO_MATCHING_PAYMENT_FOUND,NO_REFERENCE_MATCH
829,20182,98714,130,USD,1506.00,2024-10-31,Y,5030,INVOICE,,,,,,,,,,,MATCHED,FIRST_CLASS_REF,97192,2301.99,AUD,2025-07-04,reference+amount+temporal,
830,20166,VL40281873,752,AUD,300.00,2025-05-22,Y,5036,manual,,,,,,,,,,,MATCHED,FIRST_CLASS_REF,97239,301.0,AUD,2025-07-17,reference+amount+temporal,
831,20160,,752,AUD,2700.00,2025-05-22,Y,5036,manual,,,,,,97330,EXACT,HIGH,,,MATCHED,PAYLINE_EXACT,97330,2700.0,AUD,2025-08-25,payline amount+date accepted (HIGH),
832,20157,00058513,100,AUD,391.80,2025-05-28,Y,5033,INVOICE,,,,,,,NONE,,,,UNMATCHED,,,,,,NO_MATCHING_PAYMENT_FOUND,NO_REFERENCE_MATCH
833,20145,PB13202,146,SGD,60.00,2025-04-22,Y,5033,COUNTERPARTY,,,,,,94550,EXACT,MED,,,MATCHED,PAYLINE_EXACT,94550,60.0,SGD,2025-06-10,payline amount+date accepted (MED),
834,20107,172,102,AUD,2750.00,2025-05-26,Y,5032,INVOICE,,,,,,97177,NEAR_1PCT,MED,,,MATCHED,PAYLINE_NEAR_1PCT,97177,2751.0,AUD,2025-07-02,payline amount+date accepted (MED),
835,20099,2025051201,128,SGD,300.00,2025-05-13,Y,6401,INVOICE,,,,,,,,,,,MATCHED,FIRST_CLASS_REF,94537,300.0,SGD,2025-06-02,reference+amount+temporal,
836,20095,14318,88,AUD,4408.57,2025-05-16,Y,5032,INVOICE,,,,,,,NONE,,,,UNMATCHED,,,,,,NO_MATCHING_PAYMENT_FOUND,NO_REFERENCE_MATCH
837,20090,VL40276729,752,AUD,2000.00,2025-05-20,Y,5036,manual,,,,,,,,,,,MATCHED,FIRST_CLASS_REF,97235,2001.0,AUD,2025-07-17,reference+amount+temporal,
838,20019,,150,AUD,1355.93,2025-02-18,Y,,RULES_NEEDED,,,,,,,NONE,,,,UNMATCHED,,,,,,NO_MATCHING_PAYMENT_FOUND,NO_INVOICE_NUMBER
839,19998,228811,119,AUD,82274.34,2025-05-07,Y,5035,INVOICE,,,,,,,NONE,,,,UNMATCHED,,,,,,NO_MATCHING_PAYMENT_FOUND,NO_REFERENCE_MATCH
840,19992,,752,AUD,2000.00,2025-05-19,Y,,RULES_NEEDED,,,,,,,NONE,,,,UNMATCHED,,,,,,NO_MATCHING_PAYMENT_FOUND,NO_INVOICE_NUMBER
841,19977,169,102,AUD,5500.00,2025-05-22,Y,5032,INVOICE,,,,,,97039,GST,LOW,,,UNMATCHED,,,,,,NO_MATCHING_PAYMENT_FOUND,INVOICE_NUMBER_TOO_SHORT
842,19964,,655,SGD,3000.00,2025-05-22,Y,5062,COUNTERPARTY,,,,,,97129,GST,LOW,,,UNMATCHED,,,,,,NO_MATCHING_PAYMENT_FOUND,NO_INVOICE_NUMBER
843,19958,,752,AUD,300.00,2025-05-09,Y,,RULES_NEEDED,,,,,,,NONE,,,,UNMATCHED,,,,,,NO_MATCHING_PAYMENT_FOUND,NO_INVOICE_NUMBER
844,19933,,80,SGD,166.45,2025-05-20,Y,5060,INVOICE,,,,,,,NONE,,,,UNMATCHED,,,,,,NO_MATCHING_PAYMENT_FOUND,NO_INVOICE_NUMBER
845,19929,682c38ff839eccb65bd2105c,70,SGD,1200.00,2025-05-20,Y,5032,INVOICE,,,,,,,NONE,,,,UNMATCHED,,,,,,NO_MATCHING_PAYMENT_FOUND,NO_REFERENCE_MATCH
846,19920,30046367,44,AUD,1925.00,2025-04-30,N,6501,INVOICE,,,,,,,,,,,UNMATCHED,,,,,,NOT_PROVISIONAL_PAID,
847,19919,30046376,44,AUD,2493.70,2025-04-30,N,6501,INVOICE,,,,,,,,,,,UNMATCHED,,,,,,NOT_PROVISIONAL_PAID,
848,19911,,157,AUD,4141.85,2023-10-01,Y,6501,INVOICE,,,,,,97248,NEAR_1PCT,MED,,,MATCHED,PAYLINE_NEAR_1PCT,97248,4142.85,AUD,2025-07-22,payline amount+date accepted (MED),
849,19884,168,102,AUD,5000.00,2025-05-17,Y,5032,INVOICE,,,,,,,NONE,,,,UNMATCHED,,,,,,NO_MATCHING_PAYMENT_FOUND,INVOICE_NUMBER_TOO_SHORT
850,19842,,80,SGD,120.00,2025-05-16,Y,5060,INVOICE,,,,,,,NONE,,,,UNMATCHED,,,,,,NO_MATCHING_PAYMENT_FOUND,NO_INVOICE_NUMBER
851,19830,,694,SGD,1500.00,2024-11-27,Y,,RULES_NEEDED,,,,,,9236,EXACT,HIGH,,,MATCHED,PAYLINE_EXACT,9236,1500.0,SGD,2026-01-15,payline amount+date accepted (HIGH),
852,19815,680893d842431ccbe8aa244e,70,SGD,8660.00,2025-05-17,Y,5032,INVOICE,,,,,,,NONE,,,,UNMATCHED,,,,,,NO_MATCHING_PAYMENT_FOUND,NO_REFERENCE_MATCH
853,19806,3130149,72,AUD,165.00,2025-05-15,Y,5034,INVOICE,,,,,,,,,,,MATCHED,FIRST_CLASS_REF,97219,166.0,AUD,2025-07-09,reference+amount+temporal,
854,19799,18438,652,AUD,825.00,2025-05-13,Y,5032,INVOICE,,,,,,,,,,,MATCHED,FIRST_CLASS_REF,97278,826.0,AUD,2025-07-29,reference+amount+temporal,
855,19794,INV 504-INV25/28490,27,SGD,1526.00,2025-04-14,Y,5001,INVOICE,,,,,,,,,,,MATCHED,FIRST_CLASS_REF,94386,1526.0,SGD,2025-04-15,reference+amount+temporal,
856,19790,75788,132,AUD,1108.59,2025-04-24,Y,5025,INVOICE,,,,,,,,,,,MATCHED,FIRST_CLASS_REF,97661,1108.59,AUD,2025-11-12,reference+amount+temporal,
857,19789,24-0404,97,AUD,2200.00,2025-05-14,Y,5032,INVOICE,,,,,,,,,,,MATCHED,FIRST_CLASS_REF,9781,2200.0,AUD,2026-01-20,reference+amount+temporal,
858,19767,3126066,72,AUD,165.00,2025-05-09,Y,5034,INVOICE,,,,,,,,,,,MATCHED,FIRST_CLASS_REF,97216,166.0,AUD,2025-07-09,reference+amount+temporal,
859,19752,00014598,34,AUD,2070.00,2025-05-05,Y,5033,INVOICE,,,,,,,,,,,MATCHED,FIRST_CLASS_REF,97105,2071.0,AUD,2025-05-28,reference+amount+temporal,
860,19747,682592856a41d32e83195e85,70,SGD,1670.00,2025-05-15,Y,5032,INVOICE,,,,,,,NONE,,,,UNMATCHED,,,,,,NO_MATCHING_PAYMENT_FOUND,NO_REFERENCE_MATCH
861,19746,INV 01 RMS,70,SGD,250.00,2025-04-22,Y,5032,INVOICE,,,,,,,NONE,,,,UNMATCHED,,,,,,NO_MATCHING_PAYMENT_FOUND,NO_REFERENCE_MATCH
862,19744,3125379,72,AUD,220.00,2025-05-08,Y,5034,INVOICE,,,,,,,,,,,MATCHED,FIRST_CLASS_REF,97215,221.0,AUD,2025-07-09,reference+amount+temporal,
863,19720,680b2b2d47ce71c75ade3b7,70,SGD,750.00,2025-06-05,Y,5032,INVOICE,,,,,,,NONE,,,,UNMATCHED,,,,,,NO_MATCHING_PAYMENT_FOUND,NO_REFERENCE_MATCH
864,19711,VL40280662,752,AUD,2000.00,2025-04-28,Y,5036,manual,,,,,,,,,,,MATCHED,FIRST_CLASS_REF,97167,2001.0,AUD,2025-06-27,reference+amount+temporal,
865,19696,3110935,72,AUD,165.00,2025-04-24,Y,5034,INVOICE,,,,,,,,,,,MATCHED,FIRST_CLASS_REF,97209,166.0,AUD,2025-07-09,reference+amount+temporal,
866,19671,1990,145,AUD,1000.00,2025-05-11,Y,5032,INVOICE,,,,,,,NONE,,,,UNMATCHED,,,,,,NO_MATCHING_PAYMENT_FOUND,INVOICE_NUMBER_TOO_SHORT
867,19667,1989,145,AUD,1000.00,2025-09-05,Y,5032,INVOICE,,,,,,,NONE,,,,UNMATCHED,,,,,,NO_MATCHING_PAYMENT_FOUND,INVOICE_NUMBER_TOO_SHORT
868,19661,41/DLVHPL-AKAV/2025-26,120,SGD,5500.00,2025-05-13,Y,6501,INVOICE,,,,,,94510,EXACT,HIGH,,,MATCHED,PAYLINE_EXACT,94510,5500.0,SGD,2025-05-14,payline amount+date accepted (HIGH),
869,19656,3127897,72,AUD,165.00,2025-05-13,Y,5034,INVOICE,,,,,,,,,,,MATCHED,FIRST_CLASS_REF,97218,166.0,AUD,2025-07-09,reference+amount+temporal,
870,19639,,752,AUD,2000.00,2025-05-12,Y,,RULES_NEEDED,,,,,,,NONE,,,,UNMATCHED,,,,,,NO_MATCHING_PAYMENT_FOUND,NO_INVOICE_NUMBER
871,19611,INV0000194292,509,AUD,3000.00,2025-03-20,Y,5060,INVOICE,,,,,,,,,,,MATCHED,FIRST_CLASS_REF,96990,3001.0,AUD,2025-05-13,reference+amount+temporal,
872,19586,37619,133,AUD,5000.00,2025-05-13,Y,5033,INVOICE,,,,,,,NONE,,,,UNMATCHED,,,,,,NO_MATCHING_PAYMENT_FOUND,NO_REFERENCE_MATCH
873,19569,18436,652,AUD,1815.00,2025-05-09,Y,5032,INVOICE,,,,,,,,,,,MATCHED,FIRST_CLASS_REF,97181,1816.0,AUD,2025-07-02,reference+amount+temporal,
874,19566,3127223,72,AUD,165.00,2025-05-12,Y,5034,INVOICE,,,,,,,,,,,MATCHED,FIRST_CLASS_REF,97217,166.0,AUD,2025-07-09,reference+amount+temporal,
875,19561,FTI00092241,123,AUD,300.00,2025-05-31,Y,5033,INVOICE,,,,,,,,,,,MATCHED,FIRST_CLASS_REF,97322,300.0,AUD,2025-08-25,reference+amount+temporal,
876,19560,AU-MRKV032019B8,117,AUD,7507.50,2025-05-02,Y,5066,INVOICE,,,,,,,,,,,MATCHED,FIRST_CLASS_REF,97357,7507.5,AUD,2025-08-28,reference+amount+temporal,
877,19559,101029,130,USD,1077.00,2025-04-30,Y,5030,INVOICE,,,,,,,,,,,MATCHED,FIRST_CLASS_REF,97188,1644.49,AUD,2025-07-03,reference+amount+temporal,
878,19562,6807005d42431ccbe8a9d13c,70,SGD,3468.00,2025-05-11,Y,5032,INVOICE,,,,,,,NONE,,,,UNMATCHED,,,,,,NO_MATCHING_PAYMENT_FOUND,NO_REFERENCE_MATCH
879,19558,570012535,82,USD,13292.40,2025-05-01,Y,5030,INVOICE,,,,,,,,,,,MATCHED,FIRST_CLASS_REF,97127,20539.43,AUD,2025-06-06,reference+amount+temporal,
880,19547,VL40289711,752,AUD,5000.00,2025-04-30,Y,5036,manual,,,,,,,,,,,MATCHED,FIRST_CLASS_REF,97166,5001.0,AUD,2025-06-27,reference+amount+temporal,
881,19545,,752,AUD,300.00,2025-01-21,Y,,RULES_NEEDED,,,,,,,NONE,,,,UNMATCHED,,,,,,NO_MATCHING_PAYMENT_FOUND,NO_INVOICE_NUMBER
882,19533,,655,SGD,3000.00,2025-05-12,Y,5062,COUNTERPARTY,,,,,,96992,GST,LOW,,,UNMATCHED,,,,,,NO_MATCHING_PAYMENT_FOUND,NO_INVOICE_NUMBER
883,19532,24-25/327,726,INR,40000.00,2024-11-01,Y,,RULES_NEEDED,,,,,,,NONE,,,,UNMATCHED,,,,,,NO_MATCHING_PAYMENT_FOUND,NO_REFERENCE_MATCH
884,19530,24-25/206,125,INR,40000.00,2024-08-14,Y,6500,INVOICE,,,,,,,,,,,MATCHED,FIRST_CLASS_REF,94509,611.36,SGD,2025-05-12,reference+amount+temporal,
885,19528,INV137836,65,AUD,885.50,2025-04-01,N,5030,INVOICE,,,,,,,,,,,UNMATCHED,,,,,,NOT_PROVISIONAL_PAID,
886,19526,25.0165,28,AUD,1100.00,2025-05-01,Y,6500,INVOICE,,,,,,,,,,,MATCHED,FIRST_CLASS_REF,97157,1101.0,AUD,2025-06-26,reference+amount+temporal,
887,19525,1031913,83,AUD,3482.05,2025-03-31,Y,6701,INVOICE,,,,,,,,,,,MATCHED,FIRST_CLASS_REF,96994,3314.08,AUD,2025-05-15,reference+amount+temporal,
888,19524,,83,AUD,-168.97,2025-02-18,Y,6701,INVOICE,,,,,,96847,NEAR_1PCT,MED,,,MATCHED,PAYLINE_NEAR_1PCT,96847,169.97,AUD,2025-03-31,payline amount+date accepted (MED),
889,19520,FTI00092086,123,AUD,3969.92,2025-05-02,Y,5033,INVOICE,,,,,,,,,,,MATCHED,FIRST_CLASS_REF,97323,3969.92,AUD,2025-08-25,reference+amount+temporal,
890,19474,41,138,AUD,5000.00,2025-05-09,Y,5032,INVOICE,,,,,,97413,EXACT,MED,,,UNMATCHED,,,,,,NO_MATCHING_PAYMENT_FOUND,PAYLINE_TXN_TAKEN (97413)
891,19338,3124349,72,AUD,165.00,2025-05-07,Y,5034,INVOICE,,,,,,,,,,,MATCHED,FIRST_CLASS_REF,97214,166.0,AUD,2025-07-09,reference+amount+temporal,
892,19313,INV-0573,43,AUD,330.00,2025-05-07,Y,5033,INVOICE,,,,,,,,,,,MATCHED,FIRST_CLASS_REF,97623,330.0,AUD,2025-11-04,reference+amount+temporal,
893,19277,,752,AUD,300.00,2025-05-07,Y,,RULES_NEEDED,,,,,,,NONE,,,,UNMATCHED,,,,,,NO_MATCHING_PAYMENT_FOUND,NO_INVOICE_NUMBER
894,19262,25.0073,28,AUD,1210.00,2025-03-07,Y,6500,INVOICE,,,,,,,,,,,MATCHED,FIRST_CLASS_REF,96974,1211.0,AUD,2025-05-08,reference+amount+temporal,
895,19261,25.0101,28,AUD,1100.00,2025-03-27,Y,6500,INVOICE,,,,,,,,,,,MATCHED,FIRST_CLASS_REF,96973,1101.0,AUD,2025-05-08,reference+amount+temporal,
896,19260,25.0121,28,AUD,907.50,2025-04-01,Y,6500,INVOICE,,,,,,,,,,,MATCHED,FIRST_CLASS_REF,96972,908.5,AUD,2025-05-08,reference+amount+temporal,
897,19259,3111762,72,AUD,165.00,2025-04-14,Y,5034,INVOICE,,,,,,,,,,,MATCHED,FIRST_CLASS_REF,97212,166.0,AUD,2025-07-09,reference+amount+temporal,
898,19225,5686,115,AUD,297.00,2025-06-05,Y,5032,INVOICE,,,,,,,NONE,,,,UNMATCHED,,,,,,NO_MATCHING_PAYMENT_FOUND,INVOICE_NUMBER_TOO_SHORT
899,19223,6805c46a42431ccbe8a9cfef,70,SGD,670.00,2025-05-05,Y,5032,INVOICE,,,,,,,NONE,,,,UNMATCHED,,,,,,NO_MATCHING_PAYMENT_FOUND,NO_REFERENCE_MATCH
900,19216,,102,AUD,5000.00,2025-05-06,Y,5032,INVOICE,,,,,,,NONE,,,,UNMATCHED,,,,,,NO_MATCHING_PAYMENT_FOUND,NO_INVOICE_NUMBER
901,19210,13214,135,AUD,2825.60,2025-04-30,Y,5032,INVOICE,,,,,,,,,,,MATCHED,FIRST_CLASS_REF,96966,2826.6,AUD,2025-05-08,reference+amount+temporal,
902,19169,5681,115,AUD,429.80,2025-04-29,Y,5032,INVOICE,,,,,,,NONE,,,,UNMATCHED,,,,,,NO_MATCHING_PAYMENT_FOUND,INVOICE_NUMBER_TOO_SHORT
903,19168,5677,115,AUD,665.87,2025-04-12,Y,5032,INVOICE,,,,,,,NONE,,,,UNMATCHED,,,,,,NO_MATCHING_PAYMENT_FOUND,INVOICE_NUMBER_TOO_SHORT
904,19091,PB15730,146,SGD,50.00,2025-05-06,Y,5033,COUNTERPARTY,,,,,,,,,,,MATCHED,FIRST_CLASS_REF,94551,50.0,SGD,2025-06-10,reference+amount+temporal,
905,19078,18353,652,AUD,3000.00,2025-03-16,Y,5032,INVOICE,,,,,,,,,,,MATCHED,FIRST_CLASS_REF,96965,3001.0,AUD,2025-05-08,reference+amount+temporal,
906,19075,5677,115,AUD,665.87,2025-04-17,Y,5032,INVOICE,,,,,,,,,,,UNMATCHED,,,,,,DUPLICATE_INVOICE (of inv#903),
908,19028,921,145,AUD,2468.40,2025-04-29,Y,5032,INVOICE,,,,,,97109,NEAR_1PCT,MED,,,MATCHED,PAYLINE_NEAR_1PCT,97109,2469.4,AUD,2025-05-29,payline amount+date accepted (MED),
909,18978,00486907,727,AUD,440.00,2025-02-17,Y,,RULES_NEEDED,,,,,,,,,,,MATCHED,FIRST_CLASS_REF,96991,441.0,AUD,2025-05-14,reference+amount+temporal,
910,18977,,80,SGD,3240.00,2025-05-01,Y,5060,INVOICE,,,,,,,NONE,,,,UNMATCHED,,,,,,NO_MATCHING_PAYMENT_FOUND,NO_INVOICE_NUMBER
911,18931,,149,AUD,2750.00,2025-04-01,Y,5060,INVOICE,,,,,,97119,NEAR_1PCT,MED,,,UNMATCHED,,,,,,NO_MATCHING_PAYMENT_FOUND,PAYLINE_TXN_TAKEN (97119)
915,18899,,655,SGD,2000.00,2025-04-29,Y,5062,COUNTERPARTY,,,,,,97532,NEAR_1PCT,MED,,,MATCHED,PAYLINE_NEAR_1PCT,97532,2200.0,AUD,2025-10-09,payline amount+date accepted (MED),
916,18859,362,117,AUD,543.49,2025-04-15,Y,5066,INVOICE,,,,,,97184,NEAR_1PCT,MED,,,MATCHED,PAYLINE_NEAR_1PCT,97184,544.49,AUD,2025-07-03,payline amount+date accepted (MED),
917,18858,AU-MRKV031878ED,117,AUD,661.70,2025-04-25,Y,5066,INVOICE,,,,,,,,,,,MATCHED,FIRST_CLASS_REF,97183,662.7,AUD,2025-07-03,reference+amount+temporal,
918,18857,2507,23,AUD,3500.00,2025-04-24,N,5054,INVOICE,,,,,,,,,,,UNMATCHED,,,,,,NOT_PROVISIONAL_PAID,
919,18856,INV-3190579,142,AUD,22182.11,2025-04-10,Y,5030,INVOICE,,,,,,,,,,,MATCHED,FIRST_CLASS_REF,96987,22183.11,AUD,2025-05-09,reference+amount+temporal,
920,18855,AU-MRKV031681C9,117,AUD,7507.50,2025-04-03,Y,5066,INVOICE,,,,,,,,,,,MATCHED,FIRST_CLASS_REF,97191,7508.5,AUD,2025-07-03,reference+amount+temporal,
921,18809,3113376,72,AUD,220.00,2025-04-16,Y,5034,INVOICE,,,,,,,,,,,MATCHED,FIRST_CLASS_REF,97394,220.0,AUD,2025-09-04,reference+amount+temporal,
922,18767,G0189658,73,AUD,836.00,2025-04-14,Y,5033,INVOICE,,,,,,,,,,,MATCHED,FIRST_CLASS_REF,96944,837.0,AUD,2025-04-28,reference+amount+temporal,
923,18744,3465,84,SGD,1362.00,2025-03-23,Y,6104,INVOICE,,,,,,94385,EXACT,MED,,,MATCHED,PAYLINE_EXACT,94385,1362.0,SGD,2025-04-15,payline amount+date accepted (MED),
924,18743,INV-4418,143,AUD,1531.00,2025-03-13,Y,5033,INVOICE,,,,,,96945,AMOUNT_GAP,MED,,,MATCHED,PAYLINE_AMOUNT_GAP,96945,1201.0,AUD,2025-04-28,payline amount+date accepted (MED),
925,18721,,146,SGD,820.00,2025-04-25,Y,5033,COUNTERPARTY,,,,,,,NONE,,,,UNMATCHED,,,,,,NO_MATCHING_PAYMENT_FOUND,NO_INVOICE_NUMBER
926,18719,,725,SGD,101.00,2025-04-25,Y,,RULES_NEEDED,,,,,,94506,AMOUNT_GAP,LOW,,,UNMATCHED,,,,,,NO_MATCHING_PAYMENT_FOUND,NO_INVOICE_NUMBER
927,18718,,752,AUD,2300.00,2025-03-21,Y,,RULES_NEEDED,,,,,,96843,NEAR_1PCT,MED,,,UNMATCHED,,,,,,NO_MATCHING_PAYMENT_FOUND,PAYLINE_TXN_TAKEN (96843)
928,18696,VL40289304,752,AUD,5000.00,2025-04-23,Y,5036,manual,,,,,,,,,,,MATCHED,FIRST_CLASS_REF,96967,5001.0,AUD,2025-05-08,reference+amount+temporal,
929,18695,61708,55,SGD,1960.00,2024-11-04,Y,5032,INVOICE,,,,,,,,,,,MATCHED,FIRST_CLASS_REF,94689,1960.0,SGD,2025-07-09,reference+amount+temporal,
930,18694,,28,AUD,21333.40,2025-03-31,Y,6500,INVOICE,,,,,,,NONE,,,,UNMATCHED,,,,,,NO_MATCHING_PAYMENT_FOUND,NO_INVOICE_NUMBER
931,18692,08-11-2024,127,USD,2897.61,2024-11-04,N,1710,INVOICE,,,,,,,,,,,UNMATCHED,,,,,,NOT_PROVISIONAL_PAID,
932,18690,12-12-2024,127,USD,5646.56,2024-12-06,N,1710,INVOICE,,,,,,,,,,,UNMATCHED,,,,,,NOT_PROVISIONAL_PAID,
933,18673,AAU151893,41,AUD,814.37,2023-12-13,Y,5032,INVOICE,,,,,,,,,,,MATCHED,FIRST_CLASS_REF,96942,815.37,AUD,2025-04-28,reference+amount+temporal,
934,18671,78660,138,AUD,3080.00,2025-04-10,Y,5032,INVOICE,,,,,,,,,,,MATCHED,FIRST_CLASS_REF,96971,3081.0,AUD,2025-05-08,reference+amount+temporal,
935,18637,INV-0156,58,AUD,440.00,2025-04-14,Y,5033,INVOICE,,,,,,,,,,,MATCHED,FIRST_CLASS_REF,96964,441.0,AUD,2025-05-08,reference+amount+temporal,
936,18622,,602,SGD,152.00,2025-04-23,Y,5060,INVOICE,,,,,,104872,AMOUNT_GAP,LOW,,,UNMATCHED,,,,,,NO_MATCHING_PAYMENT_FOUND,NO_INVOICE_NUMBER
937,18615,,752,AUD,2500.00,2025-04-23,Y,5036,manual,,,,,,96938,NEAR_1PCT,MED,,,MATCHED,PAYLINE_NEAR_1PCT,96938,2501.0,AUD,2025-04-28,payline amount+date accepted (MED),
938,18613,,145,AUD,50.00,2025-04-23,Y,5032,INVOICE,,,,,,,NONE,,,,UNMATCHED,,,,,,NO_MATCHING_PAYMENT_FOUND,NO_INVOICE_NUMBER
939,18564,FTI00090279,123,AUD,2907.97,2025-01-31,Y,5033,INVOICE,,,,,,,,,,,MATCHED,FIRST_CLASS_REF,97321,2907.97,AUD,2025-08-25,reference+amount+temporal,
940,18563,FTI00091616,123,AUD,480.00,2025-04-02,Y,5033,INVOICE,,,,,,,,,,,MATCHED,FIRST_CLASS_REF,97029,481.0,AUD,2025-05-16,reference+amount+temporal,
941,18562,FTI00091530,123,AUD,400.00,2025-03-31,Y,5033,INVOICE,,,,,,,,,,,MATCHED,FIRST_CLASS_REF,97030,401.0,AUD,2025-05-16,reference+amount+temporal,
942,18561,FTI00091071,123,AUD,6115.81,2025-03-03,Y,5033,INVOICE,,,,,,,,,,,MATCHED,FIRST_CLASS_REF,97033,6116.81,AUD,2025-05-16,reference+amount+temporal,
943,18560,FTI00090951,123,AUD,200.00,2025-02-28,Y,5033,INVOICE,,,,,,,,,,,MATCHED,FIRST_CLASS_REF,97028,201.0,AUD,2025-05-16,reference+amount+temporal,
944,18559,FTI00090499,123,AUD,2065.01,2025-01-31,Y,5033,INVOICE,,,,,,,,,,,MATCHED,FIRST_CLASS_REF,97031,2066.01,AUD,2025-05-16,reference+amount+temporal,
945,18404,3114564,72,AUD,220.00,2025-04-17,Y,5034,INVOICE,,,,,,,,,,,MATCHED,FIRST_CLASS_REF,97213,221.0,AUD,2025-07-09,reference+amount+temporal,
946,18362,11953,135,AUD,1925.00,2025-01-24,Y,5032,INVOICE,,,,,,96966,AMOUNT_GAP,LOW,,,UNMATCHED,,,,,,NO_MATCHING_PAYMENT_FOUND,NO_REFERENCE_MATCH
947,18339,67fef56d5f466b64e721b714,70,SGD,210.00,2025-04-16,Y,5032,INVOICE,,,,,,,NONE,,,,UNMATCHED,,,,,,NO_MATCHING_PAYMENT_FOUND,NO_REFERENCE_MATCH
948,18338,67b7e8211c11b89bdec6e8ff,70,SGD,3100.00,2025-04-10,Y,5032,INVOICE,,,,,,,NONE,,,,UNMATCHED,,,,,,NO_MATCHING_PAYMENT_FOUND,NO_REFERENCE_MATCH
949,18337,678dda1bd841683c2fe50d02,70,SGD,350.00,2025-03-19,Y,5032,INVOICE,,,,,,,NONE,,,,UNMATCHED,,,,,,NO_MATCHING_PAYMENT_FOUND,NO_REFERENCE_MATCH
950,18336,67becc3b62b5c40640c0e04f,70,SGD,1500.00,2025-02-28,Y,5032,COUNTERPARTY,,,,,,83709,AMOUNT_GAP,LOW,,,UNMATCHED,,,,,,NO_MATCHING_PAYMENT_FOUND,NO_REFERENCE_MATCH
951,18335,67a443b1ef39ca41620fa466,70,SGD,1200.00,2025-02-19,Y,5032,COUNTERPARTY,,,,,,,NONE,,,,UNMATCHED,,,,,,NO_MATCHING_PAYMENT_FOUND,NO_REFERENCE_MATCH
952,18330,,694,SGD,17730.00,2023-01-29,Y,,RULES_NEEDED,,,,,,92306,AMOUNT_GAP,LOW,,,UNMATCHED,,,,,,NO_MATCHING_PAYMENT_FOUND,NO_INVOICE_NUMBER
953,18289,VL40288928,752,AUD,2000.00,2025-04-15,Y,5036,manual,,,,,,,,,,,MATCHED,FIRST_CLASS_REF,96941,2001.0,AUD,2025-04-28,reference+amount+temporal,
954,18287,,752,AUD,2000.00,2025-04-15,Y,,RULES_NEEDED,,,,,,,NONE,,,,UNMATCHED,,,,,,NO_MATCHING_PAYMENT_FOUND,NO_INVOICE_NUMBER
955,18286,VL40288918,752,AUD,2000.00,2025-04-15,Y,5036,manual,,,,,,,,,,,MATCHED,FIRST_CLASS_REF,96939,2001.0,AUD,2025-04-28,reference+amount+temporal,
956,18284,,752,AUD,2500.00,2025-04-09,Y,,RULES_NEEDED,,,,,,,NONE,,,,UNMATCHED,,,,,,NO_MATCHING_PAYMENT_FOUND,NO_INVOICE_NUMBER
957,18282,3106497,72,AUD,220.00,2025-04-17,Y,5034,INVOICE,,,,,,,,,,,MATCHED,FIRST_CLASS_REF,97673,220.0,AUD,2025-11-12,reference+amount+temporal,
958,18277,AU-MRKV0300291D,117,AUD,10868.90,2024-12-19,Y,5066,INVOICE,,,,,,,,,,,MATCHED,FIRST_CLASS_REF,96981,10869.9,AUD,2025-05-08,reference+amount+temporal,
959,18267,,655,AUD,3000.00,2025-04-17,Y,5062,COUNTERPARTY,,,,,,,NONE,,,,UNMATCHED,,,,,,NO_MATCHING_PAYMENT_FOUND,NO_INVOICE_NUMBER
960,18112,,655,AUD,3000.00,2025-04-14,Y,5062,COUNTERPARTY,,,,,,,NONE,,,,UNMATCHED,,,,,,NO_MATCHING_PAYMENT_FOUND,NO_INVOICE_NUMBER
961,18021,00000107,61,AUD,908.60,2024-12-03,N,5032,INVOICE,,,,,,,,,,,UNMATCHED,,,,,,NOT_PROVISIONAL_PAID,
962,18002,00010801,91,AUD,220.00,2025-04-03,Y,5032,INVOICE,,,,,,,,,,,MATCHED,FIRST_CLASS_REF,96979,221.0,AUD,2025-05-08,reference+amount+temporal,
963,18001,VL40288367,752,AUD,2000.00,2025-04-09,Y,5036,manual,,,,,,,,,,,MATCHED,FIRST_CLASS_REF,96918,2001.0,AUD,2025-04-15,reference+amount+temporal,
964,17996,,752,AUD,2000.00,2025-04-09,Y,,RULES_NEEDED,,,,,,,NONE,,,,UNMATCHED,,,,,,NO_MATCHING_PAYMENT_FOUND,NO_INVOICE_NUMBER
965,17919,2025031201,128,SGD,300.00,2025-03-12,Y,6401,INVOICE,,,,,,,,,,,MATCHED,FIRST_CLASS_REF,94330,300.0,SGD,2025-04-09,reference+amount+temporal,
966,17915,150,102,AUD,2970.00,2025-03-02,Y,5032,INVOICE,,,,,,96907,NEAR_1PCT,MED,,,MATCHED,PAYLINE_NEAR_1PCT,96907,2971.0,AUD,2025-04-14,payline amount+date accepted (MED),
967,17896,,,SGD,150.00,2025-04-08,Y,,RULES_NEEDED,,,,,,,,,NEW,NA/ For Drivelah Ops,UNMATCHED,,,,,,EXCLUDED_NOT_A_VENDOR,
968,17893,D24DE40230858,694,SGD,2668.94,2025-01-27,Y,5036,manual,,,,,,,,,,,MATCHED,FIRST_CLASS_REF,94328,2668.94,SGD,2025-04-08,reference+amount+temporal,
969,17843,VL40287791,752,AUD,2000.00,2025-04-02,Y,5036,manual,,,,,,,,,,,MATCHED,FIRST_CLASS_REF,96908,2001.0,AUD,2025-04-14,reference+amount+temporal,
970,17834,30044868,44,AUD,2035.00,2024-12-23,Y,6501,INVOICE,,,,,,96943,GST,MED,,,MATCHED,PAYLINE_GST,96943,1851.0,AUD,2025-04-28,payline amount+date accepted (MED),
971,17833,227873,119,AUD,82274.34,2025-03-26,Y,5035,INVOICE,,,,,,,NONE,,,,UNMATCHED,,,,,,NO_MATCHING_PAYMENT_FOUND,NO_REFERENCE_MATCH
972,17827,INV-6209,149,AUD,2750.00,2025-03-31,Y,5060,INVOICE,,,,,,,,,,,MATCHED,FIRST_CLASS_REF,97119,2751.0,AUD,2025-06-02,reference+amount+temporal,
973,17717,570012534,82,USD,13094.40,2025-04-02,Y,5030,INVOICE,,,,,,,,,,,MATCHED,FIRST_CLASS_REF,96930,20463.48,AUD,2025-04-23,reference+amount+temporal,
974,17716,100562,130,USD,1107.00,2025-03-31,Y,5030,INVOICE,,,,,,,,,,,MATCHED,FIRST_CLASS_REF,96975,1723.59,AUD,2025-05-08,reference+amount+temporal,
975,17660,3079776,72,AUD,330.00,2025-02-25,Y,5034,INVOICE,,,,,,,,,,,MATCHED,FIRST_CLASS_REF,96885,331.0,AUD,2025-04-03,reference+amount+temporal,
976,17658,3060075,72,AUD,330.00,2025-02-03,Y,5034,INVOICE,,,,,,,,,,,MATCHED,FIRST_CLASS_REF,96888,331.0,AUD,2025-04-03,reference+amount+temporal,
977,17657,3066258,72,AUD,220.00,2025-02-03,Y,5034,INVOICE,,,,,,,,,,,MATCHED,FIRST_CLASS_REF,96887,221.0,AUD,2025-04-03,reference+amount+temporal,
978,17656,3068190,72,AUD,165.00,2025-02-05,Y,5034,INVOICE,,,,,,,,,,,MATCHED,FIRST_CLASS_REF,96886,166.0,AUD,2025-04-03,reference+amount+temporal,
979,17654,3086210,72,AUD,165.00,2025-03-04,Y,5034,INVOICE,,,,,,,,,,,MATCHED,FIRST_CLASS_REF,96884,166.0,AUD,2025-04-03,reference+amount+temporal,
980,17653,3087954,72,AUD,165.00,2025-03-06,Y,5034,INVOICE,,,,,,,,,,,MATCHED,FIRST_CLASS_REF,96883,166.0,AUD,2025-04-03,reference+amount+temporal,
981,17643,78655,138,AUD,3600.00,2025-03-28,Y,5032,INVOICE,,,,,,,,,,,MATCHED,FIRST_CLASS_REF,96880,3601.0,AUD,2025-04-03,reference+amount+temporal,
982,17608,VL40282574,752,AUD,300.00,2025-03-31,Y,5036,manual,,,,,,,,,,,MATCHED,FIRST_CLASS_REF,96871,301.0,AUD,2025-04-03,reference+amount+temporal,
983,17607,,752,AUD,2000.00,2025-04-01,Y,,RULES_NEEDED,,,,,,,NONE,,,,UNMATCHED,,,,,,NO_MATCHING_PAYMENT_FOUND,NO_INVOICE_NUMBER
984,17591,,212,AUD,0.00,2025-02-20,Y,5062,COUNTERPARTY,,,,,,96731,AMOUNT_GAP,LOW,,,UNMATCHED,,,,,,NO_MATCHING_PAYMENT_FOUND,NO_AMOUNT
985,17564,INVFR0384762,31,USD,4129.81,2025-02-28,Y,6701,INVOICE,,,,,,,,,,,MATCHED,FIRST_CLASS_REF,94250,5563.1,SGD,2025-04-01,reference+amount+temporal,
986,17513,,728,AUD,0.00,2024-12-19,Y,,RULES_NEEDED,,,,,,96344,AMOUNT_GAP,LOW,,,UNMATCHED,,,,,,NO_MATCHING_PAYMENT_FOUND,NO_AMOUNT
987,17483,,80,SGD,3210.00,2025-03-31,Y,5060,INVOICE,,,,,,,NONE,,,,UNMATCHED,,,,,,NO_MATCHING_PAYMENT_FOUND,NO_INVOICE_NUMBER
988,17466,3101448,72,AUD,220.00,2025-03-26,Y,5034,INVOICE,,,,,,,,,,,MATCHED,FIRST_CLASS_REF,97208,221.0,AUD,2025-07-09,reference+amount+temporal,
989,17406,,212,AUD,2451.00,2025-02-11,Y,5062,COUNTERPARTY,,,,,,97374,AMOUNT_GAP,LOW,,,UNMATCHED,,,,,,NO_MATCHING_PAYMENT_FOUND,NO_INVOICE_NUMBER
990,17395,,729,AUD,1.00,2025-03-27,Y,,RULES_NEEDED,,,,,,,NONE,,,,UNMATCHED,,,,,,NO_MATCHING_PAYMENT_FOUND,NO_INVOICE_NUMBER
991,17389,1029764,83,AUD,10982.41,2025-02-18,Y,6701,INVOICE,,,,,,,,,,,MATCHED,FIRST_CLASS_REF,96915,10983.41,AUD,2025-04-15,reference+amount+temporal,
992,17387,,144,SGD,17138.61,2025-02-01,Y,5035,manual,,,,,,94871,EXACT,HIGH,,,MATCHED,PAYLINE_EXACT,94871,17138.61,SGD,2025-08-23,payline amount+date accepted (HIGH),
993,17385,,144,SGD,17442.43,2025-01-01,Y,5035,manual,,,,,,94870,NEAR_1PCT,MED,,,MATCHED,PAYLINE_NEAR_1PCT,94870,17442.73,SGD,2025-08-23,payline amount+date accepted (MED),
994,17380,227538,119,AUD,82274.34,2025-03-13,Y,5035,INVOICE,,,,,,,NONE,,,,UNMATCHED,,,,,,NO_MATCHING_PAYMENT_FOUND,NO_REFERENCE_MATCH
995,17379,227030,119,AUD,82384.34,2025-02-19,Y,5035,INVOICE,,,,,,,NONE,,,,UNMATCHED,,,,,,NO_MATCHING_PAYMENT_FOUND,NO_REFERENCE_MATCH
996,17339,INV/MI/25763,104,USD,2284.00,2025-03-01,N,6701,INVOICE,,,,,,,,,,,UNMATCHED,,,,,,NOT_PROVISIONAL_PAID,
997,17338,INV/MI/25158,104,USD,2284.00,2025-02-01,N,6701,INVOICE,,,,,,,,,,,UNMATCHED,,,,,,NOT_PROVISIONAL_PAID,
998,17336,INV/MI/24559,104,USD,2284.00,2024-12-31,N,6701,INVOICE,,,,,,,,,,,UNMATCHED,,,,,,NOT_PROVISIONAL_PAID,
999,17335,INV/MI/23958,104,USD,2284.00,2024-12-01,N,6701,INVOICE,,,,,,,,,,,UNMATCHED,,,,,,NOT_PROVISIONAL_PAID,
1000,17328,13-02-2025,127,USD,192.00,2025-02-04,N,1710,INVOICE,,,,,,,,,,,UNMATCHED,,,,,,NOT_PROVISIONAL_PAID,
1001,17326,05-01-2025,127,USD,2356.70,2025-01-06,N,1710,INVOICE,,,,,,,,,,,UNMATCHED,,,,,,NOT_PROVISIONAL_PAID,
1002,17323,INV136628,65,AUD,975.24,2025-01-01,Y,5030,INVOICE,,,,,,,,,,,MATCHED,FIRST_CLASS_REF,96895,976.24,AUD,2025-04-07,reference+amount+temporal,
1003,17322,1030516,83,AUD,3846.70,2025-02-28,Y,6701,INVOICE,,,,,,,,,,,MATCHED,FIRST_CLASS_REF,96846,3847.7,AUD,2025-03-31,reference+amount+temporal,
1004,17319,AU-MRKV0311883A,117,AUD,660.00,2025-02-24,Y,5066,INVOICE,,,,,,,,,,,MATCHED,FIRST_CLASS_REF,96859,661.0,AUD,2025-04-01,reference+amount+temporal,
1005,17318,AU-MRKV031525FC,117,AUD,1198.55,2025-03-24,Y,5066,INVOICE,,,,,,,,,,,MATCHED,FIRST_CLASS_REF,96909,1199.55,AUD,2025-04-14,reference+amount+temporal,
1006,17305,INVSGP13022,116,USD,4208.51,2025-02-28,Y,6701,INVOICE,,,,,,,,,,,MATCHED,FIRST_CLASS_REF,94741,5440.54,SGD,2025-07-16,reference+amount+temporal,
1007,17295,29012025M,695,AUD,440.00,2025-02-03,Y,,RULES_NEEDED,,,,,,,,,,,MATCHED,FIRST_CLASS_REF,96876,441.0,AUD,2025-04-03,reference+amount+temporal,
1008,17255,,99,SGD,1620.00,2025-03-25,Y,5032,INVOICE,,,,,,,,,EXACT,Kwee Repair Services,UNMATCHED,,,,,,NO_MATCHING_PAYMENT_FOUND,NO_INVOICE_NUMBER
1009,17234,,70,SGD,2600.00,2025-01-31,Y,5032,COUNTERPARTY,,,,,,,NONE,,,,UNMATCHED,,,,,,NO_MATCHING_PAYMENT_FOUND,NO_INVOICE_NUMBER
1010,17229,,144,SGD,20931.82,2025-01-01,Y,5035,manual,,,,,,94869,EXACT,MED,,,MATCHED,PAYLINE_EXACT,94869,20931.82,SGD,2025-08-23,payline amount+date accepted (MED),
1011,17228,,144,SGD,13787.96,2024-12-01,Y,5035,manual,,,,,,94868,EXACT,HIGH,,,MATCHED,PAYLINE_EXACT,94868,13787.96,SGD,2025-08-23,payline amount+date accepted (HIGH),
1012,17219,INV02345278,87,USD,403.00,2025-03-02,Y,6701,INVOICE,,,,,,,,,,,MATCHED,FIRST_CLASS_REF,94418,532.14,SGD,2025-04-26,reference+amount+temporal,
1013,17218,INV02329104,87,USD,19135.70,2025-03-01,Y,6701,INVOICE,,,,,,,,,,,MATCHED,FIRST_CLASS_REF,97872,28602.26,AUD,2025-12-24,reference+amount+temporal,
1014,17217,INV02312261,87,USD,572.29,2024-03-12,Y,6701,INVOICE,,,,,,,,,,,MATCHED,FIRST_CLASS_REF,94420,755.07,SGD,2025-04-26,reference+amount+temporal,
1015,17216,INV02294310,87,USD,245.64,2024-03-11,Y,6701,INVOICE,,,,,,,,,,,MATCHED,FIRST_CLASS_REF,94419,324.94,SGD,2025-04-26,reference+amount+temporal,
1016,17215,INV02232863,87,USD,324.49,2024-03-08,Y,6701,INVOICE,,,,,,,,,,,MATCHED,FIRST_CLASS_REF,94540,420.11,SGD,2025-06-03,reference+amount+temporal,
1017,17208,INVSGP12954,116,USD,5783.04,2025-01-31,Y,6701,INVOICE,,,,,,10841,NEAR_1PCT,MED,,,UNMATCHED,,,,,,NO_MATCHING_PAYMENT_FOUND,PAYLINE_TXN_TAKEN (10841)
1018,17204,SGIN25-139689,355,SGD,8921.66,2025-03-01,Y,6700,COUNTERPARTY,,,,,,9218,GST,LOW,,,UNMATCHED,,,,,,NO_MATCHING_PAYMENT_FOUND,NO_REFERENCE_MATCH
1019,17203,SGIN25-139687,355,SGD,234.53,2025-03-01,Y,6700,COUNTERPARTY,,,,,,9220,NEAR_1PCT,MED,,,UNMATCHED,,,,,,NO_MATCHING_PAYMENT_FOUND,PAYLINE_TXN_TAKEN (9220)
1020,17202,901339,355,SGD,436.74,2025-02-26,Y,6700,COUNTERPARTY,,,,,,,,,,,MATCHED,FIRST_CLASS_REF,94597,436.74,SGD,2025-06-24,reference+amount+temporal,
1021,17201,SGIN25-71276,355,SGD,2721.43,2025-02-01,Y,6700,COUNTERPARTY,,,,,,94598,AMOUNT_GAP,LOW,,,UNMATCHED,,,,,,NO_MATCHING_PAYMENT_FOUND,NO_REFERENCE_MATCH
1022,17200,SGIN25-71274,355,SGD,10817.49,2025-02-01,Y,6700,COUNTERPARTY,,,,,,,NONE,,,,UNMATCHED,,,,,,NO_MATCHING_PAYMENT_FOUND,NO_REFERENCE_MATCH
1023,17199,901223,355,SGD,189.02,2025-01-24,Y,6700,COUNTERPARTY,,,,,,,,,,,MATCHED,FIRST_CLASS_REF,94596,189.02,SGD,2025-06-24,reference+amount+temporal,
1024,17197,SGIN25-3001,355,SGD,11207.29,2025-01-01,Y,6700,COUNTERPARTY,,,,,,10419,GST,LOW,,,UNMATCHED,,,,,,NO_MATCHING_PAYMENT_FOUND,NO_REFERENCE_MATCH
1025,17196,SGIN25-3002,355,SGD,3126.55,2025-01-01,Y,6700,COUNTERPARTY,,,,,,94594,AMOUNT_GAP,LOW,,,UNMATCHED,,,,,,NO_MATCHING_PAYMENT_FOUND,NO_REFERENCE_MATCH
1026,17194,,582,AUD,825.00,2025-03-24,Y,5032,INVOICE,,,,,,96899,NEAR_1PCT,MED,,,MATCHED,PAYLINE_NEAR_1PCT,96899,826.0,AUD,2025-04-07,payline amount+date accepted (MED),
1027,17192,,,AUD,627.00,2025-03-24,Y,,RULES_NEEDED,,,,,,,,,NONE,,UNMATCHED,,,,,,HUMAN_REVIEW_IDENTIFY_VENDOR,
1028,17191,,582,AUD,220.00,2025-03-24,Y,5032,INVOICE,,,,,,96898,NEAR_1PCT,MED,,,MATCHED,PAYLINE_NEAR_1PCT,96898,221.0,AUD,2025-04-07,payline amount+date accepted (MED),
1029,17132,DM012,111,AUD,1419.00,2025-03-21,Y,5001,INVOICE,,,,,,,,,,,MATCHED,FIRST_CLASS_REF,96879,1420.0,AUD,2025-04-03,reference+amount+temporal,
1030,17098,,59,SGD,675.80,2025-03-20,N,5001,INVOICE,,,,,,,,,,,UNMATCHED,,,,,,NOT_PROVISIONAL_PAID,
1031,17097,,59,SGD,850.20,2025-03-20,N,5001,INVOICE,,,,,,,,,,,UNMATCHED,,,,,,NOT_PROVISIONAL_PAID,
1032,17076,INV-0150,58,AUD,552.20,2025-03-19,Y,5033,INVOICE,,,,,,,,,,,MATCHED,FIRST_CLASS_REF,96875,553.2,AUD,2025-04-03,reference+amount+temporal,
1033,17042,1EFH077,72,AUD,165.00,2025-03-14,Y,5034,INVOICE,,,,,,,NONE,,,,UNMATCHED,,,,,,NO_MATCHING_PAYMENT_FOUND,NO_REFERENCE_MATCH
1034,17034,INV-0149,58,AUD,337.04,2025-03-19,Y,5033,INVOICE,,,,,,,,,,,MATCHED,FIRST_CLASS_REF,96864,338.04,AUD,2025-04-03,reference+amount+temporal,
1035,16967,,59,SGD,70.00,2025-03-17,Y,5001,INVOICE,,,,,,94978,EXACT,HIGH,,,MATCHED,PAYLINE_EXACT,94978,70.0,SGD,2025-09-10,payline amount+date accepted (HIGH),
1036,16964,,752,AUD,3000.00,2025-03-04,Y,,RULES_NEEDED,,,,,,,NONE,,,,UNMATCHED,,,,,,NO_MATCHING_PAYMENT_FOUND,NO_INVOICE_NUMBER
1037,16963,VL40283773,752,AUD,3300.00,2025-03-04,Y,5036,manual,,,,,,,,,,,MATCHED,FIRST_CLASS_REF,96842,3301.0,AUD,2025-03-31,reference+amount+temporal,
1038,16958,INVFR0373734,31,USD,3931.07,2025-01-29,Y,6701,INVOICE,,,,,,,,,,,MATCHED,FIRST_CLASS_REF,94249,5294.93,SGD,2025-04-01,reference+amount+temporal,
1039,16953,,72,AUD,330.00,2025-03-17,Y,5034,INVOICE,,,,,,97399,EXACT,MED,,,UNMATCHED,,,,,,NO_MATCHING_PAYMENT_FOUND,PAYLINE_TXN_TAKEN (97399)
1040,16952,3049495,72,AUD,220.00,2025-01-07,Y,5034,INVOICE,,,,,,,,,,,MATCHED,FIRST_CLASS_REF,96813,221.0,AUD,2025-03-25,reference+amount+temporal,
1041,16949,923YNZ,72,AUD,330.00,2025-01-08,Y,5034,INVOICE,,,,,,,NONE,,,,UNMATCHED,,,,,,NO_MATCHING_PAYMENT_FOUND,NO_REFERENCE_MATCH
1042,16948,1CSF876,72,AUD,330.00,2025-01-08,Y,5034,INVOICE,,,,,,,NONE,,,,UNMATCHED,,,,,,NO_MATCHING_PAYMENT_FOUND,NO_REFERENCE_MATCH
1043,16945,3045591,72,AUD,330.00,2024-12-30,Y,5034,INVOICE,,,,,,,,,,,MATCHED,FIRST_CLASS_REF,96810,331.0,AUD,2025-03-25,reference+amount+temporal,
1044,16944,3044961,72,AUD,330.00,2024-12-27,Y,5034,INVOICE,,,,,,,,,,,MATCHED,FIRST_CLASS_REF,96809,331.0,AUD,2025-03-25,reference+amount+temporal,
1045,16943,3041741,72,AUD,220.00,2024-12-19,Y,5034,INVOICE,,,,,,,,,,,MATCHED,FIRST_CLASS_REF,96808,221.0,AUD,2025-03-25,reference+amount+temporal,
1046,16942,3041545,72,AUD,330.00,2024-12-18,Y,5034,INVOICE,,,,,,,,,,,MATCHED,FIRST_CLASS_REF,96807,331.0,AUD,2025-03-25,reference+amount+temporal,
1047,16941,3040025,72,AUD,220.00,2024-12-17,Y,5034,INVOICE,,,,,,96806,AMOUNT_GAP,MED,,,MATCHED,PAYLINE_AMOUNT_GAP,96806,331.0,AUD,2025-03-25,payline amount+date accepted (MED),
1048,16940,3037805,72,AUD,330.00,2024-12-23,Y,5034,INVOICE,,,,,,,,,,,MATCHED,FIRST_CLASS_REF,96805,331.0,AUD,2025-03-25,reference+amount+temporal,
1049,16929,1029402,83,AUD,80.69,2025-01-31,Y,6701,INVOICE,,,,,,,,,,,MATCHED,FIRST_CLASS_REF,96849,81.69,AUD,2025-03-31,reference+amount+temporal,
1050,16928,,83,AUD,15929.10,2025-03-14,Y,6701,INVOICE,,,,,,96915,AMOUNT_GAP,LOW,,,UNMATCHED,,,,,,NO_MATCHING_PAYMENT_FOUND,NO_INVOICE_NUMBER
1051,16927,1025960,83,AUD,1100.00,2024-12-04,Y,6701,INVOICE,,,,,,,,,,,MATCHED,FIRST_CLASS_REF,96848,1101.0,AUD,2025-03-31,reference+amount+temporal,
1052,16871,INV 503-INV25/28078,27,SGD,1526.00,2025-03-14,Y,5001,INVOICE,,,,,,,,,,,MATCHED,FIRST_CLASS_REF,94179,1526.0,SGD,2025-03-20,reference+amount+temporal,
1053,16867,,752,AUD,3000.00,2025-03-14,Y,,RULES_NEEDED,,,,,,,,,SUBSTR,GT Insurance,UNMATCHED,,,,,,NO_MATCHING_PAYMENT_FOUND,NO_INVOICE_NUMBER
1054,16837,73270,132,AUD,663.25,2025-02-27,Y,5025,INVOICE,,,,,,96874,NEAR_1PCT,MED,,,MATCHED,PAYLINE_NEAR_1PCT,96874,664.25,AUD,2025-04-03,payline amount+date accepted (MED),
1055,16824,226800,119,AUD,64323.21,2025-02-10,Y,5035,INVOICE,,,,,,,NONE,,,,UNMATCHED,,,,,,NO_MATCHING_PAYMENT_FOUND,NO_REFERENCE_MATCH
1056,16822,,119,AUD,64323.21,2025-03-13,Y,5035,INVOICE,,,,,,,NONE,,,,UNMATCHED,,,,,,NO_MATCHING_PAYMENT_FOUND,NO_INVOICE_NUMBER
1057,16802,INV-3190556,142,AUD,18715.48,2025-02-07,Y,5030,INVOICE,,,,,,,,,,,MATCHED,FIRST_CLASS_REF,96799,18716.48,AUD,2025-03-21,reference+amount+temporal,
1058,16694,B25030100132,134,SGD,436.00,2025-03-07,Y,6701,INVOICE,,,,,,,,,,,MATCHED,FIRST_CLASS_REF,94132,436.0,SGD,2025-03-11,reference+amount+temporal,
1059,16685,VL40275566,752,AUD,2300.00,2025-02-27,Y,5036,manual,,,,,,,,,,,MATCHED,FIRST_CLASS_REF,96843,2301.0,AUD,2025-03-31,reference+amount+temporal,
1060,16684,AU-MRKV031362CF,117,AUD,7507.50,2025-03-06,Y,5066,INVOICE,,,,,,,,,,,MATCHED,FIRST_CLASS_REF,96914,7508.5,AUD,2025-04-15,reference+amount+temporal,
1061,16683,INV-3190566,142,AUD,19009.38,2025-03-06,Y,5030,INVOICE,,,,,,,,,,,MATCHED,FIRST_CLASS_REF,96834,19010.38,AUD,2025-03-28,reference+amount+temporal,
1062,16681,100137,130,USD,1119.00,2025-02-28,Y,5030,INVOICE,,,,,,96851,AMOUNT_GAP,MED,,,MATCHED,PAYLINE_AMOUNT_GAP,96851,1787.76,AUD,2025-03-31,payline amount+date accepted (MED),
1063,16676,VL40279911,752,AUD,2300.00,2025-02-27,Y,5036,manual,,,,,,,,,,,MATCHED,FIRST_CLASS_REF,96844,2301.0,AUD,2025-03-31,reference+amount+temporal,
1064,16640,,752,AUD,300.00,2025-03-04,Y,,RULES_NEEDED,,,,,,,NONE,,,,UNMATCHED,,,,,,NO_MATCHING_PAYMENT_FOUND,NO_INVOICE_NUMBER
1065,16632,1SR2TA,72,AUD,220.00,2025-03-07,N,5034,INVOICE,,,,,,,,,,,UNMATCHED,,,,,,NOT_PROVISIONAL_PAID,
1066,16493,VL40277007,752,AUD,300.00,2025-03-06,Y,5036,manual,,,,,,,,,,,MATCHED,FIRST_CLASS_REF,96746,301.0,AUD,2025-03-06,reference+amount+temporal,
1067,16471,570012533,82,USD,13094.40,2025-03-03,Y,5030,INVOICE,,,,,,96830,AMOUNT_GAP,MED,,,MATCHED,PAYLINE_AMOUNT_GAP,96830,20865.37,AUD,2025-03-28,payline amount+date accepted (MED),
1068,16470,570012532,82,USD,12830.40,2025-02-03,Y,5030,INVOICE,,,,,,96821,AMOUNT_GAP,MED,,,MATCHED,PAYLINE_AMOUNT_GAP,96821,12462.34,AUD,2025-03-27,payline amount+date accepted (MED),
1069,16469,,582,AUD,82.50,2025-03-06,Y,5032,INVOICE,,,,,,96900,AMOUNT_GAP,LOW,,,UNMATCHED,,,,,,NO_MATCHING_PAYMENT_FOUND,NO_INVOICE_NUMBER
1070,16468,,582,AUD,220.00,2025-03-06,Y,5032,INVOICE,,,,,,,NONE,,,,UNMATCHED,,,,,,NO_MATCHING_PAYMENT_FOUND,NO_INVOICE_NUMBER
1071,16426,226640,119,AUD,15354.71,2025-01-31,Y,5035,INVOICE,,,,,,,NONE,,,,UNMATCHED,,,,,,NO_MATCHING_PAYMENT_FOUND,NO_REFERENCE_MATCH
1072,16415,INV-6117,149,AUD,8800.00,2025-03-03,Y,5060,INVOICE,,,,,,96788,AMOUNT_GAP,MED,,,MATCHED,PAYLINE_AMOUNT_GAP,96788,2751.0,AUD,2025-03-14,payline amount+date accepted (MED),
1073,16387,INV-4354,143,AUD,178.00,2024-12-01,Y,5033,INVOICE,,,,,,,,,,,MATCHED,FIRST_CLASS_REF,96743,179.0,AUD,2025-03-06,reference+amount+temporal,
1074,16374,13704,88,AUD,3523.85,2025-01-21,Y,5032,INVOICE,,,,,,,NONE,,,,UNMATCHED,,,,,,NO_MATCHING_PAYMENT_FOUND,NO_REFERENCE_MATCH
1075,16348,INV-4360,143,AUD,2820.00,2024-12-16,Y,5033,INVOICE,,,,,,,,,,,MATCHED,FIRST_CLASS_REF,96741,2821.0,AUD,2025-03-06,reference+amount+temporal,
1076,16347,3080138,72,AUD,220.00,2025-02-21,Y,5034,INVOICE,,,,,,,,,,,MATCHED,FIRST_CLASS_REF,9962,220.0,AUD,2026-02-13,reference+amount+temporal,
1077,16332,,,AUD,17022.74,2025-03-04,Y,,RULES_NEEDED,,,,,,,,,NONE,,UNMATCHED,,,,,,HUMAN_REVIEW_IDENTIFY_VENDOR,
1078,16325,,102,AUD,1281.50,2025-03-04,Y,5032,INVOICE,,,,,,,,,SUBSTR,MELBOURNE PRESTIGE CENTRE,UNMATCHED,,,,,,NO_MATCHING_PAYMENT_FOUND,NO_INVOICE_NUMBER
1079,16277,,145,AUD,3583.65,2025-03-03,Y,5032,INVOICE,,,,,,,,,EXACT,Top Dents,UNMATCHED,,,,,,NO_MATCHING_PAYMENT_FOUND,NO_INVOICE_NUMBER
1080,16259,INV-0142,58,AUD,425.70,2025-02-27,Y,5033,INVOICE,,,,,,,,,,,MATCHED,FIRST_CLASS_REF,96793,426.7,AUD,2025-03-17,reference+amount+temporal,
1081,16145,VL40281643,752,AUD,2000.00,2025-02-26,Y,5036,manual,,,,,,,,,,,MATCHED,FIRST_CLASS_REF,96747,2001.0,AUD,2025-03-07,reference+amount+temporal,
1082,16107,02025049,29,AUD,152.73,2025-02-17,Y,5032,INVOICE,,,,,,96978,AMOUNT_GAP,MED,,,MATCHED,PAYLINE_AMOUNT_GAP,96978,141.0,AUD,2025-05-08,payline amount+date accepted (MED),
1083,16105,1ESG871,72,AUD,220.00,2025-01-09,Y,5034,INVOICE,,,,,,,NONE,,,,UNMATCHED,,,,,,NO_MATCHING_PAYMENT_FOUND,NO_REFERENCE_MATCH
1084,16080,PR0070522,112,AUD,731.50,2025-02-25,Y,5033,INVOICE,,,,,,,NONE,,,,UNMATCHED,,,,,,NO_MATCHING_PAYMENT_FOUND,NO_REFERENCE_MATCH
1085,16076,72449,132,AUD,689.56,2025-02-12,Y,5025,INVOICE,,,,,,,,,,,MATCHED,FIRST_CLASS_REF,97644,689.56,AUD,2025-11-06,reference+amount+temporal,
1086,16065,T0377337,57,AUD,2625.96,2025-02-26,Y,5033,INVOICE,,,,,,,,,,,MATCHED,FIRST_CLASS_REF,96755,2626.96,AUD,2025-03-11,reference+amount+temporal,
1087,16063,,89,AUD,495.00,2025-02-25,Y,5032,INVOICE,,,,,,,,,EXACT,JD Windscreen,UNMATCHED,,,,,,NO_MATCHING_PAYMENT_FOUND,NO_INVOICE_NUMBER
1088,16053,3078600,72,AUD,165.00,2025-02-20,Y,5034,INVOICE,,,,,,,,,,,MATCHED,FIRST_CLASS_REF,96759,166.0,AUD,2025-03-11,reference+amount+temporal,
1089,16040,VL40281762,752,AUD,2000.00,2025-01-21,Y,5036,manual,,,,,,,,,,,MATCHED,FIRST_CLASS_REF,96721,2001.0,AUD,2025-02-28,reference+amount+temporal,
1090,16029,DM011,111,AUD,814.00,2025-02-24,Y,5001,INVOICE,,,,,,,,,,,MATCHED,FIRST_CLASS_REF,96726,815.0,AUD,2025-02-28,reference+amount+temporal,
1091,15961,130,102,AUD,880.00,2025-01-03,Y,5032,INVOICE,,,,,,96684,NEAR_1PCT,MED,,,MATCHED,PAYLINE_NEAR_1PCT,96684,881.0,AUD,2025-02-25,payline amount+date accepted (MED),
1092,15959,,102,AUD,2915.00,2025-02-23,Y,5032,INVOICE,,,,,,,,,SUBSTR,MELBOURNE PRESTIGE CENTRE,UNMATCHED,,,,,,NO_MATCHING_PAYMENT_FOUND,NO_INVOICE_NUMBER
1093,15955,138,102,AUD,2950.00,2025-01-23,Y,5032,INVOICE,,,,,,96686,NEAR_1PCT,MED,,,MATCHED,PAYLINE_NEAR_1PCT,96686,2951.0,AUD,2025-02-25,payline amount+date accepted (MED),
1094,15942,,752,AUD,2000.00,2025-02-13,Y,,RULES_NEEDED,,,,,,,NONE,,,,UNMATCHED,,,,,,NO_MATCHING_PAYMENT_FOUND,NO_INVOICE_NUMBER
1095,15812,,153,SGD,1978.50,2025-02-20,N,6500,INVOICE,,,,,,,,,,,UNMATCHED,,,,,,NOT_PROVISIONAL_PAID,
1096,15809,,752,AUD,2000.00,2025-02-13,Y,,RULES_NEEDED,,,,,,,NONE,,,,UNMATCHED,,,,,,NO_MATCHING_PAYMENT_FOUND,NO_INVOICE_NUMBER
1097,15794,B4427726 0005,328,AUD,5677.52,2025-02-20,Y,2410,COUNTERPARTY,,,,,,,NONE,,,,UNMATCHED,,,,,,NO_MATCHING_PAYMENT_FOUND,NO_REFERENCE_MATCH
1098,15775,22012025M,695,AUD,440.00,2025-01-29,Y,,RULES_NEEDED,,,,,,,,,,,MATCHED,FIRST_CLASS_REF,96976,441.0,AUD,2025-05-08,reference+amount+temporal,
1099,15762,,,AUD,185.90,2025-02-19,Y,,RULES_NEEDED,,,,,,,,,NONE,,UNMATCHED,,,,,,HUMAN_REVIEW_IDENTIFY_VENDOR,
1100,15748,,103,AUD,3603.60,2025-02-19,Y,5033,INVOICE,,,,,,,,,EXACT,Mill Park Towing Service,UNMATCHED,,,,,,NO_MATCHING_PAYMENT_FOUND,NO_INVOICE_NUMBER
1101,15730,AU-MRKV03104102,117,AUD,7507.50,2025-02-05,Y,5066,INVOICE,,,,,,,,,,,MATCHED,FIRST_CLASS_REF,96913,7508.5,AUD,2025-04-15,reference+amount+temporal,
1102,15728,99690,130,USD,2130.00,2025-01-31,Y,5030,INVOICE,,,,,,96850,AMOUNT_GAP,MED,,,MATCHED,PAYLINE_AMOUNT_GAP,96850,3400.79,AUD,2025-03-31,payline amount+date accepted (MED),
1103,15712,E5F15183 0002,328,AUD,213.20,2025-02-19,Y,2410,COUNTERPARTY,,,,,,104608,AMOUNT_GAP,LOW,,,UNMATCHED,,,,,,NO_MATCHING_PAYMENT_FOUND,NO_REFERENCE_MATCH
1104,15641,19355,88,AUD,2797.85,2024-11-27,Y,5032,INVOICE,,,,,,,NONE,,,,UNMATCHED,,,,,,NO_MATCHING_PAYMENT_FOUND,NO_REFERENCE_MATCH
1105,15640,3044973,72,AUD,165.00,2024-12-24,Y,5034,INVOICE,,,,,,,,,,,MATCHED,FIRST_CLASS_REF,96803,166.0,AUD,2025-03-25,reference+amount+temporal,
1106,15627,INV 502-INV25/27706,70,SGD,1526.00,2025-02-14,Y,5032,COUNTERPARTY,,,,,,,NONE,,,,UNMATCHED,,,,,,NO_MATCHING_PAYMENT_FOUND,NO_REFERENCE_MATCH
1107,15623,F693931E 0004,328,AUD,884.50,2025-02-17,Y,2410,COUNTERPARTY,,,,,,104159,AMOUNT_GAP,LOW,,,UNMATCHED,,,,,,NO_MATCHING_PAYMENT_FOUND,NO_REFERENCE_MATCH
1108,15611,140,102,AUD,1780.00,2025-02-13,Y,5032,INVOICE,,,,,,96683,NEAR_1PCT,MED,,,MATCHED,PAYLINE_NEAR_1PCT,96683,1781.0,AUD,2025-02-25,payline amount+date accepted (MED),
1109,15596,3061652,72,AUD,220.00,2025-01-28,Y,5034,INVOICE,,,,,,,NONE,,,,UNMATCHED,,,,,,NO_MATCHING_PAYMENT_FOUND,NO_REFERENCE_MATCH
1110,15592,,752,AUD,2000.00,2025-02-13,Y,,RULES_NEEDED,,,,,,,NONE,,,,UNMATCHED,,,,,,NO_MATCHING_PAYMENT_FOUND,NO_INVOICE_NUMBER
1111,15415,NW20250000010843,697,SGD,196.20,2025-01-08,Y,,RULES_NEEDED,,,,,,,NONE,,,,UNMATCHED,,,,,,NO_MATCHING_PAYMENT_FOUND,NO_REFERENCE_MATCH
1112,15409,352,117,AUD,321.42,2025-01-18,Y,5066,INVOICE,,,,,,9753,NEAR_1PCT,MED,,,UNMATCHED,,,,,,NO_MATCHING_PAYMENT_FOUND,PAYLINE_TXN_TAKEN (9753)
1113,15407,AU-MRKV030986B7,117,AUD,7507.50,2025-01-31,Y,5066,INVOICE,,,,,,,,,,,MATCHED,FIRST_CLASS_REF,96912,7508.5,AUD,2025-04-15,reference+amount+temporal,
1114,15380,VL40282574,752,AUD,2000.00,2025-01-30,Y,5036,manual,,,,,,,,,,,MATCHED,FIRST_CLASS_REF,96652,2001.0,AUD,2025-02-18,reference+amount+temporal,
1115,15338,,,SGD,2542.97,2025-02-11,Y,,RULES_NEEDED,,,,,,,,,NONE,,UNMATCHED,,,,,,HUMAN_REVIEW_IDENTIFY_VENDOR,
1116,15305,,146,SGD,1878.00,2025-02-10,Y,5033,COUNTERPARTY,,,,,,,NONE,,,,UNMATCHED,,,,,,NO_MATCHING_PAYMENT_FOUND,NO_INVOICE_NUMBER
1117,15301,,,MYR,1044.00,2025-02-10,Y,,RULES_NEEDED,,,,,,,,,NONE,,UNMATCHED,,,,,,HUMAN_REVIEW_IDENTIFY_VENDOR,
1118,15288,,752,AUD,2000.00,2025-01-28,Y,,RULES_NEEDED,,,,,,,NONE,,,,UNMATCHED,,,,,,NO_MATCHING_PAYMENT_FOUND,NO_INVOICE_NUMBER
1119,15111,DM010,111,AUD,1144.00,2025-02-06,Y,5001,INVOICE,,,,,,,,,,,MATCHED,FIRST_CLASS_REF,96725,1145.0,AUD,2025-02-28,reference+amount+temporal,
1120,15014,13799,88,AUD,2692.80,2025-02-04,Y,5032,INVOICE,,,,,,,NONE,,,,UNMATCHED,,,,,,NO_MATCHING_PAYMENT_FOUND,NO_REFERENCE_MATCH
1121,14989,13615,88,AUD,2824.25,2024-12-18,Y,5032,INVOICE,,,,,,,NONE,,,,UNMATCHED,,,,,,NO_MATCHING_PAYMENT_FOUND,NO_REFERENCE_MATCH
1122,14982,,119,AUD,252129.88,2025-01-15,Y,5035,INVOICE,,,,,,,NONE,,,,UNMATCHED,,,,,,NO_MATCHING_PAYMENT_FOUND,NO_INVOICE_NUMBER
1123,14979,3044360,72,AUD,165.00,2024-12-23,Y,5034,INVOICE,,,,,,,,,,,MATCHED,FIRST_CLASS_REF,96757,166.0,AUD,2025-03-11,reference+amount+temporal,
1124,14971,INV-6009,149,AUD,8800.00,2025-02-03,Y,5060,INVOICE,,,,,,103225,EXACT,MED,,,MATCHED,PAYLINE_EXACT,103225,8800.0,AUD,2025-02-15,payline amount+date accepted (MED),
1125,14970,INV-5992,149,AUD,8800.00,2025-01-06,Y,5060,INVOICE,,,,,,,,,,,MATCHED,FIRST_CLASS_REF,96637,8801.0,AUD,2025-02-13,reference+amount+temporal,
1126,14911,VL40276952,752,AUD,2000.00,2025-01-24,Y,5036,manual,,,,,,,,,,,MATCHED,FIRST_CLASS_REF,96628,2001.0,AUD,2025-02-10,reference+amount+temporal,
1127,14891,3064135,72,AUD,165.00,2025-02-03,Y,5034,INVOICE,,,,,,,,,,,MATCHED,FIRST_CLASS_REF,96758,166.0,AUD,2025-03-11,reference+amount+temporal,
1128,14867,,752,AUD,2000.00,2025-01-24,Y,,RULES_NEEDED,,,,,,,NONE,,,,UNMATCHED,,,,,,NO_MATCHING_PAYMENT_FOUND,NO_INVOICE_NUMBER
1129,14865,VL40282329,752,AUD,2000.00,2025-01-28,Y,5036,manual,,,,,,,,,,,MATCHED,FIRST_CLASS_REF,96621,2001.0,AUD,2025-02-10,reference+amount+temporal,
1130,14862,VL40282307,752,AUD,2000.00,2025-01-28,Y,5036,manual,,,,,,,,,,,MATCHED,FIRST_CLASS_REF,96620,2001.0,AUD,2025-02-10,reference+amount+temporal,
1131,14850,VL40282302,752,AUD,2000.00,2025-01-28,Y,5036,manual,,,,,,,,,,,MATCHED,FIRST_CLASS_REF,96619,2001.0,AUD,2025-02-10,reference+amount+temporal,
1132,14845,VL40282522,752,AUD,2000.00,2025-01-30,Y,5036,manual,,,,,,,,,,,MATCHED,FIRST_CLASS_REF,96618,2001.0,AUD,2025-02-10,reference+amount+temporal,
1133,14580,,157,AUD,2276.34,2025-01-30,Y,6501,INVOICE,,,,,,96917,NEAR_1PCT,MED,,,MATCHED,PAYLINE_NEAR_1PCT,96917,2277.34,AUD,2025-04-15,payline amount+date accepted (MED),
1134,14579,,157,AUD,6927.47,2025-01-30,Y,6501,INVOICE,,,,,,96856,NEAR_1PCT,MED,,,MATCHED,PAYLINE_NEAR_1PCT,96856,6928.47,AUD,2025-04-01,payline amount+date accepted (MED),
1135,14578,,157,AUD,2500.00,2025-01-30,Y,6501,INVOICE,,,,,,96858,NEAR_1PCT,MED,,,MATCHED,PAYLINE_NEAR_1PCT,96858,2501.0,AUD,2025-04-01,payline amount+date accepted (MED),
1136,14568,,103,AUD,3344.00,2025-01-30,Y,5033,INVOICE,,,,,,,,,SUBSTR,Mill Park Towing Service,UNMATCHED,,,,,,NO_MATCHING_PAYMENT_FOUND,NO_INVOICE_NUMBER
1137,14500,,25,AUD,1215.70,2025-01-29,Y,5033,INVOICE,,,,,,,,,SUBSTR,AAAC Towing Pty Ltd,UNMATCHED,,,,,,NO_MATCHING_PAYMENT_FOUND,NO_INVOICE_NUMBER
1138,14434,FTI00090068,123,AUD,2775.34,2024-12-31,Y,5033,INVOICE,,,,,,,,,,,MATCHED,FIRST_CLASS_REF,96661,2776.34,AUD,2025-02-19,reference+amount+temporal,
1139,14433,FTI00089852,123,AUD,3787.56,2024-12-25,Y,5033,INVOICE,,,,,,,,,,,MATCHED,FIRST_CLASS_REF,96660,3788.56,AUD,2025-02-19,reference+amount+temporal,
1140,14431,FTI00089463,123,AUD,3922.99,2024-12-04,Y,5033,INVOICE,,,,,,,,,,,MATCHED,FIRST_CLASS_REF,96659,3923.99,AUD,2025-02-19,reference+amount+temporal,
1141,14430,FTI00089338,123,AUD,100.00,2024-11-30,Y,5033,INVOICE,,,,,,,,,,,MATCHED,FIRST_CLASS_REF,96658,101.0,AUD,2025-02-19,reference+amount+temporal,
1142,14428,FTI00089337,123,AUD,4134.97,2024-11-30,Y,5033,INVOICE,,,,,,,,,,,MATCHED,FIRST_CLASS_REF,96657,4135.97,AUD,2025-02-19,reference+amount+temporal,
1143,14427,FTI00088923,123,AUD,2955.01,2024-10-31,Y,5033,INVOICE,,,,,,,,,,,MATCHED,FIRST_CLASS_REF,96656,2956.01,AUD,2025-02-19,reference+amount+temporal,
1144,14426,FTI00088707,123,AUD,2783.48,2024-10-29,Y,5033,INVOICE,,,,,,,,,,,MATCHED,FIRST_CLASS_REF,96655,2784.48,AUD,2025-02-19,reference+amount+temporal,
1145,14351,02025016,29,AUD,731.85,2025-01-28,Y,5032,INVOICE,,,,,,,,,,,MATCHED,FIRST_CLASS_REF,103166,731.85,AUD,2025-02-06,reference+amount+temporal,
1146,14265,135,102,AUD,950.40,2025-01-15,Y,5032,INVOICE,,,,,,96682,NEAR_1PCT,MED,,,MATCHED,PAYLINE_NEAR_1PCT,96682,951.4,AUD,2025-02-25,payline amount+date accepted (MED),
1147,14256,134,102,AUD,1815.00,2025-01-11,Y,5032,INVOICE,,,,,,96681,NEAR_1PCT,MED,,,MATCHED,PAYLINE_NEAR_1PCT,96681,1816.0,AUD,2025-02-25,payline amount+date accepted (MED),
1148,14191,VL40281090,752,AUD,2000.00,2025-01-13,Y,5036,manual,,,,,,,,,,,MATCHED,FIRST_CLASS_REF,96627,2001.0,AUD,2025-02-10,reference+amount+temporal,
1149,14182,132,102,AUD,363.00,2025-01-03,Y,5032,INVOICE,,,,,,96680,NEAR_1PCT,MED,,,MATCHED,PAYLINE_NEAR_1PCT,96680,364.0,AUD,2025-02-25,payline amount+date accepted (MED),
1150,14145,INV-1692,36,SGD,330.00,2025-01-25,Y,6103,INVOICE,,,,,,,,,,,MATCHED,FIRST_CLASS_REF,94050,330.0,SGD,2025-02-21,reference+amount+temporal,
1151,14111,VL40281800,752,AUD,2000.00,2025-01-21,Y,5036,manual,,,,,,,,,,,MATCHED,FIRST_CLASS_REF,96616,2001.0,AUD,2025-02-10,reference+amount+temporal,
1152,14094,VL40282170,752,AUD,2000.00,2025-01-24,Y,5036,manual,,,,,,,,,,,MATCHED,FIRST_CLASS_REF,96614,2001.0,AUD,2025-02-10,reference+amount+temporal,
1153,14009,VL40282179,752,AUD,2000.00,2025-01-24,Y,5036,manual,,,,,,,,,,,MATCHED,FIRST_CLASS_REF,96649,2001.0,AUD,2025-02-18,reference+amount+temporal,
1154,14005,,,AUD,1000.00,2025-01-24,Y,,RULES_NEEDED,,,,,,,,,NONE,,UNMATCHED,,,,,,HUMAN_REVIEW_IDENTIFY_VENDOR,
1155,13974,,752,AUD,2000.00,2025-01-24,Y,,RULES_NEEDED,,,,,,,NONE,,,,UNMATCHED,,,,,,NO_MATCHING_PAYMENT_FOUND,NO_INVOICE_NUMBER
1156,13959,INV-3190549,142,AUD,18758.61,2025-01-09,Y,5030,INVOICE,,,,,,,,,,,MATCHED,FIRST_CLASS_REF,96600,18759.61,AUD,2025-02-04,reference+amount+temporal,
1157,13958,99240,130,USD,1350.00,2024-12-31,Y,5030,INVOICE,,,,,,96601,GST,MED,,,MATCHED,PAYLINE_GST,96601,2185.9,AUD,2025-02-04,payline amount+date accepted (MED),
1158,13957,570012531,82,USD,12724.80,2025-01-02,Y,5030,INVOICE,,,,,,,,,,,MATCHED,FIRST_CLASS_REF,95727,12737.23,USD,2025-02-11,reference+amount+temporal,
1159,13956,2239,23,AUD,2600.00,2024-12-20,Y,5054,INVOICE,,,,,,96691,NEAR_1PCT,MED,,,MATCHED,PAYLINE_NEAR_1PCT,96691,2601.0,AUD,2025-02-26,payline amount+date accepted (MED),
1160,13955,AU-MRKV030650DD,117,AUD,599.06,2024-12-21,Y,5066,INVOICE,,,,,,,,,,,MATCHED,FIRST_CLASS_REF,96647,600.06,AUD,2025-02-17,reference+amount+temporal,
1161,13954,347,117,AUD,470.87,2024-12-20,Y,5066,INVOICE,,,,,,96644,NEAR_1PCT,MED,,,UNMATCHED,,,,,,NO_MATCHING_PAYMENT_FOUND,PAYLINE_TXN_TAKEN (96644)
1162,13952,VL40281713,752,AUD,2000.00,2025-01-20,Y,5036,manual,,,,,,,,,,,MATCHED,FIRST_CLASS_REF,96511,2001.0,AUD,2025-01-24,reference+amount+temporal,
1163,13951,AU-MRKV030548DA,117,AUD,423.40,2024-12-19,Y,5066,INVOICE,,,,,,,,,,,MATCHED,FIRST_CLASS_REF,96645,424.4,AUD,2025-02-17,reference+amount+temporal,
1164,13948,00006455,95,AUD,3300.00,2024-12-20,Y,5054,INVOICE,,,,,,,NONE,,,,UNMATCHED,,,,,,NO_MATCHING_PAYMENT_FOUND,NO_REFERENCE_MATCH
1165,13947,2217,23,AUD,4850.00,2024-12-12,Y,5054,INVOICE,,,,,,96690,NEAR_1PCT,MED,,,MATCHED,PAYLINE_NEAR_1PCT,96690,4851.0,AUD,2025-02-26,payline amount+date accepted (MED),
1166,13945,00006444,95,AUD,2520.00,2024-12-12,Y,5054,INVOICE,,,,,,,NONE,,,,UNMATCHED,,,,,,NO_MATCHING_PAYMENT_FOUND,NO_REFERENCE_MATCH
1167,13942,00006442,95,AUD,1865.00,2024-12-07,Y,5054,INVOICE,,,,,,97408,AMOUNT_GAP,LOW,,,UNMATCHED,,,,,,NO_MATCHING_PAYMENT_FOUND,NO_REFERENCE_MATCH
1168,13896,,355,SGD,12543.91,2025-01-23,Y,6700,INVOICE,,,,,,10593,AMOUNT_GAP,LOW,,,UNMATCHED,,,,,,NO_MATCHING_PAYMENT_FOUND,NO_INVOICE_NUMBER
1169,13863,,752,AUD,2000.00,2025-01-20,Y,,RULES_NEEDED,,,,,,,NONE,,,,UNMATCHED,,,,,,NO_MATCHING_PAYMENT_FOUND,NO_INVOICE_NUMBER
1170,13813,VL40278207,752,AUD,2300.00,2025-01-21,Y,5036,manual,,,,,,,,,,,MATCHED,FIRST_CLASS_REF,96506,2301.0,AUD,2025-01-24,reference+amount+temporal,
1171,13797,,46,AUD,1572.00,2025-01-23,Y,5032,INVOICE,,,,,,,,,SUBSTR,BM Precision Paint works,UNMATCHED,,,,,,NO_MATCHING_PAYMENT_FOUND,NO_INVOICE_NUMBER
1172,13673,,752,AUD,2000.00,2025-01-17,Y,,RULES_NEEDED,,,,,,,NONE,,,,UNMATCHED,,,,,,NO_MATCHING_PAYMENT_FOUND,NO_INVOICE_NUMBER
1173,13546,INVSGP12836,116,USD,12023.16,2024-11-30,Y,6701,INVOICE,,,,,,,NONE,,,,UNMATCHED,,,,,,NO_MATCHING_PAYMENT_FOUND,NO_REFERENCE_MATCH
1174,13545,INVSGP12783,116,USD,11687.29,2024-10-31,Y,6701,INVOICE,,,,,,9939,AMOUNT_GAP,MED,,,MATCHED,PAYLINE_AMOUNT_GAP,9939,8156.77,AUD,2026-02-10,payline amount+date accepted (MED),
1175,13542,INVFR0364042,31,USD,3786.97,2025-01-02,Y,6701,INVOICE,,,,,,,,,,,MATCHED,FIRST_CLASS_REF,94056,5066.24,SGD,2025-02-24,reference+amount+temporal,
1176,13541,INVFR0350919,31,USD,3576.00,2024-11-29,Y,6701,INVOICE,,,,,,,,,,,MATCHED,FIRST_CLASS_REF,93952,4876.08,SGD,2025-01-21,reference+amount+temporal,
1177,13519,VL40277858,752,AUD,2000.00,2025-01-15,Y,5036,manual,,,,,,,,,,,MATCHED,FIRST_CLASS_REF,96493,2001.0,AUD,2025-01-21,reference+amount+temporal,
1178,13431,,70,SGD,7110.00,2024-12-31,Y,5032,COUNTERPARTY,,,,,,,NONE,,,,UNMATCHED,,,,,,NO_MATCHING_PAYMENT_FOUND,NO_INVOICE_NUMBER
1179,13405,2428,39,AUD,1430.00,2024-12-13,Y,5054,INVOICE,,,,,,96490,NEAR_1PCT,MED,,,MATCHED,PAYLINE_NEAR_1PCT,96490,1431.0,AUD,2025-01-20,payline amount+date accepted (MED),
1180,13404,2384,39,AUD,3635.50,2024-11-25,Y,5054,INVOICE,,,,,,96489,NEAR_1PCT,MED,,,MATCHED,PAYLINE_NEAR_1PCT,96489,3636.5,AUD,2025-01-20,payline amount+date accepted (MED),
1181,13403,2361,39,AUD,3905.00,2024-11-25,Y,5054,INVOICE,,,,,,96488,NEAR_1PCT,MED,,,MATCHED,PAYLINE_NEAR_1PCT,96488,3906.0,AUD,2025-01-20,payline amount+date accepted (MED),
1182,13163,26C2DD67 0001,70,AUD,1116.22,2025-01-18,Y,5032,COUNTERPARTY,,,,,,,NONE,,,,UNMATCHED,,,,,,NO_MATCHING_PAYMENT_FOUND,NO_REFERENCE_MATCH
1183,13135,3463,84,SGD,1362.00,2025-01-25,Y,6104,INVOICE,,,,,,93971,EXACT,MED,,,MATCHED,PAYLINE_EXACT,93971,1362.0,SGD,2025-01-31,payline amount+date accepted (MED),
1184,13040,70195,132,AUD,309.98,2024-12-19,Y,5025,INVOICE,,,,,,,,,,,MATCHED,FIRST_CLASS_REF,97643,309.98,AUD,2025-11-06,reference+amount+temporal,
1185,13035,69955,132,AUD,542.94,2024-12-13,Y,5025,INVOICE,,,,,,,,,,,MATCHED,FIRST_CLASS_REF,97642,542.94,AUD,2025-11-06,reference+amount+temporal,
1186,13033,30044875,44,AUD,16880.83,2024-12-24,Y,6501,INVOICE,,,,,,96833,AMOUNT_GAP,MED,,,MATCHED,PAYLINE_AMOUNT_GAP,96833,8881.63,AUD,2025-03-28,payline amount+date accepted (MED),
1187,12988,,,AUD,1027.93,2025-01-16,Y,,RULES_NEEDED,,,,,,,,,NONE,,UNMATCHED,,,,,,HUMAN_REVIEW_IDENTIFY_VENDOR,
1188,12982,00002088,157,AUD,4703.22,2024-12-31,Y,6501,INVOICE,,,,,,,,,,,MATCHED,FIRST_CLASS_REF,96916,4704.22,AUD,2025-04-15,reference+amount+temporal,
1189,12978,35052,129,AUD,5725.42,2025-01-16,Y,5032,INVOICE,,,,,,,,,,,MATCHED,FIRST_CLASS_REF,96485,5726.42,AUD,2025-01-20,reference+amount+temporal,
1190,12779,DM008,111,AUD,1133.00,2025-01-13,Y,5001,INVOICE,,,,,,,,,,,MATCHED,FIRST_CLASS_REF,96479,1134.0,AUD,2025-01-17,reference+amount+temporal,
1191,12713,,146,SGD,2990.00,2024-12-01,Y,5033,COUNTERPARTY,,,,,,,NONE,,,,UNMATCHED,,,,,,NO_MATCHING_PAYMENT_FOUND,NO_INVOICE_NUMBER
1192,12474,INV 501-INV24/27264,70,SGD,1526.00,2025-01-14,Y,5032,COUNTERPARTY,,,,,,,NONE,,,,UNMATCHED,,,,,,NO_MATCHING_PAYMENT_FOUND,NO_REFERENCE_MATCH
1193,12429,AU-MRKV0302640C,117,AUD,993.30,2024-11-22,Y,5066,INVOICE,,,,,,,,,,,MATCHED,FIRST_CLASS_REF,96841,994.3,AUD,2025-03-31,reference+amount+temporal,
1194,12426,AU-MRKV03019162,117,AUD,612.20,2024-11-15,Y,5066,INVOICE,,,,,,,,,,,MATCHED,FIRST_CLASS_REF,96710,613.2,AUD,2025-02-28,reference+amount+temporal,
1195,12420,342,117,AUD,2374.13,2024-11-18,Y,5066,INVOICE,,,,,,96711,NEAR_1PCT,MED,,,MATCHED,PAYLINE_NEAR_1PCT,96711,2375.13,AUD,2025-02-28,payline amount+date accepted (MED),
1196,12366,VL40279038,752,AUD,2000.00,2024-12-20,Y,5036,manual,,,,,,,,,,,MATCHED,FIRST_CLASS_REF,96502,2001.0,AUD,2025-01-23,reference+amount+temporal,
1197,12364,3039985,72,AUD,330.00,2024-12-20,Y,5034,INVOICE,,,,,,,NONE,,,,UNMATCHED,,,,,,NO_MATCHING_PAYMENT_FOUND,NO_REFERENCE_MATCH
1198,12263,61930,55,SGD,1380.00,2024-12-20,Y,5032,INVOICE,,,,,,,,,,,MATCHED,FIRST_CLASS_REF,94343,1380.0,SGD,2025-04-14,reference+amount+temporal,
1199,12218,68,53,AUD,545.46,2025-07-01,Y,5033,INVOICE,,,,,,,NONE,,,,UNMATCHED,,,,,,NO_MATCHING_PAYMENT_FOUND,INVOICE_NUMBER_TOO_SHORT
1200,12174,,,AUD,5830.00,2025-01-07,Y,,RULES_NEEDED,,,,,,,,,NONE,,UNMATCHED,,,,,,HUMAN_REVIEW_IDENTIFY_VENDOR,
1202,12171,,,AUD,620.95,2025-01-07,Y,,RULES_NEEDED,,,,,,,,,NONE,,UNMATCHED,,,,,,HUMAN_REVIEW_IDENTIFY_VENDOR,
1203,12169,,,AUD,816.00,2025-01-07,Y,,RULES_NEEDED,,,,,,,,,NONE,,UNMATCHED,,,,,,HUMAN_REVIEW_IDENTIFY_VENDOR,
1204,12157,1NA7GL,72,AUD,330.00,2025-01-06,Y,5034,INVOICE,,,,,,,NONE,,,,UNMATCHED,,,,,,NO_MATCHING_PAYMENT_FOUND,NO_REFERENCE_MATCH
1205,12002,,,AUD,2987.38,2025-01-05,Y,,RULES_NEEDED,,,,,,,,,NONE,,UNMATCHED,,,,,,HUMAN_REVIEW_IDENTIFY_VENDOR,
1206,11996,131,102,AUD,1980.00,2025-01-03,Y,5032,INVOICE,,,,,,96635,NEAR_1PCT,MED,,,MATCHED,PAYLINE_NEAR_1PCT,96635,1981.0,AUD,2025-02-11,payline amount+date accepted (MED),
1207,11930,,,AUD,1000.00,2025-01-04,Y,,RULES_NEEDED,,,,,,,,,NONE,,UNMATCHED,,,,,,HUMAN_REVIEW_IDENTIFY_VENDOR,
1208,11840,2024/94556,70,SGD,877.50,2024-09-18,Y,5032,COUNTERPARTY,,,,,,,NONE,,,,UNMATCHED,,,,,,NO_MATCHING_PAYMENT_FOUND,NO_REFERENCE_MATCH
1209,11755,24.1497,28,AUD,1391.50,2024-12-30,Y,6500,INVOICE,,,,,,,,,,,MATCHED,FIRST_CLASS_REF,96612,1392.5,AUD,2025-02-10,reference+amount+temporal,
1210,11754,24.1471,28,AUD,1815.00,2024-12-11,Y,6500,INVOICE,,,,,,,,,,,MATCHED,FIRST_CLASS_REF,96611,1816.0,AUD,2025-02-10,reference+amount+temporal,
1211,11753,24.1470,28,AUD,3278.00,2024-12-01,Y,6500,INVOICE,,,,,,,,,,,MATCHED,FIRST_CLASS_REF,96392,3279.0,AUD,2025-01-02,reference+amount+temporal,
1212,11728,20326-1,30,AUD,1020.79,2025-01-02,Y,5033,INVOICE,,,,,,,NONE,,,,UNMATCHED,,,,,,NO_MATCHING_PAYMENT_FOUND,NO_REFERENCE_MATCH
1213,11632,,,SGD,24.00,2024-12-31,Y,,RULES_NEEDED,,,,,,,,,NONE,,UNMATCHED,,,,,,HUMAN_REVIEW_IDENTIFY_VENDOR,
1214,11597,,,AUD,0.00,2024-12-31,Y,,RULES_NEEDED,,,,,,,,,NONE,,UNMATCHED,,,,,,HUMAN_REVIEW_IDENTIFY_VENDOR,
1215,11480,20326-1,30,AUD,928.09,2024-12-24,Y,5033,INVOICE,,,,,,,NONE,,,,UNMATCHED,,,,,,NO_MATCHING_PAYMENT_FOUND,NO_REFERENCE_MATCH
1216,11399,INV-1663,36,SGD,660.00,2024-12-28,Y,6103,INVOICE,,,,,,,,,,,MATCHED,FIRST_CLASS_REF,94049,660.0,SGD,2025-02-21,reference+amount+temporal,
1217,11228,VL40275577,752,AUD,2000.00,2024-12-17,Y,5036,manual,,,,,,,,,,,MATCHED,FIRST_CLASS_REF,96400,2001.0,AUD,2025-01-03,reference+amount+temporal,
1218,11018,2200,23,AUD,3200.00,2024-12-03,Y,5054,INVOICE,,,,,,96631,NEAR_1PCT,MED,,,MATCHED,PAYLINE_NEAR_1PCT,96631,3201.0,AUD,2025-02-11,payline amount+date accepted (MED),
1219,11017,AU-MRKV030409E7,117,AUD,470.58,2024-12-04,Y,5066,INVOICE,,,,,,,,,,,MATCHED,FIRST_CLASS_REF,96644,471.58,AUD,2025-02-17,reference+amount+temporal,
1220,11016,346,117,AUD,913.15,2024-11-30,Y,5066,INVOICE,,,,,,96643,NEAR_1PCT,MED,,,MATCHED,PAYLINE_NEAR_1PCT,96643,914.15,AUD,2025-02-17,payline amount+date accepted (MED),
1221,11014,AU-MRKV030370B6,117,AUD,7507.50,2024-11-30,Y,5066,INVOICE,,,,,,,,,,,MATCHED,FIRST_CLASS_REF,96642,7508.5,AUD,2025-02-17,reference+amount+temporal,
1222,11012,00006409,95,AUD,2910.00,2024-11-29,Y,5054,INVOICE,,,,,,,NONE,,,,UNMATCHED,,,,,,NO_MATCHING_PAYMENT_FOUND,NO_REFERENCE_MATCH
1223,11009,001,730,AUD,1225.14,2024-11-28,Y,,RULES_NEEDED,,,,,,96633,NEAR_1PCT,MED,,,MATCHED,PAYLINE_NEAR_1PCT,96633,1216.14,AUD,2025-02-11,payline amount+date accepted (MED),
1224,11007,2334,39,AUD,3520.00,2024-11-25,Y,5054,INVOICE,,,,,,96487,NEAR_1PCT,MED,,,MATCHED,PAYLINE_NEAR_1PCT,96487,3521.0,AUD,2025-01-20,payline amount+date accepted (MED),
1225,11006,00006402,95,AUD,3720.00,2024-11-23,Y,5054,INVOICE,,,,,,,NONE,,,,UNMATCHED,,,,,,NO_MATCHING_PAYMENT_FOUND,NO_REFERENCE_MATCH
1227,10978,,70,SGD,5630.00,2024-11-30,Y,5032,COUNTERPARTY,,,,,,,NONE,,,,UNMATCHED,,,,,,NO_MATCHING_PAYMENT_FOUND,NO_INVOICE_NUMBER
1228,10933,00000099,61,AUD,1210.00,2024-12-04,Y,5032,INVOICE,,,,,,,,,,,MATCHED,FIRST_CLASS_REF,96632,1211.0,AUD,2025-02-11,reference+amount+temporal,
1229,10784,,752,AUD,170.00,2024-09-25,Y,5036,manual,,,,,,96845,NEAR_1PCT,MED,,,MATCHED,PAYLINE_NEAR_1PCT,96845,171.0,AUD,2025-03-31,payline amount+date accepted (MED),
1230,10782,,,SGD,30.00,2024-12-20,Y,,RULES_NEEDED,,,,,,,,,NONE,,UNMATCHED,,,,,,HUMAN_REVIEW_IDENTIFY_VENDOR,
1231,10781,,,SGD,30.00,2024-12-20,Y,,RULES_NEEDED,,,,,,,,,NONE,,UNMATCHED,,,,,,HUMAN_REVIEW_IDENTIFY_VENDOR,
1232,10762,,,AUD,0.00,2024-12-20,Y,,RULES_NEEDED,,,,,,,,,NONE,,UNMATCHED,,,,,,HUMAN_REVIEW_IDENTIFY_VENDOR,
1233,10721,INV 412-INV24/26849,70,SGD,1526.00,2024-12-14,Y,5032,COUNTERPARTY,,,,,,,NONE,,,,UNMATCHED,,,,,,NO_MATCHING_PAYMENT_FOUND,NO_REFERENCE_MATCH
1234,10528,3038397,72,AUD,385.00,2024-12-13,Y,5034,INVOICE,,,,,,96805,AMOUNT_GAP,LOW,,,UNMATCHED,,,,,,NO_MATCHING_PAYMENT_FOUND,NO_REFERENCE_MATCH
1235,10479,VL40275539,752,AUD,2000.00,2024-12-11,Y,5036,manual,,,,,,,,,,,MATCHED,FIRST_CLASS_REF,96399,2001.0,AUD,2025-01-03,reference+amount+temporal,
1236,10421,19144,109,AUD,1650.00,2024-12-10,Y,5032,INVOICE,,,,,,96294,NEAR_1PCT,MED,,,MATCHED,PAYLINE_NEAR_1PCT,96294,1651.0,AUD,2024-12-16,payline amount+date accepted (MED),
1237,10420,19143,109,AUD,1375.00,2024-12-10,Y,5032,INVOICE,,,,,,,NONE,,,,UNMATCHED,,,,,,NO_MATCHING_PAYMENT_FOUND,NO_REFERENCE_MATCH
1238,10419,19141,109,AUD,440.00,2024-12-10,Y,5032,INVOICE,,,,,,96289,AMOUNT_GAP,LOW,,,UNMATCHED,,,,,,NO_MATCHING_PAYMENT_FOUND,NO_REFERENCE_MATCH
1239,10418,19138,109,AUD,2083.00,2024-12-10,Y,5032,INVOICE,,,,,,96287,AMOUNT_GAP,LOW,,,UNMATCHED,,,,,,NO_MATCHING_PAYMENT_FOUND,NO_REFERENCE_MATCH
1240,10415,19139,109,AUD,1348.00,2024-12-10,Y,5032,INVOICE,,,,,,96292,NEAR_1PCT,MED,,,MATCHED,PAYLINE_NEAR_1PCT,96292,1343.0,AUD,2024-12-16,payline amount+date accepted (MED),
1241,10412,19137,109,AUD,1485.00,2024-12-10,Y,5032,INVOICE,,,,,,,NONE,,,,UNMATCHED,,,,,,NO_MATCHING_PAYMENT_FOUND,NO_REFERENCE_MATCH
1242,10408,19133,109,AUD,1122.00,2024-12-10,Y,5032,INVOICE,,,,,,96291,AMOUNT_GAP,LOW,,,UNMATCHED,,,,,,NO_MATCHING_PAYMENT_FOUND,NO_REFERENCE_MATCH
1243,10406,19136,109,AUD,1870.00,2024-12-10,Y,5032,INVOICE,,,,,,96288,AMOUNT_GAP,LOW,,,UNMATCHED,,,,,,NO_MATCHING_PAYMENT_FOUND,NO_REFERENCE_MATCH
1244,10403,19135,109,AUD,1375.00,2024-12-10,Y,5032,INVOICE,,,,,,,NONE,,,,UNMATCHED,,96289,386.0,AUD,2024-12-16,NO_MATCHING_PAYMENT_FOUND,"AMOUNT_GAP (TXN_LT, -72% in SGD)"
1245,10402,19134,109,AUD,2310.00,2024-12-10,Y,5032,INVOICE,,,,,,,NONE,,,,UNMATCHED,,,,,,NO_MATCHING_PAYMENT_FOUND,NO_REFERENCE_MATCH
1246,10400,19132,109,AUD,1375.00,2024-12-10,Y,5032,INVOICE,,,,,,,NONE,,,,UNMATCHED,,,,,,NO_MATCHING_PAYMENT_FOUND,NO_REFERENCE_MATCH
1247,10325,DM007,111,AUD,1133.00,2024-12-12,Y,5001,INVOICE,,,,,,,,,,,MATCHED,FIRST_CLASS_REF,96310,1134.0,AUD,2024-12-20,reference+amount+temporal,
1248,10222,INV-3190541,142,AUD,17569.09,2024-12-03,Y,5030,INVOICE,,,,,,,,,,,MATCHED,FIRST_CLASS_REF,96329,17570.09,AUD,2024-12-24,reference+amount+temporal,
1249,10221,98841,130,USD,1371.00,2024-11-30,Y,5030,INVOICE,,,,,,96330,AMOUNT_GAP,MED,,,MATCHED,PAYLINE_AMOUNT_GAP,96330,2205.12,AUD,2024-12-24,payline amount+date accepted (MED),
1250,10220,,,AUD,2805.89,2024-12-12,Y,,RULES_NEEDED,,,,,,,,,NONE,,UNMATCHED,,,,,,HUMAN_REVIEW_IDENTIFY_VENDOR,
1251,10215,570012529,82,USD,11000.00,2024-11-01,Y,5030,INVOICE,,,,,,96328,AMOUNT_GAP,MED,,,MATCHED,PAYLINE_AMOUNT_GAP,96328,17491.0,AUD,2024-12-24,payline amount+date accepted (MED),
1252,10214,570012530,82,USD,11457.60,2024-12-04,Y,5030,INVOICE,,,,,,96327,AMOUNT_GAP,MED,,,MATCHED,PAYLINE_AMOUNT_GAP,96327,18218.58,AUD,2024-12-24,payline amount+date accepted (MED),
1253,10194,VL40274358,752,AUD,2000.00,2024-12-04,Y,5036,manual,,,,,,,,,,,MATCHED,FIRST_CLASS_REF,96398,2001.0,AUD,2025-01-03,reference+amount+temporal,
1254,10123,INV-5855,149,AUD,8800.00,2024-12-06,Y,5060,INVOICE,,,,,,,,,,,MATCHED,FIRST_CLASS_REF,96274,8801.0,AUD,2024-12-16,reference+amount+temporal,
1255,10122,INV-5854,149,AUD,8800.00,2024-12-06,Y,5060,INVOICE,,,,,,,,,,,MATCHED,FIRST_CLASS_REF,96268,8801.0,AUD,2024-12-11,reference+amount+temporal,
1256,10120,,752,AUD,2000.00,2024-12-09,Y,,RULES_NEEDED,,,,,,,NONE,,,,UNMATCHED,,,,,,NO_MATCHING_PAYMENT_FOUND,NO_INVOICE_NUMBER
1257,10108,INV-5855,149,AUD,8800.00,2024-12-06,Y,5060,COUNTERPARTY,,,,,,,,,,,UNMATCHED,,,,,,NO_MATCHING_PAYMENT_FOUND,PAYMENT_ALREADY_CLAIMED (txn 96274 -> inv 1254)
1258,10061,,,AUD,5720.00,2024-12-10,Y,,RULES_NEEDED,,,,,,,,,NONE,,UNMATCHED,,,,,,HUMAN_REVIEW_IDENTIFY_VENDOR,
1259,10018,INVFR0339366,31,USD,3441.62,2024-10-29,Y,6701,INVOICE,,,,,,,,,,,MATCHED,FIRST_CLASS_REF,93737,4632.52,SGD,2024-12-11,reference+amount+temporal,
1260,9994,1026645,83,AUD,148.50,2024-11-30,Y,6701,INVOICE,,,,,,96472,NEAR_1PCT,MED,,,MATCHED,PAYLINE_NEAR_1PCT,96472,149.5,AUD,2025-01-15,payline amount+date accepted (MED),
1261,9993,INV/MI/23562,104,USD,2284.37,2024-01-11,Y,6701,INVOICE,,,,,,,,,,,MATCHED,FIRST_CLASS_REF,96260,3598.07,AUD,2024-12-11,reference+amount+temporal,
1262,9987,INV02288658,87,USD,3636.63,2024-10-25,Y,6701,INVOICE,,,,,,96838,AMOUNT_GAP,MED,,,MATCHED,PAYLINE_AMOUNT_GAP,96838,5795.34,AUD,2025-03-31,payline amount+date accepted (MED),
1263,9985,,65,AUD,1974.74,2024-12-09,Y,5030,INVOICE,,,,,,,NONE,,,,UNMATCHED,,,,,,NO_MATCHING_PAYMENT_FOUND,NO_INVOICE_NUMBER
1264,9984,INV135860,65,AUD,999.62,2024-11-01,Y,5030,INVOICE,,,,,,,,,,,MATCHED,FIRST_CLASS_REF,96893,1000.62,AUD,2025-04-07,reference+amount+temporal,
1265,9952,VL40273715,752,AUD,2000.00,2024-11-22,Y,5036,manual,,,,,,,,,,,MATCHED,FIRST_CLASS_REF,96401,2001.0,AUD,2025-01-03,reference+amount+temporal,
1266,9949,,146,SGD,1860.00,2024-12-09,Y,5033,COUNTERPARTY,,,,,,94271,AMOUNT_GAP,LOW,,,UNMATCHED,,,,,,NO_MATCHING_PAYMENT_FOUND,NO_INVOICE_NUMBER
1267,9948,,146,SGD,2490.00,2024-10-31,Y,5033,INVOICE,,,,,,,NONE,,,,UNMATCHED,,,,,,NO_MATCHING_PAYMENT_FOUND,NO_INVOICE_NUMBER
1268,9939,INV-1612,36,SGD,380.00,2024-10-28,Y,6103,INVOICE,,,,,,96265,AMOUNT_GAP,MED,,,MATCHED,PAYLINE_AMOUNT_GAP,96265,456.43,AUD,2024-12-11,payline amount+date accepted (MED),
1269,9890,,,AUD,2539.68,2024-12-08,Y,,RULES_NEEDED,,,,,,,,,NONE,,UNMATCHED,,,,,,HUMAN_REVIEW_IDENTIFY_VENDOR,
1271,9751,INV-1635,36,SGD,380.00,2024-11-28,Y,6103,INVOICE,,,,,,96266,AMOUNT_GAP,MED,,,MATCHED,PAYLINE_AMOUNT_GAP,96266,447.62,AUD,2024-12-11,payline amount+date accepted (MED),
1272,9728,3461,84,SGD,1362.00,2024-11-25,Y,6104,INVOICE,,,,,,93882,EXACT,MED,,,MATCHED,PAYLINE_EXACT,93882,1362.0,SGD,2025-01-16,payline amount+date accepted (MED),
1273,9647,AU-MRKV0301109B,117,AUD,1287.24,2024-11-18,Y,5066,INVOICE,,,,,,,,,,,MATCHED,FIRST_CLASS_REF,96840,1288.24,AUD,2025-03-31,reference+amount+temporal,
1274,9646,2157,23,AUD,7650.00,2024-11-14,Y,5054,INVOICE,,,,,,96901,NEAR_1PCT,MED,,,MATCHED,PAYLINE_NEAR_1PCT,96901,7651.0,AUD,2025-04-08,payline amount+date accepted (MED),
1275,9642,00006388,95,AUD,5000.00,2024-11-06,Y,5054,INVOICE,,,,,,96596,AMOUNT_GAP,LOW,,,UNMATCHED,,,,,,NO_MATCHING_PAYMENT_FOUND,NO_REFERENCE_MATCH
1276,9641,2319,39,AUD,3300.00,2024-11-04,Y,5054,INVOICE,,,,,,96486,NEAR_1PCT,MED,,,MATCHED,PAYLINE_NEAR_1PCT,96486,3301.0,AUD,2025-01-20,payline amount+date accepted (MED),
1277,9639,AU-MRKV030014E8,117,AUD,804.59,2024-11-03,Y,5066,INVOICE,,,,,,,,,,,MATCHED,FIRST_CLASS_REF,96709,805.59,AUD,2025-02-28,reference+amount+temporal,
1278,9638,00006384,95,AUD,3150.00,2024-11-02,Y,5054,INVOICE,,,,,,,NONE,,,,UNMATCHED,,,,,,NO_MATCHING_PAYMENT_FOUND,NO_REFERENCE_MATCH
1279,9636,341,117,AUD,1548.39,2024-11-01,Y,5066,INVOICE,,,,,,96839,NEAR_1PCT,MED,,,MATCHED,PAYLINE_NEAR_1PCT,96839,1549.39,AUD,2025-03-31,payline amount+date accepted (MED),
1280,9635,2147,23,AUD,4900.00,2024-10-31,Y,5054,INVOICE,,,,,,96630,NEAR_1PCT,MED,,,MATCHED,PAYLINE_NEAR_1PCT,96630,4901.0,AUD,2025-02-11,payline amount+date accepted (MED),
1281,9617,AU-MRKV03000040,117,AUD,8497.50,2024-10-31,Y,5066,INVOICE,,,,,,,,,,,MATCHED,FIRST_CLASS_REF,96708,8498.5,AUD,2025-02-28,reference+amount+temporal,
1282,9614,AU-MRKV02990500,117,AUD,1566.36,2024-10-25,Y,5066,INVOICE,,,,,,,,,,,MATCHED,FIRST_CLASS_REF,96648,1567.36,AUD,2025-02-17,reference+amount+temporal,
1283,9604,,,AUD,1045.00,2024-12-04,Y,,RULES_NEEDED,,,,,,,,,NONE,,UNMATCHED,,,,,,HUMAN_REVIEW_IDENTIFY_VENDOR,
1284,9506,,,USD,1282.64,2024-12-02,Y,,RULES_NEEDED,,,,,,,,,NONE,,UNMATCHED,,,,,,HUMAN_REVIEW_IDENTIFY_VENDOR,
1285,9180,AU-MRKV029998BF,117,AUD,13165.90,2024-10-31,Y,5066,INVOICE,,,,,,,,,,,MATCHED,FIRST_CLASS_REF,96238,13166.9,AUD,2024-11-29,reference+amount+temporal,
1286,9175,,,AUD,0.00,2024-11-28,Y,,RULES_NEEDED,,,,,,,,,NONE,,UNMATCHED,,,,,,HUMAN_REVIEW_IDENTIFY_VENDOR,
1287,9048,14238,49,AUD,440.00,2024-07-25,Y,,RULES_NEEDED,,,,,,,,,,,MATCHED,FIRST_CLASS_REF,96863,441.0,AUD,2025-04-03,reference+amount+temporal,
1288,9047,14239,49,AUD,440.00,2024-07-25,Y,,RULES_NEEDED,,,,,,,,,,,MATCHED,FIRST_CLASS_REF,96862,441.0,AUD,2025-04-03,reference+amount+temporal,
1289,9007,20240090,731,SGD,2457.95,2024-11-26,Y,,RULES_NEEDED,,,,,,93702,AMOUNT_GAP,MED,,,MATCHED,PAYLINE_AMOUNT_GAP,93702,1228.97,SGD,2024-11-26,payline amount+date accepted (MED),
1290,8990,,752,AUD,2000.00,2024-11-22,Y,,RULES_NEEDED,,,,,,,NONE,,,,UNMATCHED,,,,,,NO_MATCHING_PAYMENT_FOUND,NO_INVOICE_NUMBER
1291,8956,VL40273928,752,AUD,2000.00,2024-11-22,Y,5036,manual,,,,,,,,,,,MATCHED,FIRST_CLASS_REF,96395,2001.0,AUD,2025-01-03,reference+amount+temporal,
1292,8780,00958726,3,AUD,1135.77,2024-11-21,Y,5033,INVOICE,,,,,,,,,,,MATCHED,FIRST_CLASS_REF,96977,1136.77,AUD,2025-05-08,reference+amount+temporal,
1293,8772,61,53,AUD,660.00,2024-11-23,Y,5033,INVOICE,,,,,,96175,NEAR_1PCT,MED,,,MATCHED,PAYLINE_NEAR_1PCT,96175,661.23,AUD,2024-11-23,payline amount+date accepted (MED),
1296,8756,FTI00088350,123,AUD,1025.01,2024-09-30,Y,5033,INVOICE,,,,,,,,,,,MATCHED,FIRST_CLASS_REF,96496,1026.01,AUD,2025-01-22,reference+amount+temporal,
1297,8755,FTI00088128,123,AUD,1079.99,2024-09-30,Y,5033,INVOICE,,,,,,,,,,,MATCHED,FIRST_CLASS_REF,96497,1080.99,AUD,2025-01-22,reference+amount+temporal,
1298,8754,FTI00087596,123,AUD,480.00,2024-08-28,Y,5033,INVOICE,,,,,,,,,,,MATCHED,FIRST_CLASS_REF,96495,481.0,AUD,2025-01-22,reference+amount+temporal,
1299,8679,SG-JCS-CN-006822,93,SGD,8000.00,2024-11-21,Y,6300,INVOICE,,,,,,10688,AMOUNT_GAP,LOW,,,UNMATCHED,,,,,,NO_MATCHING_PAYMENT_FOUND,NO_REFERENCE_MATCH
1300,8678,SG-JCS-CN-006820,93,SGD,1308.00,2024-11-21,Y,6300,INVOICE,,,,,,102982,AMOUNT_GAP,LOW,,,UNMATCHED,,,,,,NO_MATCHING_PAYMENT_FOUND,NO_REFERENCE_MATCH
1301,8677,SG-JCS-CN-006821,93,SGD,4360.00,2024-11-21,Y,6300,INVOICE,,,,,,102981,AMOUNT_GAP,LOW,,,UNMATCHED,,,,,,NO_MATCHING_PAYMENT_FOUND,NO_REFERENCE_MATCH
1302,8598,2024111301,128,SGD,300.00,2024-11-13,Y,6401,INVOICE,,,,,,,,,,,MATCHED,FIRST_CLASS_REF,96246,349.93,AUD,2024-12-04,reference+amount+temporal,
1303,8588,DM006,111,AUD,627.00,2024-11-17,Y,5001,INVOICE,,,,,,,,,,,MATCHED,FIRST_CLASS_REF,96309,628.0,AUD,2024-12-20,reference+amount+temporal,
1304,8584,DM005,111,AUD,297.00,2024-11-17,Y,5001,INVOICE,,,,,,,,,,,MATCHED,FIRST_CLASS_REF,96308,298.0,AUD,2024-12-20,reference+amount+temporal,
1305,8539,1982,60,AUD,704.00,2024-09-30,Y,6103,INVOICE,,,,,,96170,NEAR_1PCT,MED,,,MATCHED,PAYLINE_NEAR_1PCT,96170,705.23,AUD,2024-11-20,payline amount+date accepted (MED),
1306,8512,INV 411-INV24/26439,27,SGD,1526.00,2024-11-14,Y,5001,INVOICE,,,,,,,,,,,MATCHED,FIRST_CLASS_REF,93693,1526.0,SGD,2024-11-23,reference+amount+temporal,
1307,8509,,,AUD,290.50,2024-11-20,Y,,RULES_NEEDED,,,,,,,,,NONE,,UNMATCHED,,,,,,HUMAN_REVIEW_IDENTIFY_VENDOR,
1308,8504,1293,124,AUD,1028.50,2024-09-09,Y,6103,INVOICE,,,,,,96243,NEAR_1PCT,MED,,,MATCHED,PAYLINE_NEAR_1PCT,96243,1029.5,AUD,2024-12-02,payline amount+date accepted (MED),
1309,8501,,,AUD,2300.00,2024-11-20,Y,,RULES_NEEDED,,,,,,,,,NONE,,UNMATCHED,,,,,,HUMAN_REVIEW_IDENTIFY_VENDOR,
1310,8398,VL40276425,752,AUD,2000.00,2024-11-06,Y,5036,manual,,,,,,,,,,,MATCHED,FIRST_CLASS_REF,96396,2001.0,AUD,2025-01-03,reference+amount+temporal,
1311,8326,17112024M,695,AUD,869.66,2024-11-17,Y,,RULES_NEEDED,,,,,,,,,,,MATCHED,FIRST_CLASS_REF,96171,870.89,AUD,2024-11-21,reference+amount+temporal,
1312,8108,VL40273928,752,AUD,2000.00,2024-10-08,Y,,RULES_NEEDED,,,,,,,,,,,UNMATCHED,,,,,,DUPLICATE_INVOICE (of inv#1291),
1313,8087,,752,AUD,2000.00,2024-11-13,Y,,RULES_NEEDED,,,,,,,NONE,,,,UNMATCHED,,,,,,NO_MATCHING_PAYMENT_FOUND,NO_INVOICE_NUMBER
1314,8043,,,SGD,140.00,2024-11-13,Y,,RULES_NEEDED,,,,,,,,,NONE,,UNMATCHED,,,,,,HUMAN_REVIEW_IDENTIFY_VENDOR,
1315,7998,13190153,108,AUD,3471.97,2024-11-11,Y,5032,INVOICE,,,,,,,,,,,MATCHED,FIRST_CLASS_REF,96143,3471.97,AUD,2024-11-15,reference+amount+temporal,
1316,7977,,,SGD,70.00,2024-11-12,Y,,RULES_NEEDED,,,,,,,,,NONE,,UNMATCHED,,,,,,HUMAN_REVIEW_IDENTIFY_VENDOR,
1317,7924,,,AUD,1980.00,2024-11-12,Y,,RULES_NEEDED,,,,,,,,,NONE,,UNMATCHED,,,,,,HUMAN_REVIEW_IDENTIFY_VENDOR,
1318,7552,,752,AUD,2000.00,2024-10-28,Y,,RULES_NEEDED,,,,,,,NONE,,,,UNMATCHED,,,,,,NO_MATCHING_PAYMENT_FOUND,NO_INVOICE_NUMBER
1319,7519,,752,AUD,2000.00,2024-11-05,Y,,RULES_NEEDED,,,,,,,NONE,,,,UNMATCHED,,,,,,NO_MATCHING_PAYMENT_FOUND,NO_INVOICE_NUMBER
1321,7414,,146,SGD,1820.00,2024-09-30,Y,5033,COUNTERPARTY,,,,,,93575,AMOUNT_GAP,LOW,,,UNMATCHED,,,,,,NO_MATCHING_PAYMENT_FOUND,NO_INVOICE_NUMBER
1322,7251,SGIN24-593200,355,SGD,2968.48,2024-10-01,Y,6700,COUNTERPARTY,,,,,,,,,,,MATCHED,FIRST_CLASS_REF,93608,2968.48,SGD,2024-11-08,reference+amount+temporal,
1323,7030,VL40268683,752,AUD,2000.00,2024-10-17,Y,5036,manual,,,,,,,,,,,MATCHED,FIRST_CLASS_REF,96394,2001.0,AUD,2025-01-03,reference+amount+temporal,
1324,6849,DM004,111,AUD,924.00,2024-10-25,Y,5001,INVOICE,,,,,,,,,,,MATCHED,FIRST_CLASS_REF,96131,925.23,AUD,2024-11-05,reference+amount+temporal,
1325,6802,,83,AUD,533.50,2024-10-18,Y,6701,INVOICE,,,,,,96233,NEAR_1PCT,MED,,,MATCHED,PAYLINE_NEAR_1PCT,96233,534.5,AUD,2024-11-28,payline amount+date accepted (MED),
1326,6798,SGIN24-593201,355,SGD,9262.45,2024-10-01,Y,6700,COUNTERPARTY,,,,,,,,,,,MATCHED,FIRST_CLASS_REF,93611,9262.45,SGD,2024-11-09,reference+amount+temporal,
1327,6796,SGIN24-463615,355,SGD,10188.87,2024-08-02,Y,6700,COUNTERPARTY,,,,,,,,,,,MATCHED,FIRST_CLASS_REF,93601,10188.87,SGD,2024-11-06,reference+amount+temporal,
1328,6794,INV-3690,64,AUD,10996.70,2024-10-23,Y,6104,INVOICE,,,,,,,,,,,MATCHED,FIRST_CLASS_REF,96127,10997.93,AUD,2024-11-01,reference+amount+temporal,
1329,6793,INV/MI/22790,104,USD,2284.37,2024-01-10,Y,6701,INVOICE,,,,,,,,,,,MATCHED,FIRST_CLASS_REF,96259,3598.65,AUD,2024-12-11,reference+amount+temporal,
1330,6733,08-10-2024,127,USD,4631.54,2024-10-03,Y,1710,INVOICE,,,,,,,,,,,MATCHED,FIRST_CLASS_REF,93505,6127.29,SGD,2024-10-25,reference+amount+temporal,
1331,6724,S0446523AB,732,AUD,3521.05,2024-10-23,Y,,RULES_NEEDED,,,,,,,NONE,,,,UNMATCHED,,,,,,NO_MATCHING_PAYMENT_FOUND,NO_REFERENCE_MATCH
1332,6684,DM003,111,AUD,1254.00,2024-10-22,Y,5001,INVOICE,,,,,,,,,,,MATCHED,FIRST_CLASS_REF,96307,1255.0,AUD,2024-12-20,reference+amount+temporal,
1333,6668,,,SGD,2220.00,2024-10-22,Y,,RULES_NEEDED,,,,,,,,,NONE,,UNMATCHED,,,,,,HUMAN_REVIEW_IDENTIFY_VENDOR,
1334,6654,INV-183012,155,INR,15000.00,2024-10-22,Y,6103,INVOICE,,,,,,,NONE,,,,UNMATCHED,,,,,,NO_MATCHING_PAYMENT_FOUND,NO_REFERENCE_MATCH
1336,6629,,,SGD,1449.70,2024-10-21,Y,,RULES_NEEDED,,,,,,,,,NONE,,UNMATCHED,,,,,,HUMAN_REVIEW_IDENTIFY_VENDOR,
1337,6626,,70,SGD,7915.00,2024-09-30,Y,5032,COUNTERPARTY,,,,,,,NONE,,,,UNMATCHED,,,,,,NO_MATCHING_PAYMENT_FOUND,NO_INVOICE_NUMBER
1338,6625,VL40271933,752,AUD,2000.00,2024-10-17,Y,5036,manual,,,,,,,,,,,MATCHED,FIRST_CLASS_REF,96077,2001.23,AUD,2024-10-24,reference+amount+temporal,
1339,6429,,,AUD,187.00,2024-10-16,Y,,RULES_NEEDED,,,,,,,,,NONE,,UNMATCHED,,,,,,HUMAN_REVIEW_IDENTIFY_VENDOR,
1340,6426,SC2410-45776,27,SGD,3270.00,2024-10-10,Y,5001,INVOICE,,,,,,,,,,,MATCHED,FIRST_CLASS_REF,93602,3270.0,SGD,2024-11-06,reference+amount+temporal,
1341,6378,001352,131,MYR,11550.00,2024-08-12,Y,6104,INVOICE,,,,,,,NONE,,,,UNMATCHED,,,,,,NO_MATCHING_PAYMENT_FOUND,NO_REFERENCE_MATCH
1342,6246,SC2410-45777,27,SGD,3270.00,2024-10-10,Y,5001,INVOICE,,,,,,,,,,,MATCHED,FIRST_CLASS_REF,93484,3270.0,SGD,2024-10-19,reference+amount+temporal,
1343,6234,,,SGD,1528.00,2024-10-11,Y,,RULES_NEEDED,,,,,,,,,NONE,,UNMATCHED,,,,,,HUMAN_REVIEW_IDENTIFY_VENDOR,
1344,6232,INV 410-INV24/26106,27,SGD,1526.00,2024-10-14,Y,5001,INVOICE,,,,,,,,,,,MATCHED,FIRST_CLASS_REF,96032,1744.51,AUD,2024-10-17,reference+amount+temporal,
1345,6192,INVFR0327839,31,USD,2628.00,2024-09-29,Y,6701,INVOICE,,,,,,,,,,,MATCHED,FIRST_CLASS_REF,93678,3525.22,SGD,2024-11-20,reference+amount+temporal,
1346,6191,INVFR0316598,31,USD,2059.73,2024-08-29,Y,6701,INVOICE,,,,,,,,,,,MATCHED,FIRST_CLASS_REF,96030,3081.73,AUD,2024-10-15,reference+amount+temporal,
1347,6166,DM001,111,AUD,1023.00,2024-10-03,Y,5001,INVOICE,,,,,,,,,,,MATCHED,FIRST_CLASS_REF,96022,1024.23,AUD,2024-10-09,reference+amount+temporal,
1348,6165,DM002,111,AUD,1122.00,2024-10-03,Y,5001,INVOICE,,,,,,,,,,,MATCHED,FIRST_CLASS_REF,96021,1123.23,AUD,2024-10-09,reference+amount+temporal,
1349,6145,SG-JCS-060609,93,SGD,4360.00,2024-09-09,Y,6300,INVOICE,,,,,,,,,,,MATCHED,FIRST_CLASS_REF,93430,4360.0,SGD,2024-10-09,reference+amount+temporal,
1350,5984,,65,AUD,1811.44,2024-10-01,Y,5030,INVOICE,,,,,,,NONE,,,,UNMATCHED,,,,,,NO_MATCHING_PAYMENT_FOUND,NO_INVOICE_NUMBER
1351,5853,R0305240OD,59,SGD,675.80,2024-08-08,N,5001,INVOICE,,,,,,,,,,,UNMATCHED,,,,,,NOT_PROVISIONAL_PAID,
1352,5798,,,AUD,266.50,2024-09-26,Y,,RULES_NEEDED,,,,,,,,,NONE,,UNMATCHED,,,,,,HUMAN_REVIEW_IDENTIFY_VENDOR,
1353,5795,3459,84,SGD,1362.00,2024-09-25,Y,6104,INVOICE,,,,,,93439,EXACT,MED,,,MATCHED,PAYLINE_EXACT,93439,1362.0,SGD,2024-10-09,payline amount+date accepted (MED),
1354,5751,INV-182979,155,INR,32500.00,2024-09-22,Y,6103,INVOICE,,,,,,,NONE,,,,UNMATCHED,,,,,,NO_MATCHING_PAYMENT_FOUND,NO_REFERENCE_MATCH
1355,5679,,144,SGD,10898.91,2024-09-23,Y,5035,manual,,,,,,94875,EXACT,MED,,,MATCHED,PAYLINE_EXACT,94875,10898.91,SGD,2025-08-23,payline amount+date accepted (MED),
1356,5678,,144,SGD,10898.91,2024-09-23,Y,,RULES_NEEDED,,,,,,,NONE,,,,UNMATCHED,,,,,,NO_MATCHING_PAYMENT_FOUND,NO_INVOICE_NUMBER
1357,5677,,,SGD,10902.18,2024-09-23,Y,,RULES_NEEDED,,,,,,,,,NONE,,UNMATCHED,,,,,,HUMAN_REVIEW_IDENTIFY_VENDOR,
1358,5676,,144,SGD,29934.13,2024-09-23,Y,5035,manual,,,,,,93956,EXACT,HIGH,,,MATCHED,PAYLINE_EXACT,93956,29934.13,SGD,2025-01-24,payline amount+date accepted (HIGH),
1359,5627,,70,SGD,8915.00,2024-08-31,Y,5032,COUNTERPARTY,,,,,,,NONE,,,,UNMATCHED,,,,,,NO_MATCHING_PAYMENT_FOUND,NO_INVOICE_NUMBER
1360,5626,,146,SGD,2970.00,2024-07-31,Y,5033,INVOICE,,,,,,,NONE,,,,UNMATCHED,,,,,,NO_MATCHING_PAYMENT_FOUND,NO_INVOICE_NUMBER
1361,5573,DMT001,56,AUD,2750.00,2024-09-10,Y,,RULES_NEEDED,,,,,,,,,,,MATCHED,FIRST_CLASS_REF,96001,2751.23,AUD,2024-09-20,reference+amount+temporal,
1362,5543,,,AUD,900.00,2024-09-19,Y,,RULES_NEEDED,,,,,,,,,NONE,,UNMATCHED,,,,,,HUMAN_REVIEW_IDENTIFY_VENDOR,
1363,5489,RMI24080005,70,SGD,1173.84,2024-08-12,N,5032,COUNTERPARTY,,,,,,,,,,,UNMATCHED,,,,,,NOT_PROVISIONAL_PAID,
1364,5475,,,SGD,1068.20,2024-09-17,N,,RULES_NEEDED,,,,,,,,,,,UNMATCHED,,,,,,NOT_PROVISIONAL_PAID,
1365,5470,60366,66,AUD,7865.54,2024-08-01,Y,5032,INVOICE,,,,,,,NONE,,,,UNMATCHED,,,,,,NO_MATCHING_PAYMENT_FOUND,NO_REFERENCE_MATCH
1366,5456,INV-3628,64,AUD,495.00,2024-09-03,Y,6104,INVOICE,,,,,,,,,,,MATCHED,FIRST_CLASS_REF,95998,496.23,AUD,2024-09-19,reference+amount+temporal,
1367,5447,INV 409-INV24/25622,70,SGD,1526.00,2024-09-14,Y,5032,COUNTERPARTY,,,,,,,NONE,,,,UNMATCHED,,,,,,NO_MATCHING_PAYMENT_FOUND,NO_REFERENCE_MATCH
1368,5411,2024091301,128,SGD,300.00,2024-09-13,Y,6401,INVOICE,,,,,,94330,EXACT,MED,,,UNMATCHED,,,,,,NO_MATCHING_PAYMENT_FOUND,PAYLINE_TXN_TAKEN (94330)
1369,5352,110225110800,77,USD,496.47,2024-07-09,N,6701,INVOICE,,,,,,,,,,,UNMATCHED,,,,,,NOT_PROVISIONAL_PAID,
1370,5351,110225110502,77,USD,671.69,2024-06-20,N,6701,INVOICE,,,,,,,,,,,UNMATCHED,,,,,,NOT_PROVISIONAL_PAID,
1371,5341,L0001293,147,AUD,521.40,2024-09-13,Y,5033,INVOICE,,,,,,95994,NEAR_1PCT,MED,,,MATCHED,PAYLINE_NEAR_1PCT,95994,522.63,AUD,2024-09-13,payline amount+date accepted (MED),
1372,5212,INV-3635,64,AUD,495.00,2024-09-10,Y,6104,INVOICE,,,,,,,,,,,MATCHED,FIRST_CLASS_REF,96014,496.23,AUD,2024-10-04,reference+amount+temporal,
1373,5200,SGIN24-526886,355,SGD,3094.57,2024-09-02,Y,6700,COUNTERPARTY,,,,,,,,,,,MATCHED,FIRST_CLASS_REF,93429,3094.57,SGD,2024-10-09,reference+amount+temporal,
1374,5199,INV02255310,87,USD,412.43,2024-03-09,Y,6701,INVOICE,,,,,,,,,,,MATCHED,FIRST_CLASS_REF,94541,533.5,SGD,2025-06-03,reference+amount+temporal,
1375,5198,INVSGP12679,116,USD,4054.80,2024-08-31,Y,6701,INVOICE,,,,,,94741,NEAR_1PCT,MED,,,UNMATCHED,,,,,,NO_MATCHING_PAYMENT_FOUND,PAYLINE_TXN_TAKEN (94741)
1376,5197,24.1362,28,AUD,2530.00,2024-09-04,Y,6500,INVOICE,,,,,,,,,,,MATCHED,FIRST_CLASS_REF,96391,2531.0,AUD,2025-01-02,reference+amount+temporal,
1377,5196,09-09-2024,127,USD,1963.81,2024-09-04,Y,1710,INVOICE,,,,,,,,,,,MATCHED,FIRST_CLASS_REF,93304,2532.1,SGD,2024-09-26,reference+amount+temporal,
1378,5195,1022671,83,AUD,115.50,2024-08-31,Y,6701,INVOICE,,,,,,96303,AMOUNT_GAP,LOW,,,UNMATCHED,,,,,,NO_MATCHING_PAYMENT_FOUND,NO_REFERENCE_MATCH
1379,5194,INV/MI/22136,104,USD,2275.37,2024-09-01,Y,6701,INVOICE,,,,,,,,,,,MATCHED,FIRST_CLASS_REF,93667,3056.45,SGD,2024-11-18,reference+amount+temporal,
1380,5193,24164,45,USD,370.00,2024-09-08,Y,1710,INVOICE,,,,,,96414,GST,MED,,,MATCHED,PAYLINE_GST,96414,602.72,AUD,2025-01-09,payline amount+date accepted (MED),
1381,5066,,,AUD,90.00,2024-09-06,Y,,RULES_NEEDED,,,,,,,,,NONE,,UNMATCHED,,,,,,HUMAN_REVIEW_IDENTIFY_VENDOR,
1382,4959,61391,55,SGD,80.00,2024-08-29,Y,5032,INVOICE,,,,,,,,,,,MATCHED,FIRST_CLASS_REF,93203,80.0,SGD,2024-09-13,reference+amount+temporal,
1383,4865,INV-182943,155,INR,23000.00,2024-08-23,Y,6103,INVOICE,,,,,,,NONE,,,,UNMATCHED,,,,,,NO_MATCHING_PAYMENT_FOUND,NO_REFERENCE_MATCH
1384,4843,RMI24080012,70,SGD,534.10,2024-08-16,Y,5032,COUNTERPARTY,,,,,,83290,AMOUNT_GAP,LOW,,,UNMATCHED,,,,,,NO_MATCHING_PAYMENT_FOUND,NO_REFERENCE_MATCH
1385,4832,,,SGD,3270.00,2024-08-30,Y,,RULES_NEEDED,,,,,,,,,NONE,,UNMATCHED,,,,,,HUMAN_REVIEW_IDENTIFY_VENDOR,
1386,4817,,,SGD,819.40,2024-08-29,Y,,RULES_NEEDED,,,,,,,,,NONE,,UNMATCHED,,,,,,HUMAN_REVIEW_IDENTIFY_VENDOR,
1387,4815,,,SGD,0.00,2024-08-29,Y,,RULES_NEEDED,,,,,,,,,NONE,,UNMATCHED,,,,,,HUMAN_REVIEW_IDENTIFY_VENDOR,
1388,4795,INV-1562,36,SGD,430.00,2024-08-28,Y,6103,INVOICE,,,,,,,,,,,MATCHED,FIRST_CLASS_REF,93204,430.0,SGD,2024-09-13,reference+amount+temporal,
1389,4764,3458,84,SGD,1362.00,2024-08-27,Y,6104,INVOICE,,,,,,93128,EXACT,MED,,,MATCHED,PAYLINE_EXACT,93128,1362.0,SGD,2024-08-31,payline amount+date accepted (MED),
1390,4745,SG-JCS-059063,93,SGD,4360.00,2024-08-09,Y,6300,INVOICE,,,,,,,,,,,MATCHED,FIRST_CLASS_REF,93123,4360.0,SGD,2024-08-30,reference+amount+temporal,
1391,4615,,70,SGD,6250.00,2024-07-31,Y,5032,COUNTERPARTY,,,,,,,NONE,,,,UNMATCHED,,,,,,NO_MATCHING_PAYMENT_FOUND,NO_INVOICE_NUMBER
1392,4613,AR202406-000001,67,SGD,436.00,2024-06-01,Y,5032,INVOICE,,,,,,,,,,,MATCHED,FIRST_CLASS_REF,93051,436.0,SGD,2024-08-26,reference+amount+temporal,
1393,4590,,144,SGD,3270.00,2024-08-16,Y,5036,manual,,,,,,93037,EXACT,MED,,,MATCHED,PAYLINE_EXACT,93037,3270.0,SGD,2024-08-26,payline amount+date accepted (MED),
1394,4475,INV-3582,64,AUD,9038.38,2024-07-31,Y,6104,INVOICE,,,,,,,,,,,MATCHED,FIRST_CLASS_REF,101501,9038.38,AUD,2024-08-23,reference+amount+temporal,
1395,4452,INV 408-INV24/25137,27,SGD,1526.00,2024-08-14,Y,5001,INVOICE,,,,,,,,,,,MATCHED,FIRST_CLASS_REF,93016,1526.0,SGD,2024-08-20,reference+amount+temporal,
1396,4444,INVFR0305789,31,USD,2310.32,2024-07-29,Y,6701,INVOICE,,,,,,,,,,,MATCHED,FIRST_CLASS_REF,93107,3016.71,SGD,2024-08-29,reference+amount+temporal,
1397,4443,INVFR0294768,31,USD,2240.80,2024-06-29,Y,6701,INVOICE,,,,,,,,,,,MATCHED,FIRST_CLASS_REF,93106,2926.23,SGD,2024-08-29,reference+amount+temporal,
1398,4396,INV/MI/21512,104,USD,2275.37,2024-08-01,Y,6701,INVOICE,,,,,,,,,,,MATCHED,FIRST_CLASS_REF,93306,2937.1,SGD,2024-09-26,reference+amount+temporal,
1399,4395,,,AUD,187.00,2024-08-10,Y,,RULES_NEEDED,,,,,,,,,NONE,,UNMATCHED,,,,,,HUMAN_REVIEW_IDENTIFY_VENDOR,
1400,4393,24136,45,USD,1570.00,2024-08-07,Y,1710,INVOICE,,,,,,,,,,,MATCHED,FIRST_CLASS_REF,93413,2064.3,SGD,2024-10-05,reference+amount+temporal,
1401,4392,INV00084370,148,USD,2043.75,2024-06-03,Y,6700,INVOICE,,,,,,102215,NEAR_1PCT,MED,,,MATCHED,PAYLINE_NEAR_1PCT,102215,3052.5,AUD,2024-11-07,payline amount+date accepted (MED),
1402,4375,9878,49,AUD,2860.00,2024-07-25,Y,,RULES_NEEDED,,,,,,95983,NEAR_1PCT,MED,,,MATCHED,PAYLINE_NEAR_1PCT,95983,2861.23,AUD,2024-09-06,payline amount+date accepted (MED),
1403,4374,9877,49,AUD,2970.00,2024-07-25,Y,,RULES_NEEDED,,,,,,95985,NEAR_1PCT,MED,,,MATCHED,PAYLINE_NEAR_1PCT,95985,2971.23,AUD,2024-09-09,payline amount+date accepted (MED),
1404,4337,61274,55,SGD,150.00,2024-07-30,Y,5032,INVOICE,,,,,,92866,EXACT,HIGH,,,MATCHED,PAYLINE_EXACT,92866,150.0,SGD,2024-08-08,payline amount+date accepted (HIGH),
1405,4308,,146,SGD,3360.00,2024-08-06,Y,5033,COUNTERPARTY,,,,,,,NONE,,,,UNMATCHED,,,,,,NO_MATCHING_PAYMENT_FOUND,NO_INVOICE_NUMBER
1406,4289,INVSGP12630,116,USD,4054.80,2024-07-31,Y,6701,INVOICE,,,,,,,,,,,MATCHED,FIRST_CLASS_REF,93301,5238.34,SGD,2024-09-25,reference+amount+temporal,
1407,4226,,65,AUD,1644.32,2024-08-01,Y,5030,INVOICE,,,,,,95965,NEAR_1PCT,MED,,,MATCHED,PAYLINE_NEAR_1PCT,95965,1645.55,AUD,2024-08-15,payline amount+date accepted (MED),
1408,4223,0025,50,SGD,175.00,2024-07-24,Y,5032,INVOICE,,,,,,92841,EXACT,HIGH,,,MATCHED,PAYLINE_EXACT,92841,175.0,SGD,2024-08-06,payline amount+date accepted (HIGH),
1409,4222,,,SGD,147.10,2024-08-02,Y,,RULES_NEEDED,,,,,,,,,NONE,,UNMATCHED,,,,,,HUMAN_REVIEW_IDENTIFY_VENDOR,
1410,4221,0027,50,SGD,150.00,2024-07-31,Y,5032,INVOICE,,,,,,92849,EXACT,MED,,,MATCHED,PAYLINE_EXACT,92849,150.0,SGD,2024-08-06,payline amount+date accepted (MED),
1411,4220,,,SGD,710.00,2024-08-02,Y,,RULES_NEEDED,,,,,,,,,NONE,,UNMATCHED,,,,,,HUMAN_REVIEW_IDENTIFY_VENDOR,
1412,4196,,,SGD,120.00,2024-08-01,Y,,RULES_NEEDED,,,,,,,,,NONE,,UNMATCHED,,,,,,HUMAN_REVIEW_IDENTIFY_VENDOR,
1413,4144,3456,84,SGD,1362.00,2024-07-29,Y,6104,INVOICE,,,,,,92834,EXACT,MED,,,MATCHED,PAYLINE_EXACT,92834,1362.0,SGD,2024-08-05,payline amount+date accepted (MED),
1414,4130,,70,SGD,7820.00,2024-06-30,Y,5032,COUNTERPARTY,,,,,,,NONE,,,,UNMATCHED,,,,,,NO_MATCHING_PAYMENT_FOUND,NO_INVOICE_NUMBER
1415,4099,INV-1511,36,SGD,110.00,2024-06-28,Y,6103,INVOICE,,,,,,,,,,,MATCHED,FIRST_CLASS_REF,92823,110.0,SGD,2024-07-30,reference+amount+temporal,
1416,4076,,,SGD,3798.65,2024-07-25,Y,,RULES_NEEDED,,,,,,,,,NONE,,UNMATCHED,,,,,,HUMAN_REVIEW_IDENTIFY_VENDOR,
1417,4060,0260729255,123,AUD,5220.00,2024-06-28,Y,5033,INVOICE,,,,,,,,,,,MATCHED,FIRST_CLASS_REF,95961,5221.23,AUD,2024-08-06,reference+amount+temporal,
1418,4049,INV-182901,155,INR,29000.00,2024-07-23,Y,6103,INVOICE,,,,,,,NONE,,,,UNMATCHED,,,,,,NO_MATCHING_PAYMENT_FOUND,NO_REFERENCE_MATCH
1419,4043,,,INR,25800.00,2024-07-23,Y,,RULES_NEEDED,,,,,,,,,NONE,,UNMATCHED,,,,,,HUMAN_REVIEW_IDENTIFY_VENDOR,
1421,3937,,694,SGD,3000.00,2024-07-16,Y,5036,manual,,,,,,92743,EXACT,MED,,,MATCHED,PAYLINE_EXACT,92743,3000.0,SGD,2024-07-19,payline amount+date accepted (MED),
1422,3928,24110,45,USD,165.00,2024-06-06,Y,1710,INVOICE,,,,,,,,,,,MATCHED,FIRST_CLASS_REF,92827,223.67,SGD,2024-08-02,reference+amount+temporal,
1423,3927,B24030100133,134,SGD,436.00,2024-03-05,Y,6701,INVOICE,,,,,,,,,,,MATCHED,FIRST_CLASS_REF,93546,436.0,SGD,2024-10-29,reference+amount+temporal,
1424,3926,1020147,83,AUD,60.50,2024-06-30,Y,6701,INVOICE,,,,,,96849,AMOUNT_GAP,LOW,,,UNMATCHED,,,,,,NO_MATCHING_PAYMENT_FOUND,NO_REFERENCE_MATCH
1425,3925,INVSGP12566,116,USD,4054.80,2024-06-30,Y,6701,INVOICE,,,,,,,,,,,MATCHED,FIRST_CLASS_REF,93299,5270.24,SGD,2024-09-24,reference+amount+temporal,
1426,3923,SGIN24-396449,355,SGD,3137.85,2024-07-02,Y,6700,COUNTERPARTY,,,,,,,,,,,MATCHED,FIRST_CLASS_REF,92859,3137.85,SGD,2024-08-07,reference+amount+temporal,
1427,3921,SGIN24-396447,355,SGD,9198.59,2024-07-02,Y,6700,COUNTERPARTY,,,,,,,,,,,MATCHED,FIRST_CLASS_REF,92858,9198.59,SGD,2024-08-07,reference+amount+temporal,
1428,3920,INV02109504,87,USD,269.61,2024-03-03,Y,6701,INVOICE,,,,,,95178,NEAR_1PCT,MED,,,MATCHED,PAYLINE_NEAR_1PCT,95178,359.94,SGD,2025-10-27,payline amount+date accepted (MED),
1429,3907,13-07-2024,127,USD,2443.18,2024-07-02,Y,1710,INVOICE,,,,,,,,,,,MATCHED,FIRST_CLASS_REF,92742,3293.2,SGD,2024-07-19,reference+amount+temporal,
1430,3888,0020,50,SGD,250.00,2024-07-11,Y,5032,INVOICE,,,,,,92737,EXACT,MED,,,MATCHED,PAYLINE_EXACT,92737,250.0,SGD,2024-07-17,payline amount+date accepted (MED),
1431,3850,INV02055073,87,USD,14821.17,2024-03-01,Y,6701,INVOICE,,,,,,,,,,,MATCHED,FIRST_CLASS_REF,92920,19586.78,SGD,2024-08-14,reference+amount+temporal,
1432,3849,INV02210390,87,USD,15027.22,2024-03-07,Y,6701,INVOICE,,,,,,,,,,,MATCHED,FIRST_CLASS_REF,93057,19625.59,SGD,2024-08-27,reference+amount+temporal,
1433,3847,INV02162381,87,USD,287.80,2024-03-05,Y,6701,INVOICE,,,,,,94540,GST,LOW,,,UNMATCHED,,,,,,NO_MATCHING_PAYMENT_FOUND,NO_REFERENCE_MATCH
1434,3843,,,USD,2186.00,2024-07-11,Y,,RULES_NEEDED,,,,,,,,,NONE,,UNMATCHED,,,,,,HUMAN_REVIEW_IDENTIFY_VENDOR,
1435,3837,INV 407-INV24/24809,27,SGD,1526.00,2024-07-14,Y,5001,INVOICE,,,,,,93016,EXACT,MED,,,UNMATCHED,,,,,,NO_MATCHING_PAYMENT_FOUND,PAYLINE_TXN_TAKEN (93016)
1436,3818,SG-JCS-057187,93,SGD,4560.00,2024-07-09,Y,6300,INVOICE,,,,,,,,,,,MATCHED,FIRST_CLASS_REF,92754,4560.0,SGD,2024-07-24,reference+amount+temporal,
1437,3817,SGIN24-329505,355,SGD,8045.74,2024-06-02,Y,6700,COUNTERPARTY,,,,,,,,,,,MATCHED,FIRST_CLASS_REF,92740,8045.74,SGD,2024-07-18,reference+amount+temporal,
1438,3780,61001,55,SGD,280.00,2024-06-01,Y,5032,INVOICE,,,,,,,,,,,MATCHED,FIRST_CLASS_REF,92757,280.0,SGD,2024-07-24,reference+amount+temporal,
1439,3778,,694,SGD,3000.00,2024-06-30,Y,,RULES_NEEDED,,,,,,,NONE,,,,UNMATCHED,,,,,,NO_MATCHING_PAYMENT_FOUND,NO_INVOICE_NUMBER
1440,3773,INV-3541,64,AUD,6596.70,2024-07-08,Y,6104,INVOICE,,,,,,,,,,,MATCHED,FIRST_CLASS_REF,95935,6597.93,AUD,2024-07-08,reference+amount+temporal,
1441,3727,,253,SGD,39.88,2024-07-05,Y,5061,COUNTERPARTY,,,,,,92620,EXACT,HIGH,,,MATCHED,PAYLINE_EXACT,92620,39.88,SGD,2024-07-05,payline amount+date accepted (HIGH),
1442,3715,P-33E-1719962981,54,AUD,54.00,2024-07-03,Y,6200,INVOICE,,,,,,,NONE,,,,UNMATCHED,,,,,,NO_MATCHING_PAYMENT_FOUND,NO_REFERENCE_MATCH
1443,3669,,,AUD,3059.10,2024-07-03,Y,,RULES_NEEDED,,,,,,,,,NONE,,UNMATCHED,,,,,,HUMAN_REVIEW_IDENTIFY_VENDOR,
1444,3637,,,SGD,164.10,2024-07-01,Y,,RULES_NEEDED,,,,,,,,,NONE,,UNMATCHED,,,,,,HUMAN_REVIEW_IDENTIFY_VENDOR,
1445,3626,,,SGD,5450.00,2024-07-01,Y,,RULES_NEEDED,,,,,,,,,NONE,,UNMATCHED,,,,,,HUMAN_REVIEW_IDENTIFY_VENDOR,
1446,3577,SG-JCS-056347,93,SGD,4360.00,2024-06-09,Y,6300,INVOICE,,,,,,,,,,,MATCHED,FIRST_CLASS_REF,92608,4360.0,SGD,2024-07-05,reference+amount+temporal,
1447,3576,RMI24060008,,SGD,3653.68,2024-06-14,Y,,RULES_NEEDED,,,,,,,,,NEW,Drive Lah Pte Ltd,UNMATCHED,,,,,,EXCLUDED_INTERNAL_OWN,
1448,3557,,146,SGD,1870.00,2024-05-31,Y,5033,COUNTERPARTY,,,,,,,NONE,,,,UNMATCHED,,,,,,NO_MATCHING_PAYMENT_FOUND,NO_INVOICE_NUMBER
1449,3546,00267077,161,AUD,385.00,2024-06-27,Y,5033,INVOICE,,,,,,101215,EXACT,HIGH,,,MATCHED,PAYLINE_EXACT,101215,385.0,AUD,2024-06-27,payline amount+date accepted (HIGH),
1450,3525,INV-182889,155,INR,29500.00,2024-06-23,Y,6103,INVOICE,,,,,,,NONE,,,,UNMATCHED,,,,,,NO_MATCHING_PAYMENT_FOUND,NO_REFERENCE_MATCH
1451,3484,,,SGD,3417.60,2024-06-25,Y,,RULES_NEEDED,,,,,,,,,NONE,,UNMATCHED,,,,,,HUMAN_REVIEW_IDENTIFY_VENDOR,
1452,3438,,,AUD,804.10,2024-06-23,Y,,RULES_NEEDED,,,,,,,,,NONE,,UNMATCHED,,,,,,HUMAN_REVIEW_IDENTIFY_VENDOR,
1453,3401,2024-FLT0001,70,SGD,60.00,2024-06-17,Y,5032,INVOICE,,,,,,78757,GST,LOW,,,UNMATCHED,,,,,,NO_MATCHING_PAYMENT_FOUND,NO_REFERENCE_MATCH
1454,3388,,70,SGD,1623.00,2024-05-31,Y,5032,COUNTERPARTY,,,,,,,NONE,,,,UNMATCHED,,,,,,NO_MATCHING_PAYMENT_FOUND,NO_INVOICE_NUMBER
1455,3379,,,SGD,6259.78,2024-06-20,Y,,RULES_NEEDED,,,,,,,,,NONE,,UNMATCHED,,,,,,HUMAN_REVIEW_IDENTIFY_VENDOR,
1456,3375,,,AUD,1531.75,2024-06-20,Y,,RULES_NEEDED,,,,,,,,,NONE,,UNMATCHED,,,,,,HUMAN_REVIEW_IDENTIFY_VENDOR,
1457,3299,FTI00084947,123,AUD,349.67,2024-03-31,Y,5033,INVOICE,,,,,,,,,,,MATCHED,FIRST_CLASS_REF,95941,350.9,AUD,2024-07-11,reference+amount+temporal,
1458,3298,FTI00084713,123,AUD,519.50,2024-03-27,Y,5033,INVOICE,,,,,,,,,,,MATCHED,FIRST_CLASS_REF,95939,520.73,AUD,2024-07-10,reference+amount+temporal,
1459,3294,INV133734,65,AUD,819.91,2024-06-01,Y,5030,INVOICE,,,,,,,,,,,MATCHED,FIRST_CLASS_REF,95937,821.14,AUD,2024-07-08,reference+amount+temporal,
1460,3190,INV 406-INV24/24477,27,SGD,1526.00,2024-06-14,Y,5001,INVOICE,,,,,,,,,,,MATCHED,FIRST_CLASS_REF,92475,1526.0,SGD,2024-06-19,reference+amount+temporal,
1461,3189,001,49,AUD,2265.00,2024-07-06,Y,,RULES_NEEDED,,,,,,,NONE,,,,UNMATCHED,,,,,,NO_MATCHING_PAYMENT_FOUND,INVOICE_NUMBER_TOO_SHORT
1462,3188,INV-0426,75,AUD,1100.00,2024-06-06,Y,5032,INVOICE,,,,,,,,,,,MATCHED,FIRST_CLASS_REF,95919,1101.23,AUD,2024-06-15,reference+amount+temporal,
1463,3159,,,SGD,130.80,2024-06-11,Y,,RULES_NEEDED,,,,,,,,,NONE,,UNMATCHED,,,,,,HUMAN_REVIEW_IDENTIFY_VENDOR,
1464,3156,,,SGD,6005.90,2024-06-11,Y,,RULES_NEEDED,,,,,,,,,NONE,,UNMATCHED,,,,,,HUMAN_REVIEW_IDENTIFY_VENDOR,
1465,3153,,31,SGD,648.00,2024-06-11,N,6701,INVOICE,,,,,,,,,,,UNMATCHED,,,,,,NOT_PROVISIONAL_PAID,
1466,3149,INVFR0273556,31,USD,1915.24,2024-04-29,Y,6701,INVOICE,,,,,,,,,,,MATCHED,FIRST_CLASS_REF,92476,2597.74,SGD,2024-06-19,reference+amount+temporal,
1467,3100,,,AUD,54.00,2024-06-09,Y,,RULES_NEEDED,,,,,,,,,NONE,,UNMATCHED,,,,,,HUMAN_REVIEW_IDENTIFY_VENDOR,
1468,3018,INV-1482,36,SGD,330.00,2024-05-28,Y,6103,INVOICE,,,,,,,,,,,MATCHED,FIRST_CLASS_REF,92505,330.0,SGD,2024-06-24,reference+amount+temporal,
1469,3013,GINC-789-2024,77,USD,128.88,2024-03-31,Y,6701,INVOICE,,,,,,93206,AMOUNT_GAP,LOW,,,UNMATCHED,,,,,,NO_MATCHING_PAYMENT_FOUND,NO_REFERENCE_MATCH
1470,3012,SGIN24-329504,355,SGD,3214.94,2024-06-02,Y,6700,COUNTERPARTY,,,,,,,,,,,MATCHED,FIRST_CLASS_REF,92741,3214.94,SGD,2024-07-18,reference+amount+temporal,
1471,3011,INV02186798,87,USD,248.34,2024-03-06,Y,6701,INVOICE,,,,,,,,,,,MATCHED,FIRST_CLASS_REF,94542,321.89,SGD,2025-06-03,reference+amount+temporal,
1472,3009,INVSGP12382,116,USD,4054.80,2024-03-31,Y,6701,INVOICE,,,,,,,,,,,MATCHED,FIRST_CLASS_REF,92388,5529.49,SGD,2024-06-08,reference+amount+temporal,
1473,3008,INV/MI/20326,104,USD,1986.00,2024-01-06,Y,6701,INVOICE,,,,,,,,,,,MATCHED,FIRST_CLASS_REF,92703,2678.09,SGD,2024-07-12,reference+amount+temporal,
1474,3007,INVSGP12490,116,USD,4054.80,2024-05-31,Y,6701,INVOICE,,,,,,,,,,,MATCHED,FIRST_CLASS_REF,92612,5517.75,SGD,2024-07-05,reference+amount+temporal,
1475,3006,SGIN24-138231,355,SGD,2306.53,2024-03-02,Y,6700,COUNTERPARTY,,,,,,,,,,,MATCHED,FIRST_CLASS_REF,91907,2306.53,SGD,2024-04-05,reference+amount+temporal,
1476,3005,INV/MI/20243,104,USD,400.00,2024-01-06,Y,6701,INVOICE,,,,,,,,,,,MATCHED,FIRST_CLASS_REF,92699,542.17,SGD,2024-07-11,reference+amount+temporal,
1477,2955,19201,104,USD,2186.00,2024-03-04,Y,6701,INVOICE,,,,,,,,,,,MATCHED,FIRST_CLASS_REF,92698,2956.39,SGD,2024-07-11,reference+amount+temporal,
1478,2954,FTI00085123,123,AUD,501.00,2024-04-24,Y,5033,INVOICE,,,,,,,,,,,MATCHED,FIRST_CLASS_REF,95915,501.57,AUD,2024-06-05,reference+amount+temporal,
1479,2881,INVFR0283926,31,USD,1983.68,2024-05-29,Y,6701,INVOICE,,,,,,,,,,,MATCHED,FIRST_CLASS_REF,92567,2700.04,SGD,2024-06-28,reference+amount+temporal,
1480,2880,INV/24-25/50101,68,USD,300.00,2024-05-27,Y,1710,INVOICE,,,,,,,NONE,,,,UNMATCHED,,,,,,NO_MATCHING_PAYMENT_FOUND,NO_REFERENCE_MATCH
1481,2821,,93,SGD,4333.80,2024-05-27,Y,6300,INVOICE,,,,,,92301,EXACT,MED,,,MATCHED,PAYLINE_EXACT,92301,4333.8,SGD,2024-05-29,payline amount+date accepted (MED),
1482,2816,FTI00085743,123,AUD,240.00,2024-05-28,Y,5033,INVOICE,,,,,,,,,,,MATCHED,FIRST_CLASS_REF,95914,240.57,AUD,2024-06-03,reference+amount+temporal,
1483,2792,,,SGD,4000.00,2024-05-28,Y,,RULES_NEEDED,,,,,,,,,NONE,,UNMATCHED,,,,,,HUMAN_REVIEW_IDENTIFY_VENDOR,
1484,2781,INV133279,65,AUD,822.09,2024-05-01,Y,5030,INVOICE,,,,,,,,,,,MATCHED,FIRST_CLASS_REF,95913,822.66,AUD,2024-05-30,reference+amount+temporal,
1485,2773,INV-182856,155,INR,20000.00,2024-05-21,Y,6103,INVOICE,,,,,,,NONE,,,,UNMATCHED,,,,,,NO_MATCHING_PAYMENT_FOUND,NO_REFERENCE_MATCH
1486,2768,M2401716,144,SGD,3270.00,2024-05-27,Y,5036,manual,,,,,,,,,,,MATCHED,FIRST_CLASS_REF,92387,3270.0,SGD,2024-06-08,reference+amount+temporal,
1487,2734,,146,SGD,3380.00,2024-04-30,Y,5033,INVOICE,,,,,,,NONE,,,,UNMATCHED,,,,,,NO_MATCHING_PAYMENT_FOUND,NO_INVOICE_NUMBER
1488,2654,,,SGD,3000.00,2024-05-21,Y,,RULES_NEEDED,,,,,,,,,NONE,,UNMATCHED,,,,,,HUMAN_REVIEW_IDENTIFY_VENDOR,
1489,2606,53772620337,38,AUD,14811.00,2024-05-28,Y,,RULES_NEEDED,,,,,,10352,GST,LOW,,,UNMATCHED,,,,,,NO_MATCHING_PAYMENT_FOUND,NO_REFERENCE_MATCH
1490,2605,09209271,158,MYR,2592.00,2024-05-16,Y,6500,INVOICE,,,,,,,,,,,MATCHED,FIRST_CLASS_REF,92692,747.68,SGD,2024-07-11,reference+amount+temporal,
1491,2602,19774,104,USD,1986.00,2024-05-02,Y,6701,INVOICE,,,,,,,,,,,MATCHED,FIRST_CLASS_REF,92352,2694.47,SGD,2024-05-31,reference+amount+temporal,
1492,2543,SG-JCS-054435,93,SGD,4588.90,2024-05-09,Y,6300,INVOICE,,,,,,,,,,,MATCHED,FIRST_CLASS_REF,92364,4588.9,SGD,2024-06-08,reference+amount+temporal,
1493,2542,INV 405-INV24/24060,27,SGD,1526.00,2024-05-14,Y,5001,INVOICE,,,,,,,,,,,MATCHED,FIRST_CLASS_REF,92221,1526.0,SGD,2024-05-22,reference+amount+temporal,
1494,2469,,694,SGD,3000.00,2024-05-10,Y,5036,manual,,,,,,92238,EXACT,MED,,,MATCHED,PAYLINE_EXACT,92238,3000.0,SGD,2024-05-24,payline amount+date accepted (MED),
1495,2464,SGIN24-262742,355,SGD,7562.04,2024-05-02,Y,6700,COUNTERPARTY,,,,,,,,,,,MATCHED,FIRST_CLASS_REF,92689,7562.04,SGD,2024-07-10,reference+amount+temporal,
1496,2463,SGIN24-262740,355,SGD,3156.01,2024-05-02,Y,6700,COUNTERPARTY,,,,,,92688,AMOUNT_GAP,MED,,,MATCHED,PAYLINE_AMOUNT_GAP,92688,849.48,SGD,2024-07-10,payline amount+date accepted (MED),
1497,2462,SGIN24-205441,355,SGD,12570.54,2024-04-02,Y,6700,COUNTERPARTY,,,,,,,,,,,MATCHED,FIRST_CLASS_REF,92377,12570.54,SGD,2024-06-08,reference+amount+temporal,
1498,2461,SGIN24-205438,355,SGD,3221.37,2024-04-02,Y,6700,COUNTERPARTY,,,,,,,,,,,MATCHED,FIRST_CLASS_REF,92378,3221.37,SGD,2024-06-08,reference+amount+temporal,
1499,2395,INV0009,50,SGD,280.00,2024-05-07,Y,5032,INVOICE,,,,,,,,,,,MATCHED,FIRST_CLASS_REF,92185,280.0,SGD,2024-05-15,reference+amount+temporal,
1500,2307,D23DE35805795,694,SGD,4484.24,2024-04-12,Y,,RULES_NEEDED,,,,,,,NONE,,,,UNMATCHED,,,,,,NO_MATCHING_PAYMENT_FOUND,NO_REFERENCE_MATCH
1501,2287,INV132850,65,AUD,806.83,2024-04-01,Y,5030,INVOICE,,,,,,,,,,,MATCHED,FIRST_CLASS_REF,95912,807.4,AUD,2024-05-30,reference+amount+temporal,
1502,2285,KWI202303351562,98,USD,2215.06,2024-04-30,Y,5030,INVOICE,,,,,,77319,AMOUNT_GAP,LOW,,,UNMATCHED,,,,,,NO_MATCHING_PAYMENT_FOUND,NO_REFERENCE_MATCH
1503,2284,INVSGP12435,116,USD,4054.80,2024-04-30,Y,6701,INVOICE,,,,,,,,,,,MATCHED,FIRST_CLASS_REF,92242,5518.85,SGD,2024-05-27,reference+amount+temporal,
1504,2255,,,AUD,2513.58,2024-05-06,Y,,RULES_NEEDED,,,,,,,,,NONE,,UNMATCHED,,,,,,HUMAN_REVIEW_IDENTIFY_VENDOR,
1505,2248,24070,45,USD,385.00,2024-05-04,Y,1710,INVOICE,,,,,,,,,,,MATCHED,FIRST_CLASS_REF,92125,525.29,SGD,2024-05-07,reference+amount+temporal,
1506,2199,INV0008,50,SGD,240.00,2024-05-02,Y,5032,INVOICE,,,,,,,,,,,MATCHED,FIRST_CLASS_REF,92161,240.0,SGD,2024-05-09,reference+amount+temporal,
1507,2196,INVFR0263053,31,USD,1940.15,2024-03-29,Y,6701,INVOICE,,,,,,,,,,,MATCHED,FIRST_CLASS_REF,92124,2634.17,SGD,2024-05-07,reference+amount+temporal,
1508,2188,,144,SGD,3270.00,2024-04-30,Y,5036,manual,,,,,,92131,EXACT,MED,,,MATCHED,PAYLINE_EXACT,92131,3270.0,SGD,2024-05-08,payline amount+date accepted (MED),
1509,2068,3454,84,USD,1362.00,2024-04-30,Y,6104,INVOICE,,,,,,96172,AMOUNT_GAP,LOW,,,UNMATCHED,,,,,,NO_MATCHING_PAYMENT_FOUND,INVOICE_NUMBER_TOO_SHORT
1510,2059,R0300262OD,59,SGD,3270.00,2024-04-29,Y,5001,INVOICE,,,,,,92132,EXACT,HIGH,,,MATCHED,PAYLINE_EXACT,92132,3270.0,SGD,2024-05-08,payline amount+date accepted (HIGH),
1511,2040,,,SGD,3066.50,2024-04-29,Y,,RULES_NEEDED,,,,,,,,,NONE,,UNMATCHED,,,,,,HUMAN_REVIEW_IDENTIFY_VENDOR,
1512,2023,INV-1447,36,SGD,220.00,2024-04-27,Y,6103,INVOICE,,,,,,,,,,,MATCHED,FIRST_CLASS_REF,92069,220.0,SGD,2024-04-30,reference+amount+temporal,
1513,1981,INV0007,50,SGD,300.00,2024-04-24,Y,5032,INVOICE,,,,,,,,,,,MATCHED,FIRST_CLASS_REF,92095,300.0,SGD,2024-04-30,reference+amount+temporal,
1514,1979,,,AUD,43.81,2024-04-26,Y,,RULES_NEEDED,,,,,,,,,NONE,,UNMATCHED,,,,,,HUMAN_REVIEW_IDENTIFY_VENDOR,
1515,1947,,,SGD,7248.50,2024-04-25,Y,,RULES_NEEDED,,,,,,,,,NONE,,UNMATCHED,,,,,,HUMAN_REVIEW_IDENTIFY_VENDOR,
1516,1939,1001509413,507,PHP,16671.00,2024-04-23,Y,6004,INVOICE,,,,,,92397,AMOUNT_GAP,LOW,,,UNMATCHED,,,,,,NO_MATCHING_PAYMENT_FOUND,NO_REFERENCE_MATCH
1517,1930,INV-182812,155,INR,22500.00,2024-04-21,Y,6103,INVOICE,,,,,,,NONE,,,,UNMATCHED,,,,,,NO_MATCHING_PAYMENT_FOUND,NO_REFERENCE_MATCH
1518,1913,,146,SGD,1830.00,2024-04-01,Y,5033,INVOICE,,,,,,,NONE,,,,UNMATCHED,,,,,,NO_MATCHING_PAYMENT_FOUND,NO_INVOICE_NUMBER
1519,1897,,,SGD,1500.00,2024-04-23,Y,,RULES_NEEDED,,,,,,,,,NONE,,UNMATCHED,,,,,,HUMAN_REVIEW_IDENTIFY_VENDOR,
1520,1803,INV0006,50,SGD,340.00,2024-04-15,Y,5032,INVOICE,,,,,,,,,,,MATCHED,FIRST_CLASS_REF,92010,340.0,SGD,2024-04-19,reference+amount+temporal,
1521,1741,24.1146,28,AUD,1182.50,2024-04-16,Y,6500,INVOICE,,,,,,,,,,,MATCHED,FIRST_CLASS_REF,95877,1183.07,AUD,2024-04-20,reference+amount+temporal,
1522,1725,,,SGD,240.00,2024-04-15,Y,,RULES_NEEDED,,,,,,,,,NONE,,UNMATCHED,,,,,,HUMAN_REVIEW_IDENTIFY_VENDOR,
1523,1722,INV 404-INV24/23651,27,SGD,1526.00,2024-04-14,Y,5001,INVOICE,,,,,,,,,,,MATCHED,FIRST_CLASS_REF,91965,1526.0,SGD,2024-04-17,reference+amount+temporal,
1524,1671,INV0005,50,SGD,260.00,2024-04-11,Y,5032,INVOICE,,,,,,,,,,,MATCHED,FIRST_CLASS_REF,91993,260.0,SGD,2024-04-17,reference+amount+temporal,
1525,1538,INV132448,65,AUD,758.35,2024-03-01,Y,5030,INVOICE,,,,,,,,,,,MATCHED,FIRST_CLASS_REF,95869,758.92,AUD,2024-04-08,reference+amount+temporal,
1526,1453,INV02136632,87,USD,14959.37,2024-03-04,Y,6701,INVOICE,,,,,,,,,,,MATCHED,FIRST_CLASS_REF,92662,20267.48,SGD,2024-07-10,reference+amount+temporal,
1527,1452,INV24031025,74,MYR,40250.00,2024-03-31,Y,1710,INVOICE,,,,,,,,,,,MATCHED,FIRST_CLASS_REF,91942,11484.1,SGD,2024-04-08,reference+amount+temporal,
1528,1418,INV/23-24/40546,68,USD,1500.00,2024-03-19,Y,1710,INVOICE,,,,,,,,,,,MATCHED,FIRST_CLASS_REF,91938,2044.53,SGD,2024-04-08,reference+amount+temporal,
1529,1403,INVFR0252756,31,USD,1871.34,2024-02-29,Y,6701,INVOICE,,,,,,,,,,,MATCHED,FIRST_CLASS_REF,91939,2538.86,SGD,2024-04-08,reference+amount+temporal,
1530,1381,,,SGD,353.00,2024-04-02,Y,,RULES_NEEDED,,,,,,,,,NONE,,UNMATCHED,,,,,,HUMAN_REVIEW_IDENTIFY_VENDOR,
1531,1376,INV0003,50,SGD,220.00,2024-03-26,Y,5032,INVOICE,,,,,,,,,,,MATCHED,FIRST_CLASS_REF,91898,220.0,SGD,2024-04-04,reference+amount+temporal,
1532,1287,,,INR,24599.00,2024-03-28,Y,,RULES_NEEDED,,,,,,,,,NONE,,UNMATCHED,,,,,,HUMAN_REVIEW_IDENTIFY_VENDOR,
1533,1285,,70,SGD,1680.00,2024-03-15,Y,5032,COUNTERPARTY,,,,,,,NONE,,,,UNMATCHED,,,,,,NO_MATCHING_PAYMENT_FOUND,NO_INVOICE_NUMBER
1534,1284,,,SGD,632.20,2024-03-28,Y,,RULES_NEEDED,,,,,,,,,NONE,,UNMATCHED,,,,,,HUMAN_REVIEW_IDENTIFY_VENDOR,
1535,1242,INV-182778,155,INR,24000.00,2024-03-21,Y,6103,INVOICE,,,,,,,NONE,,,,UNMATCHED,,,,,,NO_MATCHING_PAYMENT_FOUND,NO_REFERENCE_MATCH
1536,1240,SG-JCS-049365,93,SGD,4251.00,2024-02-09,Y,6300,INVOICE,,,,,,,,,,,MATCHED,FIRST_CLASS_REF,91889,4251.0,SGD,2024-04-03,reference+amount+temporal,
1537,1239,SGIN24-138233,355,SGD,15195.83,2024-03-02,Y,6700,COUNTERPARTY,,,,,,,,,,,MATCHED,FIRST_CLASS_REF,91967,15195.83,SGD,2024-04-17,reference+amount+temporal,
1538,1238,SGIN24-65575,355,SGD,2248.28,2024-02-02,Y,6700,COUNTERPARTY,,,,,,,,,,,MATCHED,FIRST_CLASS_REF,91906,2248.28,SGD,2024-04-05,reference+amount+temporal,
1539,1236,SG-JCS-050616,93,SGD,4251.00,2024-03-09,Y,6300,INVOICE,,,,,,,,,,,MATCHED,FIRST_CLASS_REF,91890,4251.0,SGD,2024-04-03,reference+amount+temporal,
1540,1229,,,SGD,11049.62,2024-03-25,Y,,RULES_NEEDED,,,,,,,,,NONE,,UNMATCHED,,,,,,HUMAN_REVIEW_IDENTIFY_VENDOR,
1541,1192,INV0002,50,SGD,180.00,2024-03-17,Y,5032,INVOICE,,,,,,,,,,,MATCHED,FIRST_CLASS_REF,91803,180.0,SGD,2024-03-25,reference+amount+temporal,
1542,1181,INV-1234,81,SGD,4000.00,2024-03-22,Y,6400,INVOICE,,,,,,,,,,,MATCHED,FIRST_CLASS_REF,91893,4000.0,SGD,2024-04-03,reference+amount+temporal,
1543,1140,INV-000008,84,USD,1000.00,2024-03-20,Y,6104,INVOICE,,,,,,91860,AMOUNT_GAP,MED,,,MATCHED,PAYLINE_AMOUNT_GAP,91860,1000.0,SGD,2024-03-29,payline amount+date accepted (MED),
1544,1108,INV 403-INV24/23194,27,SGD,1526.00,2024-03-14,Y,5001,INVOICE,,,,,,,,,,,MATCHED,FIRST_CLASS_REF,91780,1526.0,SGD,2024-03-20,reference+amount+temporal,
1545,1101,18571,104,USD,2186.00,2024-02-03,Y,6701,INVOICE,,,,,,,,,,,MATCHED,FIRST_CLASS_REF,91908,2964.08,SGD,2024-04-05,reference+amount+temporal,
1546,1100,INVSGP12323,116,USD,4054.80,2024-02-29,Y,6701,INVOICE,,,,,,,,,,,MATCHED,FIRST_CLASS_REF,91900,5519.53,SGD,2024-04-04,reference+amount+temporal,
1547,1024,INV0001,70,SGD,120.00,2024-03-14,Y,5032,COUNTERPARTY,,,,,,74360,GST,LOW,,,UNMATCHED,,,,,,NO_MATCHING_PAYMENT_FOUND,NO_REFERENCE_MATCH
1548,973,,,SGD,0.00,2024-03-13,Y,,RULES_NEEDED,,,,,,,,,NONE,,UNMATCHED,,,,,,HUMAN_REVIEW_IDENTIFY_VENDOR,
1549,972,11658,135,AUD,5009.45,2024-03-13,Y,5032,INVOICE,,,,,,95855,NEAR_1PCT,MED,,,MATCHED,PAYLINE_NEAR_1PCT,95855,5010.02,AUD,2024-03-15,payline amount+date accepted (MED),
1550,967,IVC00111095,110,SGD,4.90,2024-01-05,Y,6701,INVOICE,,,,,,,,,,,MATCHED,FIRST_CLASS_REF,91709,4.9,SGD,2024-03-13,reference+amount+temporal,
1551,948,,,SGD,3270.00,2024-03-12,Y,,RULES_NEEDED,,,,,,,,,NONE,,UNMATCHED,,,,,,HUMAN_REVIEW_IDENTIFY_VENDOR,
1552,940,,,SGD,200.00,2024-03-11,Y,,RULES_NEEDED,,,,,,,,,NONE,,UNMATCHED,,,,,,HUMAN_REVIEW_IDENTIFY_VENDOR,
1553,850,INV-182723,155,INR,14000.00,2024-02-25,Y,6103,INVOICE,,,,,,,NONE,,,,UNMATCHED,,,,,,NO_MATCHING_PAYMENT_FOUND,NO_REFERENCE_MATCH
1554,817,INV132005,65,AUD,711.73,2024-02-01,Y,5030,INVOICE,,,,,,,,,,,MATCHED,FIRST_CLASS_REF,95851,712.3,AUD,2024-03-09,reference+amount+temporal,
1555,758,INV-1390,36,SGD,710.00,2024-02-29,Y,6103,INVOICE,,,,,,,,,,,MATCHED,FIRST_CLASS_REF,91684,710.0,SGD,2024-03-05,reference+amount+temporal,
1556,745,00003462,141,AUD,880.00,2024-03-02,Y,5064,INVOICE,,,,,,,,,,,MATCHED,FIRST_CLASS_REF,95850,880.57,AUD,2024-03-04,reference+amount+temporal,
1557,717,,,SGD,3270.00,2024-02-29,Y,,RULES_NEEDED,,,,,,,,,NONE,,UNMATCHED,,,,,,HUMAN_REVIEW_IDENTIFY_VENDOR,
1558,714,001352,131,MYR,12600.00,2023-01-30,Y,6104,INVOICE,,,,,,,NONE,,,,UNMATCHED,,,,,,NO_MATCHING_PAYMENT_FOUND,NO_REFERENCE_MATCH
1559,712,INVSGP12281,116,USD,4054.80,2024-01-31,Y,6701,INVOICE,,,,,,,,,,,MATCHED,FIRST_CLASS_REF,91692,5451.55,SGD,2024-03-09,reference+amount+temporal,
1560,706,INV-AS-007,151,USD,874.00,2024-02-28,Y,1710,INVOICE,,,,,,,,,,,MATCHED,FIRST_CLASS_REF,91678,1193.07,SGD,2024-03-01,reference+amount+temporal,
1561,683,INV-AS-006,151,USD,1038.54,2024-02-19,Y,1710,INVOICE,,,,,,,,,,,MATCHED,FIRST_CLASS_REF,91682,1413.25,SGD,2024-03-04,reference+amount+temporal,
1562,632,R0297499OH,59,SGD,1000.00,2024-02-26,Y,5001,INVOICE,,,,,,91623,AMOUNT_GAP,MED,,,MATCHED,PAYLINE_AMOUNT_GAP,91623,2000.0,SGD,2024-02-26,payline amount+date accepted (MED),
1563,598,INV-182706,155,INR,21000.00,2024-02-18,Y,6103,INVOICE,,,,,,,NONE,,,,UNMATCHED,,,,,,NO_MATCHING_PAYMENT_FOUND,NO_REFERENCE_MATCH
1564,590,4293.465.113,,INR,13514.00,2024-02-26,Y,,RULES_NEEDED,,,,,,,,,NEW,Go Hotel,UNMATCHED,,,,,,EXCLUDED_DO_NOT_CREATE,
1565,587,INV/2024/02/0008,118,SGD,1547.00,2024-02-21,Y,6401,INVOICE,,,,,,,,,,,MATCHED,FIRST_CLASS_REF,91622,1547.0,SGD,2024-02-24,reference+amount+temporal,
1566,556,18043,104,USD,2186.00,2024-02-01,Y,6701,INVOICE,,,,,,,,,,,MATCHED,FIRST_CLASS_REF,91676,2953.75,SGD,2024-02-29,reference+amount+temporal,
1567,555,D23DE34545072,694,SGD,4982.23,2024-01-09,Y,,RULES_NEEDED,,,,,,,NONE,,,,UNMATCHED,,,,,,NO_MATCHING_PAYMENT_FOUND,NO_REFERENCE_MATCH
1568,503,13893,160,AUD,2240.13,2024-01-15,Y,5032,INVOICE,,,,,,,,,,,MATCHED,FIRST_CLASS_REF,95861,2240.7,AUD,2024-03-20,reference+amount+temporal,
1569,491,,146,SGD,2000.00,2024-02-18,Y,5033,INVOICE,,,,,,,NONE,,,,UNMATCHED,,,,,,NO_MATCHING_PAYMENT_FOUND,NO_INVOICE_NUMBER
1570,449,,,SGD,180.00,2024-02-15,Y,,RULES_NEEDED,,,,,,,,,NONE,,UNMATCHED,,,,,,HUMAN_REVIEW_IDENTIFY_VENDOR,
1571,438,INVFR0242426,31,USD,1771.18,2024-01-29,Y,6701,INVOICE,,,,,,,,,,,MATCHED,FIRST_CLASS_REF,91673,2394.37,SGD,2024-02-29,reference+amount+temporal,
1572,431,23-24/369,70,INR,40000.00,2024-02-12,Y,5032,COUNTERPARTY,,,,,,,NONE,,,,UNMATCHED,,,,,,NO_MATCHING_PAYMENT_FOUND,NO_REFERENCE_MATCH
1573,404,17263,104,USD,2186.00,2023-12-31,Y,6701,INVOICE,,,,,,,,,,,MATCHED,FIRST_CLASS_REF,91612,2952.88,SGD,2024-02-21,reference+amount+temporal,
1574,403,INVSGP12227,116,USD,4017.60,2023-12-31,Y,6701,INVOICE,,,,,,,,,,,MATCHED,FIRST_CLASS_REF,91672,5455.36,SGD,2024-02-29,reference+amount+temporal,
1575,402,INV-AS-005,151,USD,1520.00,2024-02-12,Y,1710,INVOICE,,,,,,91544,AMOUNT_GAP,MED,,,MATCHED,PAYLINE_AMOUNT_GAP,91544,1760.58,SGD,2024-02-15,payline amount+date accepted (MED),
1576,359,SGIN24-2651,355,SGD,2219.52,2024-01-02,Y,6700,COUNTERPARTY,,,,,,,,,,,MATCHED,FIRST_CLASS_REF,91615,2219.52,SGD,2024-02-24,reference+amount+temporal,
1577,327,10-02-2024,127,USD,519.03,2024-02-02,Y,1710,INVOICE,,,,,,,,,,,MATCHED,FIRST_CLASS_REF,91534,701.71,SGD,2024-02-13,reference+amount+temporal,
1578,264,INV-AS-004,151,USD,1520.00,2024-02-05,Y,1710,INVOICE,,,,,,91520,AMOUNT_GAP,MED,,,MATCHED,PAYLINE_AMOUNT_GAP,91520,1502.85,SGD,2024-02-08,payline amount+date accepted (MED),
1579,240,PI/MSA/2023-24/008,,SGD,3500.00,2024-02-01,Y,,RULES_NEEDED,,,,,,,,,NEW,Management Science Association,UNMATCHED,,,,,,EXCLUDED_DO_NOT_CREATE,
1580,239,1012744,83,AUD,132.00,2024-01-31,Y,6701,INVOICE,,,,,,,,,,,MATCHED,FIRST_CLASS_REF,95840,132.57,AUD,2024-02-07,reference+amount+temporal,
1581,210,2024-34068330,96,INR,51044.33,2024-02-02,Y,6400,INVOICE,,,,,,,NONE,,,,UNMATCHED,,,,,,NO_MATCHING_PAYMENT_FOUND,NO_REFERENCE_MATCH
1582,169,INV-AS-003,151,USD,1520.00,2024-01-30,Y,1710,INVOICE,,,,,,,,,,,MATCHED,FIRST_CLASS_REF,91500,2065.28,SGD,2024-02-05,reference+amount+temporal,
1583,144,,,INR,175316.00,2024-01-31,Y,,RULES_NEEDED,,,,,,,,,NONE,,UNMATCHED,,,,,,HUMAN_REVIEW_IDENTIFY_VENDOR,
1584,131,,,SGD,3270.00,2024-01-30,Y,,RULES_NEEDED,,,,,,,,,NONE,,UNMATCHED,,,,,,HUMAN_REVIEW_IDENTIFY_VENDOR,
1585,117,INV-1358,36,SGD,600.00,2024-01-27,Y,6103,INVOICE,,,,,,,,,,,MATCHED,FIRST_CLASS_REF,91499,600.0,SGD,2024-02-03,reference+amount+temporal,
1586,98,INV-AS-002,151,USD,1520.00,2024-01-24,Y,1710,INVOICE,,,,,,91432,AMOUNT_GAP,MED,,,MATCHED,PAYLINE_AMOUNT_GAP,91432,1596.97,SGD,2024-01-26,payline amount+date accepted (MED),
1587,66,,,SGD,408.90,2024-01-23,Y,,RULES_NEEDED,,,,,,,,,NONE,,UNMATCHED,,,,,,HUMAN_REVIEW_IDENTIFY_VENDOR,
1588,57,INV/23-24/40398,68,USD,300.00,2024-01-19,Y,1710,INVOICE,,,,,,,,,,,MATCHED,FIRST_CLASS_REF,91397,415.37,SGD,2024-01-23,reference+amount+temporal,
1589,26,INVFR0232384,31,USD,1854.51,2023-12-29,Y,6701,INVOICE,,,,,,,,,,,MATCHED,FIRST_CLASS_REF,91395,2500.19,SGD,2024-01-23,reference+amount+temporal,
1590,25,,,SGD,440.00,2024-01-19,Y,,RULES_NEEDED,,,,,,,,,NONE,,UNMATCHED,,,,,,HUMAN_REVIEW_IDENTIFY_VENDOR,
1591,,INV0000296628,509,AUD,26460.00,2025-11-30,N,5060,INVOICE,,,,,,,,,,,UNMATCHED,,,,,,NONRETOOL_NO_MATCHING_PAYMENT,nonretool_no_defensible_txn
1592,,DM020,111,AUD,814.00,2025-11-27,N,5001,INVOICE,,,,,,,,,,,UNMATCHED,,,,,,NONRETOOL_NO_MATCHING_PAYMENT,nonretool_no_defensible_txn
1593,,26.0043,28,AUD,1100.00,2026-01-31,N,6500,INVOICE,,,,,,,,,,,UNMATCHED,,,,,,NONRETOOL_NO_MATCHING_PAYMENT,nonretool_no_defensible_txn
1594,,00051376,651,AUD,350.00,2025-11-04,N,5032,INVOICE,,,,,,,,,,,UNMATCHED,,,,,,NONRETOOL_NO_MATCHING_PAYMENT,nonretool_no_defensible_txn
1595,,SGIN24-658958,355,SGD,3091.22,2024-11-01,N,6700,COUNTERPARTY,,,,,,,,,,,UNMATCHED,,,,,,NONRETOOL_NO_MATCHING_PAYMENT,nonretool_no_defensible_txn
1596,,,144,SGD,3270.00,2026-01-23,N,,RULES_NEEDED,,,,,,9419,EXACT,MED,,,MATCHED,NONRETOOL_PAYLINE_EXACT,9419,3270.0,SGD,2026-04-15,,nonretool_payline_match
1597,,901141,355,SGD,194.18,2024-11-27,N,6700,COUNTERPARTY,,,,,,96715,GST,MED,,,MATCHED,NONRETOOL_PAYLINE_GST,96715,234.36,AUD,2025-02-28,,nonretool_payline_match
1598,,KWI202303453426,98,USD,347.63,2025-11-30,N,5030,INVOICE,,,,,,87864,NEAR_1PCT,MED,,,MATCHED,NONRETOOL_PAYLINE_NEAR_1PCT,87864,466.14,SGD,2025-12-05,,nonretool_payline_match
1599,,INV-3190636,142,AUD,22180.10,2025-10-14,N,5030,INVOICE,,,,,,,,,,,UNMATCHED,,,,,,NONRETOOL_NO_MATCHING_PAYMENT,nonretool_no_defensible_txn
1600,,VL40276188,752,AUD,2300.00,2024-11-27,N,5036,manual,,,,,,96250,NEAR_1PCT,MED,,,MATCHED,NONRETOOL_PAYLINE_NEAR_1PCT,96250,2301.0,AUD,2024-12-05,,nonretool_payline_match
1601,,INV0000296627,509,AUD,25799.20,2025-10-31,N,5060,INVOICE,,,,,,,,,,,UNMATCHED,,,,,,NONRETOOL_NO_MATCHING_PAYMENT,nonretool_no_defensible_txn
1603,,FINV7236,671,AUD,385.00,2025-12-19,N,5032,INVOICE,,,,,,10353,EXACT,MED,,,MATCHED,NONRETOOL_PAYLINE_EXACT,10353,385.0,AUD,2026-04-15,,nonretool_payline_match
1604,,INVSGP12892,116,USD,11476.44,2024-12-31,N,6701,INVOICE,,,,,,9940,AMOUNT_GAP,MED,,,MATCHED,NONRETOOL_PAYLINE_AMOUNT_GAP,9940,989.22,AUD,2026-02-10,,nonretool_payline_match
1605,,AU-MRKV033513A5,117,AUD,1270.57,2025-10-08,N,5066,INVOICE,,,,,,,,,,,UNMATCHED,,,,,,NONRETOOL_NO_MATCHING_PAYMENT,nonretool_no_defensible_txn
1606,,INV-3190620,142,AUD,21564.35,2025-08-12,N,5030,INVOICE,,,,,,97626,AMOUNT_GAP,MED,,,MATCHED,NONRETOOL_PAYLINE_AMOUNT_GAP,97626,15564.35,AUD,2025-11-05,,nonretool_payline_match
1607,,B,72,AUD,110.00,2025-09-24,N,5034,INVOICE,,,,,,97804,EXACT,HIGH,,,MATCHED,NONRETOOL_PAYLINE_EXACT,97804,110.0,AUD,2025-12-10,,nonretool_payline_match
1608,,VL40291719,752,AUD,5000.00,2025-09-10,N,5036,manual,,,,,,97514,EXACT,HIGH,,,MATCHED,NONRETOOL_PAYLINE_EXACT,97514,5000.0,AUD,2025-10-02,,nonretool_payline_match
1609,,FTM1,509,AUD,14602.45,2024-02-13,N,5060,INVOICE,,,,,,95846,NEAR_1PCT,MED,,,MATCHED,NONRETOOL_PAYLINE_NEAR_1PCT,95846,14603.02,AUD,2024-02-19,,nonretool_payline_match
1610,,682d7cc98aa7b26bd9cb2b69,70,SGD,1000.00,2025-09-19,N,5032,INVOICE,,,,,,,,,,,UNMATCHED,,,,,,NONRETOOL_NO_MATCHING_PAYMENT,nonretool_no_defensible_txn
1612,,,694,SGD,5000.00,2025-11-04,N,,RULES_NEEDED,,,,,,97636,AMOUNT_GAP,LOW,,,UNMATCHED,,,,,,NONRETOOL_LOW_CONF_CANDIDATE,low_conf AMOUNT_GAP txn#97636
1614,,VM-S-202507-03822,154,SGD,2016.50,2025-07-30,N,5032,INVOICE,,,,,,,,,,,UNMATCHED,,,,,,DUPLICATE_INVOICE (of 669),
1615,,1ZF2BN,72,AUD,330.00,2024-12-19,N,5034,INVOICE,,,,,,,,,,,UNMATCHED,,,,,,NONRETOOL_NO_MATCHING_PAYMENT,nonretool_no_defensible_txn
1616,,63097,55,SGD,600.00,2025-09-08,N,5032,INVOICE,,,,,,95229,EXACT,HIGH,,,MATCHED,NONRETOOL_PAYLINE_EXACT,95229,600.0,SGD,2025-11-06,,nonretool_payline_match
1617,,VIR5076,698,AUD,605.00,2025-07-26,N,,RULES_NEEDED,,,,,,,,,,,UNMATCHED,,,,,,NONRETOOL_NO_MATCHING_PAYMENT,nonretool_no_defensible_txn
1619,,FLE0015473,86,AUD,309.10,2025-08-05,N,,RULES_NEEDED,,,,,,,,,,,UNMATCHED,,,,,,NONRETOOL_NO_MATCHING_PAYMENT,nonretool_no_defensible_txn
1620,,12785 C,699,AUD,3612.30,2026-01-22,N,,RULES_NEEDED,,,,,,,,,,,UNMATCHED,,,,,,NONRETOOL_NO_MATCHING_PAYMENT,nonretool_no_defensible_txn
1621,,DM016,111,AUD,814.00,2025-09-29,N,5001,INVOICE,,,,,,97638,EXACT,HIGH,,,MATCHED,NONRETOOL_PAYLINE_EXACT,97638,814.0,AUD,2025-11-06,,nonretool_payline_match
1622,,79051,132,AUD,510.18,2025-07-08,N,5025,INVOICE,,,,,,,,,,,UNMATCHED,,,,,,NONRETOOL_NO_MATCHING_PAYMENT,nonretool_no_defensible_txn
1623,,225890,119,AUD,53534.03,2024-12-17,N,5035,INVOICE,,,,,,,,,,,UNMATCHED,,,,,,NONRETOOL_NO_MATCHING_PAYMENT,nonretool_no_defensible_txn
1624,,AU-MRKV03398706,117,AUD,426.14,2025-10-25,N,5066,INVOICE,,,,,,,,,,,UNMATCHED,,,,,,NONRETOOL_NO_MATCHING_PAYMENT,nonretool_no_defensible_txn
1625,,3455,84,SGD,1362.00,2024-06-24,N,6104,INVOICE,,,,,,92591,EXACT,MED,,,MATCHED,NONRETOOL_PAYLINE_EXACT,92591,1362.0,SGD,2024-07-01,,nonretool_payline_match
1626,,INV-01241,138,AUD,825.00,2025-07-30,N,5032,INVOICE,,,,,,97403,EXACT,HIGH,,,MATCHED,NONRETOOL_PAYLINE_EXACT,97403,825.0,AUD,2025-09-05,,nonretool_payline_match
1627,,FTI00083345,123,AUD,200.00,2023-12-31,N,5033,INVOICE,,,,,,95831,NEAR_1PCT,HIGH,,,MATCHED,NONRETOOL_PAYLINE_NEAR_1PCT,95831,200.57,AUD,2024-01-30,,nonretool_payline_match
1628,,199,102,AUD,6655.00,2025-07-09,N,5032,INVOICE,,,,,,97202,AMOUNT_GAP,LOW,,,UNMATCHED,,,,,,NONRETOOL_LOW_CONF_CANDIDATE,low_conf AMOUNT_GAP txn#97202
1629,,INV-3190625,142,AUD,21660.06,2025-09-09,N,5030,INVOICE,,,,,,9809,AMOUNT_GAP,MED,,,MATCHED,NONRETOOL_PAYLINE_AMOUNT_GAP,9809,2213.29,AUD,2026-01-23,,nonretool_payline_match
1630,,VL40289371,752,AUD,5000.00,2025-05-16,N,5036,manual,,,,,,97341,EXACT,HIGH,,,MATCHED,NONRETOOL_PAYLINE_EXACT,97341,5000.0,AUD,2025-08-25,,nonretool_payline_match
1631,,INV0000283248,509,AUD,3000.00,2025-11-20,N,5060,INVOICE,,,,,,,,,,,UNMATCHED,,,,,,NONRETOOL_NO_MATCHING_PAYMENT,nonretool_no_defensible_txn
1632,,INV 505-INV25/28829,27,SGD,1526.00,2025-05-14,N,5001,INVOICE,,,,,,94528,EXACT,HIGH,,,MATCHED,NONRETOOL_PAYLINE_EXACT,94528,1526.0,SGD,2025-05-20,,nonretool_payline_match
1633,,DEL4-3913163,,INR,12499.00,2024-02-01,N,,RULES_NEEDED,,,,,,,,,,,UNMATCHED,,,,,,NOT_PROVISIONAL_PAID,
1634,,D25DE43364162,694,SGD,4325.29,2025-09-02,N,5036,manual,,,,,,95175,EXACT,HIGH,,,MATCHED,NONRETOOL_PAYLINE_EXACT,95175,4325.29,SGD,2025-10-23,,nonretool_payline_match
1636,,FLE0015945,86,AUD,5000.00,2025-09-17,N,,RULES_NEEDED,,,,,,,,,,,UNMATCHED,,,,,,NONRETOOL_NO_MATCHING_PAYMENT,nonretool_no_defensible_txn
1637,,VL40274741,752,AUD,2000.00,2024-11-19,N,5036,manual,,,,,,97331,EXACT,MED,,,MATCHED,NONRETOOL_PAYLINE_EXACT,97331,2000.0,AUD,2025-08-25,,nonretool_payline_match
1638,,697c452692a2db2bed383489,70,SGD,140.00,2026-02-04,N,5032,INVOICE,,,,,,,,,,,UNMATCHED,,,,,,NONRETOOL_NO_MATCHING_PAYMENT,nonretool_no_defensible_txn
1639,,INV-PB19902,146,SGD,80.00,2025-09-21,N,5033,COUNTERPARTY,,,,,,9532,EXACT,HIGH,,,MATCHED,NONRETOOL_PAYLINE_EXACT,9532,80.0,SGD,2026-05-29,,nonretool_payline_match
1640,,AU-MRKV0337605E,117,AUD,7507.50,2025-10-04,N,5066,INVOICE,,,,,,,,,,,UNMATCHED,,,,,,NONRETOOL_NO_MATCHING_PAYMENT,nonretool_no_defensible_txn
1643,,00051290,651,AUD,450.00,2023-10-19,N,5032,INVOICE,,,,,,,,,,,UNMATCHED,,,,,,NONRETOOL_NO_MATCHING_PAYMENT,nonretool_no_defensible_txn
1644,,INV-01265,138,AUD,330.00,2025-10-06,N,5032,INVOICE,,,,,,97844,EXACT,HIGH,,,MATCHED,NONRETOOL_PAYLINE_EXACT,97844,330.0,AUD,2025-12-19,,nonretool_payline_match
1645,,26.0073,28,AUD,990.00,2026-03-05,N,6500,INVOICE,,,,,,10936,EXACT,HIGH,,,MATCHED,NONRETOOL_PAYLINE_EXACT,10936,990.0,AUD,2026-07-06,,nonretool_payline_match
1646,,711,734,AUD,27500.00,2025-09-09,N,,RULES_NEEDED,,,,,,,,,,,UNMATCHED,,,,,,NONRETOOL_NO_MATCHING_PAYMENT,nonretool_no_defensible_txn
1648,,25.0384,28,AUD,770.00,2025-12-19,N,6500,INVOICE,,,,,,10002,EXACT,HIGH,,,MATCHED,NONRETOOL_PAYLINE_EXACT,10002,770.0,AUD,2026-02-23,,nonretool_payline_match
1649,,INV-01253,138,AUD,250.00,2025-09-28,N,5032,INVOICE,,,,,,97670,EXACT,HIGH,,,MATCHED,NONRETOOL_PAYLINE_EXACT,97670,250.0,AUD,2025-11-12,,nonretool_payline_match
1650,,RMI25100001,,SGD,2180.00,2025-10-02,N,,RULES_NEEDED,,,,,,,,,,,UNMATCHED,,,,,,NOT_PROVISIONAL_PAID,
1651,,FINV4365,671,AUD,385.00,2023-11-30,N,5032,INVOICE,,,,,,,,,,,UNMATCHED,,,,,,NONRETOOL_NO_MATCHING_PAYMENT,nonretool_no_defensible_txn
1652,,FTI00082176,123,AUD,120.00,2023-10-30,N,5033,INVOICE,,,,,,95834,NEAR_1PCT,HIGH,,,MATCHED,NONRETOOL_PAYLINE_NEAR_1PCT,95834,120.57,AUD,2024-01-30,,nonretool_payline_match
1653,,00051368,651,AUD,220.00,2025-02-25,N,5032,INVOICE,,,,,,,,,,,UNMATCHED,,,,,,NONRETOOL_NO_MATCHING_PAYMENT,nonretool_no_defensible_txn
1655,,00551382,651,AUD,295.00,2015-01-04,N,5032,INVOICE,,,,,,,,,,,UNMATCHED,,,,,,NONRETOOL_NO_MATCHING_PAYMENT,nonretool_no_defensible_txn
1656,,00051368,651,AUD,240.00,2025-10-27,N,5032,INVOICE,,,,,,,,,,,UNMATCHED,,,,,,NONRETOOL_NO_MATCHING_PAYMENT,nonretool_no_defensible_txn
1657,,FT00000002,509,AUD,26636.46,2024-03-12,N,5060,INVOICE,,,,,,95857,NEAR_1PCT,HIGH,,,MATCHED,NONRETOOL_PAYLINE_NEAR_1PCT,95857,26637.03,AUD,2024-03-16,,nonretool_payline_match
1658,,26.0144,28,AUD,440.00,2026-04-28,N,6500,INVOICE,,,,,,10937,EXACT,HIGH,,,MATCHED,NONRETOOL_PAYLINE_EXACT,10937,440.0,AUD,2026-07-06,,nonretool_payline_match
1659,,25.0264,28,AUD,1210.00,2025-08-01,N,6500,INVOICE,,,,,,97550,EXACT,HIGH,,,MATCHED,NONRETOOL_PAYLINE_EXACT,97550,1210.0,AUD,2025-10-20,,nonretool_payline_match
1660,,VL40301694,752,AUD,2000.00,2025-09-26,N,,RULES_NEEDED,,,,,,,,,,,UNMATCHED,,,,,,DUPLICATE_INVOICE (of 536),
1661,,INV-01252,138,AUD,787.00,2025-09-24,N,5032,INVOICE,,,,,,97668,EXACT,HIGH,,,MATCHED,NONRETOOL_PAYLINE_EXACT,97668,787.0,AUD,2025-11-12,,nonretool_payline_match
1662,,INV0000190918,509,AUD,25122.41,2025-02-28,N,5060,INVOICE,,,,,,96989,NEAR_1PCT,HIGH,,,MATCHED,NONRETOOL_PAYLINE_NEAR_1PCT,96989,25123.41,AUD,2025-05-13,,nonretool_payline_match
1663,,INVSGP12736,116,USD,8053.51,2024-09-30,N,6701,INVOICE,,,,,,96716,GST,MED,,,MATCHED,NONRETOOL_PAYLINE_GST,96716,13045.75,AUD,2025-02-28,,nonretool_payline_match
1664,,FTI00082411,123,AUD,310.00,2023-10-31,N,5033,INVOICE,,,,,,95832,NEAR_1PCT,HIGH,,,MATCHED,NONRETOOL_PAYLINE_NEAR_1PCT,95832,310.57,AUD,2024-01-30,,nonretool_payline_match
1665,,2025092501,128,SGD,300.00,2025-09-25,N,6401,INVOICE,,,,,,,,,,,UNMATCHED,,,,,,DUPLICATE_INVOICE (of 439),
1666,,INV-01251,138,AUD,198.00,2025-09-22,N,5032,INVOICE,,,,,,97669,EXACT,HIGH,,,MATCHED,NONRETOOL_PAYLINE_EXACT,97669,198.0,AUD,2025-11-12,,nonretool_payline_match
1667,,INV 510-INV25/31052,27,SGD,1526.00,2025-10-02,N,5001,INVOICE,,,,,,95106,EXACT,HIGH,,,MATCHED,NONRETOOL_PAYLINE_EXACT,95106,1526.0,SGD,2025-10-15,,nonretool_payline_match
1669,,INV137016,65,AUD,950.22,2025-02-01,N,5030,INVOICE,,,,,,96894,AMOUNT_GAP,LOW,,,UNMATCHED,,,,,,NONRETOOL_LOW_CONF_CANDIDATE,low_conf AMOUNT_GAP txn#96894
1670,,8183,622,AUD,385.00,2025-09-30,N,6501,INVOICE,,,,,,,,,,,UNMATCHED,,,,,,NONRETOOL_NO_MATCHING_PAYMENT,nonretool_no_defensible_txn
1671,,INV-01255,138,AUD,175.00,2025-09-29,N,5032,INVOICE,,,,,,,,,,,UNMATCHED,,,,,,DUPLICATE_INVOICE (of 569),
1674,,10708 C,699,AUD,3178.30,2026-01-22,N,,RULES_NEEDED,,,,,,,,,,,UNMATCHED,,,,,,NONRETOOL_NO_MATCHING_PAYMENT,nonretool_no_defensible_txn
1675,,PE260102,146,SGD,120.00,2026-01-21,N,5036,INVOICE,,,,,,9531,EXACT,HIGH,,,MATCHED,NONRETOOL_PAYLINE_EXACT,9531,120.0,SGD,2026-05-29,,nonretool_payline_match
1679,,3196450,72,AUD,165.00,2025-09-15,N,5034,INVOICE,,,,,,97803,EXACT,HIGH,,,MATCHED,NONRETOOL_PAYLINE_EXACT,97803,165.0,AUD,2025-12-10,,nonretool_payline_match
1680,,INV-9653,735,AUD,1529.00,2024-10-30,N,,RULES_NEEDED,,,,,,96132,NEAR_1PCT,HIGH,,,MATCHED,NONRETOOL_PAYLINE_NEAR_1PCT,96132,1530.23,AUD,2024-11-07,,nonretool_payline_match
1681,,INV-3190521,142,AUD,22762.54,2024-11-07,N,5030,INVOICE,,,,,,96169,NEAR_1PCT,HIGH,,,MATCHED,NONRETOOL_PAYLINE_NEAR_1PCT,96169,22763.77,AUD,2024-11-20,,nonretool_payline_match
1682,,INV0000297819,509,AUD,3000.00,2025-12-23,N,5060,INVOICE,,,,,,10946,EXACT,HIGH,,,MATCHED,NONRETOOL_PAYLINE_EXACT,10946,3000.0,AUD,2026-07-07,,nonretool_payline_match
1684,,,752,AUD,2350.00,2024-12-06,N,5036,manual,,,,,,96512,NEAR_1PCT,MED,,,MATCHED,NONRETOOL_PAYLINE_NEAR_1PCT,96512,2351.0,AUD,2025-01-24,,nonretool_payline_match
1685,,3462,84,SGD,1362.00,2024-12-25,N,6104,INVOICE,,,,,,93970,EXACT,MED,,,MATCHED,NONRETOOL_PAYLINE_EXACT,93970,1362.0,SGD,2025-01-31,,nonretool_payline_match
1686,,VL40296922,752,AUD,3000.00,2025-10-31,N,,RULES_NEEDED,,,,,,9682,EXACT,HIGH,,,MATCHED,NONRETOOL_PAYLINE_EXACT,9682,3000.0,AUD,2026-01-12,,nonretool_payline_match
1687,,3207698,72,AUD,220.00,2025-10-15,N,5034,INVOICE,,,,,,97806,EXACT,HIGH,,,MATCHED,NONRETOOL_PAYLINE_EXACT,97806,220.0,AUD,2025-12-10,,nonretool_payline_match
1688,,26.0121,28,AUD,907.50,2026-04-01,N,6500,INVOICE,,,,,,10938,EXACT,HIGH,,,MATCHED,NONRETOOL_PAYLINE_EXACT,10938,907.5,AUD,2026-07-06,,nonretool_payline_match
1690,,14435,88,AUD,3355.85,2025-06-06,N,5032,INVOICE,,,,,,,,,,,UNMATCHED,,,,,,NONRETOOL_NO_MATCHING_PAYMENT,nonretool_no_defensible_txn
1691,,102821,130,USD,951.00,2025-08-31,N,5030,INVOICE,,,,,,97784,AMOUNT_GAP,MED,,,MATCHED,NONRETOOL_PAYLINE_AMOUNT_GAP,97784,1445.04,AUD,2025-12-05,,nonretool_payline_match
1692,,INVSGP13404,116,USD,4619.37,2025-08-31,N,6701,INVOICE,,,,,,94970,AMOUNT_GAP,LOW,,,UNMATCHED,,,,,,NONRETOOL_LOW_CONF_CANDIDATE,low_conf AMOUNT_GAP txn#94970
1693,,VH224451,,SGD,481.50,2025-12-15,N,,RULES_NEEDED,,,,,,,,,,,UNMATCHED,,,,,,NOT_PROVISIONAL_PAID,
1694,,24-25/157,125,INR,25000.00,2025-06-02,N,6500,INVOICE,,,,,,95028,GST,MED,,,MATCHED,NONRETOOL_PAYLINE_GST,95028,366.24,SGD,2025-09-22,,nonretool_payline_match
1695,,INVSGP13569,116,USD,4621.23,2025-11-30,N,6701,INVOICE,,,,,,9611,AMOUNT_GAP,LOW,,,UNMATCHED,,,,,,NONRETOOL_LOW_CONF_CANDIDATE,low_conf AMOUNT_GAP txn#9611
1696,,INV0000190917,509,AUD,33918.40,2025-01-31,N,5060,INVOICE,,,,,,96837,NEAR_1PCT,HIGH,,,MATCHED,NONRETOOL_PAYLINE_NEAR_1PCT,96837,33919.4,AUD,2025-03-31,,nonretool_payline_match
1697,,INV-0082,621,AUD,440.00,2023-12-15,N,6103,INVOICE,,,,,,95826,NEAR_1PCT,HIGH,,,MATCHED,NONRETOOL_PAYLINE_NEAR_1PCT,95826,440.57,AUD,2024-01-13,,nonretool_payline_match
1698,,INV-0083,621,AUD,473.00,2023-12-20,N,6103,INVOICE,,,,,,95825,NEAR_1PCT,HIGH,,,MATCHED,NONRETOOL_PAYLINE_NEAR_1PCT,95825,473.57,AUD,2024-01-13,,nonretool_payline_match
1699,,3178640,72,AUD,330.00,2025-08-07,N,5034,INVOICE,,,,,,97799,EXACT,HIGH,,,MATCHED,NONRETOOL_PAYLINE_EXACT,97799,330.0,AUD,2025-12-10,,nonretool_payline_match
1700,,4012876,72,AUD,220.00,2026-01-21,N,5034,INVOICE,,,,,,10655,EXACT,HIGH,,,MATCHED,NONRETOOL_PAYLINE_EXACT,10655,220.0,AUD,2026-05-19,,nonretool_payline_match
1701,,VH-IN-25-005813,153,SGD,1800.00,2025-12-02,N,6500,INVOICE,,,,,,,,,,,UNMATCHED,,,,,,NONRETOOL_NO_MATCHING_PAYMENT,nonretool_no_defensible_txn
1702,,3213603,72,AUD,330.00,2025-11-03,N,5034,INVOICE,,,,,,,,,,,UNMATCHED,,,,,,NONRETOOL_NO_MATCHING_PAYMENT,nonretool_no_defensible_txn
1703,,INV-01259,138,AUD,462.00,2025-10-02,N,5032,INVOICE,,,,,,97842,EXACT,HIGH,,,MATCHED,NONRETOOL_PAYLINE_EXACT,97842,462.0,AUD,2025-12-19,,nonretool_payline_match
1705,,DM017,111,AUD,1023.00,2025-10-03,N,5001,INVOICE,,,,,,97639,EXACT,HIGH,,,MATCHED,NONRETOOL_PAYLINE_EXACT,97639,1023.0,AUD,2025-11-06,,nonretool_payline_match
1706,,47867240,72,AUD,330.00,2025-11-18,N,5034,INVOICE,,,,,,97809,EXACT,MED,,,MATCHED,NONRETOOL_PAYLINE_EXACT,97809,330.0,AUD,2025-12-10,,nonretool_payline_match
1708,,24177,45,USD,491.00,2024-10-05,N,1710,INVOICE,,,,,,96415,GST,MED,,,MATCHED,NONRETOOL_PAYLINE_GST,96415,799.1,AUD,2025-01-09,,nonretool_payline_match
1709,,18416,652,AUD,2508.00,2025-05-01,N,5032,INVOICE,,,,,,97853,GST,LOW,,,UNMATCHED,,,,,,NONRETOOL_LOW_CONF_CANDIDATE,low_conf GST txn#97853
1710,,INV-0081,621,AUD,473.00,2023-11-10,N,6103,INVOICE,,,,,,95827,NEAR_1PCT,HIGH,,,MATCHED,NONRETOOL_PAYLINE_NEAR_1PCT,95827,473.57,AUD,2024-01-13,,nonretool_payline_match
1711,,18601,652,AUD,577.50,2025-09-21,N,5032,INVOICE,,,,,,97852,AMOUNT_GAP,LOW,,,UNMATCHED,,,,,,NONRETOOL_LOW_CONF_CANDIDATE,low_conf AMOUNT_GAP txn#97852
1713,,103503,130,USD,828.00,2025-09-30,N,5030,INVOICE,,,,,,9890,AMOUNT_GAP,MED,,,MATCHED,NONRETOOL_PAYLINE_AMOUNT_GAP,9890,1191.08,AUD,2026-01-30,,nonretool_payline_match
1715,,INV-01258,138,AUD,210.00,2025-10-01,N,5032,INVOICE,,,,,,,,,,,UNMATCHED,,,,,,NONRETOOL_NO_MATCHING_PAYMENT,nonretool_no_defensible_txn
1716,,26.0171,28,AUD,330.00,2026-05-28,N,6500,INVOICE,,,,,,10939,EXACT,HIGH,,,MATCHED,NONRETOOL_PAYLINE_EXACT,10939,330.0,AUD,2026-07-06,,nonretool_payline_match
1718,,SGIN24-526885,355,SGD,9889.36,2024-09-02,N,6700,COUNTERPARTY,,,,,,93428,EXACT,HIGH,,,MATCHED,NONRETOOL_PAYLINE_EXACT,93428,9889.36,SGD,2024-10-09,,nonretool_payline_match
1719,,,649,USD,12084.00,2025-10-31,N,5030,INVOICE,,,,,,97723,AMOUNT_GAP,LOW,,,UNMATCHED,,,,,,NONRETOOL_LOW_CONF_CANDIDATE,low_conf AMOUNT_GAP txn#97723
1720,,4048763.1,72,AUD,220.00,2026-06-11,N,5034,INVOICE,,,,,,10866,EXACT,HIGH,,,MATCHED,NONRETOOL_PAYLINE_EXACT,10866,220.0,AUD,2026-06-26,,nonretool_payline_match
1722,,25.0279,28,AUD,1100.00,2025-09-02,N,6500,INVOICE,,,,,,97549,EXACT,HIGH,,,MATCHED,NONRETOOL_PAYLINE_EXACT,97549,1100.0,AUD,2025-10-20,,nonretool_payline_match
1723,,,,AUD,8857.76,2026-04-14,N,,RULES_NEEDED,,,,,,,,,,,UNMATCHED,,,,,,NOT_PROVISIONAL_PAID,
1724,,,329,AUD,19.44,2025-06-30,N,6400,INVOICE,,,,,,10418,NEAR_1PCT,MED,,,MATCHED,NONRETOOL_PAYLINE_NEAR_1PCT,10418,19.55,AUD,2026-04-16,,nonretool_payline_match
1725,,INV-0133,590,AUD,91.66,2024-01-02,N,5062,INVOICE,,,,,,95824,NEAR_1PCT,HIGH,,,MATCHED,NONRETOOL_PAYLINE_NEAR_1PCT,95824,92.23,AUD,2024-01-13,,nonretool_payline_match
1726,,683fdf73674d797f9d74b679,70,SGD,2420.00,2025-06-11,N,5032,INVOICE,,,,,,,,,,,UNMATCHED,,,,,,DUPLICATE_INVOICE (of 729),
1727,,FTI1100003599,123,AUD,759.01,2025-09-30,N,5033,INVOICE,,,,,,,,,,,UNMATCHED,,,,,,NONRETOOL_NO_MATCHING_PAYMENT,nonretool_no_defensible_txn
1729,,C0716302,41,AUD,1574.76,2026-02-26,N,5032,INVOICE,,,,,,,,,,,UNMATCHED,,,,,,NONRETOOL_NO_MATCHING_PAYMENT,nonretool_no_defensible_txn
1730,,INV0000266338,509,AUD,25034.00,2025-09-30,N,5060,INVOICE,,,,,,10594,NEAR_1PCT,MED,,,MATCHED,NONRETOOL_PAYLINE_NEAR_1PCT,10594,25000.0,AUD,2026-05-14,,nonretool_payline_match
1731,,3080138,72,AUD,220.00,2025-10-21,N,5034,INVOICE,,,,,,,,,,,UNMATCHED,,,,,,DUPLICATE_INVOICE (of 1076),
1732,,INV02416126,87,USD,275.97,2025-03-09,N,6701,INVOICE,,,,,,95271,AMOUNT_GAP,LOW,,,UNMATCHED,,,,,,NONRETOOL_LOW_CONF_CANDIDATE,low_conf AMOUNT_GAP txn#95271
1733,,D25DE43912171,694,SGD,3823.23,2025-10-09,N,5036,manual,,,,,,95203,EXACT,HIGH,,,MATCHED,NONRETOOL_PAYLINE_EXACT,95203,3823.23,SGD,2025-10-29,,nonretool_payline_match
1734,,INV-01261,138,AUD,175.00,2025-10-04,N,5032,INVOICE,,,,,,97841,EXACT,HIGH,,,MATCHED,NONRETOOL_PAYLINE_EXACT,97841,175.0,AUD,2025-12-19,,nonretool_payline_match
1735,,BI00035917,657,PHP,278470.00,2025-12-15,N,6004,INVOICE,,,,,,9259,GST,MED,,,MATCHED,NONRETOOL_PAYLINE_GST,9259,6012.4,SGD,2026-02-04,,nonretool_payline_match
1736,,901065,355,SGD,152.83,2024-10-16,N,6700,COUNTERPARTY,,,,,,96714,GST,MED,,,MATCHED,NONRETOOL_PAYLINE_GST,96714,184.85,AUD,2025-02-28,,nonretool_payline_match
1739,,FTI00081936,123,AUD,100.00,2023-09-30,N,5033,INVOICE,,,,,,95833,NEAR_1PCT,HIGH,,,MATCHED,NONRETOOL_PAYLINE_NEAR_1PCT,95833,100.57,AUD,2024-01-30,,nonretool_payline_match
1740,,INV135409,65,AUD,957.60,2024-10-01,N,5030,INVOICE,,,,,,96144,EXACT,HIGH,,,MATCHED,NONRETOOL_PAYLINE_EXACT,96144,957.6,AUD,2024-11-15,,nonretool_payline_match
1741,,INV/MI/21116,104,USD,2186.00,2024-07-10,N,6701,INVOICE,,,,,,93305,AMOUNT_GAP,MED,,,MATCHED,NONRETOOL_PAYLINE_AMOUNT_GAP,93305,2820.92,SGD,2024-09-26,,nonretool_payline_match
1742,,22415,146,SGD,70.00,2025-04-04,N,5033,COUNTERPARTY,,,,,,94677,EXACT,MED,,,MATCHED,NONRETOOL_PAYLINE_EXACT,94677,70.0,SGD,2025-07-03,,nonretool_payline_match
1743,,181,102,AUD,1210.00,2025-07-09,N,5032,INVOICE,,,,,,97314,NEAR_1PCT,MED,,,MATCHED,NONRETOOL_PAYLINE_NEAR_1PCT,97314,1200.0,AUD,2025-08-22,,nonretool_payline_match
1744,,3186586,72,AUD,165.00,2025-08-22,N,5034,INVOICE,,,,,,97796,EXACT,HIGH,,,MATCHED,NONRETOOL_PAYLINE_EXACT,97796,165.0,AUD,2025-12-10,,nonretool_payline_match
1746,,68ce44a5c29fd9b410b7edf7,70,SGD,650.00,2025-09-20,N,5032,INVOICE,,,,,,104618,AMOUNT_GAP,LOW,,,UNMATCHED,,,,,,NONRETOOL_LOW_CONF_CANDIDATE,low_conf AMOUNT_GAP txn#104618
1747,,2057,145,AUD,2200.00,2025-08-30,N,5032,INVOICE,,,,,,,,,,,UNMATCHED,,,,,,NONRETOOL_NO_MATCHING_PAYMENT,nonretool_no_defensible_txn
1750,,00051289,651,AUD,330.00,2025-10-18,N,5032,INVOICE,,,,,,,,,,,UNMATCHED,,,,,,NONRETOOL_NO_MATCHING_PAYMENT,nonretool_no_defensible_txn
1751,,INV 506-INV25/29292,27,SGD,1526.00,2025-06-14,N,5001,INVOICE,,,,,,94666,EXACT,HIGH,,,MATCHED,NONRETOOL_PAYLINE_EXACT,94666,1526.0,SGD,2025-06-30,,nonretool_payline_match
1752,,VM-C-202506-14732,154,SGD,3270.00,2025-06-17,N,5032,INVOICE,,,,,,94813,EXACT,HIGH,,,MATCHED,NONRETOOL_PAYLINE_EXACT,94813,3270.0,SGD,2025-08-06,,nonretool_payline_match
1753,,INV-01287,138,AUD,3080.00,2026-05-15,N,5032,INVOICE,,,,,,10858,EXACT,HIGH,,,MATCHED,NONRETOOL_PAYLINE_EXACT,10858,3080.0,AUD,2026-06-26,,nonretool_payline_match
1754,,26.0197,28,AUD,330.00,2026-06-30,N,6500,INVOICE,,,,,,10940,EXACT,HIGH,,,MATCHED,NONRETOOL_PAYLINE_EXACT,10940,330.0,AUD,2026-07-06,,nonretool_payline_match
1755,,FDD2C2B0004,87,USD,226.20,2025-12-03,N,6701,INVOICE,,,,,,,,,,,UNMATCHED,,,,,,NONRETOOL_NO_MATCHING_PAYMENT,nonretool_no_defensible_txn
1756,,22 640421496,736,AUD,20.00,2024-04-21,N,,RULES_NEEDED,,,,,,95907,AMOUNT_GAP,LOW,,,UNMATCHED,,,,,,NONRETOOL_LOW_CONF_CANDIDATE,low_conf AMOUNT_GAP txn#95907
1757,,INV 402-INV24/22743,27,SGD,1526.00,2024-02-14,N,5001,INVOICE,,,,,,91575,EXACT,HIGH,,,MATCHED,NONRETOOL_PAYLINE_EXACT,91575,1526.0,SGD,2024-02-16,,nonretool_payline_match
1758,,INV-6732,149,AUD,2000.00,2025-09-15,N,5060,INVOICE,,,,,,97509,EXACT,HIGH,,,MATCHED,NONRETOOL_PAYLINE_EXACT,97509,2000.0,AUD,2025-10-01,,nonretool_payline_match
1759,,00962259,3,AUD,440.00,2025-09-25,N,5033,INVOICE,,,,,,,,,,,UNMATCHED,,,,,,NONRETOOL_NO_MATCHING_PAYMENT,nonretool_no_defensible_txn
1760,,3101735,72,AUD,220.00,2025-03-27,N,5034,INVOICE,,,,,,,,,,,UNMATCHED,,,,,,NONRETOOL_NO_MATCHING_PAYMENT,nonretool_no_defensible_txn
1761,,INV-01269,138,AUD,450.00,2025-10-25,N,5032,INVOICE,,,,,,97845,EXACT,HIGH,,,MATCHED,NONRETOOL_PAYLINE_EXACT,97845,450.0,AUD,2025-12-19,,nonretool_payline_match
1762,,SG8003-0E291,355,SGD,7823.22,2024-08-01,N,6700,COUNTERPARTY,,,,,,97489,AMOUNT_GAP,LOW,,,UNMATCHED,,,,,,NONRETOOL_LOW_CONF_CANDIDATE,low_conf AMOUNT_GAP txn#97489
1763,,,752,AUD,100.00,2025-06-18,N,5036,manual,,,,,,97249,NEAR_1PCT,MED,,,MATCHED,NONRETOOL_PAYLINE_NEAR_1PCT,97249,101.0,AUD,2025-07-22,,nonretool_payline_match
1764,,52483,672,SGD,30.00,2021-10-30,N,5025,INVOICE,,,,,,,,,,,UNMATCHED,,,,,,DUPLICATE_INVOICE (of 501),
1765,,AU-JCAUO-027399,564,AUD,14880.00,2024-11-19,N,6300,INVOICE,,,,,,96151,NEAR_1PCT,HIGH,,,MATCHED,NONRETOOL_PAYLINE_NEAR_1PCT,96151,14881.23,AUD,2024-11-19,,nonretool_payline_match
1766,,INV-0009,737,AUD,154.00,2025-02-24,N,,RULES_NEEDED,,,,,,,,,,,UNMATCHED,,,,,,NONRETOOL_NO_MATCHING_PAYMENT,nonretool_no_defensible_txn
1767,,INV0000254955,509,AUD,24129.00,2025-08-31,N,5060,INVOICE,,,,,,10945,EXACT,HIGH,,,MATCHED,NONRETOOL_PAYLINE_EXACT,10945,24129.0,AUD,2026-07-07,,nonretool_payline_match
1769,,15922,139,AUD,1898.60,2025-01-17,N,5032,INVOICE,,,,,,,,,,,UNMATCHED,,,,,,NONRETOOL_NO_MATCHING_PAYMENT,nonretool_no_defensible_txn
1770,,AU-JCAU-006776,93,AUD,11000.00,2026-05-19,N,6300,INVOICE,,,,,,10688,EXACT,HIGH,,,MATCHED,NONRETOOL_PAYLINE_EXACT,10688,11000.0,AUD,2026-05-21,,nonretool_payline_match
1771,,3464,84,SGD,1362.00,2025-02-25,N,6104,INVOICE,,,,,,94417,EXACT,HIGH,,,MATCHED,NONRETOOL_PAYLINE_EXACT,94417,1362.0,SGD,2025-04-25,,nonretool_payline_match
1772,,CBMI26030605,70,SGD,3270.00,2026-03-26,N,5032,COUNTERPARTY,,,,,,,,,,,UNMATCHED,,,,,,NONRETOOL_NO_MATCHING_PAYMENT,nonretool_no_defensible_txn
1773,,FTI00091921,123,AUD,1489.59,2025-04-30,N,5033,INVOICE,,,,,,97332,EXACT,HIGH,,,MATCHED,NONRETOOL_PAYLINE_EXACT,97332,1489.59,AUD,2025-08-25,,nonretool_payline_match
1777,,,28,AUD,18907.83,2025-10-03,N,6500,INVOICE,,,,,,,,,,,UNMATCHED,,,,,,NONRETOOL_NO_MATCHING_PAYMENT,nonretool_no_defensible_txn
1778,,INV-01281,138,AUD,2090.00,2026-02-09,N,5032,INVOICE,,,,,,,,,,,UNMATCHED,,,,,,NONRETOOL_NO_MATCHING_PAYMENT,nonretool_no_defensible_txn
1779,,INV-6299,149,AUD,2750.00,2025-04-28,N,5060,INVOICE,,,,,,,,,,,UNMATCHED,,,,,,NONRETOOL_NO_MATCHING_PAYMENT,nonretool_no_defensible_txn
1780,,13254,139,AUD,1898.60,2025-04-09,N,5032,INVOICE,,,,,,9786,EXACT,HIGH,,,MATCHED,NONRETOOL_PAYLINE_EXACT,9786,1898.6,AUD,2026-01-20,,nonretool_payline_match
1781,,FDD2C2B 0002,87,USD,18307.80,2025-10-03,N,6701,INVOICE,,,,,,9381,AMOUNT_GAP,LOW,,,UNMATCHED,,,,,,NONRETOOL_LOW_CONF_CANDIDATE,low_conf AMOUNT_GAP txn#9381
1782,,,649,USD,12084.00,2025-09-30,N,5030,INVOICE,,,,,,95090,AMOUNT_GAP,LOW,,,UNMATCHED,,,,,,NONRETOOL_LOW_CONF_CANDIDATE,low_conf AMOUNT_GAP txn#95090
1783,,DM021,111,AUD,1034.00,2026-02-16,N,5001,INVOICE,,,,,,,,,,,UNMATCHED,,,,,,NONRETOOL_NO_MATCHING_PAYMENT,nonretool_no_defensible_txn
1784,,SGIN24-658957,355,SGD,9527.19,2024-11-01,N,6700,COUNTERPARTY,,,,,,96713,AMOUNT_GAP,MED,,,MATCHED,NONRETOOL_PAYLINE_AMOUNT_GAP,96713,11412.99,AUD,2025-02-28,,nonretool_payline_match
1785,,694,145,AUD,1500.00,2025-01-12,N,5032,INVOICE,,,,,,96754,AMOUNT_GAP,LOW,,,UNMATCHED,,,,,,NONRETOOL_LOW_CONF_CANDIDATE,low_conf AMOUNT_GAP txn#96754
1786,,23.0477,28,AUD,2062.50,2024-01-02,N,6500,INVOICE,,,,,,95823,NEAR_1PCT,HIGH,,,MATCHED,NONRETOOL_PAYLINE_NEAR_1PCT,95823,2063.07,AUD,2024-01-09,,nonretool_payline_match
1787,,INV0000212373,509,AUD,25600.00,2025-07-31,N,5060,INVOICE,,,,,,,,,,,UNMATCHED,,,,,,NONRETOOL_NO_MATCHING_PAYMENT,nonretool_no_defensible_txn
1788,,FTIA00003612,123,AUD,100.00,2024-01-31,N,5033,INVOICE,,,,,,95863,NEAR_1PCT,HIGH,,,MATCHED,NONRETOOL_PAYLINE_NEAR_1PCT,95863,100.57,AUD,2024-03-25,,nonretool_payline_match
1789,,D25DE43364211,694,SGD,3519.42,2025-09-02,N,,RULES_NEEDED,,,,,,,,,,,UNMATCHED,,,,,,NONRETOOL_NO_MATCHING_PAYMENT,nonretool_no_defensible_txn
1790,,,665,SGD,2372.34,2025-10-16,N,5032,INVOICE,,,,,,,,,,,UNMATCHED,,,,,,NONRETOOL_NO_MATCHING_PAYMENT,nonretool_no_defensible_txn
1791,,INV0000308939,509,AUD,27063.20,2025-12-31,N,5060,INVOICE,,,,,,,,,,,UNMATCHED,,,,,,NONRETOOL_NO_MATCHING_PAYMENT,nonretool_no_defensible_txn
1792,,3197606,72,AUD,165.00,2025-09-17,N,5034,INVOICE,,,,,,97798,EXACT,HIGH,,,MATCHED,NONRETOOL_PAYLINE_EXACT,97798,165.0,AUD,2025-12-10,,nonretool_payline_match
1793,,FLE0016342,86,AUD,2306.00,2026-02-04,N,5036,INVOICE,,,,,,,,,,,UNMATCHED,,,,,,NONRETOOL_NO_MATCHING_PAYMENT,nonretool_no_defensible_txn
1795,,,752,AUD,300.00,2025-06-06,N,5036,manual,,,,,,97153,NEAR_1PCT,MED,,,MATCHED,NONRETOOL_PAYLINE_NEAR_1PCT,97153,301.0,AUD,2025-06-25,,nonretool_payline_match
1796,,3193735,72,AUD,220.00,2025-09-09,N,5034,INVOICE,,,,,,97805,EXACT,HIGH,,,MATCHED,NONRETOOL_PAYLINE_EXACT,97805,220.0,AUD,2025-12-10,,nonretool_payline_match
1797,,INV-6379,149,AUD,2750.00,2025-05-26,N,5060,INVOICE,,,,,,97120,NEAR_1PCT,MED,,,MATCHED,NONRETOOL_PAYLINE_NEAR_1PCT,97120,2751.0,AUD,2025-06-02,,nonretool_payline_match
1798,,VL40289711,752,AUD,2000.00,2025-06-20,N,,RULES_NEEDED,,,,,,,,,,,UNMATCHED,,,,,,DUPLICATE_INVOICE (of 880),
1799,,24.1289,28,AUD,2282.50,2024-07-01,N,6500,INVOICE,,,,,,95946,NEAR_1PCT,HIGH,,,MATCHED,NONRETOOL_PAYLINE_NEAR_1PCT,95946,2283.73,AUD,2024-07-16,,nonretool_payline_match
1800,,PI-SUM-26-076463,,SGD,400.00,2026-07-06,N,,RULES_NEEDED,,,,,,,,,,,UNMATCHED,,,,,,NOT_PROVISIONAL_PAID,
1801,,SGIN24-724900,355,SGD,3058.69,2024-12-01,N,6700,COUNTERPARTY,,,,,,94598,AMOUNT_GAP,LOW,,,UNMATCHED,,,,,,NONRETOOL_LOW_CONF_CANDIDATE,low_conf AMOUNT_GAP txn#94598
1802,,11927,661,AUD,6762.11,2025-08-27,N,5032,INVOICE,,,,,,,,,,,UNMATCHED,,,,,,NONRETOOL_NO_MATCHING_PAYMENT,nonretool_no_defensible_txn
1804,,AU-MRKV03375989,117,AUD,1194.68,2025-10-04,N,5066,INVOICE,,,,,,,,,,,UNMATCHED,,,,,,NONRETOOL_NO_MATCHING_PAYMENT,nonretool_no_defensible_txn
1805,,3215698,72,AUD,165.00,2025-11-10,N,5034,INVOICE,,,,,,10652,EXACT,HIGH,,,MATCHED,NONRETOOL_PAYLINE_EXACT,10652,165.0,AUD,2026-05-19,,nonretool_payline_match
1806,,INV-7321,149,AUD,2000.00,2026-02-02,N,5060,INVOICE,,,,,,,,,,,UNMATCHED,,,,,,NONRETOOL_NO_MATCHING_PAYMENT,nonretool_no_defensible_txn
1808,,3105117,72,AUD,165.00,2025-04-03,N,5034,INVOICE,,,,,,,,,,,UNMATCHED,,,,,,NONRETOOL_NO_MATCHING_PAYMENT,nonretool_no_defensible_txn
1809,,00000616,48,AUD,165.00,2025-10-12,N,5033,INVOICE,,,,,,,,,,,UNMATCHED,,,,,,NONRETOOL_NO_MATCHING_PAYMENT,nonretool_no_defensible_txn
1810,,4031578,72,AUD,330.00,2026-04-14,N,5034,INVOICE,,,,,,10674,EXACT,HIGH,,,MATCHED,NONRETOOL_PAYLINE_EXACT,10674,330.0,AUD,2026-05-19,,nonretool_payline_match
1811,,683552728aa7b26bd9cbf11d,70,SGD,1175.00,2025-06-02,N,5032,INVOICE,,,,,,86517,AMOUNT_GAP,LOW,,,UNMATCHED,,,,,,NONRETOOL_LOW_CONF_CANDIDATE,low_conf AMOUNT_GAP txn#86517
1812,,INV-6881,149,AUD,2000.00,2025-10-13,N,5060,INVOICE,,,,,,97793,EXACT,HIGH,,,MATCHED,NONRETOOL_PAYLINE_EXACT,97793,2000.0,AUD,2025-12-10,,nonretool_payline_match
1813,,27270073,72,AUD,220.00,2025-08-19,N,5034,INVOICE,,,,,,97396,EXACT,MED,,,MATCHED,NONRETOOL_PAYLINE_EXACT,97396,220.0,AUD,2025-09-04,,nonretool_payline_match
1814,,SGIN24-724901,355,SGD,12543.91,2024-12-01,N,6700,COUNTERPARTY,,,,,,,,,,,UNMATCHED,,,,,,NONRETOOL_NO_MATCHING_PAYMENT,nonretool_no_defensible_txn
1816,32614,,140,AUD,330.00,1900-01-01,N,,RULES_NEEDED,,,,,,,,,,,UNMATCHED,,,,,,NOT_PROVISIONAL_PAID,
1819,29390,,758,SGD,50.00,1900-01-01,Y,,RULES_NEEDED,,,,,,,,,EXACT,Cake for Employees,UNMATCHED,,,,,,NO_MATCHING_PAYMENT_FOUND,NO_DOCUMENT
1824,32040,,153,SGD,400.00,2026-07-07,Y,6500,INVOICE,RECOVERED,SAVVILIO SINGAPORE PTE LTD,,400,,,NONE,,,,UNMATCHED,,,,,,NO_MATCHING_PAYMENT_FOUND,NO_INVOICE_NUMBER
1836,30618,,146,SGD,200.00,2026-05-09,Y,5033,INVOICE,RECOVERED,TOWLAH SG,,200,,9531,AMOUNT_GAP,LOW,,,UNMATCHED,,,,,,NO_MATCHING_PAYMENT_FOUND,NO_INVOICE_NUMBER
1837,30470,INV-3190715,142,AUD,12939.22,2026-04-07,Y,5030,INVOICE,,,,,,,,,,,MATCHED,FIRST_CLASS_REF,10748,12939.22,AUD,2026-06-05,reference+amount+temporal,
1842,30147,,28,AUD,2997.50,1900-01-01,Y,6500,COUNTERPARTY,,,,,,,NONE,,,,UNMATCHED,,,,,,NO_MATCHING_PAYMENT_FOUND,NO_DOCUMENT
1845,29955,,38,AUD,8857.00,2026-04-15,Y,,RULES_NEEDED,RECOVERED,PRECISION CLEARING HOUSE,,8857.76,,,NONE,,,,UNMATCHED,,,,,,NO_MATCHING_PAYMENT_FOUND,NO_INVOICE_NUMBER
1846,29947,,38,AUD,8857.76,1900-01-01,Y,,RULES_NEEDED,,,,,,,NONE,,,,UNMATCHED,,,,,,NO_MATCHING_PAYMENT_FOUND,NO_DOCUMENT
1848,29838,,219,SGD,333.00,1900-01-01,Y,6000,COUNTERPARTY,,,,,,,NONE,,,,UNMATCHED,,,,,,NO_MATCHING_PAYMENT_FOUND,NO_DOCUMENT
1849,29761,,657,SGD,3742.17,2026-04-08,Y,6004,INVOICE,RECOVERED,Philhealthcare Inc,,3742.17,,10443,AMOUNT_GAP,LOW,,,UNMATCHED,,,,,,NO_MATCHING_PAYMENT_FOUND,NO_INVOICE_NUMBER
1850,29759,,750,SGD,4246.07,2026-04-08,Y,,RULES_NEEDED,RECOVERED,INCOME INSURANCE LIMITED,,4246.07,,,NONE,,,,UNMATCHED,,,,,,NO_MATCHING_PAYMENT_FOUND,NO_INVOICE_NUMBER
1858,28693,,102,AUD,968.00,2026-03-03,Y,5032,INVOICE,RECOVERED,MELBOURNE PRESTIGE CENTRE,,968,,10107,EXACT,HIGH,,,MATCHED,PAYLINE_EXACT,10107,968.0,AUD,2026-03-04,payline amount+date accepted (HIGH),
1859,28665,,650,AUD,25.13,1900-01-01,N,5025,COUNTERPARTY,,,,,,,,,,,UNMATCHED,,,,,,NOT_PROVISIONAL_PAID,
1862,28375,,28,AUD,770.00,1900-01-01,Y,6500,COUNTERPARTY,,,,,,,NONE,,,,UNMATCHED,,,,,,NO_MATCHING_PAYMENT_FOUND,NO_DOCUMENT
1863,28259,,111,AUD,1034.00,2026-02-17,Y,5001,INVOICE,RECOVERED,Wise,,1034,,10104,EXACT,HIGH,,,MATCHED,PAYLINE_EXACT,10104,1034.0,AUD,2026-03-04,payline amount+date accepted (HIGH),
1866,28060,,758,SGD,50.00,1900-01-01,Y,,RULES_NEEDED,,,,,,,,,SUBSTR,Cake for Employees,UNMATCHED,,,,,,NO_MATCHING_PAYMENT_FOUND,NO_DOCUMENT
1867,28052,,86,AUD,2306.00,1900-01-01,Y,,RULES_NEEDED,,,,,,,NONE,,,,UNMATCHED,,,,,,NO_MATCHING_PAYMENT_FOUND,NO_DOCUMENT
1868,28017,,138,AUD,2090.00,2026-02-09,Y,5032,INVOICE,RECOVERED,Stephen Inner West Smash Repairs,,2090,,10105,EXACT,HIGH,,,MATCHED,PAYLINE_EXACT,10105,2090.0,AUD,2026-03-04,payline amount+date accepted (HIGH),
1869,27982,,28,AUD,2771.00,1900-01-01,Y,6500,COUNTERPARTY,,,,,,,NONE,,,,UNMATCHED,,,,,,NO_MATCHING_PAYMENT_FOUND,NO_DOCUMENT
1871,27943,,70,SGD,140.00,2026-02-06,Y,5032,INVOICE,RECOVERED,Wise,#1967344107,140,,,NONE,,,,UNMATCHED,,,,,,NO_MATCHING_PAYMENT_FOUND,NO_REFERENCE_MATCH
1877,27636,,144,SGD,3270.00,2026-01-30,Y,,RULES_NEEDED,RECOVERED,Tokio Marine Insurance Singapore,,3270,,9257,EXACT,MED,,,MATCHED,PAYLINE_EXACT,9257,3270.0,SGD,2026-02-04,payline amount+date accepted (MED),
1879,27381,,699,AUD,2558.60,2026-01-22,Y,,RULES_NEEDED,RECOVERED,PORT MOTOR TRADERS PTY LIMITED,,2558.6,,,NONE,,,,UNMATCHED,,,,,,NO_MATCHING_PAYMENT_FOUND,NO_INVOICE_NUMBER
1880,27380,,699,AUD,3612.30,2026-01-22,Y,,RULES_NEEDED,RECOVERED,PORT MOTOR TRADERS PTY LIMITED,,3612.3,,,NONE,,,,UNMATCHED,,,,,,NO_MATCHING_PAYMENT_FOUND,NO_INVOICE_NUMBER
1882,27203,,657,USD,4712.16,2026-01-15,Y,6004,INVOICE,RECOVERED,Philhealthcare Inc,,4712.16,,9259,AMOUNT_GAP,LOW,,,UNMATCHED,,,,,,NO_MATCHING_PAYMENT_FOUND,NO_INVOICE_NUMBER
1891,26571,,752,AUD,3000.00,2025-12-24,Y,,RULES_NEEDED,RECOVERED,GT Insurance-Trust,,3000,,,NONE,,,,UNMATCHED,,,,,,NO_MATCHING_PAYMENT_FOUND,NO_INVOICE_NUMBER
1892,26418,,,AUD,2035.83,1900-01-01,N,,RULES_NEEDED,,,,,,,,,,,UNMATCHED,,,,,,NOT_PROVISIONAL_PAID,
1894,26383,,138,AUD,880.00,1900-01-01,Y,5032,COUNTERPARTY,,,,,,,NONE,,,,UNMATCHED,,,,,,NO_MATCHING_PAYMENT_FOUND,NO_DOCUMENT
1898,26066,,671,AUD,330.00,1900-01-01,Y,5032,INVOICE,,,,,,,,,NEW,Focussed Loss Management,UNMATCHED,,,,,,NO_MATCHING_PAYMENT_FOUND,NO_DOCUMENT
1899,26222,,757,AUD,2431.61,2025-12-10,Y,,RULES_NEEDED,RECOVERED,Wise,,2431.61,,,NONE,,,,UNMATCHED,,,,,,NO_MATCHING_PAYMENT_FOUND,NO_INVOICE_NUMBER
1905,26010,,671,AUD,330.00,2025-12-01,Y,5032,INVOICE,RECOVERED,Focussed Assessing Pty Ltd,,330,,,NONE,,,,UNMATCHED,,,,,,NO_MATCHING_PAYMENT_FOUND,NO_INVOICE_NUMBER
1911,23564,,246,SGD,50.00,1900-01-01,Y,5063,COUNTERPARTY,,,,,,,NONE,,,,UNMATCHED,,,,,,NO_MATCHING_PAYMENT_FOUND,NO_DOCUMENT
1912,25701,,28,AUD,3492.00,1900-01-01,Y,6500,COUNTERPARTY,,,,,,,NONE,,,,UNMATCHED,,,,,,NO_MATCHING_PAYMENT_FOUND,NO_DOCUMENT
1913,25576,,760,AUD,1842.61,2025-11-13,Y,,RULES_NEEDED,RECOVERED,Australian Taxation Office,,1842.61,,,NONE,,,,UNMATCHED,,,,,,NO_MATCHING_PAYMENT_FOUND,NO_INVOICE_NUMBER
1915,25489,,622,AUD,275.00,1900-01-01,Y,6501,COUNTERPARTY,,,,,,,NONE,,,,UNMATCHED,,,,,,NO_MATCHING_PAYMENT_FOUND,NO_DOCUMENT
1916,25488,,622,AUD,385.00,2025-11-10,Y,6501,INVOICE,RECOVERED,SMD Lawyers,#1933665278,385,,,,,,,MATCHED,FIRST_CLASS_REF,9806,385.0,AUD,2026-01-23,reference+amount+temporal,
1920,24896,,,SGD,166.03,1900-01-01,Y,,RULES_NEEDED,,,,,,,,,NEW,DHL,UNMATCHED,,,,,,EXCLUDED_DO_NOT_CREATE,
1922,24110,,721,SGD,82274.34,1900-01-01,N,,RULES_NEEDED,,,,,,,,,,,UNMATCHED,,,,,,NOT_PROVISIONAL_PAID,
1923,24020,,146,SGD,80.00,1900-01-01,Y,5033,COUNTERPARTY,,,,,,,NONE,,,,UNMATCHED,,,,,,NO_MATCHING_PAYMENT_FOUND,NO_DOCUMENT
1925,23927,,694,SGD,1803.50,1900-01-01,Y,,RULES_NEEDED,,,,,,,NONE,,,,UNMATCHED,,,,,,NO_MATCHING_PAYMENT_FOUND,NO_DOCUMENT
1926,23904,,55,SGD,600.00,1900-01-01,Y,5032,COUNTERPARTY,,,,,,,NONE,,,,UNMATCHED,,,,,,NO_MATCHING_PAYMENT_FOUND,NO_DOCUMENT
1927,23895,,328,AUD,27500.00,1900-01-01,N,2410,COUNTERPARTY,,,,,,,,,,,UNMATCHED,,,,,,NOT_PROVISIONAL_PAID,
1928,23850,,755,SGD,600.00,2025-09-14,Y,,RULES_NEEDED,UNREADABLE,,,600,,,NONE,,,,UNMATCHED,,,,,,NO_MATCHING_PAYMENT_FOUND,NO_INVOICE_NUMBER
1931,23488,,145,AUD,2200.00,2025-09-02,Y,5032,INVOICE,RECOVERED,Wise,,2200,,,NONE,,,,UNMATCHED,,,,,,NO_MATCHING_PAYMENT_FOUND,NO_INVOICE_NUMBER
1932,23303,,661,AUD,6762.11,2025-08-27,Y,5032,INVOICE,RECOVERED,Vehicle Heroes Pty Ltd,,6762.11,,9684,EXACT,HIGH,,,MATCHED,PAYLINE_EXACT,9684,6762.11,AUD,2026-01-12,payline amount+date accepted (HIGH),
1934,23066,,658,AUD,309.10,2025-08-20,Y,,RULES_NEEDED,RECOVERED,The Hollard Insurance Company,,309.1,,97424,EXACT,HIGH,,,MATCHED,PAYLINE_EXACT,97424,309.1,AUD,2025-09-10,payline amount+date accepted (HIGH),
1935,23064,,70,SGD,1250.00,2025-08-20,Y,5032,INVOICE,RECOVERED,Wise,,1250,,,NONE,,,,UNMATCHED,,,,,,NO_MATCHING_PAYMENT_FOUND,NO_INVOICE_NUMBER
1936,22194,,102,AUD,1200.00,2025-07-24,Y,5032,INVOICE,RECOVERED,MELBOURNE PRESTIGE CENTRE,,1200,,97313,EXACT,MED,,,MATCHED,PAYLINE_EXACT,97313,1200.0,AUD,2025-08-22,payline amount+date accepted (MED),
1938,21993,,753,AUD,605.00,2025-07-17,Y,,RULES_NEEDED,RECOVERED,Car Solutions Motor Vehicle,,606,,,NONE,,,,UNMATCHED,,,,,,NO_MATCHING_PAYMENT_FOUND,NO_INVOICE_NUMBER
1939,21783,,132,AUD,510.18,2025-07-12,Y,5025,INVOICE,RECOVERED,SHARPS AUSTRALIA PTY LTD,,510.18,,97664,EXACT,MED,,,MATCHED,PAYLINE_EXACT,97664,510.18,AUD,2025-11-12,payline amount+date accepted (MED),
1941,21245,,138,AUD,2750.00,1900-01-01,Y,5032,COUNTERPARTY,,,,,,,NONE,,,,UNMATCHED,,,,,,NO_MATCHING_PAYMENT_FOUND,NO_DOCUMENT
1943,21149,,752,AUD,100.00,2025-06-25,Y,,RULES_NEEDED,RECOVERED,GT Insurance-Trust,,101,,,NONE,,,,UNMATCHED,,,,,,NO_MATCHING_PAYMENT_FOUND,NO_INVOICE_NUMBER
1944,20908,,88,AUD,3355.85,2025-06-17,Y,5032,INVOICE,RECOVERED,Wise,,3355.85,,,NONE,,,,UNMATCHED,,,,,,NO_MATCHING_PAYMENT_FOUND,NO_INVOICE_NUMBER
1945,20897,,154,SGD,3270.00,1900-01-01,Y,5032,COUNTERPARTY,,,,,,,NONE,,,,UNMATCHED,,,,,,NO_MATCHING_PAYMENT_FOUND,NO_DOCUMENT
1946,20768,,145,AUD,2800.00,2025-06-13,Y,5032,INVOICE,RECOVERED,Wise,,2801,,,NONE,,,,UNMATCHED,,,,,,NO_MATCHING_PAYMENT_FOUND,NO_INVOICE_NUMBER
1948,19669,,,AUD,275.00,1900-01-01,N,,RULES_NEEDED,,,,,,,,,,,UNMATCHED,,,,,,NOT_PROVISIONAL_PAID,
1950,19367,,57,AUD,1210.00,2025-05-08,Y,5033,INVOICE,RECOVERED,Clayton's Towing Service Pty Ltd,,1210,,9681,EXACT,HIGH,,,MATCHED,PAYLINE_EXACT,9681,1210.0,AUD,2026-01-12,payline amount+date accepted (HIGH),
1951,18770,,73,AUD,180.00,2025-04-26,Y,5033,INVOICE,RECOVERED,Gardenstate Towing Pty Ltd,#1515240296,180,,,,,,,MATCHED,FIRST_CLASS_REF,96946,181.0,AUD,2025-04-28,reference+amount+temporal,
1952,18212,,102,AUD,6523.00,2025-04-16,Y,5032,INVOICE,RECOVERED,MELBOURNE PRESTIGE CENTRE,1505745425,6523,,,,,,,MATCHED,FIRST_CLASS_REF,96925,6524.0,AUD,2025-04-21,reference+amount+temporal,
1954,17894,,694,SGD,3025.65,2025-04-08,Y,5036,manual,RECOVERED,INCOME INSURANCE LIMITED,,3025.65,,94327,EXACT,MED,,,MATCHED,PAYLINE_EXACT,94327,3025.65,SGD,2025-04-08,payline amount+date accepted (MED),
1955,17324,,65,AUD,950.22,2025-03-26,Y,5030,INVOICE,RECOVERED,Digital Matter Pty Ltd,,950.22,,96896,NEAR_1PCT,MED,,,MATCHED,PAYLINE_NEAR_1PCT,96896,951.22,AUD,2025-04-07,payline amount+date accepted (MED),
1956,17320,,117,AUD,1933.71,2025-03-26,Y,5066,INVOICE,RECOVERED,Pack Send Marrickville,1457168800,1933.71,,96910,NEAR_1PCT,MED,,,MATCHED,PAYLINE_NEAR_1PCT,96910,1934.71,AUD,2025-04-14,payline amount+date accepted (MED),
1957,17207,,116,USD,11476.44,2025-03-24,Y,6701,INVOICE,RECOVERED,Onfido PTE Ltd,,41271.84,,94269,AMOUNT_GAP,LOW,,,UNMATCHED,,,,,,NO_MATCHING_PAYMENT_FOUND,NO_INVOICE_NUMBER
1958,17048,,219,SGD,2000.00,1900-01-01,Y,6000,COUNTERPARTY,,,,,,,NONE,,,,UNMATCHED,,,,,,NO_MATCHING_PAYMENT_FOUND,NO_DOCUMENT
1959,17044,,655,AUD,2000.00,1900-01-01,Y,5062,COUNTERPARTY,,,,,,,NONE,,,,UNMATCHED,,,,,,NO_MATCHING_PAYMENT_FOUND,NO_DOCUMENT
1960,16695,,597,SGD,468.70,2025-03-11,Y,6701,INVOICE,RECOVERED,Netrust Pte Ltd,,468.7,,,,,EXACT,Netrust Pte Ltd,UNMATCHED,,,,,,NO_MATCHING_PAYMENT_FOUND,NO_INVOICE_NUMBER
1962,16427,,,AUD,28637.07,1900-01-01,Y,,RULES_NEEDED,,,,,,,,,NONE,,UNMATCHED,,,,,,HUMAN_REVIEW_IDENTIFY_VENDOR,
1963,16425,,737,AUD,154.00,2025-03-05,Y,,RULES_NEEDED,RECOVERED,Aura Towing,#1481815147,154,,,,,EXACT,AuraTowing,MATCHED,FIRST_CLASS_REF,96878,155.0,AUD,2025-04-03,reference+amount+temporal,
1965,16185,,116,USD,8053.51,2025-02-28,Y,6701,INVOICE,RECOVERED,Onfido PTE Ltd,,8053.51,,,,,SUBSTR,Onfido,UNMATCHED,,,,,,NO_MATCHING_PAYMENT_FOUND,NO_INVOICE_NUMBER
1966,16167,,,SGD,4530.00,1900-01-01,Y,,RULES_NEEDED,,,,,,,,,NONE,,UNMATCHED,,,,,,HUMAN_REVIEW_IDENTIFY_VENDOR,
1968,15970,,,MYR,635.00,1900-01-01,Y,,RULES_NEEDED,,,,,,,,,NONE,,UNMATCHED,,,,,,HUMAN_REVIEW_IDENTIFY_VENDOR,
1970,15774,,,AUD,53534.03,1900-01-01,Y,,RULES_NEEDED,,,,,,,,,NONE,,UNMATCHED,,,,,,HUMAN_REVIEW_IDENTIFY_VENDOR,
1971,3720,,,SGD,690.00,1900-01-01,Y,,RULES_NEEDED,,,,,,,,,NONE,,UNMATCHED,,,,,,HUMAN_REVIEW_IDENTIFY_VENDOR,
1973,14367,,,SGD,5048.00,1900-01-01,Y,,RULES_NEEDED,,,,,,,,,NONE,,UNMATCHED,,,,,,HUMAN_REVIEW_IDENTIFY_VENDOR,
1974,9918,,752,AUD,2350.00,2024-12-09,Y,5036,manual,RECOVERED,GT Insurance-Trust,#1337837631,2350,,,,,SUBSTR,GT Insurance,MATCHED,FIRST_CLASS_REF,96286,2351.0,AUD,2024-12-16,reference+amount+temporal,
1975,2778,,,SGD,1362.00,2024-05-27,Y,,RULES_NEEDED,UNREADABLE,,,80.92,,,,,NONE,,UNMATCHED,,,,,,HUMAN_REVIEW_IDENTIFY_VENDOR,
1976,13087,,,AUD,147.73,2025-01-17,Y,,RULES_NEEDED,RECOVERED,Department of State Growth,1380168551,147.73,,,,,NEW,Department of State Growth,UNMATCHED,,,,,,EXCLUDED_DO_NOT_CREATE,
1978,10787,,,AUD,330.00,1900-01-01,Y,,RULES_NEEDED,,,,,,,,,NONE,,UNMATCHED,,,,,,HUMAN_REVIEW_IDENTIFY_VENDOR,
1979,10487,,216,AUD,1500.00,2024-12-16,Y,5063,INVOICE,RECOVERED,Zilla Marie Conido,,1500,,,,,SUBSTR,Zilla Marie,UNMATCHED,,,,,,NO_MATCHING_PAYMENT_FOUND,NO_INVOICE_NUMBER
1981,10218,,67,SGD,2408.90,2024-12-12,Y,5032,INVOICE,RECOVERED,Elite Car Ventures Pte Ltd,,2408.9,,,,,SUBSTR,Elite Car Ventures,UNMATCHED,,,,,,NO_MATCHING_PAYMENT_FOUND,NO_INVOICE_NUMBER
1982,9982,,,SGD,450.00,1900-01-01,Y,,RULES_NEEDED,,,,,,,,,NONE,,UNMATCHED,,,,,,HUMAN_REVIEW_IDENTIFY_VENDOR,
1983,9589,,,AUD,275.00,2024-12-04,Y,,RULES_NEEDED,UNREADABLE,,,,,,,,NONE,,UNMATCHED,,,,,,HUMAN_REVIEW_IDENTIFY_VENDOR,
1984,9588,,,AUD,1298.00,1900-01-01,Y,,RULES_NEEDED,,,,,,,,,NONE,,UNMATCHED,,,,,,HUMAN_REVIEW_IDENTIFY_VENDOR,
1986,9586,,,AUD,1342.00,1900-01-01,Y,,RULES_NEEDED,,,,,,,,,NONE,,UNMATCHED,,,,,,HUMAN_REVIEW_IDENTIFY_VENDOR,
1987,9585,,,AUD,385.00,1900-01-01,Y,,RULES_NEEDED,,,,,,,,,NONE,,UNMATCHED,,,,,,HUMAN_REVIEW_IDENTIFY_VENDOR,
1988,9584,,,AUD,1210.00,1900-01-01,Y,,RULES_NEEDED,,,,,,,,,NONE,,UNMATCHED,,,,,,HUMAN_REVIEW_IDENTIFY_VENDOR,
1989,9261,,,SGD,7400.00,1900-01-01,Y,,RULES_NEEDED,,,,,,,,,NONE,,UNMATCHED,,,,,,HUMAN_REVIEW_IDENTIFY_VENDOR,
1990,9241,,,AUD,24803.40,1900-01-01,Y,,RULES_NEEDED,,,,,,,,,NONE,,UNMATCHED,,,,,,HUMAN_REVIEW_IDENTIFY_VENDOR,
1991,8356,,,SGD,1851.00,1900-01-01,Y,,RULES_NEEDED,,,,,,,,,NONE,,UNMATCHED,,,,,,HUMAN_REVIEW_IDENTIFY_VENDOR,
1992,7438,,,SGD,720.00,1900-01-01,Y,,RULES_NEEDED,,,,,,,,,NONE,,UNMATCHED,,,,,,HUMAN_REVIEW_IDENTIFY_VENDOR,
1993,6803,,,AUD,2530.00,1900-01-01,Y,,RULES_NEEDED,,,,,,,,,NONE,,UNMATCHED,,,,,,HUMAN_REVIEW_IDENTIFY_VENDOR,
1994,6628,,,SGD,3041.10,1900-01-01,Y,,RULES_NEEDED,,,,,,,,,NONE,,UNMATCHED,,,,,,HUMAN_REVIEW_IDENTIFY_VENDOR,
1996,6115,,,SGD,780.00,1900-01-01,Y,,RULES_NEEDED,,,,,,,,,NONE,,UNMATCHED,,,,,,HUMAN_REVIEW_IDENTIFY_VENDOR,
1997,6085,,36,SGD,660.00,2024-10-06,Y,6103,INVOICE,RECOVERED,Arena Detailing Pte Ltd,,660,,,,,EXACT,ARENA DETAILING PTE. LTD,UNMATCHED,,,,,,NO_MATCHING_PAYMENT_FOUND,NO_INVOICE_NUMBER
1998,5490,,,SGD,1140.14,1900-01-01,N,,RULES_NEEDED,,,,,,,,,,,UNMATCHED,,,,,,NOT_PROVISIONAL_PAID,
1999,5219,,,SGD,1020.00,1900-01-01,Y,,RULES_NEEDED,,,,,,,,,NONE,,UNMATCHED,,,,,,HUMAN_REVIEW_IDENTIFY_VENDOR,
2000,5202,,,SGD,9889.36,1900-01-01,Y,,RULES_NEEDED,,,,,,,,,NONE,,UNMATCHED,,,,,,HUMAN_REVIEW_IDENTIFY_VENDOR,
2001,4807,,,SGD,915.60,1900-01-01,Y,,RULES_NEEDED,,,,,,,,,NONE,,UNMATCHED,,,,,,HUMAN_REVIEW_IDENTIFY_VENDOR,
2002,4638,,593,SGD,34.00,1900-01-01,Y,5062,COUNTERPARTY,,,,,,,NONE,,,,UNMATCHED,,,,,,NO_MATCHING_PAYMENT_FOUND,NO_DOCUMENT
2003,4410,,,SGD,750.00,1900-01-01,Y,,RULES_NEEDED,,,,,,,,,NONE,,UNMATCHED,,,,,,HUMAN_REVIEW_IDENTIFY_VENDOR,
2004,4194,,,USD,836.00,1900-01-01,Y,,RULES_NEEDED,,,,,,,,,NONE,,UNMATCHED,,,,,,HUMAN_REVIEW_IDENTIFY_VENDOR,
2005,4163,,150,USD,240.00,1900-01-01,Y,,RULES_NEEDED,,,,,,,NONE,,,,UNMATCHED,,,,,,NO_MATCHING_PAYMENT_FOUND,NO_DOCUMENT
2006,4047,,55,SGD,2530.00,2024-07-23,Y,5032,INVOICE,RECOVERED,CHENG CHUAN MOTOR SERVICES,,2530,,,,,EXACT,CHENG CHUAN MOTOR SERVICES,UNMATCHED,,,,,,NO_MATCHING_PAYMENT_FOUND,NO_INVOICE_NUMBER
2007,3838,,,USD,0.00,1900-01-01,Y,,RULES_NEEDED,,,,,,,,,NONE,,UNMATCHED,,,,,,HUMAN_REVIEW_IDENTIFY_VENDOR,
2009,3596,,,SGD,139.00,2024-06-29,Y,,RULES_NEEDED,UNREADABLE,,,80.92,,,,,NONE,,UNMATCHED,,,,,,HUMAN_REVIEW_IDENTIFY_VENDOR,
2010,3477,,,USD,1663.00,2024-06-24,Y,,RULES_NEEDED,RECOVERED,Wise Asia-Pacific Pte. Ltd.,P18861305,5518.51,,,,,NEW,Wise Asia-Pacific Pte. Ltd.,UNMATCHED,,,,,,EXCLUDED_INTERNAL_OWN,
2012,3360,,,USD,1031.00,1900-01-01,Y,,RULES_NEEDED,,,,,,,,,NONE,,UNMATCHED,,,,,,HUMAN_REVIEW_IDENTIFY_VENDOR,
2013,3343,,,USD,50.00,1900-01-01,Y,,RULES_NEEDED,,,,,,,,,NONE,,UNMATCHED,,,,,,HUMAN_REVIEW_IDENTIFY_VENDOR,
2014,3341,,,USD,400.00,1900-01-01,Y,,RULES_NEEDED,,,,,,,,,NONE,,UNMATCHED,,,,,,HUMAN_REVIEW_IDENTIFY_VENDOR,
2018,3029,,,SGD,1200.00,1900-01-01,Y,,RULES_NEEDED,,,,,,,,,NONE,,UNMATCHED,,,,,,HUMAN_REVIEW_IDENTIFY_VENDOR,
2019,2959,,,SGD,5482.70,2024-06-03,Y,,RULES_NEEDED,UNREADABLE,,,80.92,,,,,NONE,,UNMATCHED,,,,,,HUMAN_REVIEW_IDENTIFY_VENDOR,
2020,2951,,,USD,200.00,2024-06-03,Y,,RULES_NEEDED,UNREADABLE,,,80.92,,,,,NONE,,UNMATCHED,,,,,,HUMAN_REVIEW_IDENTIFY_VENDOR,
2021,2948,,,SGD,4588.90,2024-06-03,Y,,RULES_NEEDED,UNREADABLE,,,80.92,,,,,NONE,,UNMATCHED,,,,,,HUMAN_REVIEW_IDENTIFY_VENDOR,
2023,2659,,,SGD,1364.00,1900-01-01,Y,,RULES_NEEDED,,,,,,,,,NONE,,UNMATCHED,,,,,,HUMAN_REVIEW_IDENTIFY_VENDOR,
2024,2546,,,SGD,9320.00,1900-01-01,Y,,RULES_NEEDED,,,,,,,,,NONE,,UNMATCHED,,,,,,HUMAN_REVIEW_IDENTIFY_VENDOR,
2025,2374,,,SGD,4390.00,2024-05-09,Y,,RULES_NEEDED,UNREADABLE,,,80.92,,,,,NONE,,UNMATCHED,,,,,,HUMAN_REVIEW_IDENTIFY_VENDOR,
2026,2283,,63,SGD,5450.00,1900-01-01,Y,5001,COUNTERPARTY,,,,,,,NONE,,,,UNMATCHED,,,,,,NO_MATCHING_PAYMENT_FOUND,NO_DOCUMENT
2027,2219,,,SGD,1050.00,1900-01-01,Y,,RULES_NEEDED,,,,,,,,,NONE,,UNMATCHED,,,,,,HUMAN_REVIEW_IDENTIFY_VENDOR,
2029,2047,,,SGD,23.43,1900-01-01,Y,,RULES_NEEDED,,,,,,,,,NONE,,UNMATCHED,,,,,,HUMAN_REVIEW_IDENTIFY_VENDOR,
2030,1804,,,SGD,1158.50,1900-01-01,Y,,RULES_NEEDED,,,,,,,,,NONE,,UNMATCHED,,,,,,HUMAN_REVIEW_IDENTIFY_VENDOR,
2031,1777,,,SGD,7.63,1900-01-01,Y,,RULES_NEEDED,,,,,,,,,NONE,,UNMATCHED,,,,,,HUMAN_REVIEW_IDENTIFY_VENDOR,
2032,1499,,,SGD,900.00,1900-01-01,Y,,RULES_NEEDED,,,,,,,,,NONE,,UNMATCHED,,,,,,HUMAN_REVIEW_IDENTIFY_VENDOR,
2033,1406,,,SGD,260.00,2024-04-03,Y,,RULES_NEEDED,UNREADABLE,,,80.92,,,,,NONE,,UNMATCHED,,,,,,HUMAN_REVIEW_IDENTIFY_VENDOR,
2034,990,,,SGD,899.00,1900-01-01,Y,,RULES_NEEDED,,,,,,,,,NONE,,UNMATCHED,,,,,,HUMAN_REVIEW_IDENTIFY_VENDOR,
2035,938,,,SGD,666.00,1900-01-01,Y,,RULES_NEEDED,,,,,,,,,NONE,,UNMATCHED,,,,,,HUMAN_REVIEW_IDENTIFY_VENDOR,
2036,933,,,SGD,530.00,1900-01-01,Y,,RULES_NEEDED,,,,,,,,,NONE,,UNMATCHED,,,,,,HUMAN_REVIEW_IDENTIFY_VENDOR,
2037,822,,,SGD,280.00,2024-03-06,Y,,RULES_NEEDED,UNREADABLE,,,80.92,,,,,NONE,,UNMATCHED,,,,,,HUMAN_REVIEW_IDENTIFY_VENDOR,
2038,807,,,SGD,1140.00,1900-01-01,Y,,RULES_NEEDED,,,,,,,,,NONE,,UNMATCHED,,,,,,HUMAN_REVIEW_IDENTIFY_VENDOR,
2039,722,,,SGD,11030.80,1900-01-01,Y,,RULES_NEEDED,,,,,,,,,NONE,,UNMATCHED,,,,,,HUMAN_REVIEW_IDENTIFY_VENDOR,
2040,674,,,SGD,46.00,1900-01-01,Y,,RULES_NEEDED,,,,,,,,,NONE,,UNMATCHED,,,,,,HUMAN_REVIEW_IDENTIFY_VENDOR,
2041,591,,,MYR,480.00,1900-01-01,Y,,RULES_NEEDED,,,,,,,,,NONE,,UNMATCHED,,,,,,HUMAN_REVIEW_IDENTIFY_VENDOR,
2042,440,,,SGD,1526.00,1900-01-01,Y,,RULES_NEEDED,,,,,,,,,NONE,,UNMATCHED,,,,,,HUMAN_REVIEW_IDENTIFY_VENDOR,
2043,195,,,SGD,1100.00,1900-01-01,Y,,RULES_NEEDED,,,,,,,,,NONE,,UNMATCHED,,,,,,HUMAN_REVIEW_IDENTIFY_VENDOR,
2044,145,,,INR,11999.00,1900-01-01,Y,,RULES_NEEDED,,,,,,,,,NONE,,UNMATCHED,,,,,,HUMAN_REVIEW_IDENTIFY_VENDOR,
2045,73,,,SGD,6912.00,2024-01-23,Y,,RULES_NEEDED,UNREADABLE,,,80.92,,,,,NONE,,UNMATCHED,,,,,,HUMAN_REVIEW_IDENTIFY_VENDOR,
2052,22674,,355,SGD,164.74,2025-08-08,Y,6700,INVOICE,RECOVERED,Amazon Web Services Singapore Private Limited,SGIN25-490940,164.74,,,,,,,UNMATCHED,,,,,,DUPLICATE_INVOICE (of inv#609),
2068,22183,,750,SGD,3354.67,2025-07-23,Y,,RULES_NEEDED,RECOVERED,INCOME INSURANCE LIMITED,D25DE42762212,3354.67,,,,,,,UNMATCHED,,,,,,DUPLICATE_INVOICE (of inv#622),
2069,22181,,750,SGD,3696.34,2025-07-23,Y,,RULES_NEEDED,RECOVERED,INCOME INSURANCE LIMITED,D25DE42762372,3696.34,,,,,,,UNMATCHED,,,,,,DUPLICATE_INVOICE (of inv#621),
2088,20694,,721,AUD,82274.32,2025-06-11,Y,,RULES_NEEDED,RECOVERED,Penguin Risk Solutions,229549,82274.32,,,,,,,UNMATCHED,,,,,,DUPLICATE_INVOICE (of inv#674),
2091,20390,,31,SGD,2773.00,2025-06-03,Y,6701,INVOICE,RECOVERED,Aircall SAS,,2733,,,,,,,UNMATCHED,,,,,,DUPLICATE_INVOICE (of inv#698),
2102,19519,,123,AUD,1489.59,2025-05-11,Y,5033,INVOICE,RECOVERED,RACQ - THE ROYAL AUTOMOBILE CLUB OF QUEENSLAND,,1489.59,,,,,,,UNMATCHED,,,,,,DUPLICATE_INVOICE (of inv#875),
2104,19073,,754,AUD,429.00,2025-05-02,Y,,RULES_NEEDED,RECOVERED,Wise,1530336991,429,,,,,,,UNMATCHED,,,,,,DUPLICATE_INVOICE (of inv#902),
2117,18000,,721,AUD,9607.15,2025-04-11,N,,RULES_NEEDED,RECOVERED,Penguin Risk Solutions,227803,9607.15,,,,,,,UNMATCHED,,,,,,DUPLICATE_INVOICE (of inv#596),
2118,17980,,139,AUD,1898.60,2025-04-10,Y,5032,INVOICE,RECOVERED,Stuttgart Autos,,1898.6,,,,,,,UNMATCHED,,,,,,DUPLICATE_INVOICE (of inv#911),
2120,17388,,83,AUD,168.97,2025-03-27,Y,6701,INVOICE,RECOVERED,illion Australia Pty Ltd,,-168.97,,,,,,,UNMATCHED,,,,,,DUPLICATE_INVOICE (of inv#888),
2121,17321,,83,SGD,10982.41,2025-03-26,Y,6701,INVOICE,RECOVERED,illion Australia Pty Ltd,1029764,10982.41,,,,,,,UNMATCHED,,,,,,DUPLICATE_INVOICE (of inv#991),
2122,17275,,,SGD,5646.56,2025-03-25,N,,RULES_NEEDED,RECOVERED,Roobykon Software OÜ,12-12-2024,5646.56,,,,,,,UNMATCHED,,,,,,DUPLICATE_INVOICE (of inv#932),
2123,17270,,,USD,2897.61,2025-03-25,Y,,RULES_NEEDED,RECOVERED,Roobykon Software OÜ,08-11-2024,2897.61,,,,,,,UNMATCHED,,,,,,DUPLICATE_INVOICE (of ),
2124,17268,,,USD,4129.81,2025-03-25,Y,,RULES_NEEDED,RECOVERED,Aircall SAS,INVFR0384762,4129.81,,,,,,,UNMATCHED,,,,,,DUPLICATE_INVOICE (of inv#985),
2126,17227,,144,SGD,15808.82,2025-03-24,Y,,RULES_NEEDED,RECOVERED,Tokio Marine Insurance Singapore,,15808.82,,,,,,,UNMATCHED,,,,,,DUPLICATE_INVOICE (of inv#1011),
2127,17226,,144,SGD,19050.48,2025-03-24,Y,,RULES_NEEDED,RECOVERED,HIRERS OF THE DRIVELAH CAR SHARING PLATFORM,,193727.41,,,,,,,UNMATCHED,,,,,,DUPLICATE_INVOICE (of inv#1011),
2128,17225,,144,SGD,18525.15,2025-03-24,Y,,RULES_NEEDED,RECOVERED,HIRERS OF THE DRIVELAH CAR SHARING PLATFORM,,193727.41,,,,,,,UNMATCHED,,,,,,DUPLICATE_INVOICE (of inv#1011),
2129,17224,,144,SGD,17606.23,2025-03-24,Y,,RULES_NEEDED,RECOVERED,HIRERS OF THE DRIVELAH CAR SHARING PLATFORM,,193727.41,,,,,,,UNMATCHED,,,,,,DUPLICATE_INVOICE (of inv#1011),
2130,17223,,144,SGD,6245.63,2025-03-24,Y,,RULES_NEEDED,RECOVERED,HIRERS OF THE DRIVELAH CAR SHARING PLATFORM,,193727.41,,,,,,,UNMATCHED,,,,,,DUPLICATE_INVOICE (of inv#1011),
2131,17222,,144,SGD,35654.99,2025-03-24,Y,,RULES_NEEDED,RECOVERED,HIRERS OF THE DRIVELAH CAR SHARING PLATFORM,,193727.41,,,,,,,UNMATCHED,,,,,,DUPLICATE_INVOICE (of inv#1011),
2133,16930,,83,SGD,168.97,2025-03-17,Y,6701,INVOICE,RECOVERED,illion Australia Pty Ltd,,-168.97,,,,,,,UNMATCHED,,,,,,DUPLICATE_INVOICE (of inv#888),
2135,16825,,,AUD,82384.34,2025-03-13,Y,,RULES_NEEDED,RECOVERED,Insurer,,82384.34,,,,,,,UNMATCHED,,,,,,DUPLICATE_INVOICE (of inv#576),
2137,16590,,,AUD,220.00,2025-03-08,Y,,RULES_NEEDED,RECOVERED,Focussed Assessing Pty Ltd,#1468539630,220,,,,,,,UNMATCHED,,,,,,DUPLICATE_INVOICE (of inv#911),
2138,16176,,,AUD,165.00,2025-02-28,Y,,RULES_NEEDED,RECOVERED,Focussed Assessing Pty Ltd,,165,,,,,,,UNMATCHED,,,,,,DUPLICATE_INVOICE (of inv#911),
2146,1063,,,SGD,1526.00,2024-03-18,Y,,RULES_NEEDED,RECOVERED,DRIVE LAH PTE LTD,INV 403-INV24/23194,1526.0,,,,,,,UNMATCHED,,,,,,DUPLICATE_INVOICE (of inv#1544),
2149,13895,,355,SGD,3058.69,2025-01-23,Y,6700,INVOICE,RECOVERED,Drive lah Pte Ltd,,18574.26,,,,,,,UNMATCHED,,,,,,DUPLICATE_INVOICE (of inv#1168),
2150,13894,,,SGD,194.18,2025-01-23,Y,,RULES_NEEDED,RECOVERED,Wise Australia Pty Ltd,,,,,,,,,UNMATCHED,,,,,,DUPLICATE_INVOICE (of inv#1168),
2151,13893,,355,SGD,3091.22,2025-01-23,Y,6700,INVOICE,RECOVERED,Drive lah Pte Ltd,,18574.26,,,,,,,UNMATCHED,,,,,,DUPLICATE_INVOICE (of inv#1168),
2152,13892,,,SGD,9527.19,2025-01-23,Y,,RULES_NEEDED,RECOVERED,Wise Australia Pty Ltd,,,,,,,,,UNMATCHED,,,,,,DUPLICATE_INVOICE (of inv#1168),
2153,13891,,,SGD,152.83,2025-01-23,Y,,RULES_NEEDED,RECOVERED,Wise Australia Pty Ltd,,,,,,,,,UNMATCHED,,,,,,DUPLICATE_INVOICE (of inv#1168),
2156,12442,,,AUD,10868.90,2025-01-10,Y,,RULES_NEEDED,RECOVERED,PACK & SEND Marrickville,AU-MRKV0300291D,10868.9,,,,,,,UNMATCHED,,,,,,DUPLICATE_INVOICE (of inv#958),
2157,12172,,,AUD,500.00,2025-01-07,Y,,RULES_NEEDED,RECOVERED,Cedar towing,68,770.0,,,,,,,UNMATCHED,,,,,,DUPLICATE_INVOICE (of inv#1199),
2160,10284,,162,SGD,877.50,2024-12-13,N,6501,INVOICE,RECOVERED,Drive Lah Pte Ltd,2024/94556,877.5,,,,,,,UNMATCHED,,,,,,DUPLICATE_INVOICE (of inv#1208),
2161,10019,,,USD,3576.00,2024-12-10,Y,,RULES_NEEDED,RECOVERED,Aircall SAS,,3576,,,,,,,UNMATCHED,,,,,,DUPLICATE_INVOICE (of inv#1176),
2166,9758,,,AUD,667.00,2024-12-06,Y,,RULES_NEEDED,RECOVERED,TNA Towing,1376421801,667,,,,,,,UNMATCHED,,,,,,DUPLICATE_INVOICE (of inv#1073),
2167,9593,,,AUD,1265.00,2024-12-04,Y,,RULES_NEEDED,UNREADABLE,,,,,,,,,,UNMATCHED,,,,,,DUPLICATE_INVOICE (of inv#1283),
2168,9592,,,AUD,1298.00,2024-12-04,Y,,RULES_NEEDED,UNREADABLE,,,,,,,,,,UNMATCHED,,,,,,DUPLICATE_INVOICE (of inv#1283),
2169,9601,,,AUD,715.00,2024-12-04,Y,,RULES_NEEDED,UNREADABLE,,,,,,,,,,UNMATCHED,,,,,,DUPLICATE_INVOICE (of inv#1283),
2170,9590,,,AUD,275.00,2024-12-04,Y,,RULES_NEEDED,UNREADABLE,,,,,,,,,,UNMATCHED,,,,,,DUPLICATE_INVOICE (of inv#1283),
2172,9597,,,AUD,1650.00,2024-12-04,Y,,RULES_NEEDED,UNREADABLE,,,,,,,,,,UNMATCHED,,,,,,DUPLICATE_INVOICE (of inv#1283),
2173,9596,,,AUD,3575.00,2024-12-04,Y,,RULES_NEEDED,UNREADABLE,,,,,,,,,,UNMATCHED,,,,,,DUPLICATE_INVOICE (of inv#1283),
2174,9594,,,AUD,1925.00,2024-12-04,Y,,RULES_NEEDED,UNREADABLE,,,,,,,,,,UNMATCHED,,,,,,DUPLICATE_INVOICE (of inv#1283),
2175,9583,,,AUD,1760.00,2024-12-04,Y,,RULES_NEEDED,UNREADABLE,,,,,,,,,,UNMATCHED,,,,,,DUPLICATE_INVOICE (of inv#1283),
2187,6801,,87,USD,3636.00,2024-10-25,Y,6701,INVOICE,RECOVERED,Intercom Inc.,,3636.63,,,,,,,UNMATCHED,,,,,,DUPLICATE_INVOICE (of inv#1262),
2189,6649,,123,AUD,362.13,2024-10-22,Y,5033,INVOICE,RECOVERED,RACQ Operations Pty Ltd,FTI00087596,480.0,,,,,,,UNMATCHED,,,,,,DUPLICATE_INVOICE (of inv#1298),
2191,6155,,,AUD,1023.00,2024-10-09,Y,,RULES_NEEDED,RECOVERED,Norman Chan Licensed Investigator,DM001,1023.0,,,,,,,UNMATCHED,,,,,,DUPLICATE_INVOICE (of inv#1347),
2192,6154,,,AUD,1122.00,2024-10-09,Y,,RULES_NEEDED,RECOVERED,Norman Chan Licensed Investigator,DM002,1122.0,,,,,,,UNMATCHED,,,,,,DUPLICATE_INVOICE (of inv#1348),
2195,5854,,,SGD,675.80,2024-09-29,N,,RULES_NEEDED,RECOVERED,ComfortDelGro Rent-A-Car Pte Ltd,R0305240OD,675.8,,,,,,,UNMATCHED,,,,,,DUPLICATE_INVOICE (of ),
2203,4746,,,INR,1.00,2024-08-26,Y,,RULES_NEEDED,RECOVERED,VR Graphics,INV-182943,23000,,,,,,,UNMATCHED,,,,,,DUPLICATE_INVOICE (of inv#1383),
2209,4014,,,SGD,110.00,2024-07-21,Y,,RULES_NEEDED,RECOVERED,Arena Detailing Pte Ltd,INV-1511,110.0,,,,,,,UNMATCHED,,,,,,DUPLICATE_INVOICE (of inv#1415),
2210,3846,,,SGD,3137.85,2024-07-11,Y,,RULES_NEEDED,RECOVERED,Wise Asia-Pacific Pte Ltd,,12336.44,,,,,,,UNMATCHED,,,,,,DUPLICATE_INVOICE (of inv#1426),
2211,3845,,,SGD,9198.59,2024-07-11,Y,,RULES_NEEDED,RECOVERED,Wise Asia-Pacific Pte Ltd,,12336.44,,,,,,,UNMATCHED,,,,,,DUPLICATE_INVOICE (of inv#1427),
2212,3842,,,USD,0.00,2024-07-11,Y,,RULES_NEEDED,UNREADABLE,,,80.92,,,,,,,UNMATCHED,,,,,,DUPLICATE_INVOICE (of inv#1434),
2219,3237,,,AUD,349.67,2024-06-14,Y,,RULES_NEEDED,UNREADABLE,,,80.92,,,,,,,UNMATCHED,,,,,,DUPLICATE_INVOICE (of inv#1457),
2220,3236,,,AUD,519.50,2024-06-14,Y,,RULES_NEEDED,UNREADABLE,,,80.92,,,,,,,UNMATCHED,,,,,,DUPLICATE_INVOICE (of inv#1458),
2221,2956,,,SGD,3214.94,2024-06-03,Y,,RULES_NEEDED,RECOVERED,Amazon Web Services Singapore Private Limited,SGIN24-329504,3214.94,,,,,,,UNMATCHED,,,,,,DUPLICATE_INVOICE (of inv#1470),
2227,2306,,,SGD,979.37,2024-05-08,Y,,RULES_NEEDED,UNREADABLE,,,80.92,,,,,,,UNMATCHED,,,,,,DUPLICATE_INVOICE (of inv#1434),
2228,1416,,,USD,1500.00,2024-04-03,Y,,RULES_NEEDED,RECOVERED,Eventila Technologies Pvt Ltd,INV/23-24/40546,1500.0,,,,,,,UNMATCHED,,,,,,DUPLICATE_INVOICE (of inv#1528),
2231,1017,,,SGD,4175.03,2024-03-15,Y,,RULES_NEEDED,UNREADABLE,,,80.92,,,,,,,UNMATCHED,,,,,,DUPLICATE_INVOICE (of inv#1434),
2235,24738,,652,AUD,3952.50,1900-01-01,Y,5032,COUNTERPARTY,,,,,,,NONE,,,,UNMATCHED,,,,,,NO_MATCHING_PAYMENT_FOUND,NO_DOCUMENT
2236,25404,,63,SGD,767.36,1900-01-01,N,5001,COUNTERPARTY,,,,,,,,,,,UNMATCHED,,,,,,NOT_PROVISIONAL_PAID,
2238,23937,,750,SGD,4325.29,2025-09-17,Y,,RULES_NEEDED,UNREADABLE,,,,,,NONE,,,,UNMATCHED,,,,,,NO_MATCHING_PAYMENT_FOUND,NO_DOCUMENT_UNREADABLE
2239,25298,,142,AUD,22180.10,2025-11-03,Y,5030,INVOICE,RECOVERED,Thinxtra Solutions Pty Ltd,,22180.1,,9808,EXACT,HIGH,,,MATCHED,PAYLINE_EXACT,9808,22180.1,AUD,2026-01-23,payline amount+date accepted (HIGH),
2240,25358,,117,AUD,465.54,2025-11-05,Y,5066,INVOICE,RECOVERED,Pack Send Marrickville,,465.54,,9749,EXACT,HIGH,,,MATCHED,PAYLINE_EXACT,9749,465.54,AUD,2026-01-15,payline amount+date accepted (HIGH),
2242,24544,,117,AUD,1194.68,2025-10-08,Y,5066,INVOICE,RECOVERED,Pack Send Marrickville,#1920971268,1194.68,,,,,,,MATCHED,FIRST_CLASS_REF,9745,1194.68,AUD,2026-01-15,reference+amount+temporal,
2243,24032,,125,INR,25000.00,1900-01-01,Y,6500,COUNTERPARTY,,,,,,,NONE,,,,UNMATCHED,,,,,,NO_MATCHING_PAYMENT_FOUND,NO_DOCUMENT
2244,24516,,142,AUD,21564.35,1900-01-01,Y,5030,COUNTERPARTY,,,,,,,NONE,,,,UNMATCHED,,,,,,NO_MATCHING_PAYMENT_FOUND,NO_DOCUMENT
2245,24497,,28,AUD,18907.83,2025-10-06,Y,6500,INVOICE,RECOVERED,AUSTRALIAN TAXATION OFFICE,,18907.83,,97546,AMOUNT_GAP,LOW,,,UNMATCHED,,,,,,NO_MATCHING_PAYMENT_FOUND,NO_INVOICE_NUMBER
2246,23969,,150,AUD,5000.00,1900-01-01,Y,,RULES_NEEDED,,,,,,,NONE,,,,UNMATCHED,,,,,,NO_MATCHING_PAYMENT_FOUND,NO_DOCUMENT
2247,25357,,117,AUD,1270.57,2025-11-05,Y,5066,INVOICE,RECOVERED,Wise,,1270.57,,9748,EXACT,HIGH,,,MATCHED,PAYLINE_EXACT,9748,1270.57,AUD,2026-01-15,payline amount+date accepted (HIGH),
2249,25112,,87,USD,275.97,1900-01-01,Y,6701,COUNTERPARTY,,,,,,,NONE,,,,UNMATCHED,,,,,,NO_MATCHING_PAYMENT_FOUND,NO_DOCUMENT
2250,24610,,31,USD,2990.91,2025-10-09,Y,6701,INVOICE,RECOVERED,Aircall SAS,#1866145921,4572,,9318,NEAR_1PCT,MED,,,UNMATCHED,,95308,5930.1,SGD,2025-12-12,NO_MATCHING_PAYMENT_FOUND,PAYLINE_TXN_TAKEN (9318)
2251,25142,,59,SGD,512.30,1900-01-01,N,5001,COUNTERPARTY,,,,,,,,,,,UNMATCHED,,,,,,NOT_PROVISIONAL_PAID,
2252,24156,,70,SGD,1000.00,1900-01-01,Y,5032,COUNTERPARTY,,,,,,,NONE,,,,UNMATCHED,,,,,,NO_MATCHING_PAYMENT_FOUND,NO_DOCUMENT
2253,24248,,146,SGD,340.00,2025-09-29,Y,5033,INVOICE,UNREADABLE,,,,,95160,AMOUNT_GAP,LOW,,,UNMATCHED,,,,,,NO_MATCHING_PAYMENT_FOUND,NO_INVOICE_NUMBER
2254,24524,,138,AUD,3900.00,1900-01-01,Y,5032,COUNTERPARTY,,,,,,,NONE,,,,UNMATCHED,,,,,,NO_MATCHING_PAYMENT_FOUND,NO_DOCUMENT
2255,24486,,246,SGD,50.00,1900-01-01,Y,5063,COUNTERPARTY,,,,,,,NONE,,,,UNMATCHED,,,,,,NO_MATCHING_PAYMENT_FOUND,NO_DOCUMENT
2257,23976,,,SGD,2725.00,1900-01-01,N,,RULES_NEEDED,,,,,,,,,,,UNMATCHED,,,,,,NOT_PROVISIONAL_PAID,
2259,24447,,,AUD,175.00,1900-01-01,Y,,RULES_NEEDED,,,,,,,,,NEW,info@petershamprestige.com.au,UNMATCHED,,,,,,EXCLUDED_DO_NOT_CREATE,
2261,25346,,651,AUD,450.00,2025-11-04,Y,5032,INVOICE,RECOVERED,VICTORIAN AUTO SERVICES PTY LTD,,450,,97824,EXACT,HIGH,,,MATCHED,PAYLINE_EXACT,97824,450.0,AUD,2025-12-17,payline amount+date accepted (HIGH),
2263,24521,,123,AUD,759.01,1900-01-01,N,5033,COUNTERPARTY,,,,,,,,,,,UNMATCHED,,,,,,NOT_PROVISIONAL_PAID,
2264,24013,,70,SGD,650.00,1900-01-01,Y,5032,COUNTERPARTY,,,,,,,NONE,,,,UNMATCHED,,,,,,NO_MATCHING_PAYMENT_FOUND,NO_DOCUMENT
2265,24213,,652,AUD,1322.20,1900-01-01,Y,5032,COUNTERPARTY,,,,,,,NONE,,,,UNMATCHED,,,,,,NO_MATCHING_PAYMENT_FOUND,NO_DOCUMENT
2266,25369,,651,AUD,350.00,2025-11-05,Y,5032,INVOICE,RECOVERED,VICTORIAN AUTO SERVICES PTY LTD,,350,,97828,EXACT,HIGH,,,MATCHED,PAYLINE_EXACT,97828,350.0,AUD,2025-12-17,payline amount+date accepted (HIGH),
2267,24969,,59,SGD,1335.25,1900-01-01,N,5001,COUNTERPARTY,,,,,,,,,,,UNMATCHED,,,,,,NOT_PROVISIONAL_PAID,
2268,24240,,142,AUD,21660.06,2025-09-29,Y,5030,INVOICE,RECOVERED,Thinxtra Solutions Pty Ltd,,22180.1,,,NONE,,,,UNMATCHED,,,,,,NO_MATCHING_PAYMENT_FOUND,NO_INVOICE_NUMBER
2269,24781,,138,AUD,2090.00,1900-01-01,Y,5032,COUNTERPARTY,,,,,,,NONE,,,,UNMATCHED,,,,,,NO_MATCHING_PAYMENT_FOUND,NO_DOCUMENT
2270,24246,,146,SGD,250.00,1900-01-01,Y,5033,COUNTERPARTY,,,,,,,NONE,,,,UNMATCHED,,,,,,NO_MATCHING_PAYMENT_FOUND,NO_DOCUMENT
2271,24195,,113,AUD,6642.30,1900-01-01,N,5032,COUNTERPARTY,,,,,,,,,,,UNMATCHED,,,,,,NOT_PROVISIONAL_PAID,
2272,24242,,115,AUD,1106.00,2025-09-29,Y,5032,INVOICE,RECOVERED,Wise,,1106,,,NONE,,,,UNMATCHED,,,,,,NO_MATCHING_PAYMENT_FOUND,NO_INVOICE_NUMBER
2275,24449,,652,AUD,1842.50,1900-01-01,Y,5032,COUNTERPARTY,,,,,,,NONE,,,,UNMATCHED,,,,,,NO_MATCHING_PAYMENT_FOUND,NO_DOCUMENT
2276,24495,,652,AUD,693.00,2025-10-06,Y,5032,INVOICE,RECOVERED,Rohde Smash Repairs,,693,,97666,EXACT,HIGH,,,MATCHED,PAYLINE_EXACT,97666,693.0,AUD,2025-11-12,payline amount+date accepted (HIGH),
2277,24112,,138,AUD,787.00,1900-01-01,Y,5032,COUNTERPARTY,,,,,,,NONE,,,,UNMATCHED,,,,,,NO_MATCHING_PAYMENT_FOUND,NO_DOCUMENT
2278,24295,,38,AUD,1074.08,1900-01-01,Y,,RULES_NEEDED,,,,,,,NONE,,,,UNMATCHED,,,,,,NO_MATCHING_PAYMENT_FOUND,NO_DOCUMENT
2279,25347,,651,AUD,220.00,2025-11-04,Y,5032,INVOICE,RECOVERED,VICTORIAN AUTO SERVICES PTY LTD,,220,,97825,EXACT,HIGH,,,MATCHED,PAYLINE_EXACT,97825,220.0,AUD,2025-12-17,payline amount+date accepted (HIGH),
2280,25349,,651,AUD,240.00,2025-11-04,Y,5032,INVOICE,RECOVERED,VICTORIAN AUTO SERVICES PTY LTD,,240,,97826,EXACT,HIGH,,,MATCHED,PAYLINE_EXACT,97826,240.0,AUD,2025-12-17,payline amount+date accepted (HIGH),
2281,25204,,138,AUD,1727.66,1900-01-01,Y,5032,COUNTERPARTY,,,,,,,NONE,,,,UNMATCHED,,,,,,NO_MATCHING_PAYMENT_FOUND,NO_DOCUMENT
2282,24515,,138,AUD,3432.00,1900-01-01,Y,5032,COUNTERPARTY,,,,,,,NONE,,,,UNMATCHED,,,,,,NO_MATCHING_PAYMENT_FOUND,NO_DOCUMENT
2283,24040,,652,AUD,2789.60,1900-01-01,Y,5032,COUNTERPARTY,,,,,,,NONE,,,,UNMATCHED,,,,,,NO_MATCHING_PAYMENT_FOUND,NO_DOCUMENT
2284,24145,,138,AUD,4180.00,2025-09-25,Y,5032,INVOICE,RECOVERED,Stephen Inner West Smash Repairs,,4180,,97712,EXACT,HIGH,,,MATCHED,PAYLINE_EXACT,97712,4180.0,AUD,2025-11-21,payline amount+date accepted (HIGH),
2285,24247,,146,SGD,220.00,1900-01-01,Y,5033,COUNTERPARTY,,,,,,,NONE,,,,UNMATCHED,,,,,,NO_MATCHING_PAYMENT_FOUND,NO_DOCUMENT
2286,24407,,,AUD,2882.00,1900-01-01,N,,RULES_NEEDED,,,,,,,,,,,UNMATCHED,,,,,,NOT_PROVISIONAL_PAID,
2287,25359,,117,AUD,426.14,2025-11-05,Y,5066,INVOICE,RECOVERED,Pack Send Marrickville,#1920993190,426.14,,,,,,,MATCHED,FIRST_CLASS_REF,9750,426.14,AUD,2026-01-15,reference+amount+temporal,
2289,25410,,651,AUD,295.00,2025-11-06,Y,5032,INVOICE,RECOVERED,VICTORIAN AUTO SERVICES PTY LTD,,295,,97827,EXACT,HIGH,,,MATCHED,PAYLINE_EXACT,97827,295.0,AUD,2025-12-17,payline amount+date accepted (HIGH),
2290,24746,,319,USD,1238.00,1900-01-01,Y,,RULES_NEEDED,,,,,,,NONE,,,,UNMATCHED,,,,,,NO_MATCHING_PAYMENT_FOUND,NO_DOCUMENT
2291,24598,,694,SGD,3823.23,1900-01-01,Y,,RULES_NEEDED,,,,,,,NONE,,,,UNMATCHED,,,,,,NO_MATCHING_PAYMENT_FOUND,NO_DOCUMENT
2292,24097,,78,AUD,3000.00,1900-01-01,N,5032,COUNTERPARTY,,,,,,,,,,,UNMATCHED,,,,,,NOT_PROVISIONAL_PAID,
2294,24740,,48,AUD,165.00,2025-10-14,Y,5033,INVOICE,RECOVERED,M&J LOGISTICS QLD PTY LTD,,165,,,NONE,,,,UNMATCHED,,,,,,NO_MATCHING_PAYMENT_FOUND,NO_INVOICE_NUMBER
2295,24948,,59,SGD,190.75,1900-01-01,N,5001,COUNTERPARTY,,,,,,,,,,,UNMATCHED,,,,,,NOT_PROVISIONAL_PAID,
2296,25360,,123,AUD,145.00,1900-01-01,N,5033,COUNTERPARTY,,,,,,,,,,,UNMATCHED,,,,,,NOT_PROVISIONAL_PAID,
2298,24542,,130,USD,828.00,2025-10-08,Y,5030,INVOICE,RECOVERED,Wise,,828,,10951,NEAR_1PCT,MED,,,UNMATCHED,,,,,,NO_MATCHING_PAYMENT_FOUND,PAYLINE_TXN_TAKEN (10951)
2299,24560,,652,AUD,1796.28,1900-01-01,Y,5032,COUNTERPARTY,,,,,,,NONE,,,,UNMATCHED,,,,,,NO_MATCHING_PAYMENT_FOUND,NO_DOCUMENT
2302,25238,,655,AUD,3000.00,1900-01-01,Y,5062,COUNTERPARTY,,,,,,,NONE,,,,UNMATCHED,,,,,,NO_MATCHING_PAYMENT_FOUND,NO_DOCUMENT
2304,24959,,651,AUD,330.00,2025-10-21,Y,5032,INVOICE,RECOVERED,VICTORIAN AUTO SERVICES PTY LTD,,330,,97829,EXACT,HIGH,,,MATCHED,PAYLINE_EXACT,97829,330.0,AUD,2025-12-17,payline amount+date accepted (HIGH),
2305,24239,,130,USD,951.00,2025-09-29,Y,5030,INVOICE,RECOVERED,Sentrilock LLC,,951,,9894,NEAR_1PCT,MED,,,UNMATCHED,,,,,,NO_MATCHING_PAYMENT_FOUND,PAYLINE_TXN_TAKEN (9894)
2306,24741,,652,AUD,1859.00,1900-01-01,Y,5032,COUNTERPARTY,,,,,,,NONE,,,,UNMATCHED,,,,,,NO_MATCHING_PAYMENT_FOUND,NO_DOCUMENT
2307,24579,,138,AUD,210.00,2025-10-09,Y,5032,INVOICE,RECOVERED,Stephen Inner West Smash Repairs,,210,,97840,EXACT,HIGH,,,MATCHED,PAYLINE_EXACT,97840,210.0,AUD,2025-12-19,payline amount+date accepted (HIGH),
2309,24681,,752,AUD,3000.00,1900-01-01,Y,,RULES_NEEDED,,,,,,,NONE,,,,UNMATCHED,,,,,,NO_MATCHING_PAYMENT_FOUND,NO_DOCUMENT
2310,25146,,138,AUD,450.00,1900-01-01,Y,5032,COUNTERPARTY,,,,,,,NONE,,,,UNMATCHED,,,,,,NO_MATCHING_PAYMENT_FOUND,NO_DOCUMENT
2311,24986,,671,AUD,220.00,1900-01-01,Y,5032,INVOICE,,,,,,,,,NEW,Focussed Loss Management,UNMATCHED,,,,,,NO_MATCHING_PAYMENT_FOUND,NO_DOCUMENT
2313,23938,,750,SGD,3519.42,2025-09-17,Y,,RULES_NEEDED,UNREADABLE,,,,,,NONE,,,,UNMATCHED,,,,,,NO_MATCHING_PAYMENT_FOUND,NO_DOCUMENT_UNREADABLE
2314,25402,,82,USD,12084.00,1900-01-01,Y,5030,COUNTERPARTY,,,,,,,NONE,,,,UNMATCHED,,,,,,NO_MATCHING_PAYMENT_FOUND,NO_DOCUMENT
2315,24566,,138,AUD,335.50,1900-01-01,Y,5032,COUNTERPARTY,,,,,,,NONE,,,,UNMATCHED,,,,,,NO_MATCHING_PAYMENT_FOUND,NO_DOCUMENT
2318,24045,,694,SGD,2653.33,1900-01-01,Y,,RULES_NEEDED,,,,,,,NONE,,,,UNMATCHED,,,,,,NO_MATCHING_PAYMENT_FOUND,NO_DOCUMENT
2319,25368,,694,SGD,5000.00,1900-01-01,Y,,RULES_NEEDED,,,,,,,NONE,,,,UNMATCHED,,,,,,NO_MATCHING_PAYMENT_FOUND,NO_DOCUMENT
2320,24436,,652,AUD,577.50,2025-10-04,Y,5032,INVOICE,RECOVERED,Rohde Smash Repairs,,577.5,,97667,EXACT,HIGH,,,MATCHED,PAYLINE_EXACT,97667,577.5,AUD,2025-11-12,payline amount+date accepted (HIGH),
2321,24154,,138,AUD,198.00,1900-01-01,Y,5032,COUNTERPARTY,,,,,,,NONE,,,,UNMATCHED,,,,,,NO_MATCHING_PAYMENT_FOUND,NO_DOCUMENT
2322,24552,,567,SGD,109.00,1900-01-01,Y,5032,COUNTERPARTY,,,,,,,NONE,,,,UNMATCHED,,,,,,NO_MATCHING_PAYMENT_FOUND,NO_DOCUMENT
2323,24924,,48,AUD,165.00,2025-10-20,Y,5033,INVOICE,RECOVERED,M&J LOGISTICS QLD PTY LTD,,165,,,NONE,,,,UNMATCHED,,,,,,NO_MATCHING_PAYMENT_FOUND,NO_INVOICE_NUMBER
2324,24895,,756,USD,0.00,2025-10-18,Y,,RULES_NEEDED,RECOVERED,Wise,,1398,,,NONE,,,,UNMATCHED,,,,,,NO_MATCHING_PAYMENT_FOUND,NO_AMOUNT
2325,24302,,671,AUD,165.00,1900-01-01,Y,5032,INVOICE,,,,,,,,,NEW,Focussed Loss Management,UNMATCHED,,,,,,NO_MATCHING_PAYMENT_FOUND,NO_DOCUMENT
2326,24713,,113,AUD,9949.70,1900-01-01,N,5032,COUNTERPARTY,,,,,,,,,,,UNMATCHED,,,,,,NOT_PROVISIONAL_PAID,
2327,25201,,63,SGD,2180.00,2025-10-30,Y,5001,INVOICE,RECOVERED,Cycle and Carriage Leasing Pte Ltd,,2180,,9424,EXACT,HIGH,,,MATCHED,PAYLINE_EXACT,9424,2180.0,SGD,2026-04-15,payline amount+date accepted (HIGH),
2329,24368,,138,AUD,462.00,1900-01-01,Y,5032,COUNTERPARTY,,,,,,,NONE,,,,UNMATCHED,,,,,,NO_MATCHING_PAYMENT_FOUND,NO_DOCUMENT
2330,25252,,48,AUD,220.00,1900-01-01,N,5033,COUNTERPARTY,,,,,,,,,,,UNMATCHED,,,,,,NOT_PROVISIONAL_PAID,
2331,24887,,652,AUD,1430.00,1900-01-01,Y,5032,COUNTERPARTY,,,,,,,NONE,,,,UNMATCHED,,,,,,NO_MATCHING_PAYMENT_FOUND,NO_DOCUMENT
2332,24165,,3,AUD,440.00,2025-09-26,Y,5033,INVOICE,RECOVERED,1st Class Towing Pty Ltd,,440,,10189,EXACT,HIGH,,,MATCHED,PAYLINE_EXACT,10189,440.0,AUD,2026-03-16,payline amount+date accepted (HIGH),
2333,24234,,88,AUD,250.00,1900-01-01,Y,5032,COUNTERPARTY,,,,,,,NONE,,,,UNMATCHED,,,,,,NO_MATCHING_PAYMENT_FOUND,NO_DOCUMENT
2334,24342,,655,AUD,2200.00,1900-01-01,Y,5062,COUNTERPARTY,,,,,,,NONE,,,,UNMATCHED,,,,,,NO_MATCHING_PAYMENT_FOUND,NO_DOCUMENT
2336,24864,,657,USD,4784.71,2025-10-17,Y,6004,INVOICE,RECOVERED,Philhealthcare Inc,#1816000310,278470,,,,,,,MATCHED,FIRST_CLASS_REF,95240,6178.41,SGD,2025-11-12,reference+amount+temporal,
2337,24688,,759,AUD,1180.00,2025-10-11,Y,,RULES_NEEDED,RECOVERED,Wise Australia Pty Ltd,,1180,,,NONE,,,,UNMATCHED,,,,,,NO_MATCHING_PAYMENT_FOUND,NO_INVOICE_NUMBER
2338,24538,,138,AUD,1340.00,1900-01-01,Y,5032,COUNTERPARTY,,,,,,,NONE,,,,UNMATCHED,,,,,,NO_MATCHING_PAYMENT_FOUND,NO_DOCUMENT
2339,24488,,138,AUD,1200.00,2025-10-05,Y,5032,INVOICE,RECOVERED,Stephen Inner West Smash Repairs,,1200,,97713,EXACT,HIGH,,,MATCHED,PAYLINE_EXACT,97713,1200.0,AUD,2025-11-21,payline amount+date accepted (HIGH),
2340,24548,,117,AUD,1005.07,2025-10-08,Y,5066,INVOICE,RECOVERED,Pack Send Marrickville,,1005.07,,9747,EXACT,HIGH,,,MATCHED,PAYLINE_EXACT,9747,1005.07,AUD,2026-01-15,payline amount+date accepted (HIGH),
2341,25178,,665,SGD,2372.34,2025-10-29,Y,5032,INVOICE,RECOVERED,Accord AutoCare Pte. Ltd,,2372.34,,9410,EXACT,HIGH,,,MATCHED,PAYLINE_EXACT,9410,2372.34,SGD,2026-04-15,payline amount+date accepted (HIGH),
2343,25273,,727,AUD,308.00,1900-01-01,N,,RULES_NEEDED,,,,,,,,,,,UNMATCHED,,,,,,NOT_PROVISIONAL_PAID,
2344,77,,,INR,40000.00,1900-01-01,Y,,RULES_NEEDED,,,,,,,,,NONE,,UNMATCHED,,,,,,HUMAN_REVIEW_IDENTIFY_VENDOR,
2350,28112,63789,55,SGD,250.00,2026-02-09,Y,5032,INVOICE,,,,,,,,,,,UNMATCHED,,,,,,DUPLICATE_INVOICE (of inv#425),
2351,27094,2531605,650,AUD,1255.63,2025-05-31,Y,5025,INVOICE,,,,,,,,,,,UNMATCHED,,,,,,DUPLICATE_INVOICE (of inv#479),
2352,27096,2533139,650,AUD,2511.26,2025-06-30,Y,5025,INVOICE,,,,,,,,,,,UNMATCHED,,,,,,DUPLICATE_INVOICE (of inv#482),
2353,27097,2534887,650,AUD,109.52,2025-07-31,Y,5025,INVOICE,,,,,,,,,,,UNMATCHED,,,,,,DUPLICATE_INVOICE (of inv#480),
2354,27099,2537767,650,AUD,3847.61,2025-08-31,Y,5025,INVOICE,,,,,,,,,,,UNMATCHED,,,,,,DUPLICATE_INVOICE (of inv#481),
2355,30717,4032800,72,AUD,220.00,2026-04-13,Y,5034,INVOICE,,,,,,,,,,,UNMATCHED,,,,,,DUPLICATE_INVOICE (of inv#289),
2356,389,,,SGD,0.00,1900-01-01,Y,,RULES_NEEDED,,,,,,,,,NONE,,UNMATCHED,,,,,,HUMAN_REVIEW_IDENTIFY_VENDOR,
2357,1270,,,SGD,0.00,2024-03-27,Y,,RULES_NEEDED,UNREADABLE,,,,,,,,NONE,,UNMATCHED,,,,,,HUMAN_REVIEW_IDENTIFY_VENDOR,
2358,1274,,,SGD,0.00,2024-03-27,Y,,RULES_NEEDED,UNREADABLE,,,,,,,,NONE,,UNMATCHED,,,,,,HUMAN_REVIEW_IDENTIFY_VENDOR,
2359,1542,,,SGD,0.00,1900-01-01,Y,,RULES_NEEDED,,,,,,,,,NONE,,UNMATCHED,,,,,,HUMAN_REVIEW_IDENTIFY_VENDOR,
2360,1746,,,AUD,300.00,1900-01-01,Y,,RULES_NEEDED,,,,,,,,,NONE,,UNMATCHED,,,,,,HUMAN_REVIEW_IDENTIFY_VENDOR,
2361,1899,,146,SGD,0.00,2024-04-23,Y,5033,INVOICE,RECOVERED,TOW LAH SG RECOVERY,,1830.0,,,,,SUBSTR,Tow lah,UNMATCHED,,,,,,NO_MATCHING_PAYMENT_FOUND,NO_AMOUNT
2362,2069,,,SGD,200.00,2024-04-30,Y,,RULES_NEEDED,UNREADABLE,,,80.92,,,,,NONE,,UNMATCHED,,,,,,HUMAN_REVIEW_IDENTIFY_VENDOR,
2363,2947,,,SGD,2000.00,1900-01-01,Y,,RULES_NEEDED,,,,,,,,,NONE,,UNMATCHED,,,,,,HUMAN_REVIEW_IDENTIFY_VENDOR,
2364,3031,,,SGD,0.00,1900-01-01,Y,,RULES_NEEDED,,,,,,,,,NONE,,UNMATCHED,,,,,,HUMAN_REVIEW_IDENTIFY_VENDOR,
2365,3034,,,SGD,3270.00,1900-01-01,Y,,RULES_NEEDED,,,,,,,,,NONE,,UNMATCHED,,,,,,HUMAN_REVIEW_IDENTIFY_VENDOR,
2366,3220,,,SGD,3000.00,2024-06-13,Y,,RULES_NEEDED,UNREADABLE,,,80.92,,,,,NONE,,UNMATCHED,,,,,,HUMAN_REVIEW_IDENTIFY_VENDOR,
2367,3418,,,SGD,0.00,2024-06-22,Y,,RULES_NEEDED,UNREADABLE,,,,,,,,NONE,,UNMATCHED,,,,,,HUMAN_REVIEW_IDENTIFY_VENDOR,
2368,3475,,,SGD,1362.00,2024-06-24,Y,,RULES_NEEDED,UNREADABLE,,,80.92,,,,,NONE,,UNMATCHED,,,,,,HUMAN_REVIEW_IDENTIFY_VENDOR,
2369,4614,,,SGD,0.00,1900-01-01,Y,,RULES_NEEDED,,,,,,,,,NONE,,UNMATCHED,,,,,,HUMAN_REVIEW_IDENTIFY_VENDOR,
2370,5213,,64,AUD,495.00,2024-09-10,Y,6104,INVOICE,RECOVERED,Defiant Ventures Pty Ltd,INV-3628,495.0,,,,,SUBSTR,Defiant,UNMATCHED,,,,,,NO_MATCHING_PAYMENT_FOUND,PAYMENT_ALREADY_CLAIMED (txn 95998 -> inv 1366)
2371,5469,,66,AUD,0.00,2024-09-17,Y,5032,INVOICE,RECOVERED,Drive Accident Solutions,60366,7865.54,,,,,EXACT,Drive Accident Solutions,UNMATCHED,,,,,,NO_MATCHING_PAYMENT_FOUND,NO_AMOUNT
2372,5488,,,SGD,0.00,2024-09-17,Y,,RULES_NEEDED,RECOVERED,Drive Lah Pte Ltd,RMI24080005,1173.84,,,,,NEW,Drive Lah Pte Ltd,UNMATCHED,,,,,,EXCLUDED_INTERNAL_OWN,
2373,5797,,771,AUD,0.00,2024-09-26,Y,,RULES_NEEDED,RECOVERED,Spares Australia Melbourne Pty Ltd,,216.0,,,,,NEW,Spares Australia Melbourne Pty Ltd,UNMATCHED,,,,,,NO_MATCHING_PAYMENT_FOUND,NO_AMOUNT
2374,6257,,,SGD,0.00,1900-01-01,Y,,RULES_NEEDED,,,,,,,,,NONE,,UNMATCHED,,,,,,HUMAN_REVIEW_IDENTIFY_VENDOR,
2375,6869,,84,SGD,1362.00,2024-10-26,Y,6104,INVOICE,RECOVERED,Incrementors Web Solutions Pvt Ltd,,85130.75,,,,,SUBSTR,Incrementors,UNMATCHED,,,,,,NO_MATCHING_PAYMENT_FOUND,NO_INVOICE_NUMBER
2376,7476,,65,AUD,999.62,2024-11-05,Y,5030,INVOICE,RECOVERED,Digital Matter Pty Ltd,,1000.62,,96893,NEAR_1PCT,MED,,,UNMATCHED,,,,,,NO_MATCHING_PAYMENT_FOUND,PAYLINE_TXN_TAKEN (96893)
2377,8325,,695,AUD,0.00,2024-11-18,Y,,RULES_NEEDED,RECOVERED,Sydney Transport Provider Pty Ltd,17112024M,869.66,,,,,EXACT,Sydney Transport Provider Pty Ltd,UNMATCHED,,,,,,NO_MATCHING_PAYMENT_FOUND,NO_AMOUNT
2378,8423,,,AUD,2000.00,1900-01-01,Y,,RULES_NEEDED,,,,,,,,,NONE,,UNMATCHED,,,,,,HUMAN_REVIEW_IDENTIFY_VENDOR,
2379,8583,,752,AUD,2000.00,2024-11-21,Y,5036,manual,RECOVERED,GT Insurance-Trust,VL40274741,2001,,,,,SUBSTR,GT Insurance,MATCHED,FIRST_CLASS_REF,96285,2001.0,AUD,2024-12-16,reference+amount+temporal,
2380,8757,,123,AUD,2783.48,2024-11-23,Y,5033,INVOICE,RECOVERED,DRIVE MATE AUSTRALIA PTY LTD,FTI00088707,2783.48,,,,,,,UNMATCHED,,,,,,NO_MATCHING_PAYMENT_FOUND,PAYMENT_ALREADY_CLAIMED (txn 96655 -> inv 1144)
2381,8758,,123,AUD,2955.01,2024-11-23,Y,5033,INVOICE,RECOVERED,RACQ Operations Pty Ltd,FTI00088923,2955.01,,,,,,,UNMATCHED,,,,,,NO_MATCHING_PAYMENT_FOUND,PAYMENT_ALREADY_CLAIMED (txn 96656 -> inv 1143)
2382,9177,,117,AUD,0.00,2024-11-28,Y,5066,INVOICE,RECOVERED,PACK & SEND Marrickville,AU-MRKV02990500,1566.36,,,,,SUBSTR,Pack & Send,UNMATCHED,,,,,,NO_MATCHING_PAYMENT_FOUND,NO_AMOUNT
2383,9178,,117,AUD,0.00,2024-11-28,Y,5066,INVOICE,RECOVERED,PACK & SEND Marrickville,AU-MRKV03000040,8497.5,,,,,SUBSTR,Pack & Send,UNMATCHED,,,,,,NO_MATCHING_PAYMENT_FOUND,NO_AMOUNT
2384,9582,,,AUD,1980.00,2024-12-04,Y,,RULES_NEEDED,UNREADABLE,,,,,,,,NONE,,UNMATCHED,,,,,,HUMAN_REVIEW_IDENTIFY_VENDOR,
2385,9587,,,AUD,1045.00,1900-01-01,Y,,RULES_NEEDED,,,,,,,,,NONE,,UNMATCHED,,,,,,HUMAN_REVIEW_IDENTIFY_VENDOR,
2386,9595,,,AUD,1265.00,2024-12-04,Y,,RULES_NEEDED,UNREADABLE,,,,,,,,NONE,,UNMATCHED,,,,,,HUMAN_REVIEW_IDENTIFY_VENDOR,
2387,9598,,,AUD,275.00,2024-12-04,Y,,RULES_NEEDED,UNREADABLE,,,,,,,,NONE,,UNMATCHED,,,,,,HUMAN_REVIEW_IDENTIFY_VENDOR,
2388,9599,,,AUD,1045.00,2024-12-04,Y,,RULES_NEEDED,UNREADABLE,,,,,,,,NONE,,UNMATCHED,,,,,,HUMAN_REVIEW_IDENTIFY_VENDOR,
2389,9600,,,AUD,275.00,2024-12-04,Y,,RULES_NEEDED,UNREADABLE,,,,,,,,NONE,,UNMATCHED,,,,,,HUMAN_REVIEW_IDENTIFY_VENDOR,
2390,9602,,,AUD,1298.00,2024-12-04,Y,,RULES_NEEDED,UNREADABLE,,,,,,,,NONE,,UNMATCHED,,,,,,HUMAN_REVIEW_IDENTIFY_VENDOR,
2391,9603,,,AUD,1265.00,2024-12-04,Y,,RULES_NEEDED,UNREADABLE,,,,,,,,NONE,,UNMATCHED,,,,,,HUMAN_REVIEW_IDENTIFY_VENDOR,
2392,9992,,104,USD,2284.00,2024-12-10,Y,6701,INVOICE,RECOVERED,MoEngage Inc,INV/MI/23958,2284.0,,96260,AMOUNT_GAP,LOW,,,UNMATCHED,,,,,,NO_MATCHING_PAYMENT_FOUND,NO_REFERENCE_MATCH
2393,10486,,,AUD,0.00,1900-01-01,Y,,RULES_NEEDED,,,,,,,,,NONE,,UNMATCHED,,,,,,HUMAN_REVIEW_IDENTIFY_VENDOR,
2394,10994,,30,AUD,0.00,2024-12-24,Y,5033,INVOICE,RECOVERED,Action Towing Pty Ltd,20326-1,742.7,,,,,EXACT,Action Towing Pty Ltd,UNMATCHED,,,,,,NO_MATCHING_PAYMENT_FOUND,NO_AMOUNT
2395,12069,,752,AUD,2000.00,2025-01-06,Y,5036,manual,RECOVERED,GT Insurance-Trust,1387323653,2000,,,,,SUBSTR,GT Insurance,MATCHED,FIRST_CLASS_REF,96504,2001.0,AUD,2025-01-24,reference+amount+temporal,
2396,12154,,72,AUD,0.00,2025-01-07,Y,5034,INVOICE,RECOVERED,Focussed Assessing Pty Ltd,1NA7GL,330.0,,,,,EXACT,Focussed Assessing Pty Ltd,UNMATCHED,,,,,,NO_MATCHING_PAYMENT_FOUND,NO_AMOUNT
2397,12211,,,SGD,690.00,1900-01-01,Y,,RULES_NEEDED,,,,,,,,,NONE,,UNMATCHED,,,,,,HUMAN_REVIEW_IDENTIFY_VENDOR,
2398,12451,,,AUD,2000.00,1900-01-01,Y,,RULES_NEEDED,,,,,,,,,NONE,,UNMATCHED,,,,,,HUMAN_REVIEW_IDENTIFY_VENDOR,
2399,13136,,84,SGD,1362.00,2025-01-17,Y,6104,INVOICE,RECOVERED,Incrementors Web Solutions Pvt.Ltd,,86596.34,,,,,SUBSTR,Incrementors,UNMATCHED,,,,,,NO_MATCHING_PAYMENT_FOUND,NO_INVOICE_NUMBER
2400,13685,,,AUD,2000.00,1900-01-01,Y,,RULES_NEEDED,,,,,,,,,NONE,,UNMATCHED,,,,,,HUMAN_REVIEW_IDENTIFY_VENDOR,
2401,13836,,752,AUD,2000.00,2025-01-23,Y,5036,manual,RECOVERED,GT Insurance-Trust,#1387492282,2000,,,,,SUBSTR,GT Insurance,MATCHED,FIRST_CLASS_REF,96507,2001.0,AUD,2025-01-24,reference+amount+temporal,
2402,13976,,752,AUD,2350.00,1900-01-01,Y,,RULES_NEEDED,,,,,,,,,EXACT,GT Insurance,UNMATCHED,,,,,,NO_MATCHING_PAYMENT_FOUND,NO_DOCUMENT
2403,14108,,752,AUD,2000.00,1900-01-01,Y,,RULES_NEEDED,,,,,,,,,EXACT,GT Insurance,UNMATCHED,,,,,,NO_MATCHING_PAYMENT_FOUND,NO_DOCUMENT
2404,14511,,,SGD,2000.00,1900-01-01,Y,,RULES_NEEDED,,,,,,,,,NONE,,UNMATCHED,,,,,,HUMAN_REVIEW_IDENTIFY_VENDOR,
2405,14729,,,AUD,2000.00,1900-01-01,Y,,RULES_NEEDED,,,,,,,,,NONE,,UNMATCHED,,,,,,HUMAN_REVIEW_IDENTIFY_VENDOR,
2406,14898,,752,AUD,2000.00,2025-02-03,Y,,RULES_NEEDED,RECOVERED,Global Transport & Automotive Insurance Solutions,,,,,,,EXACT,Global Transport & Automotive Insurance Solutions,UNMATCHED,,,,,,NO_MATCHING_PAYMENT_FOUND,NO_INVOICE_NUMBER
2407,14938,,27,SGD,1526.00,2025-02-03,Y,5001,INVOICE,RECOVERED,ABWIN LEASING PTE LTD,,1526,,,,,SUBSTR,Abwin Leasing,UNMATCHED,,,,,,NO_MATCHING_PAYMENT_FOUND,NO_INVOICE_NUMBER
2408,15474,,,SGD,690.00,1900-01-01,Y,,RULES_NEEDED,,,,,,,,,NONE,,UNMATCHED,,,,,,HUMAN_REVIEW_IDENTIFY_VENDOR,
2409,15621,,,AUD,2000.00,1900-01-01,Y,,RULES_NEEDED,,,,,,,,,NONE,,UNMATCHED,,,,,,HUMAN_REVIEW_IDENTIFY_VENDOR,
2410,15732,,142,AUD,18715.48,2025-02-19,Y,5030,INVOICE,RECOVERED,Thinxtra Solutions Pty Ltd,INV-3190556,18715.48,,,,,,,UNMATCHED,,,,,,NO_MATCHING_PAYMENT_FOUND,PAYMENT_ALREADY_CLAIMED (txn 96799 -> inv 1057)
2411,15810,,752,AUD,300.00,2025-02-20,Y,5036,manual,RECOVERED,GT Insurance-Trust,#1434064464,300,,,,,SUBSTR,GT Insurance,MATCHED,FIRST_CLASS_REF,96706,301.0,AUD,2025-02-28,reference+amount+temporal,
2412,16005,,84,SGD,1362.00,2025-02-24,Y,6104,INVOICE,RECOVERED,Incrementors Web Solutions Pvt.Ltd,,88566.81,,,NONE,,,,UNMATCHED,,,,,,NO_MATCHING_PAYMENT_FOUND,NO_INVOICE_NUMBER
2413,16342,,,AUD,2000.00,1900-01-01,Y,,RULES_NEEDED,,,,,,,,,NONE,,UNMATCHED,,,,,,HUMAN_REVIEW_IDENTIFY_VENDOR,
2414,16644,,751,AUD,300.00,2025-03-10,Y,,RULES_NEEDED,RECOVERED,GT Insurance-Trust,,300,,,NONE,,,,UNMATCHED,,,,,,NO_MATCHING_PAYMENT_FOUND,NO_INVOICE_NUMBER
2415,16650,,751,AUD,300.00,2025-03-10,Y,,RULES_NEEDED,RECOVERED,GT Insurance-Trust,#1469769176,300,,,NONE,,,,UNMATCHED,,,,,,NO_MATCHING_PAYMENT_FOUND,NO_REFERENCE_MATCH
2416,16961,,752,AUD,0.00,2025-03-17,Y,,RULES_NEEDED,RECOVERED,Global Transport & Automotive Insurance Solutions,,3000.0,,,,,EXACT,Global Transport & Automotive Insurance Solutions,UNMATCHED,,,,,,NO_MATCHING_PAYMENT_FOUND,NO_AMOUNT
2417,17271,,,USD,2897.61,2025-03-25,N,,RULES_NEEDED,RECOVERED,Roobykon Software OÜ,08-11-2024,2897.61,,,,,,,UNMATCHED,,,,,,NOT_PROVISIONAL_PAID,
2418,17563,,31,USD,4129.81,2025-04-01,Y,6701,INVOICE,RECOVERED,Aircall SAS,#1478248575,4129.81,,,,,,,UNMATCHED,,,,,,NO_MATCHING_PAYMENT_FOUND,PAYMENT_ALREADY_CLAIMED (txn 94250 -> inv 985)
2419,18152,,27,SGD,1526.00,2025-04-15,Y,5001,INVOICE,RECOVERED,ABWIN LEASING PTE LTD,,1526,,94386,EXACT,MED,,,UNMATCHED,,,,,,NO_MATCHING_PAYMENT_FOUND,PAYLINE_TXN_TAKEN (94386)
2420,18904,,28,AUD,907.50,2025-04-29,Y,6500,INVOICE,RECOVERED,ACE Administration Services Pty. Ltd.,25.0121,907.5,,,,,,,UNMATCHED,,,,,,NO_MATCHING_PAYMENT_FOUND,PAYMENT_ALREADY_CLAIMED (txn 96972 -> inv 896)
2421,18905,,28,AUD,1100.00,2025-04-29,Y,6500,INVOICE,RECOVERED,ACE Administration Services Pty. Ltd.,25.0101,1100.0,,,,,,,UNMATCHED,,,,,,NO_MATCHING_PAYMENT_FOUND,PAYMENT_ALREADY_CLAIMED (txn 96973 -> inv 895)
2422,18906,,28,AUD,1210.00,2025-04-29,Y,6500,INVOICE,RECOVERED,ACE Administration Services Pty. Ltd.,25.0073,1210.0,,,,,,,UNMATCHED,,,,,,NO_MATCHING_PAYMENT_FOUND,PAYMENT_ALREADY_CLAIMED (txn 96974 -> inv 894)
2423,19531,,492,INR,40000.00,2025-05-12,Y,6500,INVOICE,RECOVERED,Wise,,40000,,,NONE,,,,UNMATCHED,,,,,,NO_MATCHING_PAYMENT_FOUND,NO_INVOICE_NUMBER
2424,20384,,149,AUD,2750.00,2025-06-03,Y,5060,INVOICE,RECOVERED,Wise,,2751,,97226,NEAR_1PCT,MED,,,MATCHED,PAYLINE_NEAR_1PCT,97226,2751.0,AUD,2025-07-09,payline amount+date accepted (MED),
2425,21204,,144,SGD,3270.00,1900-01-01,Y,,RULES_NEEDED,,,,,,,NONE,,,,UNMATCHED,,,,,,NO_MATCHING_PAYMENT_FOUND,NO_DOCUMENT
2426,21398,,146,SGD,280.00,1900-01-01,Y,5033,COUNTERPARTY,,,,,,,NONE,,,,UNMATCHED,,,,,,NO_MATCHING_PAYMENT_FOUND,NO_DOCUMENT
2427,21910,,83,AUD,2059.20,2025-07-16,Y,6701,INVOICE,RECOVERED,illion Australia Pty Ltd,,2059.2,,97355,EXACT,HIGH,,,UNMATCHED,,,,,,NO_MATCHING_PAYMENT_FOUND,PAYLINE_TXN_TAKEN (97355)
2428,22076,,146,SGD,70.00,1900-01-01,Y,5033,COUNTERPARTY,,,,,,,NONE,,,,UNMATCHED,,,,,,NO_MATCHING_PAYMENT_FOUND,NO_DOCUMENT
2429,22195,,102,AUD,1200.00,2025-07-24,Y,5032,INVOICE,RECOVERED,MELBOURNE PRESTIGE CENTRE,,1200,,,NONE,,,,UNMATCHED,,,,,,NO_MATCHING_PAYMENT_FOUND,NO_INVOICE_NUMBER
2430,23153,,72,AUD,165.00,1900-01-01,Y,5034,COUNTERPARTY,,,,,,,NONE,,,,UNMATCHED,,,,,,NO_MATCHING_PAYMENT_FOUND,NO_DOCUMENT
2431,23662,,146,SGD,60.00,1900-01-01,Y,5033,COUNTERPARTY,,,,,,,NONE,,,,UNMATCHED,,,,,,NO_MATCHING_PAYMENT_FOUND,NO_DOCUMENT
2432,23781,,72,AUD,330.00,1900-01-01,Y,5034,COUNTERPARTY,,,,,,,NONE,,,,UNMATCHED,,,,,,NO_MATCHING_PAYMENT_FOUND,NO_DOCUMENT
2433,23871,,28,AUD,1100.00,1900-01-01,Y,6500,COUNTERPARTY,,,,,,,NONE,,,,UNMATCHED,,,,,,NO_MATCHING_PAYMENT_FOUND,NO_DOCUMENT
2434,23958,,149,AUD,2000.00,1900-01-01,Y,5060,COUNTERPARTY,,,,,,,NONE,,,,UNMATCHED,,,,,,NO_MATCHING_PAYMENT_FOUND,NO_DOCUMENT
2435,23960,,72,AUD,330.00,1900-01-01,Y,5034,COUNTERPARTY,,,,,,,NONE,,,,UNMATCHED,,,,,,NO_MATCHING_PAYMENT_FOUND,NO_DOCUMENT
2436,24005,,72,AUD,165.00,1900-01-01,Y,5034,COUNTERPARTY,,,,,,,NONE,,,,UNMATCHED,,,,,,NO_MATCHING_PAYMENT_FOUND,NO_DOCUMENT
2437,24031,,752,AUD,5000.00,1900-01-01,Y,,RULES_NEEDED,,,,,,,,,EXACT,GT Insurance,UNMATCHED,,,,,,NO_MATCHING_PAYMENT_FOUND,NO_DOCUMENT
2438,24116,,72,AUD,110.00,1900-01-01,Y,5034,COUNTERPARTY,,,,,,,NONE,,,,UNMATCHED,,,,,,NO_MATCHING_PAYMENT_FOUND,NO_DOCUMENT
2439,24185,,752,AUD,2000.00,1900-01-01,Y,,RULES_NEEDED,,,,,,,,,SUBSTR,GT Insurance,UNMATCHED,,,,,,NO_MATCHING_PAYMENT_FOUND,NO_DOCUMENT
2440,24259,,655,AUD,3000.00,1900-01-01,Y,5062,COUNTERPARTY,,,,,,,NONE,,,,UNMATCHED,,,,,,NO_MATCHING_PAYMENT_FOUND,NO_DOCUMENT
2441,24308,,111,AUD,814.00,1900-01-01,Y,5001,COUNTERPARTY,,,,,,,NONE,,,,UNMATCHED,,,,,,NO_MATCHING_PAYMENT_FOUND,NO_DOCUMENT
2442,24373,,27,SGD,1526.00,1900-01-01,Y,5001,COUNTERPARTY,,,,,,,NONE,,,,UNMATCHED,,,,,,NO_MATCHING_PAYMENT_FOUND,NO_DOCUMENT
2443,24410,,28,AUD,1210.00,1900-01-01,Y,6500,INVOICE,,,,,,,,,NEW,ACE Administration Services Pty. Ltd,UNMATCHED,,,,,,NO_MATCHING_PAYMENT_FOUND,NO_DOCUMENT
2444,24492,,138,AUD,330.00,1900-01-01,Y,5032,COUNTERPARTY,,,,,,,NONE,,,,UNMATCHED,,,,,,NO_MATCHING_PAYMENT_FOUND,NO_DOCUMENT
2445,24531,,72,AUD,220.00,1900-01-01,Y,5034,COUNTERPARTY,,,,,,,NONE,,,,UNMATCHED,,,,,,NO_MATCHING_PAYMENT_FOUND,NO_DOCUMENT
2446,24541,,649,USD,12084.00,1900-01-01,Y,5030,COUNTERPARTY,,,,,,,NONE,,,,UNMATCHED,,,,,,NO_MATCHING_PAYMENT_FOUND,NO_DOCUMENT
2447,24546,,117,AUD,7507.50,2025-10-08,Y,5066,INVOICE,RECOVERED,Pack Send Marrickville,,7507.5,,9746,EXACT,HIGH,,,MATCHED,PAYLINE_EXACT,9746,7507.5,AUD,2026-01-15,payline amount+date accepted (HIGH),
2448,24581,,138,AUD,175.00,1900-01-01,Y,5032,COUNTERPARTY,,,,,,,NONE,,,,UNMATCHED,,,,,,NO_MATCHING_PAYMENT_FOUND,NO_DOCUMENT
2449,24606,,111,AUD,1023.00,1900-01-01,Y,5001,COUNTERPARTY,,,,,,,NONE,,,,UNMATCHED,,,,,,NO_MATCHING_PAYMENT_FOUND,NO_DOCUMENT
2450,24625,,128,SGD,300.00,1900-01-01,Y,6401,COUNTERPARTY,,,,,,,NONE,,,,UNMATCHED,,,,,,NO_MATCHING_PAYMENT_FOUND,NO_DOCUMENT
2451,24683,,72,AUD,220.00,1900-01-01,Y,5034,COUNTERPARTY,,,,,,,NONE,,,,UNMATCHED,,,,,,NO_MATCHING_PAYMENT_FOUND,NO_DOCUMENT
2452,24737,,149,AUD,2000.00,2025-10-13,Y,5060,INVOICE,RECOVERED,U R Drive,,2000,,97652,EXACT,MED,,,MATCHED,PAYLINE_EXACT,97652,2000.0,AUD,2025-11-10,payline amount+date accepted (MED),
2453,24747,,655,AUD,3000.00,1900-01-01,Y,5062,COUNTERPARTY,,,,,,,NONE,,,,UNMATCHED,,,,,,NO_MATCHING_PAYMENT_FOUND,NO_DOCUMENT
2454,24788,,652,AUD,3000.00,1900-01-01,Y,5032,COUNTERPARTY,,,,,,,NONE,,,,UNMATCHED,,,,,,NO_MATCHING_PAYMENT_FOUND,NO_DOCUMENT
2455,24793,,102,AUD,5000.00,1900-01-01,Y,5032,COUNTERPARTY,,,,,,,NONE,,,,UNMATCHED,,,,,,NO_MATCHING_PAYMENT_FOUND,NO_DOCUMENT
2456,24960,,,AUD,450.00,1900-01-01,N,,RULES_NEEDED,,,,,,,,,,,UNMATCHED,,,,,,NOT_PROVISIONAL_PAID,
2457,24962,,,SGD,1500.00,1900-01-01,Y,,RULES_NEEDED,,,,,,,,,NEW,IT Y NET EMPLOYMENT AGENCY PTE LTD,UNMATCHED,,,,,,EXCLUDED_DO_NOT_CREATE,
2458,25092,,72,AUD,220.00,1900-01-01,Y,5034,COUNTERPARTY,,,,,,,NONE,,,,UNMATCHED,,,,,,NO_MATCHING_PAYMENT_FOUND,NO_DOCUMENT
2459,25096,,80,SGD,1440.00,1900-01-01,Y,5060,COUNTERPARTY,,,,,,,NONE,,,,UNMATCHED,,,,,,NO_MATCHING_PAYMENT_FOUND,NO_DOCUMENT
2460,25156,,246,SGD,50.00,1900-01-01,Y,5063,COUNTERPARTY,,,,,,,NONE,,,,UNMATCHED,,,,,,NO_MATCHING_PAYMENT_FOUND,NO_DOCUMENT
2461,25236,,72,AUD,220.00,1900-01-01,Y,5034,COUNTERPARTY,,,,,,,NONE,,,,UNMATCHED,,,,,,NO_MATCHING_PAYMENT_FOUND,NO_DOCUMENT
2462,25256,,27,SGD,1526.00,2025-11-01,Y,5001,INVOICE,RECOVERED,ABWIN LEASING PTE LTD,,1526,,95264,EXACT,HIGH,,,MATCHED,PAYLINE_EXACT,95264,1526.0,SGD,2025-11-18,payline amount+date accepted (HIGH),
2463,25355,,652,AUD,3000.00,1900-01-01,Y,5032,COUNTERPARTY,,,,,,,NONE,,,,UNMATCHED,,,,,,NO_MATCHING_PAYMENT_FOUND,NO_DOCUMENT
2464,25395,,772,AUD,2000.00,1900-01-01,Y,,RULES_NEEDED,,,,,,,,,NEW,Other's - Mart,UNMATCHED,,,,,,NO_MATCHING_PAYMENT_FOUND,NO_DOCUMENT
2465,25406,,138,AUD,1595.00,1900-01-01,Y,5032,COUNTERPARTY,,,,,,,NONE,,,,UNMATCHED,,,,,,NO_MATCHING_PAYMENT_FOUND,NO_DOCUMENT
2466,25485,,,AUD,82274.34,1900-01-01,N,,RULES_NEEDED,,,,,,,,,,,UNMATCHED,,,,,,NOT_PROVISIONAL_PAID,
2467,25486,,149,AUD,2000.00,1900-01-01,Y,5060,COUNTERPARTY,,,,,,,NONE,,,,UNMATCHED,,,,,,NO_MATCHING_PAYMENT_FOUND,NO_DOCUMENT
2468,25487,,622,AUD,1760.00,1900-01-01,Y,6501,COUNTERPARTY,,,,,,,NONE,,,,UNMATCHED,,,,,,NO_MATCHING_PAYMENT_FOUND,NO_DOCUMENT
2469,25540,,120,SGD,4750.00,2025-11-12,Y,6501,INVOICE,RECOVERED,Pier Counsel,#1815973845,321601.6,,,,,,,MATCHED,FIRST_CLASS_REF,95236,4750.0,SGD,2025-11-12,reference+amount+temporal,
2470,25803,,246,SGD,50.00,1900-01-01,Y,5063,COUNTERPARTY,,,,,,,NONE,,,,UNMATCHED,,,,,,NO_MATCHING_PAYMENT_FOUND,NO_DOCUMENT
2471,25966,,111,AUD,814.00,2025-11-30,Y,5001,INVOICE,UNREADABLE,,,814,,9784,EXACT,HIGH,,,MATCHED,PAYLINE_EXACT,9784,814.0,AUD,2026-01-20,payline amount+date accepted (HIGH),
2472,26223,,,AUD,330.00,1900-01-01,N,,RULES_NEEDED,,,,,,,,,,,UNMATCHED,,,,,,NOT_PROVISIONAL_PAID,
2473,26262,,,AUD,385.00,1900-01-01,N,,RULES_NEEDED,,,,,,,,,,,UNMATCHED,,,,,,NOT_PROVISIONAL_PAID,
2474,26332,,138,AUD,5000.00,1900-01-01,Y,5032,COUNTERPARTY,,,,,,,NONE,,,,UNMATCHED,,,,,,NO_MATCHING_PAYMENT_FOUND,NO_DOCUMENT
2475,26407,,,AUD,110.00,1900-01-01,N,,RULES_NEEDED,,,,,,,,,,,UNMATCHED,,,,,,NOT_PROVISIONAL_PAID,
2476,27510,,72,AUD,220.00,1900-01-01,Y,5034,COUNTERPARTY,,,,,,,NONE,,,,UNMATCHED,,,,,,NO_MATCHING_PAYMENT_FOUND,NO_DOCUMENT
2477,27723,,274,AUD,5491.20,1900-01-01,Y,6701,COUNTERPARTY,,,,,,,NONE,,,,UNMATCHED,,,,,,NO_MATCHING_PAYMENT_FOUND,NO_DOCUMENT
2478,28377,,28,AUD,1100.00,2026-02-20,Y,6500,INVOICE,RECOVERED,ACE Administration Services Pty Ltd,,1100,,10003,EXACT,HIGH,,,MATCHED,PAYLINE_EXACT,10003,1100.0,AUD,2026-02-23,payline amount+date accepted (HIGH),
2479,30153,,,AUD,220.00,1900-01-01,N,,RULES_NEEDED,,,,,,,,,,,UNMATCHED,,,,,,NOT_PROVISIONAL_PAID,
2480,30177,,72,AUD,330.00,1900-01-01,Y,5034,COUNTERPARTY,,,,,,,NONE,,,,UNMATCHED,,,,,,NO_MATCHING_PAYMENT_FOUND,NO_DOCUMENT
2481,32556,,758,SGD,50.00,2026-07-27,Y,,RULES_NEEDED,RECOVERED,Wise,,50,,,NONE,,,,UNMATCHED,,,,,,NO_MATCHING_PAYMENT_FOUND,NO_INVOICE_NUMBER
2482,32671,,,SGD,5119.45,1900-01-01,N,,RULES_NEEDED,,,,,,,,,,,UNMATCHED,,,,,,NOT_PROVISIONAL_PAID,
2483,32672,,,SGD,4289.50,1900-01-01,N,,RULES_NEEDED,,,,,,,,,,,UNMATCHED,,,,,,NOT_PROVISIONAL_PAID,
2484,32673,,,SGD,5505.93,1900-01-01,N,,RULES_NEEDED,,,,,,,,,,,UNMATCHED,,,,,,NOT_PROVISIONAL_PAID,
2485,32674,,,SGD,4232.18,1900-01-01,N,,RULES_NEEDED,,,,,,,,,,,UNMATCHED,,,,,,NOT_PROVISIONAL_PAID,
