drive_id,name,outcome,invoice_id,is_invoice,document_type,entity_id,entity_source,counterparty_id,vendor_flag,coa,duplicate_of,timestamp
Tax Invoice #51605 (1) (1).pdf,Tax Invoice #51605 (1) (1).pdf,covered,,,,,,,,,inv#777,2026-07-30T23:38:14.588801
INV0000296628 Nov Inv.pdf,INV0000296628 Nov Inv.pdf,stray_loaded,1591,True,tax_invoice,3,bill_to,509,MATCHED,5060,,2026-07-30T23:38:14.642195
01267539_20250819_102135.pdf,01267539_20250819_102135.pdf,covered,,,,,,,,,inv#607,2026-07-30T23:38:28.285570
62680002848.png,62680002848.png,not_invoice,,False,report,,,,,,,2026-07-30T23:38:28.312785
Invoice_INV_MI_24559.pdf,Invoice_INV_MI_24559.pdf,covered,,,,,,,,,inv#998,2026-07-30T23:38:31.312036
Screenshot 2025-08-04 at 10.52.02 AM.png,Screenshot 2025-08-04 at 10.52.02 AM.png,covered,,,,,,,,,inv#652,2026-07-30T23:38:31.340688
"TAX INVOICE DM010 - TURNER, Ashley - 1IKS866 - TA05556406 (6.02.25).pdf","TAX INVOICE DM010 - TURNER, Ashley - 1IKS866 - TA05556406 (6.02.25).pdf",covered,,,,,,,,,inv#1119,2026-07-30T23:38:31.369903
SGIN25-776149.pdf,SGIN25-776149.pdf,covered,,,,,,,,,inv#496,2026-07-30T23:38:31.399998
REPAIR INVOICE.pdf,REPAIR INVOICE.pdf,covered,,,,,,,,,inv#845,2026-07-30T23:38:31.430069
FLM Invoice (1).pdf,FLM Invoice (1).pdf,covered,,,,,,,,,inv#874,2026-07-30T23:38:31.458879
Excess Request (4) (1).pdf,Excess Request (4) (1).pdf,covered,,,,,,,,,inv#1253,2026-07-30T23:38:31.488436
Excess Request (5) (1).pdf,Excess Request (5) (1).pdf,covered,,,,,,,,,inv#1177,2026-07-30T23:38:31.516505
ACEInvoice 24.1471.pdf,ACEInvoice 24.1471.pdf,covered,,,,,,,,,inv#1210,2026-07-30T23:38:31.546099
ACTCM INV 02025016.pdf,ACTCM INV 02025016.pdf,covered,,,,,,,,,inv#1145,2026-07-30T23:38:31.572929
Invoice INV-3190541.pdf,Invoice INV-3190541.pdf,covered,,,,,,,,,inv#1248,2026-07-30T23:38:31.601914
20240805 Invoice - Data Management.pdf,20240805 Invoice - Data Management.pdf,covered,,,,,,,,,inv#1400,2026-07-30T23:38:31.630366
Drivemate FTI00084713.pdf,Drivemate FTI00084713.pdf,covered,,,,,,,,,inv#1458,2026-07-30T23:38:31.659380
Dunning Letter-Drive Lah Pte. Ltd.-SGD-2024-05-27.pdf,Dunning Letter-Drive Lah Pte. Ltd.-SGD-2024-05-27.pdf,covered,,,,,,,,,inv#1481,2026-07-30T23:38:31.688632
Motor Vehicle Fleet Invoice 227014 - DRIVELA (1).pdf,Motor Vehicle Fleet Invoice 227014 - DRIVELA (1).pdf,covered,,,,,,,,,inv#576,2026-07-30T23:38:31.716720
"TAX INVOICE DM020 - HANNAH, Megan DM 53406365 (27.11.25).pdf","TAX INVOICE DM020 - HANNAH, Megan DM 53406365 (27.11.25).pdf",stray_loaded,1592,True,tax_invoice,3,bill_to,111,MATCHED,5001,,2026-07-30T23:38:31.744229
Invoice - RS - Drive Lah Ventures Holding Pte Ltd - 35.pdf,Invoice - RS - Drive Lah Ventures Holding Pte Ltd - 35.pdf,covered,,,,,,,,,inv#1377,2026-07-30T23:38:36.991137
Towing Invoice 2AR8WM.pdf,Towing Invoice 2AR8WM.pdf,covered,,,,,,,,,inv#1339,2026-07-30T23:38:37.018192
Abwin Leasing INV 509-INV25_30467 GBL1750A[1].pdf,Abwin Leasing INV 509-INV25_30467 GBL1750A[1].pdf,covered,,,,,,,,,inv#578,2026-07-30T23:38:37.045272
Copy of Nick_s invoices (1)(2).pdf,Copy of Nick_s invoices (1)(2).pdf,covered,,,,,,,,,inv#1283,2026-07-30T23:38:37.074207
Invoice INV-1692.pdf,Invoice INV-1692.pdf,covered,,,,,,,,,inv#1150,2026-07-30T23:38:37.102166
1RS2TN storage fee (1).jpg,1RS2TN storage fee (1).jpg,covered,,,,,,,,,inv#902,2026-07-30T23:38:37.130190
image0 (4) (1).jpeg,image0 (4) (1).jpeg,covered,,,,,,,,,inv#780,2026-07-30T23:38:37.153976
Excess Request (8).pdf,Excess Request (8).pdf,covered,,,,,,,,,inv#864,2026-07-30T23:38:37.181322
AU-MRKV030370B6 TaxInvoice (1).pdf,AU-MRKV030370B6 TaxInvoice (1).pdf,covered,,,,,,,,,inv#1221,2026-07-30T23:38:37.212368
New Claim Acknowledgement QJK18.pdf,New Claim Acknowledgement QJK18.pdf,covered,,,,,,,,,inv#1110,2026-07-30T23:38:37.241714
DriveMate - Momberg.pdf,DriveMate - Momberg.pdf,covered,,,,,,,,,inv#697,2026-07-30T23:38:37.272167
Invoice INV-0573.pdf,Invoice INV-0573.pdf,covered,,,,,,,,,inv#892,2026-07-30T23:38:37.301491
VL40283833.pdf,VL40283833.pdf,covered,,,,,,,,,inv#843,2026-07-30T23:38:37.328288
EUG42E - Repo invoice.pdf,EUG42E - Repo invoice.pdf,covered,,,,,,,,,inv#1242,2026-07-30T23:38:37.357526
Drive Lah Inv_179.pdf,Drive Lah Inv_179.pdf,covered,,,,,,,,,inv#820,2026-07-30T23:38:37.385226
Towing Cost Mill Park .pdf,Towing Cost Mill Park .pdf,covered,,,,,,,,,inv#1100,2026-07-30T23:38:37.419042
CEV91E_Fee invoice.pdf,CEV91E_Fee invoice.pdf,covered,,,,,,,,,inv#1234,2026-07-30T23:38:37.445583
FTI1100002984.pdf,FTI1100002984.pdf,covered,,,,,,,,,inv#586,2026-07-30T23:38:37.473506
Invoice INV-1447.pdf,Invoice INV-1447.pdf,covered,,,,,,,,,inv#1512,2026-07-30T23:38:37.498268
26.0043.pdf,26.0043.pdf,stray_loaded,1593,True,tax_invoice,3,bill_to,28,MATCHED,6500,,2026-07-30T23:38:37.656582
INV00051376.pdf,INV00051376.pdf,stray_loaded,1594,True,tax_invoice,3,bill_to,651,MATCHED,5032,,2026-07-30T23:38:52.643293
1774066899485-4024239_20260306_FEE-INVOICE-1.pdf,1774066899485-4024239_20260306_FEE-INVOICE-1.pdf,covered,,,,,,,,,inv#385,2026-07-30T23:39:05.583196
INVSGP12323.pdf,INVSGP12323.pdf,covered,,,,,,,,,inv#1546,2026-07-30T23:39:05.607312
SGIN24-658958.pdf,SGIN24-658958.pdf,stray_loaded,1595,True,tax_invoice,2,bill_to,355,MATCHED,,,2026-07-30T23:39:05.635766
1777527894392-74899779_Fee-invoice.pdf,1777527894392-74899779_Fee-invoice.pdf,covered,,,,,,,,,inv#329,2026-07-30T23:39:21.655704
TP EXCESS RECOVERY LETTER M2508802.pdf,TP EXCESS RECOVERY LETTER M2508802.pdf,not_invoice,1596,False,letter,2,currency,144,MATCHED,,,2026-07-30T23:39:21.688458
901141.pdf,901141.pdf,stray_loaded,1597,True,invoice,2,bill_to,355,MATCHED,,,2026-07-30T23:39:37.901925
Screenshot 2025-03-27 at 11.20.43 am.png,Screenshot 2025-03-27 at 11.20.43 am.png,covered,,,,,,,,,inv#992,2026-07-30T23:39:53.379244
Tax Invoice #51506 (1).pdf,Tax Invoice #51506 (1).pdf,covered,,,,,,,,,inv#799,2026-07-30T23:39:53.407579
SGIN25-279113.pdf,SGIN25-279113.pdf,covered,,,,,,,,,inv#712,2026-07-30T23:39:53.438035
KWI202303453426.pdf,KWI202303453426.pdf,stray_loaded,1598,True,invoice,2,bill_to,98,MATCHED,5030,,2026-07-30T23:39:53.466809
Estimate 60366.pdf (1).pdf,Estimate 60366.pdf (1).pdf,covered,,,,,,,,,inv#1365,2026-07-30T23:40:08.956162
5472357_FEE INVOICE.pdf,5472357_FEE INVOICE.pdf,covered,,,,,,,,,inv#858,2026-07-30T23:40:08.984813
Invoice INV-3190636.pdf,Invoice INV-3190636.pdf,stray_loaded,1599,True,tax_invoice,3,bill_to,142,MATCHED,5030,,2026-07-30T23:40:09.014788
Motor Fleet Renewal (June) Invoice 230555 - DRIVELA.pdf,Motor Fleet Renewal (June) Invoice 230555 - DRIVELA.pdf,covered,,,,,,,,,inv#673,2026-07-30T23:40:24.593071
1982_Drive mate_Additional Creative.pdf,1982_Drive mate_Additional Creative.pdf,covered,,,,,,,,,inv#1305,2026-07-30T23:40:24.620702
Invoice INV-6117.pdf,Invoice INV-6117.pdf,covered,,,,,,,,,inv#1072,2026-07-30T23:40:24.648774
Additional Excess Request VL40277007.pdf,Additional Excess Request VL40277007.pdf,covered,,,,,,,,,inv#1066,2026-07-30T23:40:24.675105
Invoice-E5F15183-0002.pdf,Invoice-E5F15183-0002.pdf,covered,,,,,,,,,inv#1103,2026-07-30T23:40:24.701979
Tax Invoice #37619.pdf,Tax Invoice #37619.pdf,covered,,,,,,,,,inv#872,2026-07-30T23:40:24.730079
ACE-INV250165.pdf,ACE-INV250165.pdf,covered,,,,,,,,,inv#886,2026-07-30T23:40:24.758537
Excess Request 074TRE $300.pdf,Excess Request 074TRE $300.pdf,covered,,,,,,,,,inv#1064,2026-07-30T23:40:24.785904
Inv_18482.pdf,Inv_18482.pdf,covered,,,,,,,,,inv#511,2026-07-30T23:40:24.813835
YUU354 - Invoice from Melbourne Prestige.jpg,YUU354 - Invoice from Melbourne Prestige.jpg,covered,,,,,,,,,inv#834,2026-07-30T23:40:24.836166
INV 409-INV24-25622 GBL1750A (1).pdf,INV 409-INV24-25622 GBL1750A (1).pdf,covered,,,,,,,,,inv#1367,2026-07-30T23:40:24.865390
New Claim Acknowledgement (4).pdf,New Claim Acknowledgement (4).pdf,covered,,,,,,,,,inv#880,2026-07-30T23:40:24.892630
1032907_1.PDF,1032907_1.PDF,covered,,,,,,,,,inv#718,2026-07-30T23:40:24.918139
Excess Request (17).pdf,Excess Request (17).pdf,stray_loaded,1600,True,tax_invoice,3,bill_to,,QUARANTINE,,,2026-07-30T23:40:24.945094
1770272896364-R204354.pdf,1770272896364-R204354.pdf,covered,,,,,,,,,inv#454,2026-07-30T23:40:40.859581
1ZK7TD - Repair Invoice 18520.jpg,1ZK7TD - Repair Invoice 18520.jpg,covered,,,,,,,,,inv#700,2026-07-30T23:40:40.887648
901223.pdf,901223.pdf,covered,,,,,,,,,inv#1023,2026-07-30T23:40:40.916728
FTI00092086 (3).pdf,FTI00092086 (3).pdf,covered,,,,,,,,,inv#889,2026-07-30T23:40:40.945467
INV0000296627 Oct inv.pdf,INV0000296627 Oct inv.pdf,stray_loaded,1601,True,tax_invoice,3,bill_to,509,MATCHED,5060,,2026-07-30T23:40:40.974526
Drivemate Invoice FT00000011 (1).pdf,Drivemate Invoice FT00000011 (1).pdf,duplicate,,,,,,,,,inv#738,2026-07-30T23:40:54.428066
Invoice_CON10093_INVSGP13338.pdf,Invoice_CON10093_INVSGP13338.pdf,covered,,,,,,,,,inv#645,2026-07-30T23:41:08.274953
AU-MRKV031878ED TaxInvoice (1).pdf,AU-MRKV031878ED TaxInvoice (1).pdf,covered,,,,,,,,,inv#917,2026-07-30T23:41:08.301551
Invoice B25030100132.pdf,Invoice B25030100132.pdf,covered,,,,,,,,,inv#1058,2026-07-30T23:41:08.330378
Invoice FINV7236.pdf,Invoice FINV7236.pdf,stray_loaded,1603,True,tax_invoice,3,bill_to,671,MATCHED,5032,,2026-07-30T23:41:08.359864
DRIVE MATE FTI00089337.pdf,DRIVE MATE FTI00089337.pdf,covered,,,,,,,,,inv#1142,2026-07-30T23:41:21.564925
SGIN25-776148.pdf,SGIN25-776148.pdf,covered,,,,,,,,,inv#493,2026-07-30T23:41:21.592746
Invoice_CON08122_INVSGP12892 (1).pdf,Invoice_CON08122_INVSGP12892 (1).pdf,stray_loaded,1604,True,tax_invoice,1,default,116,MATCHED,6701,,2026-07-30T23:41:21.620331
AWS (1).PNG,AWS (1).PNG,covered,,,,,,,,,inv#1168,2026-07-30T23:41:27.991318
TAX INVOICE DM012 - MATHEW CROWLEY - 1DOM401 (21.03.25).pdf,TAX INVOICE DM012 - MATHEW CROWLEY - 1DOM401 (21.03.25).pdf,covered,,,,,,,,,inv#1029,2026-07-30T23:41:28.018524
TAX INVOICE DM013 - CHARLOTTE WEIR - 1EFH077 (10.07.25) (1).pdf,TAX INVOICE DM013 - CHARLOTTE WEIR - 1EFH077 (10.07.25) (1).pdf,covered,,,,,,,,,inv#694,2026-07-30T23:41:28.046477
1HJV642 - Repo invoice.pdf,1HJV642 - Repo invoice.pdf,covered,,,,,,,,,inv#1237,2026-07-30T23:41:28.075053
MELBOURNE PRESTIGE CENTRE  CAMRY INNVOICE (1).pdf,MELBOURNE PRESTIGE CENTRE  CAMRY INNVOICE (1).pdf,covered,,,,,,,,,inv#966,2026-07-30T23:41:28.103080
AU-404381103145.pdf,AU-404381103145.pdf,covered,,,,,,,,,inv#405,2026-07-30T23:41:28.131871
freetexttaxinvoice (1).pdf,freetexttaxinvoice (1).pdf,covered,,,,,,,,,inv#1298,2026-07-30T23:41:28.159951
KWI202303421878.pdf,KWI202303421878.pdf,covered,,,,,,,,,inv#646,2026-07-30T23:41:28.188435
110225110502 - May-24.pdf,110225110502 - May-24.pdf,covered,,,,,,,,,inv#1370,2026-07-30T23:41:28.216844
1781745270126-Repair-invoice-1.pdf,1781745270126-Repair-invoice-1.pdf,not_invoice,,,other,,,,,,,2026-07-30T23:41:28.244922
Invoice-INV-7115.pdf,Invoice-INV-7115.pdf,covered,,,,,,,,,inv#529,2026-07-30T23:41:29.147656
2121930.4.24-14.10.txt,2121930.4.24-14.10.txt,covered,,,,,,,,,inv#1504,2026-07-30T23:41:29.176008
Invoice - RS - Drive Lah Ventures Holding Pte Ltd - 36.pdf,Invoice - RS - Drive Lah Ventures Holding Pte Ltd - 36.pdf,covered,,,,,,,,,inv#1330,2026-07-30T23:41:29.203819
110226110049 - DRIVE LAH PTE LTD.pdf,110226110049 - DRIVE LAH PTE LTD.pdf,covered,,,,,,,,,inv#705,2026-07-30T23:41:29.233498
25.0101 (2).pdf,25.0101 (2).pdf,covered,,,,,,,,,inv#895,2026-07-30T23:41:29.262556
Invoice INV-3190541 (1).pdf,Invoice INV-3190541 (1).pdf,covered,,,,,,,,,inv#1248,2026-07-30T23:41:29.291346
09209271 (1).pdf,09209271 (1).pdf,covered,,,,,,,,,inv#1490,2026-07-30T23:41:29.313616
5123420472-04 DN.pdf,5123420472-04 DN.pdf,covered,,,,,,,,,inv#396,2026-07-30T23:41:29.341553
8456 drivelah (1) (1).pdf,8456 drivelah (1) (1).pdf,covered,,,,,,,,,inv#801,2026-07-30T23:41:29.368951
DRIVE MATE AUSTRALIA PTY LTD FTI00091530.pdf,DRIVE MATE AUSTRALIA PTY LTD FTI00091530.pdf,covered,,,,,,,,,inv#941,2026-07-30T23:41:29.397371
INV02210390_A00062140_07032024.pdf,INV02210390_A00062140_07032024.pdf,covered,,,,,,,,,inv#1432,2026-07-30T23:41:29.424377
Drive Lah April - June 2025 Super.pdf,Drive Lah April - June 2025 Super.pdf,covered,,,,,,,,,inv#585,2026-07-30T23:41:29.452287
J &D Tax Invoice #14482 (1) (1).pdf,J &D Tax Invoice #14482 (1) (1).pdf,covered,,,,,,,,,inv#771,2026-07-30T23:41:29.479848
Tax Invoice #13254 (1).pdf,Tax Invoice #13254 (1).pdf,covered,,,,,,,,,inv#911,2026-07-30T23:41:29.506448
SND2179T  - FL INV 01 RMS.pdf,SND2179T  - FL INV 01 RMS.pdf,covered,,,,,,,,,inv#861,2026-07-30T23:41:29.534384
Motor Fleet Renewal (July)  Invoice - DRIVELA - 231196.pdf,Motor Fleet Renewal (July)  Invoice - DRIVELA - 231196.pdf,covered,,,,,,,,,inv#672,2026-07-30T23:41:29.562387
1ZV3BL- Melbourne Prestige Invoice 136- $2915 (1).jpeg,1ZV3BL- Melbourne Prestige Invoice 136- $2915 (1).jpeg,covered,,,,,,,,,inv#1092,2026-07-30T23:41:29.589931
1218.png,1218.png,not_invoice,,,other,,,,,,,2026-07-30T23:41:29.618313
Alti - Apr2026.png,Alti - Apr2026.png,covered,,,,,,,,,inv#309,2026-07-30T23:41:33.006392
INV 411-INV24_26439 GBL1750A.pdf,INV 411-INV24_26439 GBL1750A.pdf,covered,,,,,,,,,inv#1306,2026-07-30T23:41:33.033391
Excess Request (4).pdf,Excess Request (4).pdf,covered,,,,,,,,,inv#1338,2026-07-30T23:41:33.059266
SGIN26-144226.pdf,SGIN26-144226.pdf,covered,,,,,,,,,inv#375,2026-07-30T23:41:33.086717
AU-MRKV033513A5 - TaxInvoice.pdf,AU-MRKV033513A5 - TaxInvoice.pdf,stray_loaded,1605,True,tax_invoice,3,bill_to,117,MATCHED,5066,,2026-07-30T23:41:33.115490
WhatsApp Image 2024-09-06 at 09.42.55.jpeg,WhatsApp Image 2024-09-06 at 09.42.55.jpeg,covered,,,,,,,,,inv#1381,2026-07-30T23:41:48.547377
Invoice INV-3190620.pdf,Invoice INV-3190620.pdf,stray_loaded,1606,True,tax_invoice,3,bill_to,142,MATCHED,5030,,2026-07-30T23:41:48.575203
Invoice - 6805c46a42431ccbe8a9cfef.pdf,Invoice - 6805c46a42431ccbe8a9cfef.pdf,covered,,,,,,,,,inv#899,2026-07-30T23:42:04.015375
FLM - 1ESG871_FEE INVOICE.pdf,FLM - 1ESG871_FEE INVOICE.pdf,stray_loaded,1607,True,tax_invoice,3,bill_to,72,MATCHED,5034,,2026-07-30T23:42:04.043034
inv 2531605.pdf,inv 2531605.pdf,covered,,,,,,,,,inv#479,2026-07-30T23:42:10.453884
Excess Request (21).pdf,Excess Request (21).pdf,stray_loaded,1608,True,tax_invoice,3,bill_to,,QUARANTINE,,,2026-07-30T23:42:10.482366
Screenshot 2024-09-19 at 2.28.08 PM.png,Screenshot 2024-09-19 at 2.28.08 PM.png,covered,,,,,,,,,inv#1362,2026-07-30T23:42:27.186179
URA Violation.pdf,URA Violation.pdf,covered,,,,,,,,,inv#781,2026-07-30T23:42:27.214802
ZUU916 - New Claim Acknowledgement.pdf,ZUU916 - New Claim Acknowledgement.pdf,covered,,,,,,,,,inv#969,2026-07-30T23:42:27.244779
RACQ Sales Invoice.pdf,RACQ Sales Invoice.pdf,covered,,,,,,,,,inv#789,2026-07-30T23:42:27.272992
freetexttaxinvoice (1) (2).pdf,freetexttaxinvoice (1) (2).pdf,covered,,,,,,,,,inv#875,2026-07-30T23:42:27.302441
REPAIR INVOICE.png,REPAIR INVOICE.png,covered,,,,,,,,,inv#591,2026-07-30T23:42:27.330762
1772505808542-TP-EXCESS-RECOVERY-LETTER-M2601073.pdf,1772505808542-TP-EXCESS-RECOVERY-LETTER-M2601073.pdf,covered,,,,,,,,,inv#412,2026-07-30T23:42:27.360795
TOKIO (2).PNG,TOKIO (2).PNG,covered,,,,,,,,,inv#1011,2026-07-30T23:42:27.387562
SHARPS Invoice 75788 (2).pdf,SHARPS Invoice 75788 (2).pdf,covered,,,,,,,,,inv#856,2026-07-30T23:42:27.415689
Tax Invoice #14337 (1).pdf,Tax Invoice #14337 (1).pdf,covered,,,,,,,,,inv#828,2026-07-30T23:42:27.444226
855XAS - FLM Invoice.pdf,855XAS - FLM Invoice.pdf,covered,,,,,,,,,inv#945,2026-07-30T23:42:27.473161
Invoice_99240.pdf,Invoice_99240.pdf,covered,,,,,,,,,inv#1157,2026-07-30T23:42:27.500460
June 2024 Superannuation - Drive Lah Australia Pty Ltd.pdf,June 2024 Superannuation - Drive Lah Australia Pty Ltd.pdf,not_invoice,,,other,,,,,,,2026-07-30T23:42:27.529735
Nick_s invoices (17).pdf,Nick_s invoices (17).pdf,covered,,,,,,,,,inv#1283,2026-07-30T23:42:28.312350
Drivemate Invoice FTM1.pdf,Drivemate Invoice FTM1.pdf,stray_loaded,1609,True,tax_invoice,3,bill_to,509,MATCHED,5060,,2026-07-30T23:42:28.338621
387262923-POLTPD - Proof of Loss TP Direct (1).pdf,387262923-POLTPD - Proof of Loss TP Direct (1).pdf,covered,,,,,,,,,inv#838,2026-07-30T23:42:42.324078
Invoice_CON08122_INVSGP12783.pdf,Invoice_CON08122_INVSGP12783.pdf,covered,,,,,,,,,inv#1174,2026-07-30T23:42:42.353248
FL REPAIR INVOICE.pdf,FL REPAIR INVOICE.pdf,stray_loaded,1610,True,invoice,2,currency,,QUARANTINE,,,2026-07-30T23:42:42.381568
Intercom.pdf,Intercom.pdf,duplicate,,,,,,,,,inv#670,2026-07-30T23:42:57.905908
1773177899011-Invoice_AAU195396_2026-01-29_2026-01-29_55142.pdf,1773177899011-Invoice_AAU195396_2026-01-29_2026-01-29_55142.pdf,covered,,,,,,,,,inv#400,2026-07-30T23:43:14.030812
EBGI-3801762-5253751-1762246702671_EBAOGICLM_SLET_MT.pdf,EBGI-3801762-5253751-1762246702671_EBAOGICLM_SLET_MT.pdf,not_invoice,1612,False,letter,2,bill_to,,QUARANTINE,,,2026-07-30T23:43:14.060789
Invoice_CBMI25060278_M THINEASH S_O MANIMARAN SJY6877Y (1).pdf,Invoice_CBMI25060278_M THINEASH S_O MANIMARAN SJY6877Y (1).pdf,covered,,,,,,,,,inv#774,2026-07-30T23:43:29.319401
CDG May25 RMS.png,CDG May25 RMS.png,not_invoice,,False,spreadsheet_screenshot,,,,,,,2026-07-30T23:43:29.346628
TAX INVOICE DM001 - LAMPROS -  1HXT197 (3.10.24) (1).pdf,TAX INVOICE DM001 - LAMPROS -  1HXT197 (3.10.24) (1).pdf,covered,,,,,,,,,inv#1347,2026-07-30T23:43:43.699490
1219.png,1219.png,not_invoice,,,other,,,,,,,2026-07-30T23:43:43.726500
DRIVE MATE AUSTRALIA PTY LTD FTI00087596.pdf,DRIVE MATE AUSTRALIA PTY LTD FTI00087596.pdf,duplicate,,,,,,,,,inv#1298,2026-07-30T23:43:47.241678
REPAIR INVOICE.jpg,REPAIR INVOICE.jpg,covered,,,,,,,,,inv#854,2026-07-30T23:43:50.389563
DRIVELAH-DEC-$2990.pdf,DRIVELAH-DEC-$2990.pdf,covered,,,,,,,,,inv#1191,2026-07-30T23:43:50.416538
Vin.pdf,Vin.pdf,stray_loaded,1614,True,tax_invoice,2,bill_to,154,MATCHED,5032,,2026-07-30T23:43:50.445321
1ZF2BN_FEE INVOICE.pdf,1ZF2BN_FEE INVOICE.pdf,stray_loaded,1615,True,tax_invoice,3,bill_to,72,MATCHED,5034,,2026-07-30T23:43:57.368157
Invoice_CON06348_INVSGP12382.pdf,Invoice_CON06348_INVSGP12382.pdf,covered,,,,,,,,,inv#1472,2026-07-30T23:44:03.428575
1782006061049-Invoice-INV-3190749.pdf,1782006061049-Invoice-INV-3190749.pdf,covered,,,,,,,,,inv#282,2026-07-30T23:44:03.458116
INV02411469_A00062140_08032025.pdf,INV02411469_A00062140_08032025.pdf,covered,,,,,,,,,inv#648,2026-07-30T23:44:03.486356
SGRFP26-457.pdf,SGRFP26-457.pdf,covered,,,,,,,,,inv#272,2026-07-30T23:44:03.510717
INV24031025_Drive Lah Pte Ltd.pdf,INV24031025_Drive Lah Pte Ltd.pdf,covered,,,,,,,,,inv#1527,2026-07-30T23:44:03.539418
SGIN25-641240.pdf,SGIN25-641240.pdf,covered,,,,,,,,,inv#557,2026-07-30T23:44:03.569440
Excess Request - 1JQ7YF.pdf,Excess Request - 1JQ7YF.pdf,covered,,,,,,,,,inv#1155,2026-07-30T23:44:03.599130
AU-MRKV032902F4 TaxInvoice.pdf,AU-MRKV032902F4 TaxInvoice.pdf,covered,,,,,,,,,inv#599,2026-07-30T23:44:03.626754
Invoice_16066930_150925032959[1].pdf,Invoice_16066930_150925032959[1].pdf,stray_loaded,1616,True,tax_invoice,2,bill_to,55,MATCHED,5032,,2026-07-30T23:44:03.655644
AU-MRKV03104102 TaxInvoice (1).pdf,AU-MRKV03104102 TaxInvoice (1).pdf,covered,,,,,,,,,inv#1101,2026-07-30T23:44:07.298068
DriveMate 20831420.pdf,DriveMate 20831420.pdf,stray_loaded,1617,True,tax_invoice,3,bill_to,,QUARANTINE,,,2026-07-30T23:44:07.327896
Invoice INV-0149.pdf,Invoice INV-0149.pdf,covered,,,,,,,,,inv#1034,2026-07-30T23:44:22.492948
SHARPS Invoice 72449 (1).pdf,SHARPS Invoice 72449 (1).pdf,covered,,,,,,,,,inv#1085,2026-07-30T23:44:22.521025
Invoice INV-3190741.pdf,Invoice INV-3190741.pdf,duplicate,,,,,,,,,inv#269,2026-07-30T23:44:22.563994
Excess Letter _ FLE0015473_20250805052613 (3).pdf,Excess Letter _ FLE0015473_20250805052613 (3).pdf,not_invoice,1619,False,letter,3,bill_to,342,MATCHED,,,2026-07-30T23:44:37.818822
Nick_s invoices (1).pdf,Nick_s invoices (1).pdf,covered,,,,,,,,,inv#1283,2026-07-30T23:44:53.463960
"TAX INVOICE DM008 - ALAVANJA, Tamara - 1DTU426 (13.12.24) (1).pdf","TAX INVOICE DM008 - ALAVANJA, Tamara - 1DTU426 (13.12.24) (1).pdf",covered,,,,,,,,,inv#1190,2026-07-30T23:44:53.507431
5655.jpg,5655.jpg,covered,,,,,,,,,inv#1027,2026-07-30T23:44:53.550109
Invoice_CON08122_INVSGP13076.pdf,Invoice_CON08122_INVSGP13076.pdf,covered,,,,,,,,,inv#726,2026-07-30T23:44:53.604561
VOLKSWAGEN - 12785.pdf,VOLKSWAGEN - 12785.pdf,stray_loaded,1620,True,tax_invoice,3,bill_to,,QUARANTINE,,,2026-07-30T23:44:53.679347
1768289709920-Drive-Lah-Oct-Dec-2025-Super.pdf,1768289709920-Drive-Lah-Oct-Dec-2025-Super.pdf,covered,,,,,,,,,inv#486,2026-07-30T23:45:09.024032
Screenshot 2024-03-28 105729.png,Screenshot 2024-03-28 105729.png,covered,,,,,,,,,inv#1532,2026-07-30T23:45:09.050579
Tax Invoice #17690.pdf,Tax Invoice #17690.pdf,covered,,,,,,,,,inv#528,2026-07-30T23:45:09.078117
Invoice INV-0171.pdf,Invoice INV-0171.pdf,covered,,,,,,,,,inv#815,2026-07-30T23:45:09.105468
"TAX INVOICE DM016 - COBANOVIC, William DM 38531136 (29.09.25).pdf","TAX INVOICE DM016 - COBANOVIC, William DM 38531136 (29.09.25).pdf",stray_loaded,1621,True,tax_invoice,3,bill_to,111,MATCHED,5001,,2026-07-30T23:45:09.132726
1031913.PDF,1031913.PDF,covered,,,,,,,,,inv#887,2026-07-30T23:45:24.483365
SHARPS Invoice 79051.pdf,SHARPS Invoice 79051.pdf,stray_loaded,1622,True,tax_invoice,3,bill_to,132,MATCHED,5025,,2026-07-30T23:45:24.512097
INV23-2440398 (1).pdf,INV23-2440398 (1).pdf,covered,,,,,,,,,inv#1588,2026-07-30T23:45:30.625656
Endorsement Motor Fleet Invoice 225890 - DRIVELA.pdf,Endorsement Motor Fleet Invoice 225890 - DRIVELA.pdf,stray_loaded,1623,True,tax_invoice,3,bill_to,119,MATCHED,5035,,2026-07-30T23:45:30.653248
invoice_202505091746760422.pdf,invoice_202505091746760422.pdf,covered,,,,,,,,,inv#890,2026-07-30T23:45:37.905932
DH62EM - ACTCM Invoice 02025049 - $140.pdf,DH62EM - ACTCM Invoice 02025049 - $140.pdf,covered,,,,,,,,,inv#1082,2026-07-30T23:45:37.934478
Invoice_CON08122_INVSGP12630.pdf,Invoice_CON08122_INVSGP12630.pdf,covered,,,,,,,,,inv#1406,2026-07-30T23:45:37.962238
Excess Request (1) (2).pdf,Excess Request (1) (2).pdf,covered,,,,,,,,,inv#927,2026-07-30T23:45:37.990850
AU-MRKV03398706 - TaxInvoice.pdf,AU-MRKV03398706 - TaxInvoice.pdf,stray_loaded,1624,True,tax_invoice,3,bill_to,117,MATCHED,5066,,2026-07-30T23:45:38.019132
Invoice_INVFR0339366.pdf,Invoice_INVFR0339366.pdf,covered,,,,,,,,,inv#1259,2026-07-30T23:45:53.750344
Invoice - RS - Drive Lah Ventures Holding Pte Ltd - 33.pdf,Invoice - RS - Drive Lah Ventures Holding Pte Ltd - 33.pdf,covered,,,,,,,,,inv#1429,2026-07-30T23:45:53.779414
PS Marrickville-Invoice 0000388.pdf,PS Marrickville-Invoice 0000388.pdf,not_invoice,,,other,,,,,,,2026-07-30T23:45:53.809702
78660.pdf,78660.pdf,covered,,,,,,,,,inv#934,2026-07-30T23:45:55.591170
2024-06-24 Invoice #3456 - Invoice.pdf,2024-06-24 Invoice #3456 - Invoice.pdf,stray_loaded,1625,True,invoice,3,bill_to,84,MATCHED,6104,,2026-07-30T23:45:55.617660
INV-01241 (3).pdf,INV-01241 (3).pdf,stray_loaded,1626,True,tax_invoice,3,bill_to,138,MATCHED,5032,,2026-07-30T23:46:01.194457
SGIN25-71276.pdf,SGIN25-71276.pdf,covered,,,,,,,,,inv#1021,2026-07-30T23:46:07.404637
Drive Mate FTI00083345.pdf,Drive Mate FTI00083345.pdf,stray_loaded,1627,True,tax_invoice,3,bill_to,123,MATCHED,5033,,2026-07-30T23:46:07.435112
Melbourne Prestige - Invoice 199 - Storage.jpg,Melbourne Prestige - Invoice 199 - Storage.jpg,stray_loaded,1628,True,tax_invoice,3,bill_to,102,MATCHED,5032,,2026-07-30T23:46:22.818607
VH-PI-26-001150.pdf,VH-PI-26-001150.pdf,covered,,,,,,,,,inv#361,2026-07-30T23:46:30.979823
Copy of Nick_s invoices(1).pdf,Copy of Nick_s invoices(1).pdf,covered,,,,,,,,,inv#1283,2026-07-30T23:46:31.007935
Stephen Inner West Smash Repairs - Invoice 78655 (1).pdf,Stephen Inner West Smash Repairs - Invoice 78655 (1).pdf,covered,,,,,,,,,inv#981,2026-07-30T23:46:31.090425
1780708379432-INV-01289-1.pdf,1780708379432-INV-01289-1.pdf,covered,,,,,,,,,inv#297,2026-07-30T23:46:31.123738
Drive Lah Inv_369.pdf,Drive Lah Inv_369.pdf,covered,,,,,,,,,inv#1572,2026-07-30T23:46:31.152647
774LVR - Repo invoice.pdf,774LVR - Repo invoice.pdf,covered,,,,,,,,,inv#1246,2026-07-30T23:46:31.180663
Invoice_INVFR0232384.pdf,Invoice_INVFR0232384.pdf,covered,,,,,,,,,inv#1589,2026-07-30T23:46:31.209255
SGIN26-144223.pdf,SGIN26-144223.pdf,covered,,,,,,,,,inv#374,2026-07-30T23:46:31.238107
SGIN25-279114.pdf,SGIN25-279114.pdf,covered,,,,,,,,,inv#711,2026-07-30T23:46:31.268057
5123420472-04 Mar 2025 DN.pdf,5123420472-04 Mar 2025 DN.pdf,covered,,,,,,,,,inv#622,2026-07-30T23:46:31.295619
Nick_s invoices (16).pdf,Nick_s invoices (16).pdf,covered,,,,,,,,,inv#1283,2026-07-30T23:46:31.324686
VR Graphics Invoice March 2024 .pdf,VR Graphics Invoice March 2024 .pdf,covered,,,,,,,,,inv#1535,2026-07-30T23:46:31.355240
DM018.pdf,DM018.pdf,covered,,,,,,,,,inv#548,2026-07-30T23:46:31.385609
Invoice INV-3190625.pdf,Invoice INV-3190625.pdf,stray_loaded,1629,True,tax_invoice,3,bill_to,142,MATCHED,5030,,2026-07-30T23:46:31.416022
Invoice_02068_Sunrise_2024 (1).pdf,Invoice_02068_Sunrise_2024 (1).pdf,covered,,,,,,,,,inv#1135,2026-07-30T23:46:47.459047
Invoice INV-1482.pdf,Invoice INV-1482.pdf,covered,,,,,,,,,inv#1468,2026-07-30T23:46:47.487354
1776931756439-4035699_20260423_FEE-INVOICE.pdf,1776931756439-4035699_20260423_FEE-INVOICE.pdf,covered,,,,,,,,,inv#341,2026-07-30T23:46:47.517036
freetexttaxinvoice (1) (3).pdf,freetexttaxinvoice (1) (3).pdf,covered,,,,,,,,,inv#875,2026-07-30T23:46:47.545213
TOKIO (3).PNG,TOKIO (3).PNG,covered,,,,,,,,,inv#1011,2026-07-30T23:46:47.573976
FMS-DRIVE LAH-Invoice.pdf,FMS-DRIVE LAH-Invoice.pdf,covered,,,,,,,,,inv#1579,2026-07-30T23:46:47.602295
Excess Request YUU354.pdf,Excess Request YUU354.pdf,covered,,,,,,,,,inv#1037,2026-07-30T23:46:47.633005
Invoice_AAU194356.pdf,Invoice_AAU194356.pdf,covered,,,,,,,,,inv#475,2026-07-30T23:46:47.663341
Invoice_INVFR0294768.pdf,Invoice_INVFR0294768.pdf,covered,,,,,,,,,inv#1397,2026-07-30T23:46:47.693100
26.0044.pdf,26.0044.pdf,covered,,,,,,,,,inv#431,2026-07-30T23:46:47.720449
5123420472-04 Apr 2025 DN.pdf,5123420472-04 Apr 2025 DN.pdf,covered,,,,,,,,,inv#683,2026-07-30T23:46:47.749045
Excess Request (20).pdf,Excess Request (20).pdf,stray_loaded,1630,True,tax_invoice,3,bill_to,,QUARANTINE,,,2026-07-30T23:46:47.777991
illion Statement of Account - 391790 (1).PDF,illion Statement of Account - 391790 (1).PDF,covered,,,,,,,,,inv#1050,2026-07-30T23:47:04.024744
VAP813.pdf,VAP813.pdf,covered,,,,,,,,,inv#832,2026-07-30T23:47:04.052433
Invoice INV-6461.pdf,Invoice INV-6461.pdf,covered,,,,,,,,,inv#767,2026-07-30T23:47:04.080877
DM019.pdf,DM019.pdf,covered,,,,,,,,,inv#547,2026-07-30T23:47:04.110309
Invoice_INVFR0350919.pdf,Invoice_INVFR0350919.pdf,covered,,,,,,,,,inv#1176,2026-07-30T23:47:04.139398
_ INV0000283248.pdf,_ INV0000283248.pdf,stray_loaded,1631,True,tax_invoice,3,bill_to,509,MATCHED,5060,,2026-07-30T23:47:04.167597
Invoice_CON06348_INVSGP12227 (1).pdf,Invoice_CON06348_INVSGP12227 (1).pdf,covered,,,,,,,,,inv#1574,2026-07-30T23:47:17.366647
INV 505-INV25_28829 GBL1750A[1].pdf,INV 505-INV25_28829 GBL1750A[1].pdf,stray_loaded,1632,True,tax_invoice,2,bill_to,27,MATCHED,5001,,2026-07-30T23:47:17.395505
1777428078567-90275887_Fee-invoice-1.pdf,1777428078567-90275887_Fee-invoice-1.pdf,covered,,,,,,,,,inv#334,2026-07-30T23:47:21.530178
AR202412-000224.pdf,AR202412-000224.pdf,covered,,,,,,,,,inv#686,2026-07-30T23:47:21.557081
INV02329104_A00062140_01032025.pdf,INV02329104_A00062140_01032025.pdf,covered,,,,,,,,,inv#1013,2026-07-30T23:47:21.581197
Excess Request (5).pdf,Excess Request (5).pdf,covered,,,,,,,,,inv#1217,2026-07-30T23:47:21.605479
Invoice B24030100133.pdf,Invoice B24030100133.pdf,covered,,,,,,,,,inv#1423,2026-07-30T23:47:21.635411
WhatsApp Image 2024-07-01 at 12.53.01.jpeg,WhatsApp Image 2024-07-01 at 12.53.01.jpeg,covered,,,,,,,,,inv#1444,2026-07-30T23:47:21.665265
BCF33H_FEE INVOICE.pdf,BCF33H_FEE INVOICE.pdf,covered,,,,,,,,,inv#1046,2026-07-30T23:47:21.693224
Screenshot 2025-08-04 at 10.07.52 AM.png,Screenshot 2025-08-04 at 10.07.52 AM.png,covered,,,,,,,,,inv#657,2026-07-30T23:47:21.716710
1RS2TN repair invoice.jpg,1RS2TN repair invoice.jpg,covered,,,,,,,,,inv#906,2026-07-30T23:47:21.746782
570012529(Drivelah Subscription fee 10.2024) (1).pdf,570012529(Drivelah Subscription fee 10.2024) (1).pdf,covered,,,,,,,,,inv#1251,2026-07-30T23:47:21.775384
DOC-20240205-WA0000..pdf,DOC-20240205-WA0000..pdf,not_invoice,1633,False,receipt,1,default,,QUARANTINE,,,2026-07-30T23:47:21.803876
Bris Towing Call Out Fee.pdf,Bris Towing Call Out Fee.pdf,covered,,,,,,,,,inv#807,2026-07-30T23:47:36.943312
DRIVE MATE AUSTRALIA PTY LTD FTI00090951.pdf,DRIVE MATE AUSTRALIA PTY LTD FTI00090951.pdf,covered,,,,,,,,,inv#943,2026-07-30T23:47:36.971612
Motor Vehicle Fleet (January) Invoice 227030 - DRIVELA.pdf,Motor Vehicle Fleet (January) Invoice 227030 - DRIVELA.pdf,covered,,,,,,,,,inv#995,2026-07-30T23:47:36.999443
IMG_5373 (1).jpg,IMG_5373 (1).jpg,covered,,,,,,,,,inv#1202,2026-07-30T23:47:37.029396
Invoice_CBMI26020005.pdf,Invoice_CBMI26020005.pdf,covered,,,,,,,,,inv#459,2026-07-30T23:47:37.058537
INV2024-FLT0001-HYUNDAI ELANTRA-SMC7513A-17062024.pdf,INV2024-FLT0001-HYUNDAI ELANTRA-SMC7513A-17062024.pdf,covered,,,,,,,,,inv#1453,2026-07-30T23:47:37.086913
Invoice_INVFR0242426 (2).pdf,Invoice_INVFR0242426 (2).pdf,covered,,,,,,,,,inv#1571,2026-07-30T23:47:37.116494
invoice-to-DriveLah-Apr-May2025.pdf,invoice-to-DriveLah-Apr-May2025.pdf,covered,,,,,,,,,inv#835,2026-07-30T23:47:37.143196
INV00014598 (2).pdf,INV00014598 (2).pdf,covered,,,,,,,,,inv#859,2026-07-30T23:47:37.170454
SHARPS Invoice 72449.pdf,SHARPS Invoice 72449.pdf,covered,,,,,,,,,inv#1085,2026-07-30T23:47:37.198058
5123420472-04 Jun 2025 DN.pdf,5123420472-04 Jun 2025 DN.pdf,stray_loaded,1634,True,tax_invoice,2,bill_to,,QUARANTINE,,,2026-07-30T23:47:37.227386
Invoice_CON10093_INVSGP13464.pdf,Invoice_CON10093_INVSGP13464.pdf,covered,,,,,,,,,inv#549,2026-07-30T23:47:53.263594
YQJ90C_Fee invoice.pdf,YQJ90C_Fee invoice.pdf,covered,,,,,,,,,inv#1048,2026-07-30T23:47:53.291117
SG-JCS-057187.pdf,SG-JCS-057187.pdf,covered,,,,,,,,,inv#1436,2026-07-30T23:47:53.320498
Invoice INV-3690.pdf,Invoice INV-3690.pdf,covered,,,,,,,,,inv#1328,2026-07-30T23:47:53.348993
30044868 DRILC 0002.pdf,30044868 DRILC 0002.pdf,covered,,,,,,,,,inv#970,2026-07-30T23:47:53.377913
PS Marrickville-Invoice 0000352 (1).pdf,PS Marrickville-Invoice 0000352 (1).pdf,covered,,,,,,,,,inv#1112,2026-07-30T23:47:53.405176
Invoice_INVFR0409216.pdf,Invoice_INVFR0409216.pdf,covered,,,,,,,,,inv#813,2026-07-30T23:47:53.435005
Illion.PNG,Illion.PNG,covered,,,,,,,,,inv#1399,2026-07-30T23:47:53.459208
Assessment fee 1EFH077.pdf,Assessment fee 1EFH077.pdf,covered,,,,,,,,,inv#1033,2026-07-30T23:47:53.486062
Lloyd 5634.jpg,Lloyd 5634.jpg,covered,,,,,,,,,inv#1069,2026-07-30T23:47:53.514275
AAAC Towing Inv. INV-57005 1IEC820 250108.pdf,AAAC Towing Inv. INV-57005 1IEC820 250108.pdf,covered,,,,,,,,,inv#1137,2026-07-30T23:47:53.542742
1776134947344-4030163_20260330_FEE-INVOICE.pdf,1776134947344-4030163_20260330_FEE-INVOICE.pdf,covered,,,,,,,,,inv#360,2026-07-30T23:47:53.571596
Rohde Smash Repairs Invoice - XZL013.jpg,Rohde Smash Repairs Invoice - XZL013.jpg,covered,,,,,,,,,inv#782,2026-07-30T23:47:53.601701
5123420472-02 DN Jan 2024.pdf,5123420472-02 DN Jan 2024.pdf,covered,,,,,,,,,inv#1500,2026-07-30T23:47:53.628244
5656.jpg,5656.jpg,covered,,,,,,,,,inv#1026,2026-07-30T23:47:53.658771
Invoice_INVFR0373734.pdf,Invoice_INVFR0373734.pdf,covered,,,,,,,,,inv#1038,2026-07-30T23:47:53.688960
INV00084370_A00002537_03062024.pdf,INV00084370_A00002537_03062024.pdf,covered,,,,,,,,,inv#1401,2026-07-30T23:47:53.718544
1776212387060-84506112_Fee-invoice.pdf,1776212387060-84506112_Fee-invoice.pdf,covered,,,,,,,,,inv#359,2026-07-30T23:47:53.746393
Drivemate Invoice FT00000012 Dec25 Unpaid (1).pdf,Drivemate Invoice FT00000012 Dec25 Unpaid (1).pdf,duplicate,,,,,,,,,inv#737,2026-07-30T23:47:53.775880
Excess Letter _ FLE0015945_20250917010612.pdf,Excess Letter _ FLE0015945_20250917010612.pdf,not_invoice,1636,False,letter,3,bill_to,342,MATCHED,,,2026-07-30T23:48:07.930083
Screenshot 2024-03-25 at 4.06.34 PM.png,Screenshot 2024-03-25 at 4.06.34 PM.png,covered,,,,,,,,,inv#1540,2026-07-30T23:48:23.534495
BKK64H LH Rear Scrape.pdf,BKK64H LH Rear Scrape.pdf,covered,,,,,,,,,inv#961,2026-07-30T23:48:23.563903
INV 404-INV24-23651 GBL1750A.pdf,INV 404-INV24-23651 GBL1750A.pdf,covered,,,,,,,,,inv#1523,2026-07-30T23:48:23.592427
Estimate_1255421 (1) (2).pdf,Estimate_1255421 (1) (2).pdf,covered,,,,,,,,,inv#684,2026-07-30T23:48:23.624597
117KX4 - J&D Invoice 13704- $3523.85.pdf,117KX4 - J&D Invoice 13704- $3523.85.pdf,covered,,,,,,,,,inv#1074,2026-07-30T23:48:23.654239
30044875 DRILC 0001.pdf,30044875 DRILC 0001.pdf,covered,,,,,,,,,inv#1186,2026-07-30T23:48:23.684441
25.0363.pdf,25.0363.pdf,covered,,,,,,,,,inv#505,2026-07-30T23:48:23.713772
Screenshot 2024-01-31 092101.png,Screenshot 2024-01-31 092101.png,covered,,,,,,,,,inv#1583,2026-07-30T23:48:23.742665
PS Marrickville-Invoice 0000374 (1).pdf,PS Marrickville-Invoice 0000374 (1).pdf,covered,,,,,,,,,inv#755,2026-07-30T23:48:23.771625
IMG_1482.PNG,IMG_1482.PNG,covered,,,,,,,,,inv#797,2026-07-30T23:48:23.802133
Excess Request (16).pdf,Excess Request (16).pdf,stray_loaded,1637,True,tax_invoice,3,bill_to,,QUARANTINE,,,2026-07-30T23:48:23.828103
570012532(Drivelah Subscription fee 01.2025) (1).pdf,570012532(Drivelah Subscription fee 01.2025) (1).pdf,covered,,,,,,,,,inv#1068,2026-07-30T23:48:39.469633
uh2tspew4zvibykvst6n.pdf,uh2tspew4zvibykvst6n.pdf,not_invoice,1638,False,quotation,2,bill_to,,QUARANTINE,,,2026-07-30T23:48:39.497438
FTI00092086 (2).pdf,FTI00092086 (2).pdf,covered,,,,,,,,,inv#889,2026-07-30T23:48:54.854979
30046376 DRILC 0003.pdf,30046376 DRILC 0003.pdf,covered,,,,,,,,,inv#847,2026-07-30T23:48:54.883113
00958726_20241121_122936 (1).pdf,00958726_20241121_122936 (1).pdf,covered,,,,,,,,,inv#1292,2026-07-30T23:48:54.910524
TaxInvoice-P-33E-1719962981-1719965641 (1).pdf,TaxInvoice-P-33E-1719962981-1719965641 (1).pdf,covered,,,,,,,,,inv#1442,2026-07-30T23:48:54.941885
Motor Vehicle Fleet Invoice 227014 - DRIVELA.pdf,Motor Vehicle Fleet Invoice 227014 - DRIVELA.pdf,covered,,,,,,,,,inv#576,2026-07-30T23:48:54.975087
New Claim Acknowledgement (5).pdf,New Claim Acknowledgement (5).pdf,covered,,,,,,,,,inv#1162,2026-07-30T23:48:55.004503
invoice-to-DriveLah-Sep2024 (1).pdf,invoice-to-DriveLah-Sep2024 (1).pdf,covered,,,,,,,,,inv#1368,2026-07-30T23:48:55.034810
SOA-000A7-DECEMBER -DRIVELAH.pdf,SOA-000A7-DECEMBER -DRIVELAH.pdf,covered,,,,,,,,,inv#1178,2026-07-30T23:48:55.064024
Invoice_INVFR0589038.pdf,Invoice_INVFR0589038.pdf,covered,,,,,,,,,inv#244,2026-07-30T23:48:55.092774
VR Graphics Invoice May 2024.pdf,VR Graphics Invoice May 2024.pdf,covered,,,,,,,,,inv#1485,2026-07-30T23:48:55.122473
Rego 1GRM421 FEE INVOICE (1).pdf,Rego 1GRM421 FEE INVOICE (1).pdf,covered,,,,,,,,,inv#696,2026-07-30T23:48:55.149360
SJR4378X-INV-6912dc59f9b99292e8c189ff-JULIE.pdf,SJR4378X-INV-6912dc59f9b99292e8c189ff-JULIE.pdf,covered,,,,,,,,,inv#567,2026-07-30T23:48:55.177275
EXCESS INVOICE SKV4015K.pdf,EXCESS INVOICE SKV4015K.pdf,covered,,,,,,,,,inv#1340,2026-07-30T23:48:55.207116
New Claim Acknowledgement (2) (1).pdf,New Claim Acknowledgement (2) (1).pdf,covered,,,,,,,,,inv#1312,2026-07-30T23:48:55.237117
SOA DRIVELAH $80 Sep2025 (1).pdf,SOA DRIVELAH $80 Sep2025 (1).pdf,not_invoice,1639,False,statement,2,bill_to,,QUARANTINE,,,2026-07-30T23:48:55.267463
Invoice_INVFR0521413.pdf,Invoice_INVFR0521413.pdf,covered,,,,,,,,,inv#432,2026-07-30T23:49:11.194599
Dunning Letter-Drive Lah Pte. Ltd.-SGD-2024-10-03.pdf,Dunning Letter-Drive Lah Pte. Ltd.-SGD-2024-10-03.pdf,covered,,,,,,,,,inv#1349,2026-07-30T23:49:11.220555
image (1) (19).png,image (1) (19).png,covered,,,,,,,,,inv#863,2026-07-30T23:49:11.250857
TOKIO.PNG,TOKIO.PNG,covered,,,,,,,,,inv#1011,2026-07-30T23:49:11.278729
Screenshot 2025-08-04 at 10.42.27 AM.png,Screenshot 2025-08-04 at 10.42.27 AM.png,covered,,,,,,,,,inv#653,2026-07-30T23:49:11.309251
Invoice-FDD2C2B-0008.pdf,Invoice-FDD2C2B-0008.pdf,covered,,,,,,,,,inv#392,2026-07-30T23:49:11.337969
1029764  - 391790.PDF,1029764  - 391790.PDF,covered,,,,,,,,,inv#991,2026-07-30T23:49:11.365936
2384 (1).pdf,2384 (1).pdf,covered,,,,,,,,,inv#1180,2026-07-30T23:49:11.394243
SMV529Y - Repair Invoice (1).pdf,SMV529Y - Repair Invoice (1).pdf,covered,,,,,,,,,inv#758,2026-07-30T23:49:11.423575
WhatsApp Image 2024-12-12 at 13.19.45.jpeg,WhatsApp Image 2024-12-12 at 13.19.45.jpeg,covered,,,,,,,,,inv#1187,2026-07-30T23:49:11.453087
1777429110843-93689563_Fee-invoice.pdf,1777429110843-93689563_Fee-invoice.pdf,covered,,,,,,,,,inv#333,2026-07-30T23:49:11.480869
New Claim Acknowledgement BPF24E.pdf,New Claim Acknowledgement BPF24E.pdf,covered,,,,,,,,,inv#1129,2026-07-30T23:49:11.510831
"DI55HJ - Top Dents Invoice 731- $3,583.65.png","DI55HJ - Top Dents Invoice 731- $3,583.65.png",covered,,,,,,,,,inv#1079,2026-07-30T23:49:11.540314
INV-01279-1.pdf,INV-01279-1.pdf,covered,,,,,,,,,inv#472,2026-07-30T23:49:11.567789
1780014008704-Tax-Invoice-2472.pdf,1780014008704-Tax-Invoice-2472.pdf,covered,,,,,,,,,inv#302,2026-07-30T23:49:11.594452
INVOICE_24.1362_from_ACE Administration Services Pty Ltd.pdf,INVOICE_24.1362_from_ACE Administration Services Pty Ltd.pdf,covered,,,,,,,,,inv#1376,2026-07-30T23:49:11.623237
FINV6975.pdf,FINV6975.pdf,covered,,,,,,,,,inv#523,2026-07-30T23:49:11.650824
AU-MRKV030650DD TaxInvoice.pdf,AU-MRKV030650DD TaxInvoice.pdf,covered,,,,,,,,,inv#1160,2026-07-30T23:49:11.686982
Screenshot 2025-08-04 at 10.12.13 AM.png,Screenshot 2025-08-04 at 10.12.13 AM.png,covered,,,,,,,,,inv#656,2026-07-30T23:49:11.717206
SGIN25-3002 (1).pdf,SGIN25-3002 (1).pdf,covered,,,,,,,,,inv#1025,2026-07-30T23:49:11.747432
5123420472-04 Mar 2025 DN (1).pdf,5123420472-04 Mar 2025 DN (1).pdf,covered,,,,,,,,,inv#622,2026-07-30T23:49:11.774774
VH-PI-25-005110.pdf,VH-PI-25-005110.pdf,covered,,,,,,,,,inv#538,2026-07-30T23:49:11.798330
Recovery letter.pdf,Recovery letter.pdf,covered,,,,,,,,,inv#1421,2026-07-30T23:49:11.829128
IVC00111095.pdf,IVC00111095.pdf,covered,,,,,,,,,inv#1550,2026-07-30T23:49:11.858477
Aircall.pdf,Aircall.pdf,covered,,,,,,,,,inv#647,2026-07-30T23:49:11.886582
TAX INVOICE DM014 - JONATHON COX - 1HZB906 (31.07.25).pdf,TAX INVOICE DM014 - JONATHON COX - 1HZB906 (31.07.25).pdf,covered,,,,,,,,,inv#663,2026-07-30T23:49:11.918920
Invoice_CON10093_INVSGP13261.pdf,Invoice_CON10093_INVSGP13261.pdf,covered,,,,,,,,,inv#724,2026-07-30T23:49:11.948949
AU-MRKV0337605E TaxInvoice.pdf,AU-MRKV0337605E TaxInvoice.pdf,stray_loaded,1640,True,tax_invoice,3,bill_to,117,MATCHED,5066,,2026-07-30T23:49:11.978240
25.0202.pdf,25.0202.pdf,covered,,,,,,,,,inv#681,2026-07-30T23:49:28.358416
Excess Request (9).pdf,Excess Request (9).pdf,covered,,,,,,,,,inv#1196,2026-07-30T23:49:28.386545
Excess Request_ffKxN8TJ_20260121_102243 (1) (1).pdf,Excess Request_ffKxN8TJ_20260121_102243 (1) (1).pdf,duplicate,,,,,,,,,inv#478,2026-07-30T23:49:28.415527
Invoice INV-3190592.pdf,Invoice INV-3190592.pdf,covered,,,,,,,,,inv#786,2026-07-30T23:49:44.134580
1772271509067-invoice-to-DriveLah-Feb2026.pdf,1772271509067-invoice-to-DriveLah-Feb2026.pdf,covered,,,,,,,,,inv#424,2026-07-30T23:49:44.164838
SGIN25-71274.pdf,SGIN25-71274.pdf,covered,,,,,,,,,inv#1022,2026-07-30T23:49:44.193724
00006665.pdf,00006665.pdf,covered,,,,,,,,,inv#688,2026-07-30T23:49:44.223394
EBGI-3520631-4455812-1715330691124_EBAOGICLM_SLET_MT.pdf,EBGI-3520631-4455812-1715330691124_EBAOGICLM_SLET_MT.pdf,covered,,,,,,,,,inv#1494,2026-07-30T23:49:44.253163
Copy of Nick_s invoices (1)(3).pdf,Copy of Nick_s invoices (1)(3).pdf,covered,,,,,,,,,inv#1283,2026-07-30T23:49:44.281021
TAX INVOICE DM003 - BROCKMAN -  1EQZ501 (22.10.24).pdf,TAX INVOICE DM003 - BROCKMAN -  1EQZ501 (22.10.24).pdf,covered,,,,,,,,,inv#1332,2026-07-30T23:49:44.311883
Invoice_01970_September 2024 (1).pdf,Invoice_01970_September 2024 (1).pdf,covered,,,,,,,,,inv#1134,2026-07-30T23:49:44.342274
2025-05-28 Invoice #3466 - Invoice.pdf,2025-05-28 Invoice #3466 - Invoice.pdf,covered,,,,,,,,,inv#809,2026-07-30T23:49:44.370752
Invoice - 6807005d42431ccbe8a9d13c.pdf,Invoice - 6807005d42431ccbe8a9d13c.pdf,covered,,,,,,,,,inv#878,2026-07-30T23:49:44.400321
227KS4 - J&D - Invoice 14482.pdf,227KS4 - J&D - Invoice 14482.pdf,duplicate,,,,,,,,,inv#771,2026-07-30T23:49:44.429770
570012530(Drivelah Subscription fee 11.2024) (1).pdf,570012530(Drivelah Subscription fee 11.2024) (1).pdf,covered,,,,,,,,,inv#1252,2026-07-30T23:49:59.812558
INV_2024_02_0008.pdf,INV_2024_02_0008.pdf,covered,,,,,,,,,inv#1565,2026-07-30T23:49:59.842358
Invoice- 00051290.png,Invoice- 00051290.png,stray_loaded,1643,True,tax_invoice,3,bill_to,651,MATCHED,5032,,2026-07-30T23:49:59.871552
656XGQ - New Claim Acknowledgement (1).pdf,656XGQ - New Claim Acknowledgement (1).pdf,covered,,,,,,,,,inv#956,2026-07-30T23:50:13.135531
Invoice-B4427726-0005.pdf,Invoice-B4427726-0005.pdf,covered,,,,,,,,,inv#1097,2026-07-30T23:50:13.163491
18498498_Fee invoice (1) (1).pdf,18498498_Fee invoice (1) (1).pdf,covered,,,,,,,,,inv#633,2026-07-30T23:50:13.191726
INV-01265.pdf,INV-01265.pdf,stray_loaded,1644,True,tax_invoice,3,bill_to,138,MATCHED,5032,,2026-07-30T23:50:13.222935
AU-MRKV0316828C TaxInvoice (AU-MRKV0300291D) (1).pdf,AU-MRKV0316828C TaxInvoice (AU-MRKV0300291D) (1).pdf,covered,,,,,,,,,inv#600,2026-07-30T23:50:19.076987
Invoice INV-0156 (1).pdf,Invoice INV-0156 (1).pdf,covered,,,,,,,,,inv#935,2026-07-30T23:50:19.105582
1ZL2LU - Melbourne Prestige Invoice 132- $363.pdf,1ZL2LU - Melbourne Prestige Invoice 132- $363.pdf,covered,,,,,,,,,inv#1149,2026-07-30T23:50:19.136443
47348_FEE INVOICE.pdf,47348_FEE INVOICE.pdf,covered,,,,,,,,,inv#988,2026-07-30T23:50:19.165791
WhatsApp Image 2024-12-21 at 03.16.06.jpeg,WhatsApp Image 2024-12-21 at 03.16.06.jpeg,covered,,,,,,,,,inv#1230,2026-07-30T23:50:19.194644
SNL375P Invoice.pdf,SNL375P Invoice.pdf,covered,,,,,,,,,inv#802,2026-07-30T23:50:19.224804
Invoice_260073_from_ACE.pdf,Invoice_260073_from_ACE.pdf,stray_loaded,1645,True,tax_invoice,3,bill_to,28,MATCHED,6500,,2026-07-30T23:50:19.251596
New Claim Acknowledgement YJE23K.pdf,New Claim Acknowledgement YJE23K.pdf,covered,,,,,,,,,inv#1128,2026-07-30T23:50:34.483269
Statement for DRIVE LAH AUSTRALIA PTY LTD  As At 09Dec2024.pdf,Statement for DRIVE LAH AUSTRALIA PTY LTD  As At 09Dec2024.pdf,covered,,,,,,,,,inv#1263,2026-07-30T23:50:34.511375
5227153_Fee invoice.pdf,5227153_Fee invoice.pdf,covered,,,,,,,,,inv#891,2026-07-30T23:50:34.539908
Excess Letter.jpeg,Excess Letter.jpeg,covered,,,,,,,,,inv#730,2026-07-30T23:50:34.569868
250909 - CP Invoice - Drive Lah Australia.pdf,250909 - CP Invoice - Drive Lah Australia.pdf,stray_loaded,1646,True,tax_invoice,3,bill_to,,QUARANTINE,,,2026-07-30T23:50:34.598618
Invoice INV-4354 (1).pdf,Invoice INV-4354 (1).pdf,duplicate,,,,,,,,,inv#1073,2026-07-30T23:50:51.882795
Invoice 2507 (1).pdf,Invoice 2507 (1).pdf,covered,,,,,,,,,inv#918,2026-07-30T23:50:58.424308
Invoice INV-6209 (1).pdf,Invoice INV-6209 (1).pdf,covered,,,,,,,,,inv#972,2026-07-30T23:50:58.452859
Drive Lah Inv_250.pdf,Drive Lah Inv_250.pdf,not_invoice,,False,other,,,,,,,2026-07-30T23:50:58.483001
25.0305.pdf,25.0305.pdf,covered,,,,,,,,,inv#503,2026-07-30T23:51:00.313437
Invoice_250384_from_ACE.pdf,Invoice_250384_from_ACE.pdf,stray_loaded,1648,True,tax_invoice,3,bill_to,28,MATCHED,6500,,2026-07-30T23:51:00.340551
AU-MRKV032496C1 TaxInvoice.pdf,AU-MRKV032496C1 TaxInvoice.pdf,covered,,,,,,,,,inv#589,2026-07-30T23:51:15.324621
Ilya - INV-01253.pdf,Ilya - INV-01253.pdf,stray_loaded,1649,True,tax_invoice,3,bill_to,138,MATCHED,5032,,2026-07-30T23:51:15.352847
7175 Invoice_RMI25100001_DRIVE LAH PTE LTD (1).pdf,7175 Invoice_RMI25100001_DRIVE LAH PTE LTD (1).pdf,not_invoice,1650,False,other,2,currency,,QUARANTINE,,,2026-07-30T23:51:21.613472
Repair Bill 2AR8WN.jpeg,Repair Bill 2AR8WN.jpeg,covered,,,,,,,,,inv#1258,2026-07-30T23:51:38.074789
Invoice 2217.pdf,Invoice 2217.pdf,covered,,,,,,,,,inv#1165,2026-07-30T23:51:38.101531
image (16).png,image (16).png,covered,,,,,,,,,inv#1519,2026-07-30T23:51:38.132767
570012533(Drivelah Subscription fee 02.2025) (1).pdf,570012533(Drivelah Subscription fee 02.2025) (1).pdf,covered,,,,,,,,,inv#1067,2026-07-30T23:51:38.160153
SGIN26-368660.pdf,SGIN26-368660.pdf,covered,,,,,,,,,inv#274,2026-07-30T23:51:38.190077
30046367 DRILC 0004.pdf,30046367 DRILC 0004.pdf,covered,,,,,,,,,inv#846,2026-07-30T23:51:38.219262
1038359.PDF,1038359.PDF,covered,,,,,,,,,inv#465,2026-07-30T23:51:38.246899
Shannon Season Parking Aug 1 2024.jpg,Shannon Season Parking Aug 1 2024.jpg,covered,,,,,,,,,inv#1412,2026-07-30T23:51:38.274154
570012531(Drivelah Subscription fee 12.2024).pdf,570012531(Drivelah Subscription fee 12.2024).pdf,covered,,,,,,,,,inv#1158,2026-07-30T23:51:38.302157
237HL4 - Repo invoice.pdf,237HL4 - Repo invoice.pdf,covered,,,,,,,,,inv#1244,2026-07-30T23:51:38.331612
SGIN25-209858.pdf,SGIN25-209858.pdf,covered,,,,,,,,,inv#713,2026-07-30T23:51:38.360871
Invoice FINV4365.pdf,Invoice FINV4365.pdf,stray_loaded,1651,True,tax_invoice,3,bill_to,671,MATCHED,5032,,2026-07-30T23:51:38.388375
DRIVELAH $2000 JAN 2024.pdf,DRIVELAH $2000 JAN 2024.pdf,covered,,,,,,,,,inv#1569,2026-07-30T23:51:51.441436
Screenshot 2024-01-30 at 1.42.31 PM.png,Screenshot 2024-01-30 at 1.42.31 PM.png,covered,,,,,,,,,inv#1584,2026-07-30T23:51:51.470076
Drive Mate FTI00082176.pdf,Drive Mate FTI00082176.pdf,stray_loaded,1652,True,tax_invoice,3,bill_to,123,MATCHED,5033,,2026-07-30T23:51:51.498850
Excess Request (2).pdf,Excess Request (2).pdf,covered,,,,,,,,,inv#1290,2026-07-30T23:52:07.192900
1022671.PDF,1022671.PDF,covered,,,,,,,,,inv#1378,2026-07-30T23:52:07.222621
Dunning Letter-Drive Lah Pte. Ltd.-SGD-2024-03-25.pdf,Dunning Letter-Drive Lah Pte. Ltd.-SGD-2024-03-25.pdf,covered,,,,,,,,,inv#1539,2026-07-30T23:52:07.251390
Invoice INV-3582.pdf,Invoice INV-3582.pdf,covered,,,,,,,,,inv#1394,2026-07-30T23:52:07.282241
Invoice- 00051368.png,Invoice- 00051368.png,stray_loaded,1653,True,tax_invoice,3,bill_to,651,MATCHED,5032,,2026-07-30T23:52:07.310867
25.0073.pdf,25.0073.pdf,duplicate,,,,,,,,,inv#894,2026-07-30T23:52:21.044487
20251013 ATO - Overdue Super - Drive Lah.pdf,20251013 ATO - Overdue Super - Drive Lah.pdf,not_invoice,,,other,,,,,,,2026-07-30T23:52:35.987421
New Claim Acknowledgement BFD64T.pdf,New Claim Acknowledgement BFD64T.pdf,covered,,,,,,,,,inv#1130,2026-07-30T23:52:36.015667
Invoice INV-3541.pdf,Invoice INV-3541.pdf,covered,,,,,,,,,inv#1440,2026-07-30T23:52:36.042808
SOA-000A5-SEPTEMBER -DRIVELAH.pdf,SOA-000A5-SEPTEMBER -DRIVELAH.pdf,covered,,,,,,,,,inv#1337,2026-07-30T23:52:36.070967
Autorola Invoice_AAU151893 - 1AY3CQ (1).pdf,Autorola Invoice_AAU151893 - 1AY3CQ (1).pdf,covered,,,,,,,,,inv#933,2026-07-30T23:52:36.099928
51459_Fee invoice.pdf,51459_Fee invoice.pdf,covered,,,,,,,,,inv#865,2026-07-30T23:52:36.132053
VH-PI-25-003465 (1).pdf,VH-PI-25-003465 (1).pdf,covered,,,,,,,,,inv#796,2026-07-30T23:52:36.160797
AU-404381103912.pdf,AU-404381103912.pdf,covered,,,,,,,,,inv#404,2026-07-30T23:52:36.187196
1764316786245-25112025-INV-6927212ae1f624978ad1b8f5-SMQ3066Y-JULIE.pdf,1764316786245-25112025-INV-6927212ae1f624978ad1b8f5-SMQ3066Y-JULIE.pdf,covered,,,,,,,,,inv#540,2026-07-30T23:52:36.216569
AlMo_invoice_Drivemate_OTOPLUG_November(2025_11_30).pdf,AlMo_invoice_Drivemate_OTOPLUG_November(2025_11_30).pdf,covered,,,,,,,,,inv#514,2026-07-30T23:52:36.246164
SOA-000A3-JULY -DRIVELAH (1).pdf,SOA-000A3-JULY -DRIVELAH (1).pdf,covered,,,,,,,,,inv#1391,2026-07-30T23:52:36.277572
TOKIO (4).PNG,TOKIO (4).PNG,covered,,,,,,,,,inv#1011,2026-07-30T23:52:36.307564
Invoice- 00051382.png,Invoice- 00051382.png,stray_loaded,1655,True,tax_invoice,3,bill_to,651,MATCHED,5032,,2026-07-30T23:52:36.335137
Nick_s invoices (11).pdf,Nick_s invoices (11).pdf,covered,,,,,,,,,inv#1283,2026-07-30T23:52:50.015594
Invoice- 00051369.png,Invoice- 00051369.png,stray_loaded,1656,True,tax_invoice,3,bill_to,651,MATCHED,5032,,2026-07-30T23:52:50.043107
REPAIR INVOICE (2).pdf,REPAIR INVOICE (2).pdf,covered,,,,,,,,,inv#748,2026-07-30T23:53:03.604103
Invoice_SGIN26_296249.pdf,Invoice_SGIN26_296249.pdf,covered,,,,,,,,,inv#315,2026-07-30T23:53:03.630736
DJ65YV Invoice-9877.pdf,DJ65YV Invoice-9877.pdf,covered,,,,,,,,,inv#1403,2026-07-30T23:53:03.659698
Drivemate Invoice FT00000002.pdf,Drivemate Invoice FT00000002.pdf,stray_loaded,1657,True,tax_invoice,3,bill_to,509,MATCHED,5060,,2026-07-30T23:53:03.690148
Drive_AS_Feb 26-Mar 03_007.pdf,Drive_AS_Feb 26-Mar 03_007.pdf,covered,,,,,,,,,inv#1560,2026-07-30T23:53:17.528838
AU-MRKV03249523 TaxInvoice.pdf,AU-MRKV03249523 TaxInvoice.pdf,covered,,,,,,,,,inv#756,2026-07-30T23:53:17.557766
Invoice_260144_from_ACE.pdf,Invoice_260144_from_ACE.pdf,stray_loaded,1658,True,tax_invoice,3,bill_to,28,MATCHED,6500,,2026-07-30T23:53:17.587169
SNL375P - FL Invoice 682592856a41d32e83195e85.pdf,SNL375P - FL Invoice 682592856a41d32e83195e85.pdf,covered,,,,,,,,,inv#860,2026-07-30T23:53:32.920634
SGIN24-205438.pdf,SGIN24-205438.pdf,covered,,,,,,,,,inv#1498,2026-07-30T23:53:32.950193
invoice_6c5c2654-0227-11f1-8e30-7323110f5926-1.pdf,invoice_6c5c2654-0227-11f1-8e30-7323110f5926-1.pdf,covered,,,,,,,,,inv#447,2026-07-30T23:53:32.978925
CLH802 - Repo invoice.pdf,CLH802 - Repo invoice.pdf,covered,,,,,,,,,inv#1239,2026-07-30T23:53:33.007540
00267077_20240627_113932.pdf,00267077_20240627_113932.pdf,covered,,,,,,,,,inv#1449,2026-07-30T23:53:33.032994
Invoice_INVFR0283926.pdf,Invoice_INVFR0283926.pdf,covered,,,,,,,,,inv#1479,2026-07-30T23:53:33.062111
Invoice_RMI24060008_DRIVE LAH PTE LTD.pdf,Invoice_RMI24060008_DRIVE LAH PTE LTD.pdf,covered,,,,,,,,,inv#1447,2026-07-30T23:53:33.089808
Auto Tech Locksmiths Pty Ltd Invoice #2428.pdf,Auto Tech Locksmiths Pty Ltd Invoice #2428.pdf,covered,,,,,,,,,inv#1179,2026-07-30T23:53:33.119460
25.0264.pdf,25.0264.pdf,stray_loaded,1659,True,tax_invoice,3,bill_to,28,MATCHED,6500,,2026-07-30T23:53:33.147581
SGIN25-209859.pdf,SGIN25-209859.pdf,covered,,,,,,,,,inv#714,2026-07-30T23:53:48.500803
ECV SOA June.pdf,ECV SOA June.pdf,covered,,,,,,,,,inv#1416,2026-07-30T23:53:48.529418
Invoice_CON06348_INVSGP12490.pdf,Invoice_CON06348_INVSGP12490.pdf,covered,,,,,,,,,inv#1474,2026-07-30T23:53:48.563541
SOA DRIVELAH MAR25 $820[1].pdf,SOA DRIVELAH MAR25 $820[1].pdf,covered,,,,,,,,,inv#925,2026-07-30T23:53:48.592233
574JJ8 - New Claim Acknowledgement VL40301694.pdf,574JJ8 - New Claim Acknowledgement VL40301694.pdf,not_invoice,1660,False,letter,3,bill_to,76,MATCHED,,,2026-07-30T23:53:48.621067
AU-MRKV0311883A - TaxInvoice.pdf,AU-MRKV0311883A - TaxInvoice.pdf,covered,,,,,,,,,inv#1004,2026-07-30T23:54:04.171190
Invoice_INVFR0496023.pdf,Invoice_INVFR0496023.pdf,covered,,,,,,,,,inv#434,2026-07-30T23:54:04.200896
Cedar towing invoice 68 (1).pdf,Cedar towing invoice 68 (1).pdf,covered,,,,,,,,,inv#1199,2026-07-30T23:54:04.237471
Ilya - INV-01252.pdf,Ilya - INV-01252.pdf,stray_loaded,1661,True,tax_invoice,3,bill_to,138,MATCHED,5032,,2026-07-30T23:54:04.264139
INV-01241 (4).pdf,INV-01241 (4).pdf,covered,,,,,,,,,inv#1626,2026-07-30T23:54:10.390628
Motor Fleet Renewal (June) Invoice 230555 - DRIVELA (1).pdf,Motor Fleet Renewal (June) Invoice 230555 - DRIVELA (1).pdf,covered,,,,,,,,,inv#673,2026-07-30T23:54:10.422079
Inv_18353_from_Rohde_Smash_Repairs.pdf,Inv_18353_from_Rohde_Smash_Repairs.pdf,covered,,,,,,,,,inv#905,2026-07-30T23:54:10.452085
Screenshot 2025-08-04 at 10.25.16 AM.png,Screenshot 2025-08-04 at 10.25.16 AM.png,covered,,,,,,,,,inv#655,2026-07-30T23:54:10.480586
SJD428 - Michael Invoice 1516 - $495.jpeg,SJD428 - Michael Invoice 1516 - $495.jpeg,covered,,,,,,,,,inv#1087,2026-07-30T23:54:10.508423
INVOICE-Car Stickers & Decal Printing (Large Back Stickers + Rent My Car) - 300124.pdf,INVOICE-Car Stickers & Decal Printing (Large Back Stickers + Rent My Car) - 300124.pdf,covered,,,,,,,,,inv#1558,2026-07-30T23:54:10.537041
VL40281639 - 1LL5DN.pdf,VL40281639 - 1LL5DN.pdf,covered,,,,,,,,,inv#1172,2026-07-30T23:54:10.563762
Invoice_INVFR0470571.pdf,Invoice_INVFR0470571.pdf,covered,,,,,,,,,inv#555,2026-07-30T23:54:10.592406
902205.pdf,902205.pdf,covered,,,,,,,,,inv#497,2026-07-30T23:54:10.619748
39162_Fee invoice (1).pdf,39162_Fee invoice (1).pdf,covered,,,,,,,,,inv#1076,2026-07-30T23:54:10.647809
INV0000190918 Feb DriveLah.pdf,INV0000190918 Feb DriveLah.pdf,stray_loaded,1662,True,tax_invoice,3,bill_to,509,MATCHED,5060,,2026-07-30T23:54:10.676964
AU-MRKV032019B8 TaxInvoice.pdf,AU-MRKV032019B8 TaxInvoice.pdf,covered,,,,,,,,,inv#876,2026-07-30T23:54:24.365537
DRIVE MATE FTI00088923.pdf,DRIVE MATE FTI00088923.pdf,covered,,,,,,,,,inv#1143,2026-07-30T23:54:24.394463
Nick_s invoices (6).pdf,Nick_s invoices (6).pdf,covered,,,,,,,,,inv#1283,2026-07-30T23:54:24.425546
2025-01-25 Invoice #3463 - Invoice (1).pdf,2025-01-25 Invoice #3463 - Invoice (1).pdf,covered,,,,,,,,,inv#1183,2026-07-30T23:54:24.452162
AU-MRKV02990500 - TaxInvoice.pdf,AU-MRKV02990500 - TaxInvoice.pdf,covered,,,,,,,,,inv#1282,2026-07-30T23:54:24.478719
1762934891631-SG-Third-Party-04-11-2025-_-Cash-Settlement_-SMH5824K_TnC-acceptance.pdf,1762934891631-SG-Third-Party-04-11-2025-_-Cash-Settlement_-SMH5824K_TnC-acceptance.pdf,covered,,,,,,,,,inv#565,2026-07-30T23:54:24.508200
1RM1BH- Melbourne Prestige Invoice 138 - $2950.pdf,1RM1BH- Melbourne Prestige Invoice 138 - $2950.pdf,covered,,,,,,,,,inv#1093,2026-07-30T23:54:24.536902
Tokio - Excess Section II - SJR5001B (1).pdf,Tokio - Excess Section II - SJR5001B (1).pdf,covered,,,,,,,,,inv#1508,2026-07-30T23:54:24.565321
AU-404381102206.pdf,AU-404381102206.pdf,covered,,,,,,,,,inv#510,2026-07-30T23:54:24.594300
inv 2533139.pdf,inv 2533139.pdf,covered,,,,,,,,,inv#482,2026-07-30T23:54:24.619750
20240605 Invoice - Data Management.pdf,20240605 Invoice - Data Management.pdf,covered,,,,,,,,,inv#1422,2026-07-30T23:54:24.649768
invoice-INVSGP12954.pdf,invoice-INVSGP12954.pdf,covered,,,,,,,,,inv#1017,2026-07-30T23:54:24.678173
VR Graphics Invoice October 2024.pdf,VR Graphics Invoice October 2024.pdf,covered,,,,,,,,,inv#1334,2026-07-30T23:54:24.709459
Drive LAH Invoice INV-4360.pdf,Drive LAH Invoice INV-4360.pdf,covered,,,,,,,,,inv#1075,2026-07-30T23:54:24.737921
SGIN25-720838.pdf,SGIN25-720838.pdf,covered,,,,,,,,,inv#494,2026-07-30T23:54:24.765343
INV 406-INV24-24477 GBL1750A.pdf,INV 406-INV24-24477 GBL1750A.pdf,covered,,,,,,,,,inv#1460,2026-07-30T23:54:24.795063
1766727688677-3215698_20251210_FEE-INVOICE.pdf,1766727688677-3215698_20251210_FEE-INVOICE.pdf,covered,,,,,,,,,inv#509,2026-07-30T23:54:24.825753
INV 405-INV24-24060 GBL1750A.pdf,INV 405-INV24-24060 GBL1750A.pdf,covered,,,,,,,,,inv#1493,2026-07-30T23:54:24.853430
image (2025-06-11T01_35_46Z).png,image (2025-06-11T01_35_46Z).png,covered,,,,,,,,,inv#803,2026-07-30T23:54:24.884041
Invoice 2200.pdf,Invoice 2200.pdf,covered,,,,,,,,,inv#1218,2026-07-30T23:54:24.912335
GINC-789-2024_2000227095_Drive Lah Pte. Ltd_2024-04-08T05_07_54 UTC.pdf,GINC-789-2024_2000227095_Drive Lah Pte. Ltd_2024-04-08T05_07_54 UTC.pdf,covered,,,,,,,,,inv#1469,2026-07-30T23:54:24.941241
image - 2024-06-11T121419.025.png,image - 2024-06-11T121419.025.png,covered,,,,,,,,,inv#1465,2026-07-30T23:54:24.968785
SNJ596D Invoice.pdf,SNJ596D Invoice.pdf,covered,,,,,,,,,inv#695,2026-07-30T23:54:24.996152
1GO8CS - Repair Invoice 18518.jpg,1GO8CS - Repair Invoice 18518.jpg,covered,,,,,,,,,inv#702,2026-07-30T23:54:25.025211
EZY11K-29112025M.pdf,EZY11K-29112025M.pdf,covered,,,,,,,,,inv#1007,2026-07-30T23:54:25.053994
Copy of Nick_s invoices (1).pdf,Copy of Nick_s invoices (1).pdf,covered,,,,,,,,,inv#1283,2026-07-30T23:54:25.081638
New Claim Acknowledgement (5) (1).pdf,New Claim Acknowledgement (5) (1).pdf,covered,,,,,,,,,inv#687,2026-07-30T23:54:25.110939
Drive Lah Inv_327.pdf,Drive Lah Inv_327.pdf,covered,,,,,,,,,inv#883,2026-07-30T23:54:25.138932
SGIN24-138231 (1).pdf,SGIN24-138231 (1).pdf,covered,,,,,,,,,inv#1475,2026-07-30T23:54:25.167902
Invoice_CON08122_INVSGP12736.pdf,Invoice_CON08122_INVSGP12736.pdf,stray_loaded,1663,True,tax_invoice,1,default,116,MATCHED,6701,,2026-07-30T23:54:25.197075
MELBOURNE PRESTIGE CENTRE TAX INV22 (1).pdf,MELBOURNE PRESTIGE CENTRE TAX INV22 (1).pdf,covered,,,,,,,,,inv#1206,2026-07-30T23:54:31.833753
Invoice - RS - Drive Lah Ventures Holding Pte Ltd - 38 (1).pdf,Invoice - RS - Drive Lah Ventures Holding Pte Ltd - 38 (1).pdf,covered,,,,,,,,,inv#932,2026-07-30T23:54:31.862125
New Claim Acknowledgement BCF33H.pdf,New Claim Acknowledgement BCF33H.pdf,covered,,,,,,,,,inv#1151,2026-07-30T23:54:31.891142
New Claim Acknowledgement (17).pdf,New Claim Acknowledgement (17).pdf,covered,,,,,,,,,inv#1152,2026-07-30T23:54:31.918454
1763601887206-Invoice-FDD2C2B-0003.pdf,1763601887206-Invoice-FDD2C2B-0003.pdf,covered,,,,,,,,,inv#550,2026-07-30T23:54:31.946337
Rego- YGT73E.jpeg,Rego- YGT73E.jpeg,covered,,,,,,,,,inv#866,2026-07-30T23:54:31.974800
inv 2537767.pdf,inv 2537767.pdf,covered,,,,,,,,,inv#481,2026-07-30T23:54:31.999203
INV 502-INV25_27706 GBL1750A.pdf,INV 502-INV25_27706 GBL1750A.pdf,covered,,,,,,,,,inv#1106,2026-07-30T23:54:32.039316
20240308172727463 (1).pdf,20240308172727463 (1).pdf,covered,,,,,,,,,inv#1551,2026-07-30T23:54:32.069082
processed-38BE2216-DF2B-47A3-8B62-86984F26DEDE (1).jpeg,processed-38BE2216-DF2B-47A3-8B62-86984F26DEDE (1).jpeg,covered,,,,,,,,,inv#772,2026-07-30T23:54:32.096557
Invoice-26C2DD67-0001.pdf,Invoice-26C2DD67-0001.pdf,covered,,,,,,,,,inv#1182,2026-07-30T23:54:32.124917
Motor fleet GT.pdf,Motor fleet GT.pdf,covered,,,,,,,,,inv#1055,2026-07-30T23:54:32.153058
1UU7JU - New Claim Acknowledgement.pdf,1UU7JU - New Claim Acknowledgement.pdf,covered,,,,,,,,,inv#954,2026-07-30T23:54:32.181173
52641_FEE INVOICE.pdf,52641_FEE INVOICE.pdf,covered,,,,,,,,,inv#779,2026-07-30T23:54:32.210503
NotSeparatedPrincipalAndDependentNewFormat PC18105 - BI00046661_H.xls,NotSeparatedPrincipalAndDependentNewFormat PC18105 - BI00046661_H.xls,not_invoice,,,other,,,,,,,2026-07-30T23:54:32.240775
5123420472-04 DN Dec 2025.pdf,5123420472-04 DN Dec 2025.pdf,covered,,,,,,,,,inv#450,2026-07-30T23:54:32.270522
invoice-to-DriveLah-Feb-Mar2024.pdf,invoice-to-DriveLah-Feb-Mar2024.pdf,covered,,,,,,,,,inv#965,2026-07-30T23:54:32.299972
Drive Mate FTI00082411.pdf,Drive Mate FTI00082411.pdf,stray_loaded,1664,True,tax_invoice,3,bill_to,123,MATCHED,5033,,2026-07-30T23:54:32.326561
1767942168860-6960866692a2db2bed380b24-SLU3389G-PATRICK.pdf,1767942168860-6960866692a2db2bed380b24-SLU3389G-PATRICK.pdf,covered,,,,,,,,,inv#491,2026-07-30T23:54:48.074251
invoice-to-DriveLah-Aug-Sep2025.pdf,invoice-to-DriveLah-Aug-Sep2025.pdf,stray_loaded,1665,True,invoice,2,bill_to,128,MATCHED,6401,,2026-07-30T23:54:48.102726
Invoice_02010_October 2024-2 (1).pdf,Invoice_02010_October 2024-2 (1).pdf,covered,,,,,,,,,inv#848,2026-07-30T23:54:54.559110
2361.pdf,2361.pdf,covered,,,,,,,,,inv#1181,2026-07-30T23:54:54.585915
SGIN24-65575.pdf,SGIN24-65575.pdf,covered,,,,,,,,,inv#1538,2026-07-30T23:54:54.614135
INV 501-INV24_27264 GBL1750A.pdf,INV 501-INV24_27264 GBL1750A.pdf,covered,,,,,,,,,inv#1192,2026-07-30T23:54:54.641923
1035455.PDF,1035455.PDF,covered,,,,,,,,,inv#620,2026-07-30T23:54:54.672293
1037113_1.PDF,1037113_1.PDF,covered,,,,,,,,,inv#636,2026-07-30T23:54:54.700834
1778042071539-INV.10716-2.pdf,1778042071539-INV.10716-2.pdf,covered,,,,,,,,,inv#321,2026-07-30T23:54:54.732715
Drivemate invoice (1).pdf,Drivemate invoice (1).pdf,covered,,,,,,,,,inv#962,2026-07-30T23:54:54.761535
IMG_9858.jpg,IMG_9858.jpg,covered,,,,,,,,,inv#898,2026-07-30T23:54:54.788984
freetexttaxinvoice (2) (1).pdf,freetexttaxinvoice (2) (1).pdf,covered,,,,,,,,,inv#1296,2026-07-30T23:54:54.817591
Statement for DRIVE LAH AUSTRALIA PTY LTD  As At 01Oct2024.pdf,Statement for DRIVE LAH AUSTRALIA PTY LTD  As At 01Oct2024.pdf,covered,,,,,,,,,inv#1350,2026-07-30T23:54:54.847988
Inv_18474_from_Rohde_Smash_Repairs (2).pdf,Inv_18474_from_Rohde_Smash_Repairs (2).pdf,covered,,,,,,,,,inv#798,2026-07-30T23:54:54.875441
New Claim Acknowledgement (2).pdf,New Claim Acknowledgement (2).pdf,covered,,,,,,,,,inv#964,2026-07-30T23:54:54.907192
Excess Request (11).pdf,Excess Request (11).pdf,covered,,,,,,,,,inv#831,2026-07-30T23:54:54.938275
Ilya - INV-01251.pdf,Ilya - INV-01251.pdf,stray_loaded,1666,True,tax_invoice,3,bill_to,138,MATCHED,5032,,2026-07-30T23:54:54.965290
AU-MRKV0340979B TaxInvoice.pdf,AU-MRKV0340979B TaxInvoice.pdf,covered,,,,,,,,,inv#518,2026-07-30T23:55:01.055892
Screenshot 2025-08-04 at 11.07.58 AM.png,Screenshot 2025-08-04 at 11.07.58 AM.png,covered,,,,,,,,,inv#649,2026-07-30T23:55:01.084021
Excess Request 923YNZ $3000 (1) (1).pdf,Excess Request 923YNZ $3000 (1) (1).pdf,covered,,,,,,,,,inv#1036,2026-07-30T23:55:01.113390
Invoice INV-3635.pdf,Invoice INV-3635.pdf,covered,,,,,,,,,inv#1372,2026-07-30T23:55:01.141347
WhatsApp Image 2024-05-28 at 14.18.23.jpeg,WhatsApp Image 2024-05-28 at 14.18.23.jpeg,covered,,,,,,,,,inv#1483,2026-07-30T23:55:01.170247
INV 0404 (1).pdf,INV 0404 (1).pdf,covered,,,,,,,,,inv#857,2026-07-30T23:55:01.199424
Invoice - RS - Drive Lah Ventures Holding Pte Ltd - 40.pdf,Invoice - RS - Drive Lah Ventures Holding Pte Ltd - 40.pdf,covered,,,,,,,,,inv#1000,2026-07-30T23:55:01.229219
SMA3388C Invoice.pdf,SMA3388C Invoice.pdf,covered,,,,,,,,,inv#635,2026-07-30T23:55:01.258788
SGIN26-296225.pdf,SGIN26-296225.pdf,covered,,,,,,,,,inv#275,2026-07-30T23:55:01.287669
SKS1392G Invoice.pdf,SKS1392G Invoice.pdf,covered,,,,,,,,,inv#693,2026-07-30T23:55:01.316615
Invoice_INV_MI_23958 (1).pdf,Invoice_INV_MI_23958 (1).pdf,covered,,,,,,,,,inv#999,2026-07-30T23:55:01.345538
DRIVELAH $2220.00 AUG 24.pdf,DRIVELAH $2220.00 AUG 24.pdf,covered,,,,,,,,,inv#1333,2026-07-30T23:55:01.374051
Invoice INV-1234.pdf,Invoice INV-1234.pdf,covered,,,,,,,,,inv#1542,2026-07-30T23:55:01.402503
00006402.pdf,00006402.pdf,covered,,,,,,,,,inv#1225,2026-07-30T23:55:01.432112
INV 510-INV25_31052 GBL1750A.pdf,INV 510-INV25_31052 GBL1750A.pdf,stray_loaded,1667,True,tax_invoice,2,bill_to,27,MATCHED,5001,,2026-07-30T23:55:01.458634
1782708580553-INV-01295.pdf,1782708580553-INV-01295.pdf,covered,,,,,,,,,inv#270,2026-07-30T23:55:05.180780
DRIVE MATE FTI00088707.pdf,DRIVE MATE FTI00088707.pdf,covered,,,,,,,,,inv#1144,2026-07-30T23:55:05.209040
DRIVE MATE AUSTRALIA PTY LTD FTI00090499.pdf,DRIVE MATE AUSTRALIA PTY LTD FTI00090499.pdf,covered,,,,,,,,,inv#944,2026-07-30T23:55:05.238908
Assessment fee 581JG2.pdf,Assessment fee 581JG2.pdf,covered,,,,,,,,,inv#1197,2026-07-30T23:55:05.267842
AWS.PNG,AWS.PNG,covered,,,,,,,,,inv#1168,2026-07-30T23:55:05.293396
INV02312261_A00062140_12032024.pdf,INV02312261_A00062140_12032024.pdf,covered,,,,,,,,,inv#1014,2026-07-30T23:55:05.321502
25.0101.pdf,25.0101.pdf,duplicate,,,,,,,,,inv#895,2026-07-30T23:55:05.350840
image - 2025-01-05T140515.331.png,image - 2025-01-05T140515.331.png,covered,,,,,,,,,inv#1205,2026-07-30T23:55:20.611394
FTI1100000815 (1).pdf,FTI1100000815 (1).pdf,covered,,,,,,,,,inv#753,2026-07-30T23:55:20.639140
Invoice INV138669.pdf,Invoice INV138669.pdf,covered,,,,,,,,,inv#715,2026-07-30T23:55:20.669589
R202034.pdf,R202034.pdf,covered,,,,,,,,,inv#455,2026-07-30T23:55:20.699877
"180JT6 - ACT Invoice 13615 - $2,824.25.pdf","180JT6 - ACT Invoice 13615 - $2,824.25.pdf",covered,,,,,,,,,inv#1121,2026-07-30T23:55:20.728278
Invoice_INVFR0561321.pdf,Invoice_INVFR0561321.pdf,covered,,,,,,,,,inv#299,2026-07-30T23:55:20.758790
Invoice_99690 (1).pdf,Invoice_99690 (1).pdf,covered,,,,,,,,,inv#1102,2026-07-30T23:55:20.788950
"Mar 17, 2024 car washing.pdf","Mar 17, 2024 car washing.pdf",covered,,,,,,,,,inv#1541,2026-07-30T23:55:20.817024
Invoice INV137016.pdf,Invoice INV137016.pdf,stray_loaded,1669,True,tax_invoice,3,bill_to,65,MATCHED,5030,,2026-07-30T23:55:20.844702
INVOICE-3797-1.pdf,INVOICE-3797-1.pdf,covered,,,,,,,,,inv#541,2026-07-30T23:55:24.601416
SGIN25-139689.pdf,SGIN25-139689.pdf,covered,,,,,,,,,inv#1018,2026-07-30T23:55:24.630210
Drive Lah - May_24.pdf,Drive Lah - May_24.pdf,covered,,,,,,,,,inv#1455,2026-07-30T23:55:24.654663
1646Nxm2ich6nw0J82OFE5Zgbuht22jIZ,Invoice 12221.pdf,error,,,,,,,,,[Errno 2] No such file or directory: '/tmp/drive_f,2026-07-30T23:55:34.832943
1EP06Y7gdSHaua5sLNUoCDyYn0eAUGAei,00000616_20260729_165809.pdf,error,,,,,,,,,[Errno 2] No such file or directory: '/tmp/drive_f,2026-07-30T23:55:34.833093
1tgGhFo8i1Plh4mWy_UqQ7xFH854CH22v,June 2026 otoplug.png,error,,,,,,,,,[Errno 2] No such file or directory: '/tmp/drive_f,2026-07-30T23:55:34.833170
13oSJQPuWjZw8PbO2pAxSssAqzHoHt6cq,Invoice for NEW (Invoice No_ NW20250000010843).pdf,error,,,,,,,,,[Errno 2] No such file or directory: '/tmp/drive_f,2026-07-30T23:55:34.833222
1XeFAoyEwn03pdtj_PpqT8HdDxvr7H3Pd,PB22415.png,error,,,,,,,,,[Errno 2] No such file or directory: '/tmp/drive_f,2026-07-30T23:55:34.833268
1RxU3uISWtYVHX1A2DHlUlIT973bNfO1e,PI-SUM-26-076463.pdf,error,,,,,,,,,[Errno 2] No such file or directory: '/tmp/drive_f,2026-07-30T23:55:34.833309
1__IvjEnAo-v13qg1MADHz3Vr_V_jZCPN,Invoice_260197_from_ACE.pdf,error,,,,,,,,,[Errno 2] No such file or directory: '/tmp/drive_f,2026-07-30T23:55:34.833350
1VZoqzeKvYKv5roB4nOqFdBMmRm2414pn,Invoice_260171_from_ACE.pdf,error,,,,,,,,,[Errno 2] No such file or directory: '/tmp/drive_f,2026-07-30T23:55:34.833387
1E4MPCdpp88wH2B2QzW6HpL2G1TQ12Z9Q,Invoice_260121_from_ACE.pdf,not_invoice,,,other,,,,,,,2026-07-30T23:55:34.833427
1hY_sYn592m6iWx5MgbNdrBvWNHV-vvYz,Invoice_260073_from_ACE.pdf,not_invoice,,,other,,,,,,,2026-07-30T23:55:34.891783
1fPCn3n9ruMmp2sCo4_4NvFbWGNhAoFh3,Invoice_260144_from_ACE.pdf,not_invoice,,,other,,,,,,,2026-07-30T23:55:34.922331
15vgKVMmc4L29eNk6e1aFeQrVGmIuc3mc,1781745270126-Repair-invoice-1.pdf,error,,,,,,,,,[Errno 2] No such file or directory: '/tmp/drive_f,2026-07-30T23:55:34.954601
1r-BuKx4hxMHfaQbmFF4WcJl5VUFVFBKz,1781591657151-4048763_20260611_FEE-INVOICE-B.pdf,not_invoice,,,other,,,,,,,2026-07-30T23:55:34.978788
1qJkF0BpzviwMb8MmL--tbijfMTzd7jJB,1780973104735-INV-01287.pdf,error,,,,,,,,,[Errno 2] No such file or directory: '/tmp/drive_f,2026-07-30T23:55:35.038243
Invoice no. 8183 - SMD Lawyers Invoice - 250057 (WITH FUNDS IN TRUST)-1.pdf,Invoice no. 8183 - SMD Lawyers Invoice - 250057 (WITH FUNDS IN TRUST)-1.pdf,stray_loaded,1670,True,tax_invoice,3,bill_to,622,MATCHED,6501,,2026-07-30T23:55:24.685164
570012529(Drivelah Subscription fee 10.2024).pdf,570012529(Drivelah Subscription fee 10.2024).pdf,covered,,,,,,,,,inv#1251,2026-07-30T23:55:38.296214
Invoice_INVFR0273556.pdf,Invoice_INVFR0273556.pdf,covered,,,,,,,,,inv#1466,2026-07-30T23:55:38.326004
"TAX INVOICE DM011 - LOPES, Emma - 1CKT163 - TA90105021 (24.02.25).pdf","TAX INVOICE DM011 - LOPES, Emma - 1CKT163 - TA90105021 (24.02.25).pdf",covered,,,,,,,,,inv#1090,2026-07-30T23:55:38.354793
63948I.PDF,63948I.PDF,covered,,,,,,,,,inv#592,2026-07-30T23:55:38.382088
Excess Request (10).pdf,Excess Request (10).pdf,covered,,,,,,,,,inv#843,2026-07-30T23:55:38.409404
Invoice_INVFR0548016.pdf,Invoice_INVFR0548016.pdf,covered,,,,,,,,,inv#330,2026-07-30T23:55:38.438138
Invoice 2239.pdf,Invoice 2239.pdf,covered,,,,,,,,,inv#1159,2026-07-30T23:55:38.467335
INV0000194292 Written off of 1QQ2TX.pdf,INV0000194292 Written off of 1QQ2TX.pdf,covered,,,,,,,,,inv#871,2026-07-30T23:55:38.495150
Ilya - INV-01255.pdf,Ilya - INV-01255.pdf,stray_loaded,1671,True,tax_invoice,3,bill_to,138,MATCHED,5032,,2026-07-30T23:55:38.523996
Excess Request (2) (1).pdf,Excess Request (2) (1).pdf,covered,,,,,,,,,inv#1256,2026-07-30T23:55:44.508677
61391.pdf,61391.pdf,covered,,,,,,,,,inv#1382,2026-07-30T23:55:44.538769
SGIN25-490940.pdf,SGIN25-490940.pdf,covered,,,,,,,,,inv#609,2026-07-30T23:55:44.569340
New Claim Acknowledgement (3).pdf,New Claim Acknowledgement (3).pdf,covered,,,,,,,,,inv#881,2026-07-30T23:55:44.597841
image (34) (3) (1).png,image (34) (3) (1).png,covered,,,,,,,,,inv#1207,2026-07-30T23:55:44.626268
Invoice-INV-7205.pdf,Invoice-INV-7205.pdf,covered,,,,,,,,,inv#500,2026-07-30T23:55:44.654844
Drivemate Invoice FT00000011.pdf,Drivemate Invoice FT00000011.pdf,duplicate,,,,,,,,,inv#738,2026-07-30T23:55:44.683486
1777443145660-4034416_20260422_FEE-INVOICE-B-1.pdf,1777443145660-4034416_20260422_FEE-INVOICE-B-1.pdf,covered,,,,,,,,,inv#332,2026-07-30T23:55:58.590311
FL invoice.pdf,FL invoice.pdf,covered,,,,,,,,,inv#644,2026-07-30T23:55:58.619864
20240905 Invoice - Data Management-6b38a9ee-d846-4fbf-9c20-3bd2772145ea.pdf,20240905 Invoice - Data Management-6b38a9ee-d846-4fbf-9c20-3bd2772145ea.pdf,covered,,,,,,,,,inv#1380,2026-07-30T23:55:58.651160
1770882991140-70819956.pdf,1770882991140-70819956.pdf,duplicate,,,,,,,,,inv#425,2026-07-30T23:55:58.679722
FLM - 49168332_FEE INVOICE - 1ZO2HA.pdf,FLM - 49168332_FEE INVOICE - 1ZO2HA.pdf,covered,,,,,,,,,inv#542,2026-07-30T23:56:02.084758
Repair inovice.png,Repair inovice.png,covered,,,,,,,,,inv#1269,2026-07-30T23:56:02.114744
1VV6SE - Melbourne Prestige Invoice.png,1VV6SE - Melbourne Prestige Invoice.png,covered,,,,,,,,,inv#841,2026-07-30T23:56:02.144457
cdg2.PNG,cdg2.PNG,covered,,,,,,,,,inv#1030,2026-07-30T23:56:02.174330
VOLKSWAGEN - 10708.pdf,VOLKSWAGEN - 10708.pdf,stray_loaded,1674,True,tax_invoice,3,bill_to,,QUARANTINE,,,2026-07-30T23:56:02.205534
15815605825085.pdf,15815605825085.pdf,covered,,,,,,,,,inv#485,2026-07-30T23:56:19.127724
28544891_Fee invoice.pdf,28544891_Fee invoice.pdf,covered,,,,,,,,,inv#619,2026-07-30T23:56:19.155540
SOA_JAN26_DRIVE_LAH_$120 (1).pdf,SOA_JAN26_DRIVE_LAH_$120 (1).pdf,not_invoice,1675,False,statement,2,bill_to,,QUARANTINE,,,2026-07-30T23:56:19.184736
Invoice - RS - Drive Lah Ventures Holding Pte Ltd - 39 (1).pdf,Invoice - RS - Drive Lah Ventures Holding Pte Ltd - 39 (1).pdf,covered,,,,,,,,,inv#1001,2026-07-30T23:56:34.296846
IMG-20250124-WA0009.jpg,IMG-20250124-WA0009.jpg,covered,,,,,,,,,inv#1115,2026-07-30T23:56:34.322605
Invoice-00002088.pdf,Invoice-00002088.pdf,covered,,,,,,,,,inv#1188,2026-07-30T23:56:34.349907
1776240816624-Invoice-S113554_50-1.pdf,1776240816624-Invoice-S113554_50-1.pdf,covered,,,,,,,,,inv#354,2026-07-30T23:56:34.385282
Invoice-F693931E-0004.pdf,Invoice-F693931E-0004.pdf,covered,,,,,,,,,inv#1107,2026-07-30T23:56:34.409318
illion Statement of Account - 391790 (1s).PDF,illion Statement of Account - 391790 (1s).PDF,covered,,,,,,,,,inv#1050,2026-07-30T23:56:34.438208
Invoice_INVFR0575792.pdf,Invoice_INVFR0575792.pdf,covered,,,,,,,,,inv#245,2026-07-30T23:56:34.466512
Invoice_100562.pdf,Invoice_100562.pdf,covered,,,,,,,,,inv#974,2026-07-30T23:56:34.496717
DC37MY_FEE INVOICE.pdf,DC37MY_FEE INVOICE.pdf,covered,,,,,,,,,inv#1045,2026-07-30T23:56:34.525666
1ESG871_fee inv.pdf,1ESG871_fee inv.pdf,covered,,,,,,,,,inv#1083,2026-07-30T23:56:34.555529
1775426964751-84708769_Fee-invoice.pdf,1775426964751-84708769_Fee-invoice.pdf,covered,,,,,,,,,inv#365,2026-07-30T23:56:34.583490
Screenshot 2025-05-06 100105.jpg,Screenshot 2025-05-06 100105.jpg,covered,,,,,,,,,inv#900,2026-07-30T23:56:34.612719
SMU4162A - BOT 38414 - Invoice nuber  67becc3b62b5c40640c0e04f.pdf,SMU4162A - BOT 38414 - Invoice nuber  67becc3b62b5c40640c0e04f.pdf,covered,,,,,,,,,inv#950,2026-07-30T23:56:34.640978
Invoice INV137836.pdf,Invoice INV137836.pdf,covered,,,,,,,,,inv#885,2026-07-30T23:56:34.671875
Motor Fleet Renewal (May) Invoice 229549 - DRIVELA (1).pdf,Motor Fleet Renewal (May) Invoice 229549 - DRIVELA (1).pdf,covered,,,,,,,,,inv#674,2026-07-30T23:56:34.700648
Quotation (2).pdf,Quotation (2).pdf,covered,,,,,,,,,inv#1451,2026-07-30T23:56:34.731836
Invoice INV-1635.pdf,Invoice INV-1635.pdf,covered,,,,,,,,,inv#1271,2026-07-30T23:56:34.760209
Drivemate Invoice FT00000010.pdf,Drivemate Invoice FT00000010.pdf,duplicate,,,,,,,,,inv#739,2026-07-30T23:56:34.785908
1ZG9WK Invoice.jpg,1ZG9WK Invoice.jpg,covered,,,,,,,,,inv#732,2026-07-30T23:56:48.568470
Assessment fee 852JS2.pdf,Assessment fee 852JS2.pdf,covered,,,,,,,,,inv#1123,2026-07-30T23:56:48.596346
Motor Fleet Renewal (August) Invoice 231951 - DRIVELA.pdf,Motor Fleet Renewal (August) Invoice 231951 - DRIVELA.pdf,covered,,,,,,,,,inv#597,2026-07-30T23:56:48.624579
Invoice FINV5929.pdf,Invoice FINV5929.pdf,duplicate,,,,,,,,,inv#525,2026-07-30T23:56:48.653222
Carwash.pdf,Carwash.pdf,covered,,,,,,,,,inv#1547,2026-07-30T23:57:01.956018
Ilya - INV-01254.pdf,Ilya - INV-01254.pdf,duplicate,,,,,,,,,inv#569,2026-07-30T23:57:01.984924
1CSF876_Fee invoice.pdf,1CSF876_Fee invoice.pdf,covered,,,,,,,,,inv#1042,2026-07-30T23:57:07.986033
FLM - 35499255_Fee invoice - 1EFH077.pdf,FLM - 35499255_Fee invoice - 1EFH077.pdf,stray_loaded,1679,True,tax_invoice,3,bill_to,72,MATCHED,5034,,2026-07-30T23:57:08.016661
INV02288658_A00062140_10252024.pdf,INV02288658_A00062140_10252024.pdf,covered,,,,,,,,,inv#1262,2026-07-30T23:57:13.768274
Aug invoice Humax.pdf,Aug invoice Humax.pdf,covered,,,,,,,,,inv#581,2026-07-30T23:57:13.797594
AU-MRKV03000040 TaxInvoice.pdf,AU-MRKV03000040 TaxInvoice.pdf,covered,,,,,,,,,inv#1281,2026-07-30T23:57:13.826210
5123420472-04 DN Nov 2025.pdf,5123420472-04 DN Nov 2025.pdf,covered,,,,,,,,,inv#449,2026-07-30T23:57:13.856131
MELBOURNE PRESTIGE CENTRE CCX9 INV.pdf,MELBOURNE PRESTIGE CENTRE CCX9 INV.pdf,covered,,,,,,,,,inv#682,2026-07-30T23:57:13.881212
1777070470230-INV-01285.pdf,1777070470230-INV-01285.pdf,covered,,,,,,,,,inv#339,2026-07-30T23:57:13.910537
SGIN25-3001 (1).pdf,SGIN25-3001 (1).pdf,covered,,,,,,,,,inv#1024,2026-07-30T23:57:13.939602
Excess-Letter-_-FLE0015420_20250616055303.pdf,Excess-Letter-_-FLE0015420_20250616055303.pdf,covered,,,,,,,,,inv#466,2026-07-30T23:57:13.967148
Drive_AS_Feb 19-Feb 25_006 - Revised.pdf,Drive_AS_Feb 19-Feb 25_006 - Revised.pdf,covered,,,,,,,,,inv#1561,2026-07-30T23:57:13.997382
1776309279664-4031104_20260407_FEE-INVOICE-2.pdf,1776309279664-4031104_20260407_FEE-INVOICE-2.pdf,covered,,,,,,,,,inv#352,2026-07-30T23:57:14.027876
INV-01239.pdf,INV-01239.pdf,covered,,,,,,,,,inv#666,2026-07-30T23:57:14.056087
ACE24.1470.pdf,ACE24.1470.pdf,covered,,,,,,,,,inv#1211,2026-07-30T23:57:14.083822
SMU4162A Towing May 5 2025.jpg,SMU4162A Towing May 5 2025.jpg,covered,,,,,,,,,inv#833,2026-07-30T23:57:14.114041
Nick_s invoices (7).pdf,Nick_s invoices (7).pdf,covered,,,,,,,,,inv#1283,2026-07-30T23:57:14.163986
00006388.pdf,00006388.pdf,covered,,,,,,,,,inv#1275,2026-07-30T23:57:14.193907
SGIN24-329505.pdf,SGIN24-329505.pdf,covered,,,,,,,,,inv#1437,2026-07-30T23:57:14.220995
INV-01246 (1).pdf,INV-01246 (1).pdf,covered,,,,,,,,,inv#623,2026-07-30T23:57:14.251647
AU-MRKV033354F7 TaxInvoice.pdf,AU-MRKV033354F7 TaxInvoice.pdf,covered,,,,,,,,,inv#588,2026-07-30T23:57:14.279173
1RS2TN repair invoice (2) (1).jpg,1RS2TN repair invoice (2) (1).jpg,covered,,,,,,,,,inv#903,2026-07-30T23:57:14.307468
SGIN26-220.pdf,SGIN26-220.pdf,covered,,,,,,,,,inv#495,2026-07-30T23:57:14.335729
Invoice INV-9653.pdf,Invoice INV-9653.pdf,stray_loaded,1680,True,tax_invoice,3,bill_to,,QUARANTINE,,,2026-07-30T23:57:14.366348
49761_Fee invoice (1).pdf,49761_Fee invoice (1).pdf,covered,,,,,,,,,inv#747,2026-07-30T23:57:31.739932
Invoice INV-3190521 (1).pdf,Invoice INV-3190521 (1).pdf,stray_loaded,1681,True,tax_invoice,3,bill_to,142,MATCHED,5030,,2026-07-30T23:57:31.771267
New Claim Acknowledgement (20).pdf,New Claim Acknowledgement (20).pdf,covered,,,,,,,,,inv#840,2026-07-30T23:57:48.570767
Screenshot 2025-02-10 at 3.50.44 PM.png,Screenshot 2025-02-10 at 3.50.44 PM.png,covered,,,,,,,,,inv#1117,2026-07-30T23:57:48.598084
Invoice INV-6548.pdf,Invoice INV-6548.pdf,covered,,,,,,,,,inv#692,2026-07-30T23:57:48.622983
1772520582800-80152284_Fee-invoice.pdf,1772520582800-80152284_Fee-invoice.pdf,covered,,,,,,,,,inv#411,2026-07-30T23:57:48.653818
399KZ7_Fee invoice.pdf,399KZ7_Fee invoice.pdf,covered,,,,,,,,,inv#1109,2026-07-30T23:57:48.683231
SGIN24-593201.pdf,SGIN24-593201.pdf,covered,,,,,,,,,inv#1326,2026-07-30T23:57:48.711850
AlMo_invoice_Drivemate_OTOPLUG_July(2025_07_30) (3).pdf,AlMo_invoice_Drivemate_OTOPLUG_July(2025_07_30) (3).pdf,covered,,,,,,,,,inv#582,2026-07-30T23:57:48.740816
Intercom-invoice-2025-04-03-INV02374705.pdf,Intercom-invoice-2025-04-03-INV02374705.pdf,covered,,,,,,,,,inv#722,2026-07-30T23:57:48.770951
INV0000297819.pdf,INV0000297819.pdf,stray_loaded,1682,True,tax_invoice,3,bill_to,509,MATCHED,5060,,2026-07-30T23:57:48.800720
570012536(Drivelah Subscription fee 05.2025).pdf,570012536(Drivelah Subscription fee 05.2025).pdf,covered,,,,,,,,,inv#790,2026-07-30T23:58:02.108261
INV0008.pdf,INV0008.pdf,covered,,,,,,,,,inv#1506,2026-07-30T23:58:02.139502
SGIN26-368659.pdf,SGIN26-368659.pdf,covered,,,,,,,,,inv#273,2026-07-30T23:58:02.163051
0049_001.pdf,0049_001.pdf,covered,,,,,,,,,inv#1316,2026-07-30T23:58:02.191802
Excess Request (9) (1).pdf,Excess Request (9) (1).pdf,covered,,,,,,,,,inv#778,2026-07-30T23:58:02.220782
23484696_FEE INVOICE.pdf,23484696_FEE INVOICE.pdf,covered,,,,,,,,,inv#640,2026-07-30T23:58:02.251597
AU-MRKV030548DA - TaxInvoice.pdf,AU-MRKV030548DA - TaxInvoice.pdf,covered,,,,,,,,,inv#1163,2026-07-30T23:58:02.280431
Drivemate Invoice FT00000006.pdf,Drivemate Invoice FT00000006.pdf,duplicate,,,,,,,,,inv#744,2026-07-30T23:58:02.311848
VL40288928.pdf,VL40288928.pdf,covered,,,,,,,,,inv#808,2026-07-30T23:58:17.888090
Excess Request 1EJW774.pdf,Excess Request 1EJW774.pdf,stray_loaded,1684,True,tax_invoice,3,bill_to,,QUARANTINE,,,2026-07-30T23:58:17.916391
ACE 24.1497.pdf,ACE 24.1497.pdf,covered,,,,,,,,,inv#1209,2026-07-30T23:58:34.178103
INV02255310_A00062140_09032024.pdf,INV02255310_A00062140_09032024.pdf,covered,,,,,,,,,inv#1374,2026-07-30T23:58:34.211312
Nick_s invoices (10).pdf,Nick_s invoices (10).pdf,covered,,,,,,,,,inv#1283,2026-07-30T23:58:34.234967
cdg1.PNG,cdg1.PNG,covered,,,,,,,,,inv#1031,2026-07-30T23:58:34.265379
Invoice_INV_MI_22790 (1).pdf,Invoice_INV_MI_22790 (1).pdf,covered,,,,,,,,,inv#1329,2026-07-30T23:58:34.292212
Invoice_INVFR0305789.pdf,Invoice_INVFR0305789.pdf,covered,,,,,,,,,inv#1396,2026-07-30T23:58:34.318780
2024-12-25 Invoice #3462 - Invoice.pdf,2024-12-25 Invoice #3462 - Invoice.pdf,stray_loaded,1685,True,invoice,3,bill_to,84,MATCHED,6104,,2026-07-30T23:58:34.348036
Invoice INV-3190679.pdf,Invoice INV-3190679.pdf,covered,,,,,,,,,inv#470,2026-07-30T23:58:39.486602
Invoice-001 copy.pdf,Invoice-001 copy.pdf,covered,,,,,,,,,inv#1461,2026-07-30T23:58:39.513717
YLD59X - Excess Request (1).pdf,YLD59X - Excess Request (1).pdf,stray_loaded,1686,True,tax_invoice,3,bill_to,,QUARANTINE,,,2026-07-30T23:58:39.541168
Invoice_INVFR0263053 (2).pdf,Invoice_INVFR0263053 (2).pdf,covered,,,,,,,,,inv#1507,2026-07-30T23:58:55.124398
Invoice INV-1390.pdf,Invoice INV-1390.pdf,covered,,,,,,,,,inv#1555,2026-07-30T23:58:55.154927
Intercom-invoice-2025-06-03-INV02396615.pdf,Intercom-invoice-2025-06-03-INV02396615.pdf,covered,,,,,,,,,inv#720,2026-07-30T23:58:55.225463
Invoice INV-1511 (1).pdf,Invoice INV-1511 (1).pdf,covered,,,,,,,,,inv#1415,2026-07-30T23:58:55.251942
New Claim Acknowledgement CEV91E.pdf,New Claim Acknowledgement CEV91E.pdf,covered,,,,,,,,,inv#881,2026-07-30T23:58:55.280862
17062026_Account-34729867.pdf,17062026_Account-34729867.pdf,covered,,,,,,,,,inv#287,2026-07-30T23:58:55.310590
Intercom-invoice-2025-05-03-INV02386774.pdf,Intercom-invoice-2025-05-03-INV02386774.pdf,covered,,,,,,,,,inv#721,2026-07-30T23:58:55.339765
New Claim Acknowledgement (1) (2).pdf,New Claim Acknowledgement (1) (2).pdf,covered,,,,,,,,,inv#870,2026-07-30T23:58:55.367596
Rego 1GRM421 FEE INVOICE.pdf,Rego 1GRM421 FEE INVOICE.pdf,covered,,,,,,,,,inv#696,2026-07-30T23:58:55.396516
TOKIO (5).PNG,TOKIO (5).PNG,covered,,,,,,,,,inv#1011,2026-07-30T23:58:55.423748
1771974906474-Tax-Invoice-60319.pdf,1771974906474-Tax-Invoice-60319.pdf,covered,,,,,,,,,inv#427,2026-07-30T23:58:55.452431
Screenshot 2024-02-29 at 5.48.27 PM.png,Screenshot 2024-02-29 at 5.48.27 PM.png,covered,,,,,,,,,inv#1557,2026-07-30T23:58:55.482017
Invoice_INV25110169.pdf,Invoice_INV25110169.pdf,covered,,,,,,,,,inv#532,2026-07-30T23:58:55.510971
1765174452666-INV-01272-1.pdf,1765174452666-INV-01272-1.pdf,covered,,,,,,,,,inv#531,2026-07-30T23:58:55.537549
FLM - 42982455_FEE INVOICE - 657ZBH.pdf,FLM - 42982455_FEE INVOICE - 657ZBH.pdf,stray_loaded,1687,True,tax_invoice,3,bill_to,72,MATCHED,5034,,2026-07-30T23:58:55.565202
Estimate_1255420 (1) (1).pdf,Estimate_1255420 (1) (1).pdf,covered,,,,,,,,,inv#685,2026-07-30T23:59:01.746836
-Quote-Request-SJD428-NSW-VW-Transporter-2009-Inbox-Support-Intercom-04-23-2025_03_32_PM.png,-Quote-Request-SJD428-NSW-VW-Transporter-2009-Inbox-Support-Intercom-04-23-2025_03_32_PM.png,covered,,,,,,,,,inv#938,2026-07-30T23:59:01.773829
Invoice_260121_from_ACE.pdf,Invoice_260121_from_ACE.pdf,stray_loaded,1688,True,tax_invoice,3,bill_to,28,MATCHED,6500,,2026-07-30T23:59:01.798986
Excess Request 923YNZ.pdf,Excess Request 923YNZ.pdf,covered,,,,,,,,,inv#1081,2026-07-30T23:59:17.120639
Drivemate Invoice FT00000007.pdf,Drivemate Invoice FT00000007.pdf,duplicate,,,,,,,,,inv#743,2026-07-30T23:59:17.149407
"SOA DRIVELAH JUL24 $2,970.00.pdf","SOA DRIVELAH JUL24 $2,970.00.pdf",covered,,,,,,,,,inv#1360,2026-07-30T23:59:31.200140
SGIN24-329504 (2).pdf,SGIN24-329504 (2).pdf,covered,,,,,,,,,inv#1470,2026-07-30T23:59:31.224760
ACE.pdf,ACE.pdf,covered,,,,,,,,,inv#1521,2026-07-30T23:59:31.314325
SJM7705S - BOT 6271 - Invoice number 67a443b1ef39ca41620fa466.pdf,SJM7705S - BOT 6271 - Invoice number 67a443b1ef39ca41620fa466.pdf,covered,,,,,,,,,inv#951,2026-07-30T23:59:31.436355
465JP2 - Repo invoice.pdf,465JP2 - Repo invoice.pdf,covered,,,,,,,,,inv#1245,2026-07-30T23:59:31.523912
Excess Request (3).pdf,Excess Request (3).pdf,covered,,,,,,,,,inv#1265,2026-07-30T23:59:31.609859
Invoice 14435 (1) (1).pdf,Invoice 14435 (1) (1).pdf,stray_loaded,1690,True,tax_invoice,3,bill_to,88,MATCHED,5032,,2026-07-30T23:59:31.637546
Invoice_102821.pdf,Invoice_102821.pdf,stray_loaded,1691,True,invoice,3,bill_to,130,MATCHED,5030,,2026-07-30T23:59:47.331892
SGIN25-490942.pdf,SGIN25-490942.pdf,covered,,,,,,,,,inv#610,2026-07-30T23:59:52.819283
Rego DE38UF Repair Invoice .png,Rego DE38UF Repair Invoice .png,covered,,,,,,,,,inv#908,2026-07-30T23:59:52.847870
1780285570786-Excess-Request_T9xXJMsS_20260528_112224.pdf,1780285570786-Excess-Request_T9xXJMsS_20260528_112224.pdf,covered,,,,,,,,,inv#300,2026-07-30T23:59:52.877836
SGIN24-396447.pdf,SGIN24-396447.pdf,covered,,,,,,,,,inv#1427,2026-07-30T23:59:52.903155
INV0009.pdf,INV0009.pdf,covered,,,,,,,,,inv#1499,2026-07-30T23:59:52.931382
Dec otoplug - alti.png,Dec otoplug - alti.png,not_invoice,,False,report,,,,,,,2026-07-30T23:59:52.957264
INV-000008_Dirk-Jan_Ter_Horst.pdf,INV-000008_Dirk-Jan_Ter_Horst.pdf,covered,,,,,,,,,inv#1543,2026-07-30T23:59:57.900507
Drivemate FTI00084947.pdf,Drivemate FTI00084947.pdf,covered,,,,,,,,,inv#1457,2026-07-30T23:59:57.930225
Invoice_CON08122_INVSGP12679.pdf,Invoice_CON08122_INVSGP12679.pdf,covered,,,,,,,,,inv#1375,2026-07-30T23:59:57.957631
Invoice_CON10093_INVSGP13404.pdf,Invoice_CON10093_INVSGP13404.pdf,stray_loaded,1692,True,tax_invoice,2,bill_to,116,MATCHED,6701,,2026-07-30T23:59:57.986755
Invoice_CON08122_INVSGP13201.pdf,Invoice_CON08122_INVSGP13201.pdf,covered,,,,,,,,,inv#725,2026-07-31T00:00:04.877278
570012535(Drivelah Subscription fee 04.2025) (1).pdf,570012535(Drivelah Subscription fee 04.2025) (1).pdf,covered,,,,,,,,,inv#879,2026-07-31T00:00:04.905420
SGIN24-593200.pdf,SGIN24-593200.pdf,covered,,,,,,,,,inv#1322,2026-07-31T00:00:04.933341
R202750.pdf,R202750.pdf,covered,,,,,,,,,inv#453,2026-07-31T00:00:04.962912
SHARPS-Invoice-84995.pdf,SHARPS-Invoice-84995.pdf,covered,,,,,,,,,inv#543,2026-07-31T00:00:04.991996
Lloyd 5640.jpg,Lloyd 5640.jpg,covered,,,,,,,,,inv#1070,2026-07-31T00:00:05.019673
M2401716 - Final Notice.pdf,M2401716 - Final Notice.pdf,covered,,,,,,,,,inv#1486,2026-07-31T00:00:05.048519
Payment_VH-PY-25-005604.pdf,Payment_VH-PY-25-005604.pdf,not_invoice,1693,False,receipt,2,bill_to,,QUARANTINE,,,2026-07-31T00:00:05.075940
Invoice INV-3190556 (2).pdf,Invoice INV-3190556 (2).pdf,covered,,,,,,,,,inv#1057,2026-07-31T00:00:07.661666
Invoice 18571.pdf,Invoice 18571.pdf,covered,,,,,,,,,inv#1545,2026-07-31T00:00:07.688561
570012530(Drivelah Subscription fee 11.2024).pdf,570012530(Drivelah Subscription fee 11.2024).pdf,covered,,,,,,,,,inv#1252,2026-07-31T00:00:07.715833
00006384.pdf,00006384.pdf,covered,,,,,,,,,inv#1278,2026-07-31T00:00:07.745951
1773803101649-Invoice-113554_40-1.pdf,1773803101649-Invoice-113554_40-1.pdf,covered,,,,,,,,,inv#391,2026-07-31T00:00:07.781091
Dunning Letter-Drive Lah Pte. Ltd.-SGD-2024-08-25.pdf,Dunning Letter-Drive Lah Pte. Ltd.-SGD-2024-08-25.pdf,covered,,,,,,,,,inv#1390,2026-07-31T00:00:07.809549
inv 2506605.pdf,inv 2506605.pdf,covered,,,,,,,,,inv#489,2026-07-31T00:00:07.838509
Invoice INV-3190715.pdf,Invoice INV-3190715.pdf,covered,,,,,,,,,inv#310,2026-07-31T00:00:07.867955
Nick_s invoices (4).pdf,Nick_s invoices (4).pdf,covered,,,,,,,,,inv#1283,2026-07-31T00:00:07.921285
Invoice-14238 (1) (1).pdf,Invoice-14238 (1) (1).pdf,covered,,,,,,,,,inv#1287,2026-07-31T00:00:08.001055
900DR3 - GT - Excess Request.pdf,900DR3 - GT - Excess Request.pdf,covered,,,,,,,,,inv#795,2026-07-31T00:00:08.110897
AU-MRKV03019162 TaxInvoice.pdf,AU-MRKV03019162 TaxInvoice.pdf,covered,,,,,,,,,inv#1194,2026-07-31T00:00:08.196883
20260012 and M2304709.pdf,20260012 and M2304709.pdf,not_invoice,,,other,,,,,,,2026-07-31T00:00:08.235465
Inv 157_Drive Lah.pdf,Inv 157_Drive Lah.pdf,stray_loaded,1694,True,invoice,1,default,125,MATCHED,6500,,2026-07-31T00:00:08.267329
110225110800 - Drive.pdf,110225110800 - Drive.pdf,covered,,,,,,,,,inv#1369,2026-07-31T00:00:24.771878
MT_1298290-002 - Income Excess Letter.pdf,MT_1298290-002 - Income Excess Letter.pdf,covered,,,,,,,,,inv#624,2026-07-31T00:00:24.796347
Invoice_INVFR0252756.pdf,Invoice_INVFR0252756.pdf,covered,,,,,,,,,inv#1529,2026-07-31T00:00:24.824906
00006409.pdf,00006409.pdf,covered,,,,,,,,,inv#1222,2026-07-31T00:00:24.851647
49761_Fee invoice (2).pdf,49761_Fee invoice (2).pdf,covered,,,,,,,,,inv#747,2026-07-31T00:00:24.880801
2024-08-25 Invoice #3458 - Invoice.pdf,2024-08-25 Invoice #3458 - Invoice.pdf,covered,,,,,,,,,inv#1389,2026-07-31T00:00:24.911109
7621010_FEE INV.pdf,7621010_FEE INV.pdf,covered,,,,,,,,,inv#783,2026-07-31T00:00:24.939260
AU-MRKV0301109B - TaxInvoice.pdf,AU-MRKV0301109B - TaxInvoice.pdf,covered,,,,,,,,,inv#1273,2026-07-31T00:00:24.970519
Screenshot 2024-04-29 at 12.37.07 PM.png,Screenshot 2024-04-29 at 12.37.07 PM.png,covered,,,,,,,,,inv#1511,2026-07-31T00:00:24.998977
Screenshot 2024-06-11 at 12.54.03 PM.png,Screenshot 2024-06-11 at 12.54.03 PM.png,covered,,,,,,,,,inv#1464,2026-07-31T00:00:25.027614
image1 (1) (2).jpeg,image1 (1) (2).jpeg,covered,,,,,,,,,inv#776,2026-07-31T00:00:25.056082
SGIN26-71776.pdf,SGIN26-71776.pdf,covered,,,,,,,,,inv#376,2026-07-31T00:00:25.083941
902027.pdf,902027.pdf,covered,,,,,,,,,inv#558,2026-07-31T00:00:25.112460
Invoice_02043_November 2024 (1).pdf,Invoice_02043_November 2024 (1).pdf,covered,,,,,,,,,inv#1133,2026-07-31T00:00:25.141327
"TAX INVOICE DM005 - SCULLY, Steele Vincent Rosborough -  1HAI842 (17.11.24).pdf","TAX INVOICE DM005 - SCULLY, Steele Vincent Rosborough -  1HAI842 (17.11.24).pdf",covered,,,,,,,,,inv#1304,2026-07-31T00:00:25.170399
Invoice 17263.pdf,Invoice 17263.pdf,covered,,,,,,,,,inv#1573,2026-07-31T00:00:25.198809
Invoice INV-3190579 (1).pdf,Invoice INV-3190579 (1).pdf,covered,,,,,,,,,inv#919,2026-07-31T00:00:25.227467
Invoice_CON10093_INVSGP13569.pdf,Invoice_CON10093_INVSGP13569.pdf,stray_loaded,1695,True,tax_invoice,2,bill_to,116,MATCHED,6701,,2026-07-31T00:00:25.257274
Excess Recovery Ltr - ST M2404337 - SLT8396H.pdf,Excess Recovery Ltr - ST M2404337 - SLT8396H.pdf,covered,,,,,,,,,inv#1393,2026-07-31T00:00:31.957248
49181_FEE INVOICE.pdf,49181_FEE INVOICE.pdf,covered,,,,,,,,,inv#957,2026-07-31T00:00:31.985029
Grab Receipt (1).png,Grab Receipt (1).png,not_invoice,,False,receipt,,,,,,,2026-07-31T00:00:32.013416
INV0000190917 Jan DriveLah (1).pdf,INV0000190917 Jan DriveLah (1).pdf,stray_loaded,1696,True,tax_invoice,3,bill_to,509,MATCHED,5060,,2026-07-31T00:00:47.037132
invoice.pdf,invoice.pdf,covered,,,,,,,,,inv#1581,2026-07-31T00:00:50.005293
IMG_2523.png,IMG_2523.png,covered,,,,,,,,,inv#575,2026-07-31T00:00:50.033708
18916798_FEE INVOICE.pdf,18916798_FEE INVOICE.pdf,covered,,,,,,,,,inv#741,2026-07-31T00:00:50.061985
Invoice INV-0082.pdf,Invoice INV-0082.pdf,stray_loaded,1697,True,tax_invoice,3,bill_to,,QUARANTINE,,,2026-07-31T00:00:50.091286
Motor Vehicle Fleet (February) Invoice 227538 - DRIVELA.pdf,Motor Vehicle Fleet (February) Invoice 227538 - DRIVELA.pdf,covered,,,,,,,,,inv#994,2026-07-31T00:01:05.879452
SMC1995C - BOT 32019 - Invoice number 67b7e8211c11b89bdec6e8ff.pdf,SMC1995C - BOT 32019 - Invoice number 67b7e8211c11b89bdec6e8ff.pdf,covered,,,,,,,,,inv#948,2026-07-31T00:01:05.909650
Nick_s invoices (13).pdf,Nick_s invoices (13).pdf,covered,,,,,,,,,inv#1283,2026-07-31T00:01:05.941143
1778649914489-79936504_Fee-invoice.pdf,1778649914489-79936504_Fee-invoice.pdf,covered,,,,,,,,,inv#317,2026-07-31T00:01:05.968183
2024-07-24 Invoice #3457 - Invoice.pdf,2024-07-24 Invoice #3457 - Invoice.pdf,covered,,,,,,,,,inv#1413,2026-07-31T00:01:05.996009
TOKIO (6).PNG,TOKIO (6).PNG,covered,,,,,,,,,inv#1011,2026-07-31T00:01:06.025326
SGIN25-351623.pdf,SGIN25-351623.pdf,covered,,,,,,,,,inv#709,2026-07-31T00:01:06.053275
New Claim Acknowledgement (1) (1).pdf,New Claim Acknowledgement (1) (1).pdf,covered,,,,,,,,,inv#1153,2026-07-31T00:01:06.083772
1012744.PDF,1012744.PDF,covered,,,,,,,,,inv#1580,2026-07-31T00:01:06.110904
SGIN25-3001.pdf,SGIN25-3001.pdf,covered,,,,,,,,,inv#1024,2026-07-31T00:01:06.139000
Finalised Claim Advice.pdf,Finalised Claim Advice.pdf,covered,,,,,,,,,inv#1229,2026-07-31T00:01:06.168938
392LCQ_FEE INVOICE.pdf,392LCQ_FEE INVOICE.pdf,covered,,,,,,,,,inv#980,2026-07-31T00:01:06.196838
$1820 SEP DRIVELAH.pdf,$1820 SEP DRIVELAH.pdf,covered,,,,,,,,,inv#1321,2026-07-31T00:01:06.227457
Invoice INV-3190648.pdf,Invoice INV-3190648.pdf,covered,,,,,,,,,inv#517,2026-07-31T00:01:06.258033
Invoice INV-0083.pdf,Invoice INV-0083.pdf,stray_loaded,1698,True,tax_invoice,3,bill_to,,QUARANTINE,,,2026-07-31T00:01:06.285721
SGIN24-329504 (1).pdf,SGIN24-329504 (1).pdf,covered,,,,,,,,,inv#1470,2026-07-31T00:01:21.947081
Invoice INV-1612.pdf,Invoice INV-1612.pdf,covered,,,,,,,,,inv#1268,2026-07-31T00:01:21.976195
G0189658_20250426_100220 (1).pdf,G0189658_20250426_100220 (1).pdf,covered,,,,,,,,,inv#922,2026-07-31T00:01:22.004711
CV67MY - Repo invoice.pdf,CV67MY - Repo invoice.pdf,covered,,,,,,,,,inv#1238,2026-07-31T00:01:22.032560
98841.pdf,98841.pdf,covered,,,,,,,,,inv#1249,2026-07-31T00:01:22.062401
2025.07.17 SOA-CT_OB2420250713121148CY5 (Late payment) (1).pdf,2025.07.17 SOA-CT_OB2420250713121148CY5 (Late payment) (1).pdf,covered,,,,,,,,,inv#691,2026-07-31T00:01:22.089906
1777268132695-Invoice_16833618_160426090658.pdf,1777268132695-Invoice_16833618_160426090658.pdf,covered,,,,,,,,,inv#337,2026-07-31T00:01:22.117718
VR Graphics Invoice February 2024.pdf,VR Graphics Invoice February 2024.pdf,covered,,,,,,,,,inv#1563,2026-07-31T00:01:22.148756
INV0005.pdf,INV0005.pdf,covered,,,,,,,,,inv#1524,2026-07-31T00:01:22.177860
AU-MRKV0302640C TaxInvoice.pdf,AU-MRKV0302640C TaxInvoice.pdf,covered,,,,,,,,,inv#1193,2026-07-31T00:01:22.208946
Invoice INV-6009.pdf,Invoice INV-6009.pdf,covered,,,,,,,,,inv#1124,2026-07-31T00:01:22.238107
18674.pdf,18674.pdf,covered,,,,,,,,,inv#561,2026-07-31T00:01:22.267544
BOU538 - Repair Invoice 18517.jpg,BOU538 - Repair Invoice 18517.jpg,covered,,,,,,,,,inv#701,2026-07-31T00:01:22.297876
NTUC - 62580019818.png,NTUC - 62580019818.png,not_invoice,,False,report,,,,,,,2026-07-31T00:01:22.326865
FLM - 27270073_FEE INVOICE - YNM09V.pdf,FLM - 27270073_FEE INVOICE - YNM09V.pdf,stray_loaded,1699,True,tax_invoice,3,bill_to,72,MATCHED,5034,,2026-07-31T00:01:24.921415
SGIN24-526886.pdf,SGIN24-526886.pdf,covered,,,,,,,,,inv#1373,2026-07-31T00:01:30.626716
image0 (6) (1).jpeg,image0 (6) (1).jpeg,covered,,,,,,,,,inv#630,2026-07-31T00:01:30.654256
521AQ9 - Repo invoice.pdf,521AQ9 - Repo invoice.pdf,covered,,,,,,,,,inv#1243,2026-07-31T00:01:30.682072
SGIN25-139687.pdf,SGIN25-139687.pdf,covered,,,,,,,,,inv#1019,2026-07-31T00:01:30.711521
4012876_20260121_FEE INVOICE.pdf,4012876_20260121_FEE INVOICE.pdf,stray_loaded,1700,True,tax_invoice,3,bill_to,72,MATCHED,5034,,2026-07-31T00:01:30.741235
INV0000198343.png,INV0000198343.png,covered,,,,,,,,,inv#735,2026-07-31T00:01:37.469656
1ZT4VM - Repo invoice.pdf,1ZT4VM - Repo invoice.pdf,covered,,,,,,,,,inv#1240,2026-07-31T00:01:37.497627
MPDG Services Pty Ltd invoice.pdf,MPDG Services Pty Ltd invoice.pdf,covered,,,,,,,,,inv#445,2026-07-31T00:01:37.526952
Screenshot 2025-08-04 at 11.07.58 AM (1).png,Screenshot 2025-08-04 at 11.07.58 AM (1).png,covered,,,,,,,,,inv#649,2026-07-31T00:01:37.555002
Tax Invoice #14337.pdf,Tax Invoice #14337.pdf,covered,,,,,,,,,inv#828,2026-07-31T00:01:37.583778
Invoice INV-3190556 (1).pdf,Invoice INV-3190556 (1).pdf,covered,,,,,,,,,inv#1057,2026-07-31T00:01:37.613058
1775622390404-64096.pdf,1775622390404-64096.pdf,covered,,,,,,,,,inv#363,2026-07-31T00:01:37.643488
FTI1100000815 (2).pdf,FTI1100000815 (2).pdf,covered,,,,,,,,,inv#753,2026-07-31T00:01:37.671109
5335254_FEE INVOICE.pdf,5335254_FEE INVOICE.pdf,covered,,,,,,,,,inv#862,2026-07-31T00:01:37.700622
AWS (5).PNG,AWS (5).PNG,covered,,,,,,,,,inv#1168,2026-07-31T00:01:37.728714
Drive_AS_Feb 05-Feb 11_004.pdf,Drive_AS_Feb 05-Feb 11_004.pdf,covered,,,,,,,,,inv#1578,2026-07-31T00:01:37.758186
WhatsApp Image 2024-02-15 at 15.12.37.jpeg,WhatsApp Image 2024-02-15 at 15.12.37.jpeg,covered,,,,,,,,,inv#1570,2026-07-31T00:01:37.787024
June 2026 otoplug.png,June 2026 otoplug.png,covered,,,,,,,,,inv#251,2026-07-31T00:01:37.810997
Invoice INV-6209.pdf,Invoice INV-6209.pdf,covered,,,,,,,,,inv#972,2026-07-31T00:01:37.841197
Dunning Letter-Drive Lah Pte. Ltd.-SGD-2024-03-19 (1).pdf,Dunning Letter-Drive Lah Pte. Ltd.-SGD-2024-03-19 (1).pdf,covered,,,,,,,,,inv#1536,2026-07-31T00:01:37.869416
IRAS - Drive Lah Ventures Holding Pte Ltd.pdf,IRAS - Drive Lah Ventures Holding Pte Ltd.pdf,covered,,,,,,,,,inv#579,2026-07-31T00:01:37.898999
inv 2534887.pdf,inv 2534887.pdf,covered,,,,,,,,,inv#480,2026-07-31T00:01:37.927320
SOA-000A8-JANUARY 2025 -DRIVELAH.xlsx - SOA -030624.pdf,SOA-000A8-JANUARY 2025 -DRIVELAH.xlsx - SOA -030624.pdf,covered,,,,,,,,,inv#1009,2026-07-31T00:01:37.955936
Nick_s invoices (8).pdf,Nick_s invoices (8).pdf,covered,,,,,,,,,inv#1283,2026-07-31T00:01:37.980729
Repair inovice (1).png,Repair inovice (1).png,covered,,,,,,,,,inv#1269,2026-07-31T00:01:38.007182
New Claim Acknowledgement 1ZL2LU.pdf,New Claim Acknowledgement 1ZL2LU.pdf,covered,,,,,,,,,inv#1148,2026-07-31T00:01:38.035903
Invoice_VH-IN-25-005813.pdf,Invoice_VH-IN-25-005813.pdf,stray_loaded,1701,True,tax_invoice,1,bill_to,,QUARANTINE,,,2026-07-31T00:01:38.064342
VR Graphics Invoice August 2024 (1).pdf,VR Graphics Invoice August 2024 (1).pdf,covered,,,,,,,,,inv#1383,2026-07-31T00:01:54.463418
FLM - 46654937_Fee invoice - 911RIN.pdf,FLM - 46654937_Fee invoice - 911RIN.pdf,stray_loaded,1702,True,tax_invoice,3,bill_to,72,MATCHED,5034,,2026-07-31T00:01:54.492075
01250473_20250528_075943.pdf,01250473_20250528_075943.pdf,covered,,,,,,,,,inv#775,2026-07-31T00:02:00.567929
SGIN26-71775.pdf,SGIN26-71775.pdf,covered,,,,,,,,,inv#377,2026-07-31T00:02:00.591178
Motor Fleet Renewal (September) Invoice 232626 - DRIVELA.pdf,Motor Fleet Renewal (September) Invoice 232626 - DRIVELA.pdf,covered,,,,,,,,,inv#552,2026-07-31T00:02:00.619186
"$1,860_NOV_DRIVELAH.pdf","$1,860_NOV_DRIVELAH.pdf",covered,,,,,,,,,inv#1266,2026-07-31T00:02:00.647955
VH-PI-25-005063 (1).pdf,VH-PI-25-005063 (1).pdf,covered,,,,,,,,,inv#614,2026-07-31T00:02:00.676127
DRIVELAH-JAN-$1878.pdf,DRIVELAH-JAN-$1878.pdf,covered,,,,,,,,,inv#1116,2026-07-31T00:02:00.704674
1773908427686-84259669_Fee-Invoice.pdf,1773908427686-84259669_Fee-Invoice.pdf,covered,,,,,,,,,inv#388,2026-07-31T00:02:00.732934
INV0007.pdf,INV0007.pdf,covered,,,,,,,,,inv#1513,2026-07-31T00:02:00.760541
Ilya - INV-01259.pdf,Ilya - INV-01259.pdf,stray_loaded,1703,True,tax_invoice,3,bill_to,138,MATCHED,5032,,2026-07-31T00:02:00.788868
SGIN24-396449.pdf,SGIN24-396449.pdf,covered,,,,,,,,,inv#1426,2026-07-31T00:02:06.669662
Invoice_INVFR0421084.pdf,Invoice_INVFR0421084.pdf,duplicate,,,,,,,,,inv#698,2026-07-31T00:02:06.698206
Excess Request (13).pdf,Excess Request (13).pdf,covered,,,,,,,,,inv#823,2026-07-31T00:02:22.533727
Drive_AS_Jan 22-Jan 28_002.pdf,Drive_AS_Jan 22-Jan 28_002.pdf,covered,,,,,,,,,inv#1586,2026-07-31T00:02:22.564694
1773106045857-Invoice_AAU197156_2026-02-16_2026-02-16_50434.pdf,1773106045857-Invoice_AAU197156_2026-02-16_2026-02-16_50434.pdf,covered,,,,,,,,,inv#401,2026-07-31T00:02:22.593520
etpuf3blfgpscpuz0jko.pdf,etpuf3blfgpscpuz0jko.pdf,covered,,,,,,,,,inv#574,2026-07-31T00:02:22.624018
"TAX INVOICE DM017 - BURKETT, Megan Louise DM 40072744 (3.10.25).pdf","TAX INVOICE DM017 - BURKETT, Megan Louise DM 40072744 (3.10.25).pdf",stray_loaded,1705,True,tax_invoice,3,bill_to,111,MATCHED,5001,,2026-07-31T00:02:22.654807
47867240Fee invoice.pdf,47867240Fee invoice.pdf,stray_loaded,1706,True,tax_invoice,3,bill_to,72,MATCHED,5034,,2026-07-31T00:02:38.259849
11732.pdf,11732.pdf,covered,,,,,,,,,inv#1363,2026-07-31T00:02:44.050337
EUG42E_Fee invoice.pdf,EUG42E_Fee invoice.pdf,covered,,,,,,,,,inv#976,2026-07-31T00:02:44.078827
570012537(Drivelah Subscription fee 06.2025) (1).pdf,570012537(Drivelah Subscription fee 06.2025) (1).pdf,covered,,,,,,,,,inv#757,2026-07-31T00:02:44.107604
Drivemate Invoice FT00000009.pdf,Drivemate Invoice FT00000009.pdf,duplicate,,,,,,,,,inv#740,2026-07-31T00:02:44.134550
1777265078670-INV-01284.pdf,1777265078670-INV-01284.pdf,covered,,,,,,,,,inv#338,2026-07-31T00:02:58.710834
NTUC email.png,NTUC email.png,covered,,,,,,,,,inv#952,2026-07-31T00:02:58.738904
INV02136632_A00062140_04032024.pdf,INV02136632_A00062140_04032024.pdf,covered,,,,,,,,,inv#1526,2026-07-31T00:02:58.769015
20241005 Invoice - Data Management.pdf,20241005 Invoice - Data Management.pdf,stray_loaded,1708,True,invoice,1,bill_to,45,MATCHED,1710,,2026-07-31T00:02:58.797035
AU-MRKV031681C9 TaxInvoice (1).pdf,AU-MRKV031681C9 TaxInvoice (1).pdf,covered,,,,,,,,,inv#920,2026-07-31T00:03:14.785084
Inv_18416_from_Rohde_Smash_Repairs.pdf,Inv_18416_from_Rohde_Smash_Repairs.pdf,stray_loaded,1709,True,tax_invoice,3,bill_to,652,MATCHED,5032,,2026-07-31T00:03:14.818738
Invoice_103933.pdf,Invoice_103933.pdf,covered,,,,,,,,,inv#544,2026-07-31T00:03:28.185416
Invoice INV-0081.pdf,Invoice INV-0081.pdf,stray_loaded,1710,True,tax_invoice,3,bill_to,,QUARANTINE,,,2026-07-31T00:03:28.216310
SGIN25-3002.pdf,SGIN25-3002.pdf,covered,,,,,,,,,inv#1025,2026-07-31T00:03:44.944218
Invoice_INV_MI_22790.pdf,Invoice_INV_MI_22790.pdf,covered,,,,,,,,,inv#1329,2026-07-31T00:03:44.973322
image (1).png,image (1).png,stray_loaded,1711,True,tax_invoice,3,bill_to,652,MATCHED,5032,,2026-07-31T00:03:45.001451
Invoice 2157.pdf,Invoice 2157.pdf,covered,,,,,,,,,inv#1274,2026-07-31T00:04:03.470077
6598576_FEE INVOICE.pdf,6598576_FEE INVOICE.pdf,covered,,,,,,,,,inv#853,2026-07-31T00:04:03.497604
1VB7XO-Melbourne Prestige - Invoice 133.jpeg,1VB7XO-Melbourne Prestige - Invoice 133.jpeg,covered,,,,,,,,,inv#1078,2026-07-31T00:04:03.528421
2024-11-25 Invoice #3461 - Invoice.pdf,2024-11-25 Invoice #3461 - Invoice.pdf,covered,,,,,,,,,inv#1272,2026-07-31T00:04:03.558561
Ref 250062.pdf,Ref 250062.pdf,covered,,,,,,,,,inv#484,2026-07-31T00:04:03.585822
INV02232863_A00062140_08032024.pdf,INV02232863_A00062140_08032024.pdf,covered,,,,,,,,,inv#1016,2026-07-31T00:04:03.614639
61001.pdf,61001.pdf,covered,,,,,,,,,inv#1438,2026-07-31T00:04:03.645571
SGIN24-2651.pdf,SGIN24-2651.pdf,covered,,,,,,,,,inv#1576,2026-07-31T00:04:03.673437
Drivemate Invoice FT00000008.pdf,Drivemate Invoice FT00000008.pdf,duplicate,,,,,,,,,inv#742,2026-07-31T00:04:03.701511
Invoice_103503.pdf,Invoice_103503.pdf,stray_loaded,1713,True,invoice,3,bill_to,130,MATCHED,5030,,2026-07-31T00:04:17.654477
VL40301694.pdf,VL40301694.pdf,covered,,,,,,,,,inv#536,2026-07-31T00:04:23.131507
VL40283808 - 1VB7XO.pdf,VL40283808 - 1VB7XO.pdf,covered,,,,,,,,,inv#1096,2026-07-31T00:04:23.159723
INV0000207002 Jun25.pdf,INV0000207002 Jun25.pdf,duplicate,,,,,,,,,inv#733,2026-07-31T00:04:23.187961
110225112952 - Drivelah.pdf,110225112952 - Drivelah.pdf,covered,,,,,,,,,inv#706,2026-07-31T00:04:36.661059
Motor Vehicle Fleet Invoice 236622 - DRIVELA.pdf,Motor Vehicle Fleet Invoice 236622 - DRIVELA.pdf,covered,,,,,,,,,inv#358,2026-07-31T00:04:36.688341
SHARPS Invoice 80840.pdf,SHARPS Invoice 80840.pdf,covered,,,,,,,,,inv#618,2026-07-31T00:04:36.713460
Ilya - INV-01258.pdf,Ilya - INV-01258.pdf,stray_loaded,1715,True,tax_invoice,3,bill_to,138,MATCHED,5032,,2026-07-31T00:04:36.742961
INV0006.pdf,INV0006.pdf,covered,,,,,,,,,inv#1520,2026-07-31T00:04:42.656982
Invoice INV-3628.pdf,Invoice INV-3628.pdf,covered,,,,,,,,,inv#1366,2026-07-31T00:04:42.680931
5123420472-02 Oct DN.pdf,5123420472-02 Oct DN.pdf,covered,,,,,,,,,inv#1567,2026-07-31T00:04:42.709041
PS Marrickville-Invoice 0000362 (1).pdf,PS Marrickville-Invoice 0000362 (1).pdf,covered,,,,,,,,,inv#916,2026-07-31T00:04:42.739320
Invoice_260171_from_ACE.pdf,Invoice_260171_from_ACE.pdf,stray_loaded,1716,True,tax_invoice,3,bill_to,28,MATCHED,6500,,2026-07-31T00:04:42.768014
INV0000198343 Apr Invoice.pdf,INV0000198343 Apr Invoice.pdf,duplicate,,,,,,,,,inv#735,2026-07-31T00:04:57.810127
Inv_18551_from_Rohde_Smash_Repairs.pdf,Inv_18551_from_Rohde_Smash_Repairs.pdf,covered,,,,,,,,,inv#638,2026-07-31T00:05:11.744379
1772496398830-Invoice_16672430_020326111408.pdf,1772496398830-Invoice_16672430_020326111408.pdf,covered,,,,,,,,,inv#413,2026-07-31T00:05:11.772550
INVOICE - DL Medium Sticker 12Aug24.pdf,INVOICE - DL Medium Sticker 12Aug24.pdf,covered,,,,,,,,,inv#1341,2026-07-31T00:05:11.800587
Nick_s invoices.pdf,Nick_s invoices.pdf,covered,,,,,,,,,inv#1283,2026-07-31T00:05:11.829932
1776833119638-SLR2651X-invoice.pdf,1776833119638-SLR2651X-invoice.pdf,covered,,,,,,,,,inv#342,2026-07-31T00:05:11.860534
AU-MRKV0300291D - TaxInvoice (2).pdf,AU-MRKV0300291D - TaxInvoice (2).pdf,covered,,,,,,,,,inv#958,2026-07-31T00:05:11.891401
Invoice_CON08122_INVSGP12892.pdf,Invoice_CON08122_INVSGP12892.pdf,covered,,,,,,,,,inv#1604,2026-07-31T00:05:11.919139
Drive LAH Invoice INV-4354.pdf,Drive LAH Invoice INV-4354.pdf,covered,,,,,,,,,inv#1073,2026-07-31T00:05:11.949270
SGIN24-526885.pdf,SGIN24-526885.pdf,stray_loaded,1718,True,tax_invoice,2,bill_to,355,MATCHED,,,2026-07-31T00:05:11.978063
SGIN25-3001 (2).pdf,SGIN25-3001 (2).pdf,covered,,,,,,,,,inv#1024,2026-07-31T00:05:28.566128
AlMo_invoice_Drivemate_OTOPLUG_October(2025_10_31).pdf,AlMo_invoice_Drivemate_OTOPLUG_October(2025_10_31).pdf,stray_loaded,1719,True,invoice,3,bill_to,649,MATCHED,5030,,2026-07-31T00:05:28.593905
1770883811789-73906095.pdf,1770883811789-73906095.pdf,covered,,,,,,,,,inv#441,2026-07-31T00:05:42.225530
"TAX INVOICE DM006 - ROOKS, Melissa - 1HIO365 (17.11.24).pdf","TAX INVOICE DM006 - ROOKS, Melissa - 1HIO365 (17.11.24).pdf",covered,,,,,,,,,inv#1303,2026-07-31T00:05:42.255143
1781591657151-4048763_20260611_FEE-INVOICE-B.pdf,1781591657151-4048763_20260611_FEE-INVOICE-B.pdf,stray_loaded,1720,True,tax_invoice,3,bill_to,72,MATCHED,5034,,2026-07-31T00:05:42.287551
Client Statement - DRIVELA (1).pdf,Client Statement - DRIVELA (1).pdf,covered,,,,,,,,,inv#1122,2026-07-31T00:05:48.761986
May25 INV0000203982.pdf,May25 INV0000203982.pdf,duplicate,,,,,,,,,inv#734,2026-07-31T00:05:48.790740
Invoice_250279_from_ACE.pdf,Invoice_250279_from_ACE.pdf,stray_loaded,1722,True,tax_invoice,3,bill_to,28,MATCHED,6500,,2026-07-31T00:06:02.197630
Screenshot 2025-06-03 at 9.24.29 AM.png,Screenshot 2025-06-03 at 9.24.29 AM.png,covered,,,,,,,,,inv#816,2026-07-31T00:06:18.769312
1775006189834-4027467_Fee-invoice.pdf,1775006189834-4027467_Fee-invoice.pdf,covered,,,,,,,,,inv#372,2026-07-31T00:06:18.797337
901931.pdf,901931.pdf,covered,,,,,,,,,inv#613,2026-07-31T00:06:18.828774
Tax Invoice #14318.pdf,Tax Invoice #14318.pdf,covered,,,,,,,,,inv#836,2026-07-31T00:06:18.854354
INV 403-INV24_23194 GBL1750A.pdf,INV 403-INV24_23194 GBL1750A.pdf,covered,,,,,,,,,inv#1544,2026-07-31T00:06:18.883768
SuperAccrualsByEmployee20260101-20260331 (12).pdf,SuperAccrualsByEmployee20260101-20260331 (12).pdf,not_invoice,1723,False,report,3,bill_to,,QUARANTINE,,,2026-07-31T00:06:18.914114
Grab Receipt 2.png,Grab Receipt 2.png,not_invoice,1724,False,receipt,3,bill_to,329,MATCHED,6400,,2026-07-31T00:06:22.308745
M2506892.pdf,M2506892.pdf,covered,,,,,,,,,inv#562,2026-07-31T00:06:38.272272
Invoice INV-0133.pdf,Invoice INV-0133.pdf,stray_loaded,1725,True,tax_invoice,3,bill_to,,QUARANTINE,,,2026-07-31T00:06:38.298943
SHARPS Invoice 73270.pdf,SHARPS Invoice 73270.pdf,covered,,,,,,,,,inv#1054,2026-07-31T00:06:54.010608
Invoice_104122.pdf,Invoice_104122.pdf,covered,,,,,,,,,inv#513,2026-07-31T00:06:54.039599
11062025 - SMD8456R-INV-683fdf73674d797f9d74b679-KATHLEEN.pdf,11062025 - SMD8456R-INV-683fdf73674d797f9d74b679-KATHLEEN.pdf,stray_loaded,1726,True,invoice,2,currency,,QUARANTINE,,,2026-07-31T00:06:54.068322
AU-MRKV03298102 TaxInvoice.pdf,AU-MRKV03298102 TaxInvoice.pdf,covered,,,,,,,,,inv#598,2026-07-31T00:07:09.835105
FTI1100003599.pdf,FTI1100003599.pdf,stray_loaded,1727,True,tax_invoice,3,bill_to,123,MATCHED,5033,,2026-07-31T00:07:09.864747
1773801080006-INV-01283.pdf,1773801080006-INV-01283.pdf,covered,,,,,,,,,inv#394,2026-07-31T00:07:15.670011
25.0322.pdf,25.0322.pdf,covered,,,,,,,,,inv#504,2026-07-31T00:07:15.698555
New Claim Acknowledgement 344LTJ.pdf,New Claim Acknowledgement 344LTJ.pdf,covered,,,,,,,,,inv#1318,2026-07-31T00:07:15.728434
98841 (1).pdf,98841 (1).pdf,covered,,,,,,,,,inv#1249,2026-07-31T00:07:15.757577
Invoice INV133279.pdf,Invoice INV133279.pdf,covered,,,,,,,,,inv#1484,2026-07-31T00:07:15.785093
41 Drive Lah Ventures Holding Pte. Ltd.pdf,41 Drive Lah Ventures Holding Pte. Ltd.pdf,covered,,,,,,,,,inv#868,2026-07-31T00:07:15.820311
VR Graphics Invoice September 2024.pdf,VR Graphics Invoice September 2024.pdf,covered,,,,,,,,,inv#1354,2026-07-31T00:07:15.848150
Invoice_250379_from_ACE.pdf,Invoice_250379_from_ACE.pdf,duplicate,,,,,,,,,inv#502,2026-07-31T00:07:15.875990
SG-JCS-054435 (1).pdf,SG-JCS-054435 (1).pdf,covered,,,,,,,,,inv#1492,2026-07-31T00:07:31.330504
Contractor Invoice.pdf,Contractor Invoice.pdf,covered,,,,,,,,,inv#1223,2026-07-31T00:07:31.359750
New Claim Acknowledgement (5) (2).pdf,New Claim Acknowledgement (5) (2).pdf,covered,,,,,,,,,inv#1313,2026-07-31T00:07:31.388368
C0716302_20260324_105240.pdf,C0716302_20260324_105240.pdf,stray_loaded,1729,True,tax_invoice,3,bill_to,41,MATCHED,5032,,2026-07-31T00:07:31.418089
FLE031149.pdf,FLE031149.pdf,not_invoice,,,other,,,,,,,2026-07-31T00:07:36.076690
Invoice - RS - Drive Lah Ventures Holding Pte Ltd - 38 (2).pdf,Invoice - RS - Drive Lah Ventures Holding Pte Ltd - 38 (2).pdf,covered,,,,,,,,,inv#932,2026-07-31T00:07:36.107138
Invoice_INV_MI_25763.pdf,Invoice_INV_MI_25763.pdf,covered,,,,,,,,,inv#996,2026-07-31T00:07:36.133123
New Claim Acknowledgement YUU354.pdf,New Claim Acknowledgement YUU354.pdf,covered,,,,,,,,,inv#1094,2026-07-31T00:07:36.162615
INV0000266338 Sep billing.pdf,INV0000266338 Sep billing.pdf,stray_loaded,1730,True,tax_invoice,3,bill_to,509,MATCHED,5060,,2026-07-31T00:07:36.190665
Adjustment_ SG-JCS-CN-006822.pdf,Adjustment_ SG-JCS-CN-006822.pdf,covered,,,,,,,,,inv#1299,2026-07-31T00:07:49.569021
DRIVE MATE AUSTRALIA PTY LTD FTI00090279.pdf,DRIVE MATE AUSTRALIA PTY LTD FTI00090279.pdf,covered,,,,,,,,,inv#939,2026-07-31T00:07:49.597669
1779918908701-SKM1410U.pdf,1779918908701-SKM1410U.pdf,covered,,,,,,,,,inv#305,2026-07-31T00:07:49.627911
image0 (1) (2).jpeg,image0 (1) (2).jpeg,covered,,,,,,,,,inv#1154,2026-07-31T00:07:49.656097
Motor Fleet Renewal (May) Invoice 229549 - DRIVELA.pdf,Motor Fleet Renewal (May) Invoice 229549 - DRIVELA.pdf,covered,,,,,,,,,inv#674,2026-07-31T00:07:49.683101
SGIN25-351624.pdf,SGIN25-351624.pdf,covered,,,,,,,,,inv#710,2026-07-31T00:07:49.711171
Invoice INV-1358.pdf,Invoice INV-1358.pdf,covered,,,,,,,,,inv#1585,2026-07-31T00:07:49.739459
Invoice 2147.pdf,Invoice 2147.pdf,covered,,,,,,,,,inv#1280,2026-07-31T00:07:49.767912
Motor Vehicle Invoice 227803 - DRIVELA.pdf,Motor Vehicle Invoice 227803 - DRIVELA.pdf,covered,,,,,,,,,inv#596,2026-07-31T00:07:49.796227
Excess Request (13) (1).pdf,Excess Request (13) (1).pdf,covered,,,,,,,,,inv#745,2026-07-31T00:07:49.825154
SHARPS Invoice 70195.pdf,SHARPS Invoice 70195.pdf,covered,,,,,,,,,inv#1184,2026-07-31T00:07:49.854749
Invoice_CON06348_INVSGP12435 (3).pdf,Invoice_CON06348_INVSGP12435 (3).pdf,covered,,,,,,,,,inv#1503,2026-07-31T00:07:49.884446
1ZS8DY - Repo invoice.pdf,1ZS8DY - Repo invoice.pdf,covered,,,,,,,,,inv#1241,2026-07-31T00:07:49.913286
VH-PI-25-006869.pdf,VH-PI-25-006869.pdf,covered,,,,,,,,,inv#537,2026-07-31T00:07:49.942007
FLM - 39162_Fee invoice B - 232LI7.pdf,FLM - 39162_Fee invoice B - 232LI7.pdf,stray_loaded,1731,True,tax_invoice,3,bill_to,72,MATCHED,5034,,2026-07-31T00:07:49.969042
invoice_INV02416126.pdf,invoice_INV02416126.pdf,stray_loaded,1732,True,invoice,2,bill_to,87,MATCHED,6701,,2026-07-31T00:07:55.638342
5123420472-04 Aug 2025 DN.pdf,5123420472-04 Aug 2025 DN.pdf,stray_loaded,1733,True,tax_invoice,2,bill_to,,QUARANTINE,,,2026-07-31T00:08:11.579000
XS Recovery Ltr - NS M2501188 (1).pdf,XS Recovery Ltr - NS M2501188 (1).pdf,covered,,,,,,,,,inv#580,2026-07-31T00:08:28.441317
T0377337_20250226_081657 (1) (1).pdf,T0377337_20250226_081657 (1) (1).pdf,covered,,,,,,,,,inv#1086,2026-07-31T00:08:28.468286
Rego BJY66A Excess Request .pdf,Rego BJY66A Excess Request .pdf,covered,,,,,,,,,inv#660,2026-07-31T00:08:28.499080
INV for Towing 143JT6.png,INV for Towing 143JT6.png,covered,,,,,,,,,inv#1099,2026-07-31T00:08:28.529417
1774597433544-84306910_Fee-invoice-2.pdf,1774597433544-84306910_Fee-invoice-2.pdf,covered,,,,,,,,,inv#379,2026-07-31T00:08:28.559655
New Claim Acknowledgement (1).pdf,New Claim Acknowledgement (1).pdf,covered,,,,,,,,,inv#1172,2026-07-31T00:08:28.588157
1770958203136-invoice-to-DriveLah-Oct2025-Jan2026.pdf,1770958203136-invoice-to-DriveLah-Oct2025-Jan2026.pdf,covered,,,,,,,,,inv#439,2026-07-31T00:08:28.617055
KWI202303351562.pdf,KWI202303351562.pdf,covered,,,,,,,,,inv#1502,2026-07-31T00:08:28.645144
New Claim Acknowledgement (3) (1) (1).pdf,New Claim Acknowledgement (3) (1) (1).pdf,covered,,,,,,,,,inv#963,2026-07-31T00:08:28.672627
Ilya - INV-01261.pdf,Ilya - INV-01261.pdf,stray_loaded,1734,True,tax_invoice,3,bill_to,138,MATCHED,5032,,2026-07-31T00:08:28.701331
1CT2EA- Melbourne Prestige Invoice134 - $1815.pdf,1CT2EA- Melbourne Prestige Invoice134 - $1815.pdf,covered,,,,,,,,,inv#1147,2026-07-31T00:08:35.531379
Excess Request (12).pdf,Excess Request (12).pdf,covered,,,,,,,,,inv#830,2026-07-31T00:08:35.560101
SKB4433S - BOT 51416 - Invoice number 67fef56d5f466b64e721b714.pdf,SKB4433S - BOT 51416 - Invoice number 67fef56d5f466b64e721b714.pdf,covered,,,,,,,,,inv#947,2026-07-31T00:08:35.589522
VL40281873.pdf,VL40281873.pdf,covered,,,,,,,,,inv#830,2026-07-31T00:08:35.618723
INV0003.pdf,INV0003.pdf,covered,,,,,,,,,inv#1531,2026-07-31T00:08:35.647883
ClassOriginal PC18105 - BI00035917_D (1).xls - BI00035917.pdf,ClassOriginal PC18105 - BI00035917_D (1).xls - BI00035917.pdf,not_invoice,1735,False,report,1,default,657,MATCHED,6004,,2026-07-31T00:08:35.678746
SHARPS Invoice 80104.pdf,SHARPS Invoice 80104.pdf,covered,,,,,,,,,inv#643,2026-07-31T00:08:47.405125
Invoice INV-3190585 (1).pdf,Invoice INV-3190585 (1).pdf,covered,,,,,,,,,inv#819,2026-07-31T00:08:47.433744
901065.pdf,901065.pdf,stray_loaded,1736,True,invoice,2,bill_to,355,MATCHED,,,2026-07-31T00:08:47.460573
Invoice INV-1562.pdf,Invoice INV-1562.pdf,covered,,,,,,,,,inv#1388,2026-07-31T00:09:02.860760
Nick_s invoices (9).pdf,Nick_s invoices (9).pdf,covered,,,,,,,,,inv#1283,2026-07-31T00:09:02.885870
IMG_6408.jpg,IMG_6408.jpg,covered,,,,,,,,,inv#1203,2026-07-31T00:09:02.915855
IMG_5603 (1).jpg,IMG_5603 (1).jpg,covered,,,,,,,,,inv#1200,2026-07-31T00:09:02.944116
freetexttaxinvoice (4).pdf,freetexttaxinvoice (4).pdf,duplicate,,,,,,,,,inv#1143,2026-07-31T00:09:02.974540
Invoice_INV_MI_25158.pdf,Invoice_INV_MI_25158.pdf,covered,,,,,,,,,inv#997,2026-07-31T00:09:19.374343
1KT9JZ- Melbourne Prestige Invoice 130- $880.pdf,1KT9JZ- Melbourne Prestige Invoice 130- $880.pdf,covered,,,,,,,,,inv#1091,2026-07-31T00:09:19.405667
AWS (4).PNG,AWS (4).PNG,covered,,,,,,,,,inv#1168,2026-07-31T00:09:19.434265
25.0121.pdf,25.0121.pdf,duplicate,,,,,,,,,inv#896,2026-07-31T00:09:19.461362
Invoice INV133734.pdf,Invoice INV133734.pdf,covered,,,,,,,,,inv#1459,2026-07-31T00:09:34.398659
1CT2EA- Melbourne Prestige Invoice 135 - $950.40.pdf,1CT2EA- Melbourne Prestige Invoice 135 - $950.40.pdf,covered,,,,,,,,,inv#1146,2026-07-31T00:09:34.425632
Drive Mate FTI00081936.pdf,Drive Mate FTI00081936.pdf,stray_loaded,1739,True,tax_invoice,3,bill_to,123,MATCHED,5033,,2026-07-31T00:09:34.454051
INVOICE_202494556_AC LT202407132 DRV.pdf,INVOICE_202494556_AC LT202407132 DRV.pdf,covered,,,,,,,,,inv#1208,2026-07-31T00:09:49.913759
Screenshot 2025-07-16 at 10.33.49 AM.png,Screenshot 2025-07-16 at 10.33.49 AM.png,covered,,,,,,,,,inv#717,2026-07-31T00:09:49.938872
WhatsApp Image 2024-07-03 at 10.14.01.jpeg,WhatsApp Image 2024-07-03 at 10.14.01.jpeg,covered,,,,,,,,,inv#1443,2026-07-31T00:09:49.966691
Invoice INV135409.pdf,Invoice INV135409.pdf,stray_loaded,1740,True,tax_invoice,3,bill_to,65,MATCHED,5030,,2026-07-31T00:09:49.995779
L0001293_20240913_114838.pdf,L0001293_20240913_114838.pdf,covered,,,,,,,,,inv#1371,2026-07-31T00:09:54.475431
Invoice 1030516 5 03 2025 8 09 03 PM.PDF,Invoice 1030516 5 03 2025 8 09 03 PM.PDF,covered,,,,,,,,,inv#1003,2026-07-31T00:09:54.505229
HDB.jpg,HDB.jpg,covered,,,,,,,,,inv#827,2026-07-31T00:09:54.534283
INV02345278_A00062140_02032025.pdf,INV02345278_A00062140_02032025.pdf,covered,,,,,,,,,inv#1012,2026-07-31T00:09:54.564241
S-chmys24083011400.pdf,S-chmys24083011400.pdf,covered,,,,,,,,,inv#1385,2026-07-31T00:09:54.594184
Invoice-14239 (2).pdf,Invoice-14239 (2).pdf,covered,,,,,,,,,inv#1288,2026-07-31T00:09:54.622499
923YNZ_FEE INVOICE.pdf,923YNZ_FEE INVOICE.pdf,covered,,,,,,,,,inv#1041,2026-07-31T00:09:54.650861
FINV7023.pdf,FINV7023.pdf,covered,,,,,,,,,inv#522,2026-07-31T00:09:54.679512
852JS2 - J&D Invoice 13799 - $2692.80.pdf,852JS2 - J&D Invoice 13799 - $2692.80.pdf,covered,,,,,,,,,inv#1120,2026-07-31T00:09:54.707650
Invoice_INV_MI_21116.pdf,Invoice_INV_MI_21116.pdf,stray_loaded,1741,True,invoice,2,bill_to,104,MATCHED,6701,,2026-07-31T00:09:54.736959
1ZS4UC- Melbourne Prestige Invoice 140 - $1780 (1).pdf,1ZS4UC- Melbourne Prestige Invoice 140 - $1780 (1).pdf,covered,,,,,,,,,inv#1108,2026-07-31T00:10:01.109141
659IX4 - New Claim Acknowledgement.pdf,659IX4 - New Claim Acknowledgement.pdf,covered,,,,,,,,,inv#953,2026-07-31T00:10:01.137416
Statement for DRIVE LAH AUSTRALIA PTY LTD  As At 01Aug2024.pdf,Statement for DRIVE LAH AUSTRALIA PTY LTD  As At 01Aug2024.pdf,covered,,,,,,,,,inv#1407,2026-07-31T00:10:01.168486
Rohde Smash Repairs Estimate - 1ZO2FC.jpg,Rohde Smash Repairs Estimate - 1ZO2FC.jpg,covered,,,,,,,,,inv#784,2026-07-31T00:10:01.200400
5123420472-04 May 2025 DN (1).pdf,5123420472-04 May 2025 DN (1).pdf,covered,,,,,,,,,inv#621,2026-07-31T00:10:01.229831
Screenshot 2025-08-04 at 9.55.39 AM.png,Screenshot 2025-08-04 at 9.55.39 AM.png,covered,,,,,,,,,inv#658,2026-07-31T00:10:01.262167
image (15).png,image (15).png,covered,,,,,,,,,inv#1519,2026-07-31T00:10:01.292362
00256489_20250116_154512.pdf,00256489_20250116_154512.pdf,covered,,,,,,,,,inv#773,2026-07-31T00:10:01.319037
Melbourne Prestige - Invoice 188 - 1WZ2VL.pdf,Melbourne Prestige - Invoice 188 - 1WZ2VL.pdf,covered,,,,,,,,,inv#639,2026-07-31T00:10:01.346006
8788183_FEE INVOICE.pdf,8788183_FEE INVOICE.pdf,covered,,,,,,,,,inv#804,2026-07-31T00:10:01.376023
Invoice_99240 (1).pdf,Invoice_99240 (1).pdf,covered,,,,,,,,,inv#1157,2026-07-31T00:10:01.402265
PB22415.png,PB22415.png,not_invoice,1742,False,receipt,2,bill_to,,QUARANTINE,,,2026-07-31T00:10:01.430265
Excess Request (1).pdf,Excess Request (1).pdf,covered,,,,,,,,,inv#1630,2026-07-31T00:10:19.022143
Statement for DRIVELAH  As At 31May2024 - $1870.pdf,Statement for DRIVELAH  As At 31May2024 - $1870.pdf,covered,,,,,,,,,inv#1448,2026-07-31T00:10:19.052242
570012534(Drivelah Subscription fee 03.2025).pdf,570012534(Drivelah Subscription fee 03.2025).pdf,covered,,,,,,,,,inv#973,2026-07-31T00:10:19.079760
901339.pdf,901339.pdf,covered,,,,,,,,,inv#1020,2026-07-31T00:10:19.108659
Rego- EZO46C INV-01248 .pdf,Rego- EZO46C INV-01248 .pdf,covered,,,,,,,,,inv#584,2026-07-31T00:10:19.135797
Invoice_INV_MI_21512.pdf,Invoice_INV_MI_21512.pdf,covered,,,,,,,,,inv#1398,2026-07-31T00:10:19.163347
Invoice_INVFR0534146 AIRCALL.pdf,Invoice_INVFR0534146 AIRCALL.pdf,covered,,,,,,,,,inv#331,2026-07-31T00:10:19.191992
Invoice INV-3190670.pdf,Invoice INV-3190670.pdf,covered,,,,,,,,,inv#471,2026-07-31T00:10:19.218616
SHARPS Invoice 75945.pdf,SHARPS Invoice 75945.pdf,covered,,,,,,,,,inv#800,2026-07-31T00:10:19.313804
Adjustment_ SG-JCS-CN-006821.pdf,Adjustment_ SG-JCS-CN-006821.pdf,covered,,,,,,,,,inv#1301,2026-07-31T00:10:19.341168
DRIVE MATE AUSTRALIA PTY LTD FTI00091616.pdf,DRIVE MATE AUSTRALIA PTY LTD FTI00091616.pdf,covered,,,,,,,,,inv#940,2026-07-31T00:10:19.369233
Drive Lah_R0297499OH.pdf,Drive Lah_R0297499OH.pdf,covered,,,,,,,,,inv#1562,2026-07-31T00:10:19.398648
Invoice_101919 (1).pdf,Invoice_101919 (1).pdf,covered,,,,,,,,,inv#752,2026-07-31T00:10:19.427400
DRIVE LAH SEP_24 SOA.pdf,DRIVE LAH SEP_24 SOA.pdf,covered,,,,,,,,,inv#1336,2026-07-31T00:10:19.456811
ACTCM INV 02025332.pdf,ACTCM INV 02025332.pdf,covered,,,,,,,,,inv#806,2026-07-31T00:10:19.486334
Adjustment_ SG-JCS-CN-006820.pdf,Adjustment_ SG-JCS-CN-006820.pdf,covered,,,,,,,,,inv#1300,2026-07-31T00:10:19.515136
Melbourne Prestige - Invoice 181 - Storage.jpg,Melbourne Prestige - Invoice 181 - Storage.jpg,stray_loaded,1743,True,tax_invoice,3,bill_to,102,MATCHED,5032,,2026-07-31T00:10:19.544124
1776238213146-Invoice_16829243_140426125431.pdf,1776238213146-Invoice_16829243_140426125431.pdf,covered,,,,,,,,,inv#355,2026-07-31T00:10:27.088250
Invoice INV137425.pdf,Invoice INV137425.pdf,covered,,,,,,,,,inv#716,2026-07-31T00:10:27.117938
REPAIR INVOICE (1).pdf,REPAIR INVOICE (1).pdf,covered,,,,,,,,,inv#763,2026-07-31T00:10:27.146220
Invoice INV-5854.pdf,Invoice INV-5854.pdf,covered,,,,,,,,,inv#1255,2026-07-31T00:10:27.174835
1778381711749-98272793_Fee-invoice.pdf,1778381711749-98272793_Fee-invoice.pdf,covered,,,,,,,,,inv#318,2026-07-31T00:10:27.204037
Nick_s invoices (12).pdf,Nick_s invoices (12).pdf,covered,,,,,,,,,inv#1283,2026-07-31T00:10:27.232967
ZUU916 - FLM Invoice 3053826.png,ZUU916 - FLM Invoice 3053826.png,covered,,,,,,,,,inv#1039,2026-07-31T00:10:27.262540
Drive Lah_R0300262OD.pdf,Drive Lah_R0300262OD.pdf,covered,,,,,,,,,inv#1510,2026-07-31T00:10:27.290251
1781945667827-INV-01293.pdf,1781945667827-INV-01293.pdf,covered,,,,,,,,,inv#286,2026-07-31T00:10:27.320253
FLM - 28758119_FEE INVOICE - 1VP8MJ.pdf,FLM - 28758119_FEE INVOICE - 1VP8MJ.pdf,stray_loaded,1744,True,tax_invoice,3,bill_to,72,MATCHED,5034,,2026-07-31T00:10:27.348722
PS Marrickville-Invoice368 (1).pdf,PS Marrickville-Invoice368 (1).pdf,covered,,,,,,,,,inv#817,2026-07-31T00:10:33.211805
Invoice INV132005.pdf,Invoice INV132005.pdf,covered,,,,,,,,,inv#1554,2026-07-31T00:10:33.240288
INV-6912e6254427c0f80f3f190a-JULIE.pdf,INV-6912e6254427c0f80f3f190a-JULIE.pdf,covered,,,,,,,,,inv#566,2026-07-31T00:10:33.267806
574JG2_Fee invoice.pdf,574JG2_Fee invoice.pdf,covered,,,,,,,,,inv#1047,2026-07-31T00:10:33.298625
9941820_Fee invoice.pdf,9941820_Fee invoice.pdf,covered,,,,,,,,,inv#793,2026-07-31T00:10:33.328958
SOA-000A7-NOVEMBER -DRIVELAH.pdf,SOA-000A7-NOVEMBER -DRIVELAH.pdf,covered,,,,,,,,,inv#1227,2026-07-31T00:10:33.357754
INV0000195459 Mar.pdf,INV0000195459 Mar.pdf,duplicate,,,,,,,,,inv#736,2026-07-31T00:10:33.386532
New Claim Acknowledgement 074TRE.pdf,New Claim Acknowledgement 074TRE.pdf,covered,,,,,,,,,inv#1132,2026-07-31T00:10:46.666131
458IZ5- South East Smash  11953 - $1925.pdf,458IZ5- South East Smash  11953 - $1925.pdf,covered,,,,,,,,,inv#946,2026-07-31T00:10:46.697404
1781240556688-DOR-1.pdf,1781240556688-DOR-1.pdf,covered,,,,,,,,,inv#295,2026-07-31T00:10:46.725220
SMS4275T Invoice.pdf,SMS4275T Invoice.pdf,stray_loaded,1746,True,invoice,2,bill_to,,QUARANTINE,,,2026-07-31T00:10:46.755016
INV 503-INV25_28078 GBL1750A.pdf,INV 503-INV25_28078 GBL1750A.pdf,covered,,,,,,,,,inv#1052,2026-07-31T00:11:02.044843
VH-PI-25-007194.pdf,VH-PI-25-007194.pdf,covered,,,,,,,,,inv#520,2026-07-31T00:11:02.073502
Tax Invoice #13893.pdf,Tax Invoice #13893.pdf,covered,,,,,,,,,inv#1568,2026-07-31T00:11:02.102139
SJT828E - BOT 26539 - Invoice number 678dda1bd841683c2fe50d02.pdf,SJT828E - BOT 26539 - Invoice number 678dda1bd841683c2fe50d02.pdf,covered,,,,,,,,,inv#949,2026-07-31T00:11:02.131370
1779177185371-tow-invoice-for-Third-party-vehicle.pdf,1779177185371-tow-invoice-for-Third-party-vehicle.pdf,covered,,,,,,,,,inv#311,2026-07-31T00:11:02.161963
New Claim Acknowledgement 574JG2 (1).pdf,New Claim Acknowledgement 574JG2 (1).pdf,covered,,,,,,,,,inv#1169,2026-07-31T00:11:02.191017
SHARPS Invoice 69955.pdf,SHARPS Invoice 69955.pdf,covered,,,,,,,,,inv#1185,2026-07-31T00:11:02.221675
01267381_20250819_102102.pdf,01267381_20250819_102102.pdf,covered,,,,,,,,,inv#606,2026-07-31T00:11:02.250778
SHARPS Invoice 77093 (1).pdf,SHARPS Invoice 77093 (1).pdf,covered,,,,,,,,,inv#675,2026-07-31T00:11:02.278541
T0377337_20250226_081657.pdf,T0377337_20250226_081657.pdf,covered,,,,,,,,,inv#1086,2026-07-31T00:11:02.310310
Estimate_1255422 (1) (1).pdf,Estimate_1255422 (1) (1).pdf,covered,,,,,,,,,inv#699,2026-07-31T00:11:02.342640
16339012.jpeg,16339012.jpeg,stray_loaded,1747,True,tax_invoice,3,bill_to,145,MATCHED,5032,,2026-07-31T00:11:02.369989
Invoice_CON08122_INVSGP13022.pdf,Invoice_CON08122_INVSGP13022.pdf,covered,,,,,,,,,inv#1006,2026-07-31T00:11:09.205496
AU-404381100379.pdf,AU-404381100379.pdf,covered,,,,,,,,,inv#464,2026-07-31T00:11:09.232371
Nick_s invoices (5).pdf,Nick_s invoices (5).pdf,covered,,,,,,,,,inv#1283,2026-07-31T00:11:09.258761
DJ31YW - All Sydney Tow Truck Invoice 22012025M- $440.pdf,DJ31YW - All Sydney Tow Truck Invoice 22012025M- $440.pdf,covered,,,,,,,,,inv#1098,2026-07-31T00:11:09.287436
Dunning Letter-Drive Lah Pte. Ltd.-SGD-2024-06-24.pdf,Dunning Letter-Drive Lah Pte. Ltd.-SGD-2024-06-24.pdf,covered,,,,,,,,,inv#1446,2026-07-31T00:11:09.317123
52577_FEE INVOICE.pdf,52577_FEE INVOICE.pdf,covered,,,,,,,,,inv#921,2026-07-31T00:11:09.347774
1025960  - 391790.PDF,1025960  - 391790.PDF,covered,,,,,,,,,inv#1051,2026-07-31T00:11:09.376685
inv 2454120.pdf,inv 2454120.pdf,covered,,,,,,,,,inv#490,2026-07-31T00:11:09.403162
Invoice INV-1635 (1).pdf,Invoice INV-1635 (1).pdf,duplicate,,,,,,,,,inv#1271,2026-07-31T00:11:09.431393
freetexttaxinvoice (3).pdf,freetexttaxinvoice (3).pdf,duplicate,,,,,,,,,inv#1144,2026-07-31T00:11:12.810653
INV 410-INV24-26106 GBL1750A.pdf,INV 410-INV24-26106 GBL1750A.pdf,covered,,,,,,,,,inv#1344,2026-07-31T00:11:28.855052
Invoice INV136628.pdf,Invoice INV136628.pdf,covered,,,,,,,,,inv#1002,2026-07-31T00:11:28.884552
1776735621183-Tax-Invoice-34555-1.pdf,1776735621183-Tax-Invoice-34555-1.pdf,covered,,,,,,,,,inv#345,2026-07-31T00:11:28.914604
AWS (3).PNG,AWS (3).PNG,covered,,,,,,,,,inv#1168,2026-07-31T00:11:28.941746
tokio4.PNG,tokio4.PNG,covered,,,,,,,,,inv#1355,2026-07-31T00:11:28.969689
DI74QP Invoice-9878.pdf,DI74QP Invoice-9878.pdf,covered,,,,,,,,,inv#1402,2026-07-31T00:11:28.998982
00006442.pdf,00006442.pdf,covered,,,,,,,,,inv#1167,2026-07-31T00:11:29.028472
Invoice- 00051289.png,Invoice- 00051289.png,stray_loaded,1750,True,tax_invoice,3,bill_to,651,MATCHED,5032,,2026-07-31T00:11:29.055746
Drive Lah Q1 March 2025 Super (1).pdf,Drive Lah Q1 March 2025 Super (1).pdf,covered,,,,,,,,,inv#930,2026-07-31T00:11:42.266881
Invoice INV-0142.pdf,Invoice INV-0142.pdf,covered,,,,,,,,,inv#1080,2026-07-31T00:11:42.295888
SOA DRIVELAH TOTAL $3360 JUNE 2024.pdf,SOA DRIVELAH TOTAL $3360 JUNE 2024.pdf,covered,,,,,,,,,inv#1405,2026-07-31T00:11:42.324625
2125514.6.24-07.20.txt,2125514.6.24-07.20.txt,covered,,,,,,,,,inv#1456,2026-07-31T00:11:42.353754
image (9) (3).png,image (9) (3).png,covered,,,,,,,,,inv#1364,2026-07-31T00:11:42.379988
INV 506-INV25_29292 GBL1750A.pdf,INV 506-INV25_29292 GBL1750A.pdf,stray_loaded,1751,True,tax_invoice,2,bill_to,27,MATCHED,5001,,2026-07-31T00:11:42.407672
EXCESS-RECOVERY-LETTER - TP-M2508850.pdf,EXCESS-RECOVERY-LETTER - TP-M2508850.pdf,covered,,,,,,,,,inv#477,2026-07-31T00:11:46.188951
1ZS4UC- Melbourne Prestige Invoice 140 - $1780.pdf,1ZS4UC- Melbourne Prestige Invoice 140 - $1780.pdf,covered,,,,,,,,,inv#1108,2026-07-31T00:11:46.218218
Drive Lah Inv_206.pdf,Drive Lah Inv_206.pdf,covered,,,,,,,,,inv#884,2026-07-31T00:11:46.247135
PS Marrickville-Invoice 0000393.pdf,PS Marrickville-Invoice 0000393.pdf,covered,,,,,,,,,inv#516,2026-07-31T00:11:46.275488
Screenshot 2025-11-17 at 9.29.36 AM.png,Screenshot 2025-11-17 at 9.29.36 AM.png,covered,,,,,,,,,inv#559,2026-07-31T00:11:46.304177
AU-MRKV034332DF TaxInvoice.pdf,AU-MRKV034332DF TaxInvoice.pdf,covered,,,,,,,,,inv#515,2026-07-31T00:11:46.332225
invoice-INVSGP12281.pdf,invoice-INVSGP12281.pdf,covered,,,,,,,,,inv#1559,2026-07-31T00:11:46.361558
Excess Request (15).pdf,Excess Request (15).pdf,covered,,,,,,,,,inv#805,2026-07-31T00:11:46.390134
Invoice_100137.pdf,Invoice_100137.pdf,covered,,,,,,,,,inv#1062,2026-07-31T00:11:46.417322
NTUC - 62580017894.png,NTUC - 62580017894.png,not_invoice,,False,report,,,,,,,2026-07-31T00:11:46.446945
Invoice INV-0426.pdf,Invoice INV-0426.pdf,covered,,,,,,,,,inv#1462,2026-07-31T00:11:48.444390
SGIN25-562576.pdf,SGIN25-562576.pdf,covered,,,,,,,,,inv#560,2026-07-31T00:11:48.473270
New Claim Acknowledgement (6).pdf,New Claim Acknowledgement (6).pdf,covered,,,,,,,,,inv#824,2026-07-31T00:11:48.503454
Invoice_INV_MI_20326.pdf,Invoice_INV_MI_20326.pdf,covered,,,,,,,,,inv#1473,2026-07-31T00:11:48.534558
Invoice_INVFR0316598.pdf,Invoice_INVFR0316598.pdf,covered,,,,,,,,,inv#1346,2026-07-31T00:11:48.622068
Invoice_INVFR0433219.pdf,Invoice_INVFR0433219.pdf,covered,,,,,,,,,inv#723,2026-07-31T00:11:48.651591
New Claim Acknowledgement - 743VWM.pdf,New Claim Acknowledgement - 743VWM.pdf,covered,,,,,,,,,inv#1118,2026-07-31T00:11:48.681734
SNG7925H.pdf,SNG7925H.pdf,stray_loaded,1752,True,tax_invoice,2,bill_to,154,MATCHED,5032,,2026-07-31T00:11:48.710948
DI64QP - Invoice 12221 - Stephen Inner West Smash Repairs Invoice.pdf,DI64QP - Invoice 12221 - Stephen Inner West Smash Repairs Invoice.pdf,covered,,,,,,,,,inv#770,2026-07-31T00:11:55.804145
1780973104735-INV-01287.pdf,1780973104735-INV-01287.pdf,stray_loaded,1753,True,tax_invoice,3,bill_to,138,MATCHED,5032,,2026-07-31T00:11:55.832428
Screenshot 2024-04-02 100637.png,Screenshot 2024-04-02 100637.png,covered,,,,,,,,,inv#1530,2026-07-31T00:12:01.931586
Auto Tech Locksmiths Pty Ltd Invoice #2319.pdf,Auto Tech Locksmiths Pty Ltd Invoice #2319.pdf,covered,,,,,,,,,inv#1276,2026-07-31T00:12:01.959273
TP EXCESS RECOVERY LETTER M2505686.pdf,TP EXCESS RECOVERY LETTER M2505686.pdf,covered,,,,,,,,,inv#533,2026-07-31T00:12:01.989179
Invoice-110226110321-2025-05-12.pdf,Invoice-110226110321-2025-05-12.pdf,covered,,,,,,,,,inv#704,2026-07-31T00:12:02.017629
Inv_18735_from_Rohde_Smash_Repairs.pdf,Inv_18735_from_Rohde_Smash_Repairs.pdf,covered,,,,,,,,,inv#436,2026-07-31T00:12:02.046949
1781591648551-4048763_20260605_FEE-INVOICE.pdf,1781591648551-4048763_20260605_FEE-INVOICE.pdf,covered,,,,,,,,,inv#294,2026-07-31T00:12:02.075108
FINV5929.pdf,FINV5929.pdf,covered,,,,,,,,,inv#525,2026-07-31T00:12:02.105197
Invoice_260197_from_ACE.pdf,Invoice_260197_from_ACE.pdf,stray_loaded,1754,True,tax_invoice,3,bill_to,28,MATCHED,6500,,2026-07-31T00:12:02.136525
VR Graphics Invoice April 2024.pdf,VR Graphics Invoice April 2024.pdf,covered,,,,,,,,,inv#1517,2026-07-31T00:12:17.097389
New Claim Acknowledgement (2) (2).pdf,New Claim Acknowledgement (2) (2).pdf,covered,,,,,,,,,inv#928,2026-07-31T00:12:17.124596
Invoice-FDD2C2B-0004.pdf,Invoice-FDD2C2B-0004.pdf,stray_loaded,1755,True,invoice,2,bill_to,87,MATCHED,6701,,2026-07-31T00:12:17.152541
Excess Letter - Income.png,Excess Letter - Income.png,covered,,,,,,,,,inv#851,2026-07-31T00:12:34.417018
invoice-to-DriveLah-Oct-Nov2024 (1).pdf,invoice-to-DriveLah-Oct-Nov2024 (1).pdf,covered,,,,,,,,,inv#1302,2026-07-31T00:12:34.446023
Chris Malan Invoice Sep 2024.pdf,Chris Malan Invoice Sep 2024.pdf,covered,,,,,,,,,inv#1361,2026-07-31T00:12:34.473893
Invoice-FDD2C2B-0010.pdf,Invoice-FDD2C2B-0010.pdf,covered,,,,,,,,,inv#298,2026-07-31T00:12:34.502677
DRIVE LAH PTE LTD - Late filing charges from ACRA.pdf,DRIVE LAH PTE LTD - Late filing charges from ACRA.pdf,covered,,,,,,,,,inv#527,2026-07-31T00:12:34.529394
Tax Invoice #13214.pdf,Tax Invoice #13214.pdf,covered,,,,,,,,,inv#901,2026-07-31T00:12:34.558773
DRIVE MATE FTI00090068.pdf,DRIVE MATE FTI00090068.pdf,covered,,,,,,,,,inv#1138,2026-07-31T00:12:34.588684
TAX INVOICE DM002 - LAMPROS -  1IHP908 (3.10.24) (1).pdf,TAX INVOICE DM002 - LAMPROS -  1IHP908 (3.10.24) (1).pdf,covered,,,,,,,,,inv#1348,2026-07-31T00:12:34.617980
CarwashINVOICE5 18th Jan 2024.docx,CarwashINVOICE5 18th Jan 2024.docx,covered,,,,,,,,,inv#1590,2026-07-31T00:12:34.646551
1752703734892_TaxInvoice14647_DP7P5ak1L0Fe56mI.pdf,1752703734892_TaxInvoice14647_DP7P5ak1L0Fe56mI.pdf,covered,,,,,,,,,inv#612,2026-07-31T00:12:34.677064
1772958328004-Feb-2026.pdf,1772958328004-Feb-2026.pdf,covered,,,,,,,,,inv#403,2026-07-31T00:12:34.707472
New Claim Acknowledgement CV67MY.pdf,New Claim Acknowledgement CV67MY.pdf,covered,,,,,,,,,inv#1131,2026-07-31T00:12:34.736992
1KE7BR - New Claim Acknowledgement.pdf,1KE7BR - New Claim Acknowledgement.pdf,covered,,,,,,,,,inv#955,2026-07-31T00:12:34.763840
2334.pdf,2334.pdf,covered,,,,,,,,,inv#1224,2026-07-31T00:12:34.792929
Anytime Invoice 14598 (1).pdf,Anytime Invoice 14598 (1).pdf,not_invoice,,,other,,,,,,,2026-07-31T00:12:34.821789
INV 504-INV25_28490 GBL1750A[1].pdf,INV 504-INV25_28490 GBL1750A[1].pdf,covered,,,,,,,,,inv#855,2026-07-31T00:12:34.866080
image1 (1) (1).jpeg,image1 (1) (1).jpeg,covered,,,,,,,,,inv#776,2026-07-31T00:12:34.896205
AU-MRKV031362CF TaxInvoice.pdf,AU-MRKV031362CF TaxInvoice.pdf,covered,,,,,,,,,inv#1060,2026-07-31T00:12:34.925656
SGIN24-138233.pdf,SGIN24-138233.pdf,covered,,,,,,,,,inv#1537,2026-07-31T00:12:34.958559
Invoice 19774.pdf,Invoice 19774.pdf,covered,,,,,,,,,inv#1491,2026-07-31T00:12:34.988188
Excess Letter - Income (1).png,Excess Letter - Income (1).png,covered,,,,,,,,,inv#851,2026-07-31T00:12:35.012234
480EK6_FEE INVOICE.pdf,480EK6_FEE INVOICE.pdf,covered,,,,,,,,,inv#1088,2026-07-31T00:12:35.039665
IMG_8125 (1).jpg,IMG_8125 (1).jpg,covered,,,,,,,,,inv#785,2026-07-31T00:12:35.067918
Excess Request SHR578.pdf,Excess Request SHR578.pdf,covered,,,,,,,,,inv#1059,2026-07-31T00:12:35.096462
1779850575481-117425952-3-WVS37E-PROOF-OF-LOSS-P3-1.pdf,1779850575481-117425952-3-WVS37E-PROOF-OF-LOSS-P3-1.pdf,not_invoice,,,other,,,,,,,2026-07-31T00:12:35.124417
20240422 Drive Lah Australia - ASIC Invoice.pdf,20240422 Drive Lah Australia - ASIC Invoice.pdf,stray_loaded,1756,True,invoice,3,bill_to,,QUARANTINE,,,2026-07-31T00:12:35.159558
1DTU426_FEE INVOICE.pdf,1DTU426_FEE INVOICE.pdf,covered,,,,,,,,,inv#911,2026-07-31T00:12:50.629606
25.0232.pdf,25.0232.pdf,covered,,,,,,,,,inv#680,2026-07-31T00:12:50.656804
Excess Request 1XB9AR.pdf,Excess Request 1XB9AR.pdf,covered,,,,,,,,,inv#1235,2026-07-31T00:12:50.687853
VR Graphics Invoice February 2024 (2).pdf,VR Graphics Invoice February 2024 (2).pdf,covered,,,,,,,,,inv#1553,2026-07-31T00:12:50.715090
Abwin.pdf,Abwin.pdf,stray_loaded,1757,True,tax_invoice,2,bill_to,27,MATCHED,5001,,2026-07-31T00:12:50.745181
Invoice INV-6732-2.pdf,Invoice INV-6732-2.pdf,stray_loaded,1758,True,tax_invoice,3,bill_to,,QUARANTINE,,,2026-07-31T00:12:54.390960
MELBOURNE PRESTIGE CENTRE EXCESS.pdf,MELBOURNE PRESTIGE CENTRE EXCESS.pdf,covered,,,,,,,,,inv#849,2026-07-31T00:13:09.710636
1774954825078-INV-01282.pdf,1774954825078-INV-01282.pdf,covered,,,,,,,,,inv#373,2026-07-31T00:13:09.737880
BCF33H-17112024M (1).pdf,BCF33H-17112024M (1).pdf,covered,,,,,,,,,inv#1311,2026-07-31T00:13:09.765331
Invoice 00962259.pdf,Invoice 00962259.pdf,stray_loaded,1759,True,tax_invoice,3,bill_to,3,MATCHED,5033,,2026-07-31T00:13:09.795045
March 2024 BAS - Drive Lah Australia Pty Ltd.pdf,March 2024 BAS - Drive Lah Australia Pty Ltd.pdf,covered,,,,,,,,,inv#1489,2026-07-31T00:13:14.813354
63936I.PDF,63936I.PDF,covered,,,,,,,,,inv#1189,2026-07-31T00:13:14.840627
"TAX INVOICE DM007 - PATTERSON, Kenneth - 1HXT197 (12.12.24) (1).pdf","TAX INVOICE DM007 - PATTERSON, Kenneth - 1HXT197 (12.12.24) (1).pdf",covered,,,,,,,,,inv#1247,2026-07-31T00:13:14.869230
Invoice INV-3190549.pdf,Invoice INV-3190549.pdf,covered,,,,,,,,,inv#1156,2026-07-31T00:13:14.897879
Screenshot 2025-03-27 at 11.19.42 am.png,Screenshot 2025-03-27 at 11.19.42 am.png,covered,,,,,,,,,inv#993,2026-07-31T00:13:14.927029
Invoice - RS - Drive Lah Ventures Holding Pte Ltd - 29.pdf,Invoice - RS - Drive Lah Ventures Holding Pte Ltd - 29.pdf,covered,,,,,,,,,inv#1577,2026-07-31T00:13:14.953772
25.0187.pdf,25.0187.pdf,covered,,,,,,,,,inv#679,2026-07-31T00:13:14.982104
INV02109504_A00062140_03032024.pdf,INV02109504_A00062140_03032024.pdf,covered,,,,,,,,,inv#1428,2026-07-31T00:13:15.011054
1773724000896-TYRE-REPLACEMENT-INVOICE.pdf,1773724000896-TYRE-REPLACEMENT-INVOICE.pdf,covered,,,,,,,,,inv#398,2026-07-31T00:13:15.039592
Drivelah Invoice for Sept Month.pdf,Drivelah Invoice for Sept Month.pdf,covered,,,,,,,,,inv#1353,2026-07-31T00:13:15.067446
47461_Fee invoice.pdf,47461_Fee invoice.pdf,stray_loaded,1760,True,tax_invoice,3,bill_to,72,MATCHED,5034,,2026-07-31T00:13:15.096979
51729_FEE INVOICE.pdf,51729_FEE INVOICE.pdf,covered,,,,,,,,,inv#897,2026-07-31T00:13:21.471215
Viren - SESmash Invoice.pdf,Viren - SESmash Invoice.pdf,covered,,,,,,,,,inv#1549,2026-07-31T00:13:21.499789
INV-01269.pdf,INV-01269.pdf,stray_loaded,1761,True,tax_invoice,3,bill_to,138,MATCHED,5032,,2026-07-31T00:13:21.529966
New Claim Acknowledgement 006ID3.pdf,New Claim Acknowledgement 006ID3.pdf,covered,,,,,,,,,inv#1089,2026-07-31T00:13:27.614246
2025-03-23 Invoice #3465 - Invoice (1).pdf,2025-03-23 Invoice #3465 - Invoice (1).pdf,covered,,,,,,,,,inv#923,2026-07-31T00:13:27.641632
INV 412-INV24_26849 GBL1750A.pdf,INV 412-INV24_26849 GBL1750A.pdf,covered,,,,,,,,,inv#1233,2026-07-31T00:13:27.671426
SGIN24-262740.pdf,SGIN24-262740.pdf,covered,,,,,,,,,inv#1496,2026-07-31T00:13:27.700592
Invoice_INVFR0508850.pdf,Invoice_INVFR0508850.pdf,covered,,,,,,,,,inv#433,2026-07-31T00:13:27.731029
1020147.PDF,1020147.PDF,covered,,,,,,,,,inv#1424,2026-07-31T00:13:27.759626
Invoice_INV_MI_22136.pdf,Invoice_INV_MI_22136.pdf,covered,,,,,,,,,inv#1379,2026-07-31T00:13:27.789232
SGIN24-262742.pdf,SGIN24-262742.pdf,covered,,,,,,,,,inv#1495,2026-07-31T00:13:27.820470
AU-MRKV03217300 TaxInvoice (1).pdf,AU-MRKV03217300 TaxInvoice (1).pdf,covered,,,,,,,,,inv#818,2026-07-31T00:13:27.853864
invoice_151.pdf,invoice_151.pdf,covered,,,,,,,,,inv#506,2026-07-31T00:13:27.881767
1770591950470-4014478_20260130_FEE-INVOICE-2.pdf,1770591950470-4014478_20260130_FEE-INVOICE-2.pdf,covered,,,,,,,,,inv#446,2026-07-31T00:13:27.909377
INV02186798_A00062140_06032024.pdf,INV02186798_A00062140_06032024.pdf,covered,,,,,,,,,inv#1471,2026-07-31T00:13:27.938024
INV-01280.pdf,INV-01280.pdf,covered,,,,,,,,,inv#448,2026-07-31T00:13:27.967688
00006455.pdf,00006455.pdf,covered,,,,,,,,,inv#1164,2026-07-31T00:13:28.033390
471KU3_Feeinvoice.pdf,471KU3_Feeinvoice.pdf,covered,,,,,,,,,inv#1127,2026-07-31T00:13:28.061139
SOA-000A2 -DRIVELAH.pdf,SOA-000A2 -DRIVELAH.pdf,covered,,,,,,,,,inv#1414,2026-07-31T00:13:28.090267
Invoice_CON08122_INVSGP12836 (1).pdf,Invoice_CON08122_INVSGP12836 (1).pdf,covered,,,,,,,,,inv#1173,2026-07-31T00:13:28.118540
SGIN25-562577.png,SGIN25-562577.png,stray_loaded,1762,True,invoice,1,bill_to,355,MATCHED,,,2026-07-31T00:13:28.147291
PS Marrickville-Invoice 0000390.pdf,PS Marrickville-Invoice 0000390.pdf,not_invoice,,False,other,,,,,,,2026-07-31T00:13:37.002357
EXCESS INVOICE SNP6563C (1).pdf,EXCESS INVOICE SNP6563C (1).pdf,covered,,,,,,,,,inv#1342,2026-07-31T00:13:38.857821
Excess Request (19).pdf,Excess Request (19).pdf,not_invoice,1763,False,letter,3,bill_to,,QUARANTINE,,,2026-07-31T00:13:38.949101
1777359481213-4035912_Fee-invoice.pdf,1777359481213-4035912_Fee-invoice.pdf,covered,,,,,,,,,inv#335,2026-07-31T00:13:54.509697
52483.jpg,52483.jpg,not_invoice,1764,False,receipt,2,currency,672,MATCHED,5025,,2026-07-31T00:13:54.538177
PS Marrickville-Invoice 0000347.pdf,PS Marrickville-Invoice 0000347.pdf,covered,,,,,,,,,inv#1161,2026-07-31T00:14:08.466980
1778650257487-90774687_Fee-invoice.pdf,1778650257487-90774687_Fee-invoice.pdf,covered,,,,,,,,,inv#289,2026-07-31T00:14:08.501621
EZH28B - New Claim Acknowledgement - VL40286805.pdf,EZH28B - New Claim Acknowledgement - VL40286805.pdf,covered,,,,,,,,,inv#983,2026-07-31T00:14:08.532663
1029764  - 391790 (1).PDF,1029764  - 391790 (1).PDF,covered,,,,,,,,,inv#991,2026-07-31T00:14:08.564877
INV02162381_A00062140_05032024.pdf,INV02162381_A00062140_05032024.pdf,covered,,,,,,,,,inv#1433,2026-07-31T00:14:08.595282
Invoice_CON10093_INVSGP13521.pdf,Invoice_CON10093_INVSGP13521.pdf,covered,,,,,,,,,inv#554,2026-07-31T00:14:08.625927
Placement of Motor Fleet Invoice 226640 - DRIVELA.pdf,Placement of Motor Fleet Invoice 226640 - DRIVELA.pdf,covered,,,,,,,,,inv#1071,2026-07-31T00:14:08.656144
AU-404381101407.pdf,AU-404381101407.pdf,covered,,,,,,,,,inv#463,2026-07-31T00:14:08.685549
AU-MRKV030014E8 TaxInvoice.pdf,AU-MRKV030014E8 TaxInvoice.pdf,covered,,,,,,,,,inv#1277,2026-07-31T00:14:08.714383
1776754787495-4034416_20260416_FEE-INVOICE.pdf,1776754787495-4034416_20260416_FEE-INVOICE.pdf,covered,,,,,,,,,inv#343,2026-07-31T00:14:08.746985
656XGQ - New Claim Acknowledgement.pdf,656XGQ - New Claim Acknowledgement.pdf,covered,,,,,,,,,inv#956,2026-07-31T00:14:08.777869
VR Graphics Invoice June 2024.pdf,VR Graphics Invoice June 2024.pdf,covered,,,,,,,,,inv#1450,2026-07-31T00:14:08.809013
AU-MRKV03231826 TaxInvoice.pdf,AU-MRKV03231826 TaxInvoice.pdf,covered,,,,,,,,,inv#788,2026-07-31T00:14:08.837761
1261748-002 - Recovery Letter (1).pdf,1261748-002 - Recovery Letter (1).pdf,covered,,,,,,,,,inv#1439,2026-07-31T00:14:08.867026
Final Reminder M2603741 TP EXCESS RECOVERY LETTER.pdf,Final Reminder M2603741 TP EXCESS RECOVERY LETTER.pdf,covered,,,,,,,,,inv#278,2026-07-31T00:14:08.897672
Quote.jpeg,Quote.jpeg,covered,,,,,,,,,inv#1008,2026-07-31T00:14:08.928019
M2954250.PNG,M2954250.PNG,covered,,,,,,,,,inv#1010,2026-07-31T00:14:08.958055
IMG_7836.jpg,IMG_7836.jpg,covered,,,,,,,,,inv#873,2026-07-31T00:14:08.985840
Invoice_CON08122_INVSGP13132.pdf,Invoice_CON08122_INVSGP13132.pdf,covered,,,,,,,,,inv#727,2026-07-31T00:14:09.014172
1776232914534-SGIN26-217406.pdf,1776232914534-SGIN26-217406.pdf,covered,,,,,,,,,inv#356,2026-07-31T00:14:09.043883
Nick_s invoices (15).pdf,Nick_s invoices (15).pdf,covered,,,,,,,,,inv#1283,2026-07-31T00:14:09.074823
AU-JCAUO-027399.pdf,AU-JCAUO-027399.pdf,stray_loaded,1765,True,tax_invoice,3,bill_to,564,MATCHED,6300,,2026-07-31T00:14:09.104475
Invoice-FDD2C2B-0007.pdf,Invoice-FDD2C2B-0007.pdf,covered,,,,,,,,,inv#393,2026-07-31T00:14:21.031295
Invoice INV-0009.pdf,Invoice INV-0009.pdf,stray_loaded,1766,True,tax_invoice,3,bill_to,,QUARANTINE,,,2026-07-31T00:14:21.058758
CK19CJ_FEE INVOICE.pdf,CK19CJ_FEE INVOICE.pdf,covered,,,,,,,,,inv#1040,2026-07-31T00:14:36.549625
20326-1 (8).pdf,20326-1 (8).pdf,covered,,,,,,,,,inv#1212,2026-07-31T00:14:36.578643
Invoice for NEW (Invoice No_ NW20250000010843).pdf,Invoice for NEW (Invoice No_ NW20250000010843).pdf,covered,,,,,,,,,inv#1111,2026-07-31T00:14:36.606123
freetexttaxinvoice.pdf,freetexttaxinvoice.pdf,covered,,,,,,,,,inv#1482,2026-07-31T00:14:36.636411
4109_001 (4).pdf,4109_001 (4).pdf,covered,,,,,,,,,inv#1035,2026-07-31T00:14:36.660628
illion Statement of Account - 391790 (2).PDF,illion Statement of Account - 391790 (2).PDF,covered,,,,,,,,,inv#1325,2026-07-31T00:14:36.689719
INV0000254955 Drivemate.pdf,INV0000254955 Drivemate.pdf,stray_loaded,1767,True,tax_invoice,3,bill_to,509,MATCHED,5060,,2026-07-31T00:14:36.718093
TAX INVOICE DM004 - RUTHVEN -  1HXT197 (25.10.24).pdf,TAX INVOICE DM004 - RUTHVEN -  1HXT197 (25.10.24).pdf,covered,,,,,,,,,inv#1324,2026-07-31T00:14:50.075183
042IZ8_Fee invoice.pdf,042IZ8_Fee invoice.pdf,covered,,,,,,,,,inv#1043,2026-07-31T00:14:50.107149
Invoice-FDD2C2B-0006.pdf,Invoice-FDD2C2B-0006.pdf,covered,,,,,,,,,inv#395,2026-07-31T00:14:50.135179
1779155977703-EBGI-3826179-5539043-1778166130530_EBAOGICLM_SLET_MT.pdf,1779155977703-EBGI-3826179-5539043-1778166130530_EBAOGICLM_SLET_MT.pdf,covered,,,,,,,,,inv#312,2026-07-31T00:14:50.163850
invoice_INV02186798.pdf,invoice_INV02186798.pdf,duplicate,,,,,,,,,inv#1471,2026-07-31T00:14:50.193795
IMG_7837.jpg,IMG_7837.jpg,covered,,,,,,,,,inv#821,2026-07-31T00:15:06.018093
Estimate 15922 (1).pdf,Estimate 15922 (1).pdf,not_invoice,1769,False,estimate,3,bill_to,139,MATCHED,5032,,2026-07-31T00:15:06.049371
AU-JCAU-006776.pdf,AU-JCAU-006776.pdf,stray_loaded,1770,True,tax_invoice,3,bill_to,93,MATCHED,6300,,2026-07-31T00:15:12.255205
1781669985601-1TC1KZ_00561671.pdf,1781669985601-1TC1KZ_00561671.pdf,covered,,,,,,,,,inv#293,2026-07-31T00:15:16.987411
CK19CJ (1).pdf,CK19CJ (1).pdf,covered,,,,,,,,,inv#1084,2026-07-31T00:15:17.014199
SLA7055Z Invoice.pdf,SLA7055Z Invoice.pdf,covered,,,,,,,,,inv#573,2026-07-31T00:15:17.044552
REPAIR INVOICE_TOP DENTS.jpeg,REPAIR INVOICE_TOP DENTS.jpeg,covered,,,,,,,,,inv#601,2026-07-31T00:15:17.073255
2025-02-25 Invoice #3464 - Invoice (1).pdf,2025-02-25 Invoice #3464 - Invoice (1).pdf,stray_loaded,1771,True,invoice,3,bill_to,84,MATCHED,6104,,2026-07-31T00:15:17.100217
Excess Request (6).pdf,Excess Request (6).pdf,covered,,,,,,,,,inv#1323,2026-07-31T00:15:21.549837
2131315.8.24-08.57.txt,2131315.8.24-08.57.txt,covered,,,,,,,,,inv#1250,2026-07-31T00:15:21.578048
1780973098709-INV-01291.pdf,1780973098709-INV-01291.pdf,covered,,,,,,,,,inv#296,2026-07-31T00:15:21.606860
Mova Automotive - Invoice_CBMI26030605.pdf,Mova Automotive - Invoice_CBMI26030605.pdf,stray_loaded,1772,True,tax_invoice,2,bill_to,,QUARANTINE,,,2026-07-31T00:15:21.635112
drive-lah-1293-1491-drive-mate-soccer-setsinvoice.pdf,drive-lah-1293-1491-drive-mate-soccer-setsinvoice.pdf,covered,,,,,,,,,inv#1308,2026-07-31T00:15:37.199080
December 2024 Superannuation.pdf,December 2024 Superannuation.pdf,covered,,,,,,,,,inv#1077,2026-07-31T00:15:37.225987
FTI00091921.pdf,FTI00091921.pdf,stray_loaded,1773,True,tax_invoice,3,bill_to,123,MATCHED,5033,,2026-07-31T00:15:37.256060
1779060114516-4386-EXCESS-INVOICE-1.pdf,1779060114516-4386-EXCESS-INVOICE-1.pdf,covered,,,,,,,,,inv#314,2026-07-31T00:15:53.025102
61274.pdf,61274.pdf,covered,,,,,,,,,inv#1404,2026-07-31T00:15:53.051036
Screenshot 2025-08-04 at 10.57.47 AM.png,Screenshot 2025-08-04 at 10.57.47 AM.png,covered,,,,,,,,,inv#651,2026-07-31T00:15:53.078628
image (2025-04-30T07_21_48Z).png,image (2025-04-30T07_21_48Z).png,covered,,,,,,,,,inv#909,2026-07-31T00:15:53.110071
Drive Lah Pte Ltd R0305240OD.pdf,Drive Lah Pte Ltd R0305240OD.pdf,covered,,,,,,,,,inv#1351,2026-07-31T00:15:53.138779
EBGI-3520631-4455812-1715330691124_EBAOGICLM_SLET_MT(1).pdf,EBGI-3520631-4455812-1715330691124_EBAOGICLM_SLET_MT(1).pdf,covered,,,,,,,,,inv#1494,2026-07-31T00:15:53.165906
SGIN25-562576 (1).pdf,SGIN25-562576 (1).pdf,covered,,,,,,,,,inv#560,2026-07-31T00:15:53.196075
FLM - 27304131_Fee invoice - 669LL9.pdf,FLM - 27304131_Fee invoice - 669LL9.pdf,covered,,,,,,,,,inv#590,2026-07-31T00:15:53.221505
Invoice INV135860.pdf,Invoice INV135860.pdf,duplicate,,,,,,,,,inv#1264,2026-07-31T00:15:53.250049
20240905 Invoice - Data Management.pdf,20240905 Invoice - Data Management.pdf,duplicate,,,,,,,,,inv#1380,2026-07-31T00:15:57.240069
1775174401447-81866288_Fee-Invoice.pdf,1775174401447-81866288_Fee-Invoice.pdf,covered,,,,,,,,,inv#367,2026-07-31T00:16:12.924564
Invoice_INV_MI_27265.pdf,Invoice_INV_MI_27265.pdf,covered,,,,,,,,,inv#707,2026-07-31T00:16:12.952134
Drivemate Invoice FT00000012 Dec25 Unpaid.pdf,Drivemate Invoice FT00000012 Dec25 Unpaid.pdf,duplicate,,,,,,,,,inv#737,2026-07-31T00:16:12.982757
INV02294310_A00062140_11032024.pdf,INV02294310_A00062140_11032024.pdf,covered,,,,,,,,,inv#1015,2026-07-31T00:16:26.922321
SMU4162A Invoice.pdf,SMU4162A Invoice.pdf,covered,,,,,,,,,inv#661,2026-07-31T00:16:26.950181
2025-01-25 Invoice #3463 - Invoice.pdf,2025-01-25 Invoice #3463 - Invoice.pdf,covered,,,,,,,,,inv#1183,2026-07-31T00:16:26.977581
Invoice INV-4418 (3).pdf,Invoice INV-4418 (3).pdf,covered,,,,,,,,,inv#924,2026-07-31T00:16:27.005153
659IX4 - Fee invoice.pdf,659IX4 - Fee invoice.pdf,covered,,,,,,,,,inv#975,2026-07-31T00:16:27.034219
Invoice INV-5992.pdf,Invoice INV-5992.pdf,covered,,,,,,,,,inv#1125,2026-07-31T00:16:27.062022
Invoice_101029.pdf,Invoice_101029.pdf,covered,,,,,,,,,inv#877,2026-07-31T00:16:27.091469
WhatsApp Image 2025-06-06 at 17.56.12.jpeg,WhatsApp Image 2025-06-06 at 17.56.12.jpeg,covered,,,,,,,,,inv#794,2026-07-31T00:16:27.121256
Drive Lah Q1 Sept 2025 Super.pdf,Drive Lah Q1 Sept 2025 Super.pdf,not_invoice,1777,False,report,3,bill_to,28,MATCHED,6500,,2026-07-31T00:16:27.149489
INV-01240 (1).pdf,INV-01240 (1).pdf,covered,,,,,,,,,inv#664,2026-07-31T00:16:43.228959
INV-01281.pdf,INV-01281.pdf,stray_loaded,1778,True,tax_invoice,3,bill_to,138,MATCHED,5032,,2026-07-31T00:16:43.257666
Invoice_INVFR0384762 (1).pdf,Invoice_INVFR0384762 (1).pdf,covered,,,,,,,,,inv#985,2026-07-31T00:16:49.344723
30062025- SJL2912Z-INV-  684bd3059f3e58a10161d3b9-JULIE.pdf,30062025- SJL2912Z-INV-  684bd3059f3e58a10161d3b9-JULIE.pdf,covered,,,,,,,,,inv#766,2026-07-31T00:16:49.373135
1778661052665-Invoice_AAU201391_2026-04-23_2026-04-23_41455.pdf,1778661052665-Invoice_AAU201391_2026-04-23_2026-04-23_41455.pdf,covered,,,,,,,,,inv#316,2026-07-31T00:16:49.402176
INV-01242.pdf,INV-01242.pdf,covered,,,,,,,,,inv#665,2026-07-31T00:16:49.432045
Invoice_RMI24060009_DRIVE LAH PTE LTD.pdf,Invoice_RMI24060009_DRIVE LAH PTE LTD.pdf,covered,,,,,,,,,inv#1445,2026-07-31T00:16:49.461957
Invoice INV132448.pdf,Invoice INV132448.pdf,covered,,,,,,,,,inv#1525,2026-07-31T00:16:49.488102
AU-MRKV030986B7 TaxInvoice (1).pdf,AU-MRKV030986B7 TaxInvoice (1).pdf,covered,,,,,,,,,inv#1113,2026-07-31T00:16:49.515565
Invoice#0020.pdf,Invoice#0020.pdf,covered,,,,,,,,,inv#1430,2026-07-31T00:16:49.545794
WhatsApp Image 2025-02-20 at 17.29.48.jpeg,WhatsApp Image 2025-02-20 at 17.29.48.jpeg,covered,,,,,,,,,inv#1095,2026-07-31T00:16:49.575776
SOA-000A4-AUGUST -DRIVELAH.PDF,SOA-000A4-AUGUST -DRIVELAH.PDF,covered,,,,,,,,,inv#1359,2026-07-31T00:16:49.603258
Invoice_INV_MI_26433.pdf,Invoice_INV_MI_26433.pdf,covered,,,,,,,,,inv#708,2026-07-31T00:16:49.632258
DRIVE MATE FTI00089463.pdf,DRIVE MATE FTI00089463.pdf,covered,,,,,,,,,inv#1140,2026-07-31T00:16:49.655982
Invoice INV-0150.pdf,Invoice INV-0150.pdf,covered,,,,,,,,,inv#1032,2026-07-31T00:16:49.685821
133IP2_FEE INVOICE.pdf,133IP2_FEE INVOICE.pdf,covered,,,,,,,,,inv#978,2026-07-31T00:16:49.714052
1NA7GL_Fee invoice (1).pdf,1NA7GL_Fee invoice (1).pdf,covered,,,,,,,,,inv#1204,2026-07-31T00:16:49.742077
4845_003.pdf,4845_003.pdf,covered,,,,,,,,,inv#1314,2026-07-31T00:16:49.772332
Tokio2.PNG,Tokio2.PNG,covered,,,,,,,,,inv#1357,2026-07-31T00:16:49.799893
INV 407-INV24-24809 GBL1750A.pdf,INV 407-INV24-24809 GBL1750A.pdf,covered,,,,,,,,,inv#1435,2026-07-31T00:16:49.828240
00006444.pdf,00006444.pdf,covered,,,,,,,,,inv#1166,2026-07-31T00:16:49.856172
25.0101 (1).pdf,25.0101 (1).pdf,covered,,,,,,,,,inv#895,2026-07-31T00:16:49.887588
SOA-000A1 -DRIVELAH.pdf,SOA-000A1 -DRIVELAH.pdf,covered,,,,,,,,,inv#1454,2026-07-31T00:16:49.915723
DRIVE MATE AUSTRALIA PTY LTD FTI00090279 (1).pdf,DRIVE MATE AUSTRALIA PTY LTD FTI00090279 (1).pdf,covered,,,,,,,,,inv#939,2026-07-31T00:16:49.944601
1770285069064-YS-10901.pdf,1770285069064-YS-10901.pdf,covered,,,,,,,,,inv#451,2026-07-31T00:16:49.972427
Invoice_101461 (1).pdf,Invoice_101461 (1).pdf,covered,,,,,,,,,inv#787,2026-07-31T00:16:49.999267
1782005822932-Invoice_106782.pdf,1782005822932-Invoice_106782.pdf,covered,,,,,,,,,inv#283,2026-07-31T00:16:50.028678
Invoice INV-3190566.pdf,Invoice INV-3190566.pdf,covered,,,,,,,,,inv#1061,2026-07-31T00:16:50.057319
DRIVE MATE FTI00089852.pdf,DRIVE MATE FTI00089852.pdf,covered,,,,,,,,,inv#1139,2026-07-31T00:16:50.087577
Excess Request 752IN2 (1).pdf,Excess Request 752IN2 (1).pdf,covered,,,,,,,,,inv#1126,2026-07-31T00:16:50.114992
1775117882609-TAX-INVOICE-DM023-TAYLOR-Julie-DM-85875512-25.03.26.pdf,1775117882609-TAX-INVOICE-DM023-TAYLOR-Julie-DM-85875512-25.03.26.pdf,covered,,,,,,,,,inv#368,2026-07-31T00:16:50.143114
PS Marrickville-Invoice 0000342.pdf,PS Marrickville-Invoice 0000342.pdf,covered,,,,,,,,,inv#1195,2026-07-31T00:16:50.227607
Anytime 14598 Amended Invoice (1).pdf,Anytime 14598 Amended Invoice (1).pdf,covered,,,,,,,,,inv#825,2026-07-31T00:16:50.255980
Invoice_CON08122_INVSGP12836.pdf,Invoice_CON08122_INVSGP12836.pdf,covered,,,,,,,,,inv#1173,2026-07-31T00:16:50.282768
2024-04-30 Invoice #3454_ - Invoice.pdf,2024-04-30 Invoice #3454_ - Invoice.pdf,covered,,,,,,,,,inv#1509,2026-07-31T00:16:50.311763
1026645.PDF,1026645.PDF,covered,,,,,,,,,inv#1260,2026-07-31T00:16:50.340188
Invoice INV-6299 (1).pdf,Invoice INV-6299 (1).pdf,stray_loaded,1779,True,tax_invoice,3,bill_to,,QUARANTINE,,,2026-07-31T00:16:50.369422
Tax Invoice #13254 (2).pdf,Tax Invoice #13254 (2).pdf,stray_loaded,1780,True,tax_invoice,3,bill_to,139,MATCHED,5032,,2026-07-31T00:17:05.321751
Excess Request 21st Jan 2025 (2).pdf,Excess Request 21st Jan 2025 (2).pdf,covered,,,,,,,,,inv#1170,2026-07-31T00:17:11.970527
VH-PI-25-007095.pdf,VH-PI-25-007095.pdf,covered,,,,,,,,,inv#519,2026-07-31T00:17:11.998724
SNP1974H Invoice.pdf,SNP1974H Invoice.pdf,covered,,,,,,,,,inv#617,2026-07-31T00:17:12.028393
SGIN24-205441.pdf,SGIN24-205441.pdf,covered,,,,,,,,,inv#1497,2026-07-31T00:17:12.058246
Image 8-29-24 at 9.07 PM.jpeg,Image 8-29-24 at 9.07 PM.jpeg,covered,,,,,,,,,inv#1386,2026-07-31T00:17:12.085533
Invoice INV-6643.pdf,Invoice INV-6643.pdf,covered,,,,,,,,,inv#626,2026-07-31T00:17:12.115094
M251062980.pdf,M251062980.pdf,covered,,,,,,,,,inv#563,2026-07-31T00:17:12.143304
Excess Request (7).pdf,Excess Request (7).pdf,covered,,,,,,,,,inv#982,2026-07-31T00:17:12.172209
1034296.PDF,1034296.PDF,covered,,,,,,,,,inv#719,2026-07-31T00:17:12.200528
VL40280662.pdf,VL40280662.pdf,covered,,,,,,,,,inv#805,2026-07-31T00:17:12.229921
PS Marrickville-Invoice 0000346 (1).pdf,PS Marrickville-Invoice 0000346 (1).pdf,covered,,,,,,,,,inv#1220,2026-07-31T00:17:12.261665
Invoice-FDD2C2B-0002.pdf,Invoice-FDD2C2B-0002.pdf,stray_loaded,1781,True,invoice,2,bill_to,87,MATCHED,6701,,2026-07-31T00:17:12.292489
AlMo_invoice_Drivemate_OTOPLUG_September(2025_09_30).pdf,AlMo_invoice_Drivemate_OTOPLUG_September(2025_09_30).pdf,stray_loaded,1782,True,invoice,3,bill_to,649,MATCHED,5030,,2026-07-31T00:17:28.606193
TAX INVOICE DM021.pdf,TAX INVOICE DM021.pdf,stray_loaded,1783,True,tax_invoice,3,bill_to,111,MATCHED,5001,,2026-07-31T00:17:42.173491
20250923 ATO - Overdue Super - Drive Lah.pdf,20250923 ATO - Overdue Super - Drive Lah.pdf,not_invoice,,,other,,,,,,,2026-07-31T00:17:57.464208
image - 2025-01-23T084436.973.png,image - 2025-01-23T084436.973.png,covered,,,,,,,,,inv#1171,2026-07-31T00:17:57.493748
Copy of Nick_s invoices.pdf,Copy of Nick_s invoices.pdf,covered,,,,,,,,,inv#1283,2026-07-31T00:17:57.523295
invoice_INV02329104.pdf,invoice_INV02329104.pdf,covered,,,,,,,,,inv#1013,2026-07-31T00:17:57.553718
$2490_OCT_DRIVELAH.pdf,$2490_OCT_DRIVELAH.pdf,covered,,,,,,,,,inv#1267,2026-07-31T00:17:57.583844
SGIN24-658957.pdf,SGIN24-658957.pdf,stray_loaded,1784,True,tax_invoice,2,bill_to,355,MATCHED,,,2026-07-31T00:17:57.612447
Screenshot 2024-06-09 131405.png,Screenshot 2024-06-09 131405.png,covered,,,,,,,,,inv#1467,2026-07-31T00:18:13.991734
TOKIO (1).PNG,TOKIO (1).PNG,covered,,,,,,,,,inv#1011,2026-07-31T00:18:14.019290
1773973873190-Invoice-69a647cbacb8219c1c82d170.pdf,1773973873190-Invoice-69a647cbacb8219c1c82d170.pdf,covered,,,,,,,,,inv#387,2026-07-31T00:18:14.048665
Drive_AS_Jan 29-Feb 04_003.pdf,Drive_AS_Jan 29-Feb 04_003.pdf,covered,,,,,,,,,inv#1582,2026-07-31T00:18:14.138248
inv 2536629.pdf,inv 2536629.pdf,covered,,,,,,,,,inv#487,2026-07-31T00:18:14.167993
freetexttaxinvoice (1) (1).pdf,freetexttaxinvoice (1) (1).pdf,covered,,,,,,,,,inv#1297,2026-07-31T00:18:14.195460
Invoice INV-3190605.pdf,Invoice INV-3190605.pdf,covered,,,,,,,,,inv#627,2026-07-31T00:18:14.225107
30044868 DRILC 0002 (1).pdf,30044868 DRILC 0002 (1).pdf,covered,,,,,,,,,inv#970,2026-07-31T00:18:14.254547
Nick_s invoices (14).pdf,Nick_s invoices (14).pdf,covered,,,,,,,,,inv#1283,2026-07-31T00:18:14.286352
Invoice_CON08122_INVSGP12566.pdf,Invoice_CON08122_INVSGP12566.pdf,covered,,,,,,,,,inv#1425,2026-07-31T00:18:14.316510
Screenshot 2025-07-03 at 10.08.32 PM.png,Screenshot 2025-07-03 at 10.08.32 PM.png,stray_loaded,1785,True,tax_invoice,3,bill_to,145,MATCHED,5032,,2026-07-31T00:18:14.343938
Invoice_230477_from_ACE_Administration_Services_Pty_Ltd.pdf,Invoice_230477_from_ACE_Administration_Services_Pty_Ltd.pdf,stray_loaded,1786,True,tax_invoice,3,bill_to,28,MATCHED,6500,,2026-07-31T00:18:30.647044
Invoice INV-1663.pdf,Invoice INV-1663.pdf,covered,,,,,,,,,inv#1216,2026-07-31T00:18:45.910677
25.0187 (1).pdf,25.0187 (1).pdf,covered,,,,,,,,,inv#679,2026-07-31T00:18:45.940432
INV0000212373 Jul Profit sharing invoice.pdf,INV0000212373 Jul Profit sharing invoice.pdf,stray_loaded,1787,True,tax_invoice,3,bill_to,509,MATCHED,5060,,2026-07-31T00:18:45.969636
Drivemate FTIA00003612.pdf,Drivemate FTIA00003612.pdf,stray_loaded,1788,True,tax_invoice,3,bill_to,123,MATCHED,5033,,2026-07-31T00:18:59.831037
5123420472-04 Jul 2025 DN.pdf,5123420472-04 Jul 2025 DN.pdf,stray_loaded,1789,True,tax_invoice,2,bill_to,,QUARANTINE,,,2026-07-31T00:19:15.217150
KWI202303430367.pdf,KWI202303430367.pdf,covered,,,,,,,,,inv#583,2026-07-31T00:19:32.380389
Invoice_INVFR0397095.pdf,Invoice_INVFR0397095.pdf,covered,,,,,,,,,inv#814,2026-07-31T00:19:32.409452
SKV199P LOD.pdf,SKV199P LOD.pdf,not_invoice,1790,False,letter,2,bill_to,665,MATCHED,5032,,2026-07-31T00:19:32.438060
INV0000308939 Dec billing.pdf,INV0000308939 Dec billing.pdf,stray_loaded,1791,True,tax_invoice,3,bill_to,509,MATCHED,5060,,2026-07-31T00:19:39.905311
Invoice_INVFR0327839.pdf,Invoice_INVFR0327839.pdf,covered,,,,,,,,,inv#1345,2026-07-31T00:19:53.134227
1SR2TA  42306_Fee invoice.pdf,1SR2TA  42306_Fee invoice.pdf,covered,,,,,,,,,inv#1065,2026-07-31T00:19:53.161081
FLM - 35780874_Fee invoice - F24LV.pdf,FLM - 35780874_Fee invoice - F24LV.pdf,stray_loaded,1792,True,tax_invoice,3,bill_to,72,MATCHED,5034,,2026-07-31T00:19:53.189942
FINV7081.pdf,FINV7081.pdf,covered,,,,,,,,,inv#521,2026-07-31T00:19:59.269816
Invoice INV132850.pdf,Invoice INV132850.pdf,covered,,,,,,,,,inv#1501,2026-07-31T00:19:59.297729
391790 - RTN251079 (1).PDF,391790 - RTN251079 (1).PDF,covered,,,,,,,,,inv#888,2026-07-31T00:19:59.325675
Excess Request_zPSsdRXx_20260204_112629.pdf,Excess Request_zPSsdRXx_20260204_112629.pdf,not_invoice,1793,False,letter,3,bill_to,342,MATCHED,,,2026-07-31T00:19:59.355894
Invoice INV-1612 (1).pdf,Invoice INV-1612 (1).pdf,duplicate,,,,,,,,,inv#1268,2026-07-31T00:20:14.971736
INV 408-INV24_25137 GBL1750A.pdf,INV 408-INV24_25137 GBL1750A.pdf,covered,,,,,,,,,inv#1395,2026-07-31T00:20:18.818200
1774506406850-Inv_18756_from_Rohde_Smash_Repairs.pdf,1774506406850-Inv_18756_from_Rohde_Smash_Repairs.pdf,covered,,,,,,,,,inv#380,2026-07-31T00:20:18.845003
AU-MRKV034438E0 TaxInvoice.pdf,AU-MRKV034438E0 TaxInvoice.pdf,covered,,,,,,,,,inv#512,2026-07-31T00:20:18.874361
Excess Request (18).pdf,Excess Request (18).pdf,stray_loaded,1795,True,tax_invoice,3,bill_to,,QUARANTINE,,,2026-07-31T00:20:18.902995
1CSF876 - Repo invoice.pdf,1CSF876 - Repo invoice.pdf,covered,,,,,,,,,inv#1236,2026-07-31T00:20:34.497594
FLM - 28545756_Fee invoice - 503KG8.pdf,FLM - 28545756_Fee invoice - 503KG8.pdf,covered,,,,,,,,,inv#604,2026-07-31T00:20:34.526324
invoice-to-DriveLah-Oct-Nov2024.pdf,invoice-to-DriveLah-Oct-Nov2024.pdf,covered,,,,,,,,,inv#1302,2026-07-31T00:20:34.556176
FLM - 33549092_Fee invoice - 751ZVQ.pdf,FLM - 33549092_Fee invoice - 751ZVQ.pdf,stray_loaded,1796,True,tax_invoice,3,bill_to,72,MATCHED,5034,,2026-07-31T00:20:34.584674
tokio3.PNG,tokio3.PNG,covered,,,,,,,,,inv#1356,2026-07-31T00:20:40.214255
REGO- CVX13F Invoice.png,REGO- CVX13F Invoice.png,covered,,,,,,,,,inv#867,2026-07-31T00:20:40.242570
DRIVE MATE FTI00089338.pdf,DRIVE MATE FTI00089338.pdf,covered,,,,,,,,,inv#1141,2026-07-31T00:20:40.270399
DRIVE MATE AUSTRALIA PTY LTD FTI00091071.pdf,DRIVE MATE AUSTRALIA PTY LTD FTI00091071.pdf,covered,,,,,,,,,inv#942,2026-07-31T00:20:40.298274
489KX4_FEE INVOICE.pdf,489KX4_FEE INVOICE.pdf,covered,,,,,,,,,inv#979,2026-07-31T00:20:40.327338
Invoice - RS - Drive Lah Ventures Holding Pte Ltd - 37 (1).pdf,Invoice - RS - Drive Lah Ventures Holding Pte Ltd - 37 (1).pdf,covered,,,,,,,,,inv#931,2026-07-31T00:20:40.355124
Invoice_98714 (1).pdf,Invoice_98714 (1).pdf,covered,,,,,,,,,inv#829,2026-07-31T00:20:40.385294
Invoice_INV_MI_23562.pdf,Invoice_INV_MI_23562.pdf,covered,,,,,,,,,inv#1261,2026-07-31T00:20:40.413449
image - 2024-11-12T130643.292.png,image - 2024-11-12T130643.292.png,covered,,,,,,,,,inv#1317,2026-07-31T00:20:40.441849
Drive Lah Inv_348 (1).pdf,Drive Lah Inv_348 (1).pdf,covered,,,,,,,,,inv#571,2026-07-31T00:20:40.472535
1264488-002 - Recovery Letter.pdf,1264488-002 - Recovery Letter.pdf,covered,,,,,,,,,inv#1488,2026-07-31T00:20:40.501326
5893791_FEE INVOICE.pdf,5893791_FEE INVOICE.pdf,covered,,,,,,,,,inv#869,2026-07-31T00:20:40.531845
SGIN24-463615.pdf,SGIN24-463615.pdf,covered,,,,,,,,,inv#1327,2026-07-31T00:20:40.561965
5655 (1).jpg,5655 (1).jpg,covered,,,,,,,,,inv#1027,2026-07-31T00:20:40.591494
New Claim Acknowledgement 1VZ9NY.pdf,New Claim Acknowledgement 1VZ9NY.pdf,covered,,,,,,,,,inv#1114,2026-07-31T00:20:40.622236
Excess Request (5) (2).pdf,Excess Request (5) (2).pdf,covered,,,,,,,,,inv#808,2026-07-31T00:20:40.652028
Motor Fleet Renewal (April) Invoice 228811 - DRIVELA.pdf,Motor Fleet Renewal (April) Invoice 228811 - DRIVELA.pdf,covered,,,,,,,,,inv#839,2026-07-31T00:20:40.681225
52577_FEE INVOICE (1).pdf,52577_FEE INVOICE (1).pdf,covered,,,,,,,,,inv#921,2026-07-31T00:20:40.711444
AR202406-000001-VW CADDY-SGY5490X-WO202405-0270.pdf,AR202406-000001-VW CADDY-SGY5490X-WO202405-0270.pdf,covered,,,,,,,,,inv#1392,2026-07-31T00:20:40.740741
Invoice INV-6379-1.pdf,Invoice INV-6379-1.pdf,stray_loaded,1797,True,tax_invoice,3,bill_to,,QUARANTINE,,,2026-07-31T00:20:40.770819
Excess Request (4) (2).pdf,Excess Request (4) (2).pdf,stray_loaded,1798,True,tax_invoice,3,bill_to,,QUARANTINE,,,2026-07-31T00:20:56.183622
24.1289.pdf,24.1289.pdf,stray_loaded,1799,True,tax_invoice,3,bill_to,28,MATCHED,6500,,2026-07-31T00:21:12.098128
Tokio1.PNG,Tokio1.PNG,covered,,,,,,,,,inv#1358,2026-07-31T00:21:27.552725
FTI1100002181.pdf,FTI1100002181.pdf,covered,,,,,,,,,inv#629,2026-07-31T00:21:27.582742
Eden Rose Rent Invoice INV-5855.pdf,Eden Rose Rent Invoice INV-5855.pdf,covered,,,,,,,,,inv#1257,2026-07-31T00:21:27.609899
656XGQ_FEE INVOICE.pdf,656XGQ_FEE INVOICE.pdf,covered,,,,,,,,,inv#911,2026-07-31T00:21:27.639578
PI-SUM-26-076463.pdf,PI-SUM-26-076463.pdf,not_invoice,1800,False,letter,1,bill_to,,QUARANTINE,,,2026-07-31T00:21:27.668832
Screenshot 2024-06-11 at 2.50.52 PM.png,Screenshot 2024-06-11 at 2.50.52 PM.png,covered,,,,,,,,,inv#1463,2026-07-31T00:21:44.445475
Invoice 12221.pdf,Invoice 12221.pdf,covered,,,,,,,,,inv#770,2026-07-31T00:21:44.475451
SGIN24-724900.pdf,SGIN24-724900.pdf,stray_loaded,1801,True,tax_invoice,2,currency,355,MATCHED,,,2026-07-31T00:21:44.504180
glasswork rms (2).pdf,glasswork rms (2).pdf,covered,,,,,,,,,inv#1534,2026-07-31T00:22:04.604519
Invoice_INV_MI_20243.pdf,Invoice_INV_MI_20243.pdf,covered,,,,,,,,,inv#1476,2026-07-31T00:22:04.633836
Copy of Nick_s invoices (1)(1).pdf,Copy of Nick_s invoices (1)(1).pdf,covered,,,,,,,,,inv#1283,2026-07-31T00:22:04.668471
PS Marrickville-Invoice 0000341.pdf,PS Marrickville-Invoice 0000341.pdf,covered,,,,,,,,,inv#1279,2026-07-31T00:22:04.696307
Invoice_102382 (1).pdf,Invoice_102382 (1).pdf,covered,,,,,,,,,inv#628,2026-07-31T00:22:04.725558
Invoice 11927.pdf,Invoice 11927.pdf,stray_loaded,1802,True,tax_invoice,3,bill_to,661,MATCHED,5032,,2026-07-31T00:22:04.753865
5123420472-04 May 2025 DN.pdf,5123420472-04 May 2025 DN.pdf,covered,,,,,,,,,inv#621,2026-07-31T00:22:10.468214
1777879170805-R208694.pdf,1777879170805-R208694.pdf,covered,,,,,,,,,inv#324,2026-07-31T00:22:10.495737
Excess Request 1ZU5BI.pdf,Excess Request 1ZU5BI.pdf,covered,,,,,,,,,inv#1063,2026-07-31T00:22:10.524305
1RS2TN storage fee (2).jpg,1RS2TN storage fee (2).jpg,duplicate,,,,,,,,,inv#902,2026-07-31T00:22:10.553787
SHR578_Fee invoice.pdf,SHR578_Fee invoice.pdf,covered,,,,,,,,,inv#1044,2026-07-31T00:22:28.176114
mycar-13190153 (1).pdf,mycar-13190153 (1).pdf,covered,,,,,,,,,inv#1315,2026-07-31T00:22:28.204207
AU-MRKV031525FC TaxInvoice.pdf,AU-MRKV031525FC TaxInvoice.pdf,covered,,,,,,,,,inv#1005,2026-07-31T00:22:28.231306
inv 2534558.pdf,inv 2534558.pdf,covered,,,,,,,,,inv#488,2026-07-31T00:22:28.260042
AU-MRKV03375989 TaxInvoice.pdf,AU-MRKV03375989 TaxInvoice.pdf,stray_loaded,1804,True,tax_invoice,3,bill_to,117,MATCHED,5066,,2026-07-31T00:22:28.288579
"Towlah Invoice for SNF356B Jumpstart May 2, 2025.jpg","Towlah Invoice for SNF356B Jumpstart May 2, 2025.jpg",covered,,,,,,,,,inv#904,2026-07-31T00:22:44.897104
1766727692907-48011791_FEE-INVOICE-1.pdf,1766727692907-48011791_FEE-INVOICE-1.pdf,stray_loaded,1805,True,tax_invoice,3,bill_to,72,MATCHED,5034,,2026-07-31T00:22:44.926448
SMD8456R Invoice (1).pdf,SMD8456R Invoice (1).pdf,covered,,,,,,,,,inv#659,2026-07-31T00:22:50.652915
Excess Request 752IN2.pdf,Excess Request 752IN2.pdf,covered,,,,,,,,,inv#1126,2026-07-31T00:22:50.681246
INV23-2440546 (1).pdf,INV23-2440546 (1).pdf,covered,,,,,,,,,inv#1528,2026-07-31T00:22:50.710692
FINV6955.pdf,FINV6955.pdf,covered,,,,,,,,,inv#524,2026-07-31T00:22:50.738523
61930.pdf,61930.pdf,covered,,,,,,,,,inv#1198,2026-07-31T00:22:50.768535
Screenshot 2024-07-21 at 7.55.44 PM.png,Screenshot 2024-07-21 at 7.55.44 PM.png,covered,,,,,,,,,inv#1419,2026-07-31T00:22:50.800171
20240505 Invoice - Data Management-1dc7b922-c42e-4cff-bd2e-0e63ae863463.pdf,20240505 Invoice - Data Management-1dc7b922-c42e-4cff-bd2e-0e63ae863463.pdf,covered,,,,,,,,,inv#1505,2026-07-31T00:22:50.831068
Copy of Copy of Nick_s invoices (1).pdf,Copy of Copy of Nick_s invoices (1).pdf,covered,,,,,,,,,inv#1283,2026-07-31T00:22:50.859962
Towing 1TJ9DJ.pdf,Towing 1TJ9DJ.pdf,covered,,,,,,,,,inv#1136,2026-07-31T00:22:50.888713
1770173757494-Invoice-INV-7321.pdf,1770173757494-Invoice-INV-7321.pdf,stray_loaded,1806,True,tax_invoice,3,bill_to,149,MATCHED,5060,,2026-07-31T00:22:50.918247
INV 508-INV25_30176 GBL1750A.pdf,INV 508-INV25_30176 GBL1750A.pdf,covered,,,,,,,,,inv#662,2026-07-31T00:22:56.865965
Assessment fee 117KX4.pdf,Assessment fee 117KX4.pdf,covered,,,,,,,,,inv#1105,2026-07-31T00:22:56.894758
VH-PI-26-001149 (1).pdf,VH-PI-26-001149 (1).pdf,covered,,,,,,,,,inv#347,2026-07-31T00:22:56.920898
00003462.pdf,00003462.pdf,duplicate,,,,,,,,,inv#1556,2026-07-31T00:22:56.950191
Screenshot 2024-04-15 at 1.22.37 PM (1).png,Screenshot 2024-04-15 at 1.22.37 PM (1).png,covered,,,,,,,,,inv#1522,2026-07-31T00:23:05.709006
FLM Invoice.pdf,FLM Invoice.pdf,stray_loaded,1808,True,tax_invoice,3,bill_to,72,MATCHED,5034,,2026-07-31T00:23:05.737323
901824.pdf,901824.pdf,covered,,,,,,,,,inv#671,2026-07-31T00:23:11.606951
INVOICE # 19201.pdf,INVOICE # 19201.pdf,covered,,,,,,,,,inv#1477,2026-07-31T00:23:11.637068
Cheng Chuan - SLB6327R - Invoice number 61708.pdf,Cheng Chuan - SLB6327R - Invoice number 61708.pdf,covered,,,,,,,,,inv#929,2026-07-31T00:23:11.665233
Document_2990DDA_20250527.csv,Document_2990DDA_20250527.csv,covered,,,,,,,,,inv#826,2026-07-31T00:23:11.693750
Invoice_INV_MI_23562 (1).pdf,Invoice_INV_MI_23562 (1).pdf,covered,,,,,,,,,inv#1261,2026-07-31T00:23:11.721691
00000616_20260729_165809.pdf,00000616_20260729_165809.pdf,stray_loaded,1809,True,tax_invoice,3,bill_to,48,MATCHED,5033,,2026-07-31T00:23:11.750078
89644894_Fee invoice.pdf,89644894_Fee invoice.pdf,stray_loaded,1810,True,tax_invoice,3,bill_to,72,MATCHED,5034,,2026-07-31T00:23:15.916802
New Claim Acknowledgement (7).pdf,New Claim Acknowledgement (7).pdf,covered,,,,,,,,,inv#1310,2026-07-31T00:23:21.796512
IMG_9175.png,IMG_9175.png,covered,,,,,,,,,inv#605,2026-07-31T00:23:21.827003
SMZ9762J - Fixed Lah - Repair invoice.pdf,SMZ9762J - Fixed Lah - Repair invoice.pdf,stray_loaded,1811,True,invoice,2,bill_to,,QUARANTINE,,,2026-07-31T00:23:21.859494
1771204759406-75322229_Fee-invoice.pdf,1771204759406-75322229_Fee-invoice.pdf,covered,,,,,,,,,inv#438,2026-07-31T00:23:38.003561
Invoice INV-6881-2.pdf,Invoice INV-6881-2.pdf,stray_loaded,1812,True,tax_invoice,3,bill_to,,QUARANTINE,,,2026-07-31T00:23:38.030795
AU-MRKV030409E7 TaxInvoice.pdf,AU-MRKV030409E7 TaxInvoice.pdf,covered,,,,,,,,,inv#1219,2026-07-31T00:23:53.259908
Drive_AS_Feb 12-Feb 18_005.pdf,Drive_AS_Feb 12-Feb 18_005.pdf,covered,,,,,,,,,inv#1575,2026-07-31T00:23:53.288832
5123420472-03 Dec 2024 DN (1).pdf,5123420472-03 Dec 2024 DN (1).pdf,covered,,,,,,,,,inv#968,2026-07-31T00:23:53.317615
Jan 2026 otoplug.png,Jan 2026 otoplug.png,not_invoice,,True,invoice,,,,,,,2026-07-31T00:23:53.348099
Excess Request (14).pdf,Excess Request (14).pdf,covered,,,,,,,,,inv#811,2026-07-31T00:23:55.913628
27270073_FEE INVOICE.pdf,27270073_FEE INVOICE.pdf,stray_loaded,1813,True,tax_invoice,3,bill_to,72,MATCHED,5034,,2026-07-31T00:23:55.940147
508a5558-3a28-4a3e-afae-ff7647b7db15.pdf,508a5558-3a28-4a3e-afae-ff7647b7db15.pdf,covered,,,,,,,,,inv#1293,2026-07-31T00:24:02.010278
SFT868L Repair Invoice.pdf,SFT868L Repair Invoice.pdf,covered,,,,,,,,,inv#852,2026-07-31T00:24:02.039399
ISHENG_Fee invoice.pdf,ISHENG_Fee invoice.pdf,covered,,,,,,,,,inv#977,2026-07-31T00:24:02.065113
SGIN24-724901.pdf,SGIN24-724901.pdf,stray_loaded,1814,True,tax_invoice,2,bill_to,355,MATCHED,,,2026-07-31T00:24:02.092152
AU-MRKV03261592 TaxInvoice.pdf,AU-MRKV03261592 TaxInvoice.pdf,covered,,,,,,,,,inv#754,2026-07-31T00:24:19.437468
VH-PI-25-007450.pdf,VH-PI-25-007450.pdf,covered,,,,,,,,,inv#397,2026-07-31T00:24:19.463448
Motor Fleet Renewal (March) Invoice 227873- DRIVELA - 227873.pdf,Motor Fleet Renewal (March) Invoice 227873- DRIVELA - 227873.pdf,covered,,,,,,,,,inv#971,2026-07-31T00:24:19.492417
1769502424419-Invoice_16539784_230126040757.pdf,1769502424419-Invoice_16539784_230126040757.pdf,covered,,,,,,,,,inv#468,2026-07-31T00:24:19.522043
INVOICE # 18043.pdf,INVOICE # 18043.pdf,covered,,,,,,,,,inv#1566,2026-07-31T00:24:19.548934
INV 507-INV25_29839 GBL1750A.pdf,INV 507-INV25_29839 GBL1750A.pdf,covered,,,,,,,,,inv#703,2026-07-31T00:24:19.579559
freetexttaxinvoice (2).pdf,freetexttaxinvoice (2).pdf,covered,,,,,,,,,inv#1478,2026-07-31T00:24:19.611394
AWS (2).PNG,AWS (2).PNG,covered,,,,,,,,,inv#1168,2026-07-31T00:24:19.639927
1773999726606-TAX-INVOICE-DM022-DRAPER-Cassandraie-DM-83035626-17.03.26.pdf,1773999726606-TAX-INVOICE-DM022-DRAPER-Cassandraie-DM-83035626-17.03.26.pdf,covered,,,,,,,,,inv#386,2026-07-31T00:24:19.670883
1646Nxm2ich6nw0J82OFE5Zgbuht22jIZ,Invoice 12221.pdf,not_invoice,,,other,,,,,,,2026-07-31T00:40:13.244140
1EP06Y7gdSHaua5sLNUoCDyYn0eAUGAei,00000616_20260729_165809.pdf,covered,,,,,,,,,inv#1809,2026-07-31T00:40:13.308138
1tgGhFo8i1Plh4mWy_UqQ7xFH854CH22v,June 2026 otoplug.png,covered,,,,,,,,,inv#251,2026-07-31T00:40:13.338521
13oSJQPuWjZw8PbO2pAxSssAqzHoHt6cq,Invoice for NEW (Invoice No_ NW20250000010843).pdf,covered,,,,,,,,,inv#1111,2026-07-31T00:40:13.366455
1XeFAoyEwn03pdtj_PpqT8HdDxvr7H3Pd,PB22415.png,covered,,,,,,,,,inv#1742,2026-07-31T00:40:13.395733
1RxU3uISWtYVHX1A2DHlUlIT973bNfO1e,PI-SUM-26-076463.pdf,covered,,,,,,,,,inv#1800,2026-07-31T00:40:13.423211
1__IvjEnAo-v13qg1MADHz3Vr_V_jZCPN,Invoice_260197_from_ACE.pdf,not_invoice,,,other,,,,,,,2026-07-31T00:40:13.451318
1VZoqzeKvYKv5roB4nOqFdBMmRm2414pn,Invoice_260171_from_ACE.pdf,not_invoice,,,other,,,,,,,2026-07-31T00:40:13.481036
1E4MPCdpp88wH2B2QzW6HpL2G1TQ12Z9Q,Invoice_260121_from_ACE.pdf,not_invoice,,,other,,,,,,,2026-07-31T00:40:13.513596
1hY_sYn592m6iWx5MgbNdrBvWNHV-vvYz,Invoice_260073_from_ACE.pdf,not_invoice,,,other,,,,,,,2026-07-31T00:40:13.546366
1fPCn3n9ruMmp2sCo4_4NvFbWGNhAoFh3,Invoice_260144_from_ACE.pdf,not_invoice,,,other,,,,,,,2026-07-31T00:40:13.574956
15vgKVMmc4L29eNk6e1aFeQrVGmIuc3mc,1781745270126-Repair-invoice-1.pdf,not_invoice,,,other,,,,,,,2026-07-31T00:40:13.609565
1r-BuKx4hxMHfaQbmFF4WcJl5VUFVFBKz,1781591657151-4048763_20260611_FEE-INVOICE-B.pdf,not_invoice,,,other,,,,,,,2026-07-31T00:40:14.487988
1qJkF0BpzviwMb8MmL--tbijfMTzd7jJB,1780973104735-INV-01287.pdf,covered,,,,,,,,,inv#1753,2026-07-31T00:40:14.514303
