finance_db_id,payee,amount,currency,retool_status,platform,outcome,invoice_id,duplicate_of,dup_reason,is_invoice,document_type,entity_id,entity_source,currency_entity_flag,counterparty_id,vendor_flag,coa,run_id,timestamp
32620,ATO,6182.89,AUD,Approval Required,Drive mate,not_invoice,234,,,False,report,3,bill_to,False,,QUARANTINE,,814,2026-07-30T07:58:32.924261
32619,CHENG CHUAN MOTOR SERVICES,350,SGD,Approval Required,Drive lah,uploaded,235,,,True,tax_invoice,2,bill_to,False,55,MATCHED,5032,814,2026-07-30T07:58:50.600938
32614,Sydney Transport Pty Ltd,330,AUD,Approval Required,Drive mate,no_attachment,,,,,,,,,,,,814,2026-07-30T07:58:54.733239
32607,Home and Away Towing Services,165,AUD,Auto-approved,Drive Mate,uploaded,236,,,True,tax_invoice,3,bill_to,False,,QUARANTINE,,814,2026-07-30T07:58:54.733270
32579,Tokio Marine,3270,SGD,Approval Required,Drive lah,not_invoice,237,,,False,letter,2,bill_to,False,144,MATCHED,,814,2026-07-30T07:59:16.200074
32572,HDB Parking,360,SGD,Closed,Drive lah,not_invoice,238,,,False,spreadsheet_screenshot,2,platform,False,80,MATCHED,5060,814,2026-07-30T07:59:34.791819
32556,Cake for Employees,50,SGD,Closed,Central,no_attachment,,,,,,,,,,,,814,2026-07-30T07:59:51.944192
32508,Income,1797.12,SGD,Approved,Drive lah,not_invoice,239,,,False,letter,2,platform,False,,QUARANTINE,,814,2026-07-30T07:59:51.944222
32472,CHENG CHUAN MOTOR SERVICES,250,SGD,Approved,Drive lah,uploaded,240,,,True,tax_invoice,2,bill_to,False,55,MATCHED,5032,814,2026-07-30T08:00:09.318587
32465,Norman Chan,495,AUD,Approval Required,Drive mate,not_invoice,241,,,False,letter,3,bill_to,False,,QUARANTINE,,814,2026-07-30T08:00:13.469471
32427,Select PTE,1000,SGD,Approval Required,Drive lah,uploaded,242,,,True,invoice,2,bill_to,False,128,MATCHED,6401,814,2026-07-30T08:00:31.195493
32386,Fixed lah,2790,SGD,Approved,Drive lah,uploaded,243,,,True,invoice,2,bill_to,False,,QUARANTINE,,814,2026-07-30T08:00:38.999161
32380,AIRCALL,2198.7,USD,Closed,Central,uploaded,244,,,True,invoice,2,bill_to,False,31,MATCHED,6701,814,2026-07-30T08:00:56.842967
32379,AIRCALL,2268.2,USD,Closed,Central,uploaded,245,,,True,invoice,1,default,False,31,MATCHED,6701,814,2026-07-30T08:01:14.756802
32339,Autorola Group,617.45,AUD,Approval Required,Drive mate,uploaded,246,,,True,tax_invoice,3,bill_to,False,41,MATCHED,5032,814,2026-07-30T08:01:33.466071
32334,Tokio Marine,3270,SGD,Approval Required,Drive lah,not_invoice,247,,,False,letter,2,bill_to,False,144,MATCHED,,814,2026-07-30T08:01:39.323572
32279,Cheng Chuan Motor Services,250,SGD,Approved,Drive lah,uploaded,248,,,True,tax_invoice,2,bill_to,False,55,MATCHED,5032,814,2026-07-30T08:01:57.851500
32277,Ban Choon Motor Works,3270,SGD,Approval Required,Drive lah,uploaded,249,,,True,tax_invoice,2,bill_to,False,,QUARANTINE,,814,2026-07-30T08:02:02.010019
32276,Tokio Marine Insurance Singapore Ltd.,3270,SGD,Approval Required,Drive lah,not_invoice,250,,,False,letter,2,bill_to,False,144,MATCHED,,814,2026-07-30T08:02:19.907240
32273,Altimobility,10000,USD,Closed,Drive mate,not_invoice,251,,,False,report,3,platform,False,649,MATCHED,5030,814,2026-07-30T08:02:39.844695
32263,Focussed	Assessing	Pty	Ltd	(ABN	92	143	234	066),220,AUD,Approved,Drive mate,uploaded,252,,,True,tax_invoice,3,bill_to,False,72,MATCHED,5034,814,2026-07-30T08:02:55.676001
32214,Fixed Lah,2890,SGD,Closed,Drive lah,uploaded,253,,,True,invoice,2,platform,False,,QUARANTINE,,814,2026-07-30T08:03:02.228577
32198,Cheng Chuan Motor Service,250,SGD,Approved,Drive lah,uploaded,254,,,True,tax_invoice,2,bill_to,False,55,MATCHED,5032,814,2026-07-30T08:03:19.920239
32196,Cheng Chuan Motor Services,250,SGD,Closed,Drive lah,uploaded,255,,,True,tax_invoice,2,bill_to,False,55,MATCHED,5032,814,2026-07-30T08:03:24.380450
32167,Cheng Chuan Motor Service,1500,SGD,Approved,Drive lah,uploaded,256,,,True,tax_invoice,2,bill_to,False,55,MATCHED,5032,814,2026-07-30T08:03:28.450434
32089,"All Sydney Tow Truck ""Sydney Transport Pty Ltd""",330,AUD,Approval Required,Drive mate,uploaded,257,,,True,tax_invoice,3,bill_to,False,,QUARANTINE,,814,2026-07-30T08:03:32.752618
32063,Gold Coast Tow Trucks Light & Heavy,1749.5,AUD,Approved,Drive lah,uploaded,258,,,True,tax_invoice,3,bill_to,False,,QUARANTINE,,814,2026-07-30T08:03:51.522028
32042,CHENG CHUAN MOTOR SERVICES,400,SGD,Approved,Drive lah,uploaded,259,,,True,tax_invoice,2,bill_to,False,55,MATCHED,5032,814,2026-07-30T08:04:09.793994
32040,savillo - venture haven,400,SGD,Closed,Drive lah,no_attachment,,,,,,,,,,,,814,2026-07-30T08:04:13.759460
32025,Blake Forsyth,300,AUD,Closed,Drive mate,not_invoice,260,,,False,letter,3,bill_to,False,,QUARANTINE,,814,2026-07-30T08:04:13.759485
31914,Norman Chan,1364,AUD,Approval Required,Drive mate,uploaded,261,,,True,tax_invoice,3,bill_to,False,111,MATCHED,5001,814,2026-07-30T08:04:32.156363
31901,CHENG CHUAN MOTOR SERVICES,500,SGD,Approved,Drive lah,uploaded,262,,,True,tax_invoice,2,bill_to,False,55,MATCHED,5032,814,2026-07-30T08:04:49.497976
31894,CHENG CHUAN MOTOR SERVICES,1100,SGD,Approved,Drive lah,uploaded,263,,,True,tax_invoice,2,bill_to,False,55,MATCHED,5032,814,2026-07-30T08:04:53.819314
31887,CHENG CHUAN MOTOR SERVICES,300,SGD,Approved,Drive lah,uploaded,264,,,True,tax_invoice,2,bill_to,False,55,MATCHED,5032,814,2026-07-30T08:04:57.894674
31864,Kan Fook Sing Motor Workshop,130.8,SGD,Closed,Drive lah,uploaded,265,,,True,invoice,2,bill_to,False,,QUARANTINE,,814,2026-07-30T08:05:01.937889
31856,Matheus van der Kooi,4609.79,AUD,Approved,Drive mate,uploaded,266,,,,,3,platform,False,187,MATCHED,5062,814,2026-07-30T08:05:19.997917
31849,Tasha-Marie Gould,100,AUD,Approved,Drive mate,not_invoice,267,,,False,letter,3,bill_to,False,650,MATCHED,5025,814,2026-07-30T08:05:36.122869
31843,Thinxtra Solutions Pty Ltd,15142.05,AUD,Approved,Drive mate,uploaded,268,,,True,tax_invoice,3,bill_to,False,142,MATCHED,5030,814,2026-07-30T08:05:54.283760
31842,Thinxtra Solutions Pty Ltd,16551.36,AUD,Approved,Drive mate,uploaded,269,,,True,tax_invoice,3,bill_to,False,142,MATCHED,5030,814,2026-07-30T08:06:13.287319
31839,Stephen Inner West Smash Repairs Pty Ltd,275,AUD,Closed,Drive mate,uploaded,270,,,True,tax_invoice,3,bill_to,False,138,MATCHED,5032,814,2026-07-30T08:06:31.584909
31836,CHENG CHUAN MOTOR SERVICES,800,SGD,Approved,Drive lah,uploaded,271,,,True,tax_invoice,2,bill_to,False,55,MATCHED,5032,814,2026-07-30T08:06:38.670464
31831,AWS,132.01,SGD,Approved,Central,uploaded,272,,,True,invoice,2,bill_to,False,355,MATCHED,,814,2026-07-30T08:06:43.234788
31829,AWS,167.2,SGD,Approved,Central,uploaded,273,,,True,tax_invoice,2,bill_to,False,355,MATCHED,,814,2026-07-30T08:07:01.802167
31828,AWS,11651.33,SGD,Approved,Central,uploaded,274,,,True,tax_invoice,2,bill_to,False,355,MATCHED,,814,2026-07-30T08:07:22.449623
31827,AWS,167.48,SGD,Closed,Drive mate,uploaded,275,,,True,tax_invoice,2,bill_to,False,355,MATCHED,,814,2026-07-30T08:07:40.749510
31803,Stephen Inner West Smash Repairs Pty Ltd,1100,AUD,Approved,Drive mate,uploaded,276,,,True,tax_invoice,3,bill_to,False,138,MATCHED,5032,814,2026-07-30T08:07:59.357412
31772,Norman Chan,1023,AUD,Approval Required,Drive mate,uploaded,277,,,True,tax_invoice,3,bill_to,False,111,MATCHED,5001,814,2026-07-30T08:08:09.869389
31741,Tokio Marine,3270,SGD,Approval Required,Drive lah,not_invoice,278,,,False,letter,2,bill_to,False,144,MATCHED,,814,2026-07-30T08:08:27.059717
31699,HDB,360,SGD,Closed,Drive lah,not_invoice,279,,,False,spreadsheet_screenshot,2,bill_to,False,80,MATCHED,5060,814,2026-07-30T08:08:46.677730
31662,Stephen Inner West Smash Repairs Pty Ltd,385,AUD,Approved,Drive mate,uploaded,280,,,True,tax_invoice,3,bill_to,False,138,MATCHED,5032,814,2026-07-30T08:09:02.288948
31641,NORMAN CHAN,924,AUD,Approval Required,Drive mate,uploaded,281,,,True,tax_invoice,3,bill_to,False,111,MATCHED,5001,814,2026-07-30T08:09:10.055243
31635,Thinxtra Solutions Pty Ltd,134.94,AUD,Closed,Drive mate,uploaded,282,,,True,tax_invoice,3,bill_to,False,142,MATCHED,5030,814,2026-07-30T08:09:28.365607
31634,"SentriLock, LLC",808.08,USD,Closed,Drive mate,uploaded,283,,,True,invoice,3,bill_to,False,130,MATCHED,5030,814,2026-07-30T08:09:46.216132
31633,ISS First Response,8180.05,AUD,Approved,Drive mate,uploaded,284,,,True,tax_invoice,3,bill_to,False,656,MATCHED,5032,814,2026-07-30T08:09:52.795320
31632,Humax | Altimobility,10000,USD,Closed,Drive mate,uploaded,285,,,True,invoice,3,bill_to,False,649,MATCHED,5030,814,2026-07-30T08:10:11.304340
31624,Stephen Inner West Smash Repairs Pty Ltd,385,AUD,Closed,Drive mate,uploaded,286,,,True,tax_invoice,3,bill_to,False,138,MATCHED,5032,814,2026-07-30T08:10:26.650027
31608,EXPERIAN,3532.1,AUD,Closed,Drive mate,not_invoice,287,,,False,letter,3,bill_to,False,274,MATCHED,6701,814,2026-07-30T08:10:34.192736
31597,Zhibing He,2970,AUD,Approved,Drive mate,uploaded,288,,,,,3,platform,False,,QUARANTINE,,814,2026-07-30T08:10:42.457436
31574,Focussed Assessing Pty Ltd	,220,AUD,Approved,Drive mate,uploaded,289,,,True,tax_invoice,3,bill_to,False,72,MATCHED,5034,814,2026-07-30T08:10:58.094763
31559,Focussed	Assessing	Pty	Ltd,330,AUD,Approved,Drive mate,uploaded,290,,,True,tax_invoice,3,bill_to,False,72,MATCHED,5034,814,2026-07-30T08:11:04.733342
31554,Allianz Australia Insurance,4650.72,AUD,Closed,Drive mate,uploaded,291,,,,,3,platform,False,368,MATCHED,,814,2026-07-30T08:11:11.082183
31530,MND Lawyer,2420,AUD,Approval Required,Drive mate,uploaded,292,,,True,tax_invoice,3,bill_to,False,622,MATCHED,6501,814,2026-07-30T08:11:31.240422
31529,Mack Tow Pty Ltd,1153.1,AUD,Closed,Drive mate,uploaded,293,,,True,tax_invoice,3,bill_to,False,,QUARANTINE,,814,2026-07-30T08:11:47.568820
31504,Focussed	Assessing	Pty	Ltd,440,AUD,Closed,Drive mate,uploaded,294,,,True,tax_invoice,3,bill_to,False,72,MATCHED,5034,814,2026-07-30T08:12:06.716416
31440,Auto & General Services PTY LTD. ,3097.18,AUD,Closed,Drive mate,not_invoice,295,,,False,letter,3,bill_to,False,,QUARANTINE,,814,2026-07-30T08:12:14.300578
31356,Stephen Inner West Smash Repairs Pty Ltd,4010,AUD,Closed,Drive mate,uploaded,296,,,True,tax_invoice,3,bill_to,False,138,MATCHED,5032,814,2026-07-30T08:12:32.229330
31292,Stephen Inner West Smash Repairs Pty Ltd,580,AUD,Closed,Drive mate,uploaded,297,,,True,tax_invoice,3,bill_to,False,138,MATCHED,5032,814,2026-07-30T08:12:39.128373
31270,INTERCOM,18307.8,USD,Closed,Central,uploaded,298,,,True,invoice,2,bill_to,False,87,MATCHED,6701,814,2026-07-30T08:12:45.920426
31268,Aircall,2268.8,USD,Closed,Central,uploaded,299,,,True,invoice,2,bill_to,False,31,MATCHED,6701,814,2026-07-30T08:13:05.067596
31167,The Hollard Insurance Company - Insuret Claims Account,5000,AUD,Closed,Drive mate,not_invoice,300,,,False,letter,3,bill_to,False,342,MATCHED,,814,2026-07-30T08:13:23.248955
31160,Stephen Inner West Smash Repairs,1400,AUD,Approved,Drive mate,uploaded,301,,,True,tax_invoice,3,bill_to,False,138,MATCHED,5032,814,2026-07-30T08:13:40.494141
31104,Prestige Panel Beaters Pty Ltd,5204.35,AUD,Closed,Drive mate,uploaded,302,,,True,tax_invoice,3,bill_to,False,,QUARANTINE,,814,2026-07-30T08:13:47.778475
31076,Stephen Inner West Smash Repairs Pty Ltd,1450,AUD,Auto-approved,Drive Mate,uploaded,303,,,True,tax_invoice,3,bill_to,False,138,MATCHED,5032,814,2026-07-30T08:14:06.864600
31070,Focussed Assessing Pty Ltd,220,AUD,Approved,Drive mate,uploaded,304,,,True,tax_invoice,3,bill_to,False,72,MATCHED,5034,814,2026-07-30T08:14:14.091095
31069,Fixed Lah,2785,SGD,Closed,Drive lah,not_invoice,305,,,False,quotation,2,platform,False,,QUARANTINE,,814,2026-07-30T08:14:21.442111
31045,Auto & General Services PTY LTD,5775.51,AUD,Closed,Drive mate,not_invoice,306,,,False,letter,3,bill_to,False,,QUARANTINE,,814,2026-07-30T08:14:39.593014
30991,Matheus van der Kooi,1777.12,AUD,Closed,Drive mate,uploaded,307,,,,,3,platform,False,187,MATCHED,5062,814,2026-07-30T08:14:57.359564
30983,HDB,600,SGD,Closed,Drive lah,not_invoice,308,,,False,spreadsheet_screenshot,2,platform,False,80,MATCHED,5060,814,2026-07-30T08:15:13.255889
30920,Altimobility,10000,USD,Closed,Drive mate,not_invoice,309,,,False,report,3,platform,False,649,MATCHED,5030,814,2026-07-30T08:15:20.865815
30918,Thinxtra,17635.12,AUD,Approved,Drive mate,uploaded,310,,,True,tax_invoice,3,bill_to,False,142,MATCHED,5030,814,2026-07-30T08:15:36.856916
30848,Auto Tow Services,646.36,AUD,Closed,Drive mate,uploaded,311,,,True,tax_invoice,3,bill_to,False,361,MATCHED,,814,2026-07-30T08:15:54.958508
30837,Income Insurance,3000,SGD,Closed,Drive lah,not_invoice,312,,,False,letter,2,bill_to,False,,QUARANTINE,,814,2026-07-30T08:15:58.864005
30834,Sentrilock LLC,854.88,USD,Closed,Drive mate,uploaded,313,,,True,invoice,3,bill_to,False,130,MATCHED,5030,814,2026-07-30T08:16:17.180305
30813,ABWIN SERVICE PTE LTD,3270,SGD,Closed,Drive lah,uploaded,314,,,True,tax_invoice,2,bill_to,False,,QUARANTINE,,814,2026-07-30T08:16:23.406627
30736,AWS,10379.34,SGD,Closed,Central,uploaded,315,,,True,tax_invoice,2,bill_to,False,355,MATCHED,,814,2026-07-30T08:16:41.335197
30724,Autorola,386.75,AUD,Closed,Drive mate,uploaded,316,,,True,tax_invoice,3,bill_to,False,41,MATCHED,5032,814,2026-07-30T08:16:59.873913
30717,Focussed Loss Management,220,AUD,Closed,Drive mate,duplicate,,inv#289,hash,,,,,,,,,814,2026-07-30T08:17:06.871710
30716,Focussed Loss Management,330,AUD,Closed,Drive mate,uploaded,317,,,True,tax_invoice,3,bill_to,False,72,MATCHED,5034,814,2026-07-30T08:17:07.413451
30622,Focussed	Assessing	Pty	Ltd	(ABN	92	143	234	066),165,AUD,Closed,Drive mate,uploaded,318,,,True,tax_invoice,3,bill_to,False,72,MATCHED,5034,814,2026-07-30T08:17:14.242438
30618,Towlah,200,SGD,Closed,Drive Lah,no_attachment,,,,,,,,,,,,814,2026-07-30T08:17:20.881570
30588,AFCA,17258.9,AUD,Approval Required,Drive mate,uploaded,319,,,True,tax_invoice,3,bill_to,False,650,MATCHED,5025,814,2026-07-30T08:17:20.881593
30587,Michael Green,220,AUD,Approval Required,Drive mate,uploaded,320,,,True,tax_invoice,3,bill_to,False,622,MATCHED,6501,814,2026-07-30T08:17:38.709773
30539,Town & Country Accident & Breakdown Towing,1469.6,AUD,Closed,Drive mate,uploaded,321,,,True,tax_invoice,3,bill_to,False,667,MATCHED,5025,814,2026-07-30T08:17:54.212344
30530,Matheus van der Kooi,3485.17,AUD,Closed,Drive mate,uploaded,322,,,,,3,platform,False,187,MATCHED,5062,814,2026-07-30T08:18:03.146128
30475,Craig Letters,286.37,AUD,Closed,Drive mate,uploaded,323,,,,,3,platform,False,,QUARANTINE,,814,2026-07-30T08:18:18.440275
30473,ISS First Response,8207.27,AUD,Approved,Drive mate,uploaded,324,,,True,tax_invoice,3,bill_to,False,656,MATCHED,5032,814,2026-07-30T08:18:33.803008
30472,Humax,10000,USD,Closed,Drive mate,uploaded,325,,,True,invoice,3,bill_to,False,649,MATCHED,5030,814,2026-07-30T08:18:51.848639
30470,Thinxtra Solutions Pty Ltd,12939.22,AUD,Closed,Drive mate,duplicate,,inv#310,semantic,True,tax_invoice,3,bill_to,,,,,814,2026-07-30T08:19:08.043412
30469,Sentrilock LLC,864.24,USD,Closed,Drive mate,uploaded,327,,,True,invoice,3,bill_to,False,130,MATCHED,5030,814,2026-07-30T08:19:30.233591
30383,Focussed	Assessing	Pty	Ltd,220,AUD,Closed,Drive Mate,uploaded,328,,,True,tax_invoice,3,bill_to,False,72,MATCHED,5034,814,2026-07-30T08:19:36.518691
30380,Focussed Assessing,220,AUD,Closed,Drive mate,uploaded,329,,,True,tax_invoice,3,bill_to,False,72,MATCHED,5034,814,2026-07-30T08:19:43.145492
30368,Aircall,2340.66,USD,Closed,Central,uploaded,330,,,True,invoice,2,bill_to,False,31,MATCHED,6701,814,2026-07-30T08:19:51.116913
30367,Aircall,2412,USD,Closed,Central,uploaded,331,,,True,invoice,2,bill_to,False,31,MATCHED,6701,814,2026-07-30T08:20:08.937346
30350,Focussed Assessing,220,AUD,Closed,Drive mate,uploaded,332,,,True,tax_invoice,3,bill_to,False,72,MATCHED,5034,814,2026-07-30T08:20:26.602458
30339,Focussed Assessing,165,AUD,Closed,Drive mate,uploaded,333,,,True,tax_invoice,3,bill_to,False,72,MATCHED,5034,814,2026-07-30T08:20:34.107185
30338,Focussed	Assessing	Pty	Ltd,330,AUD,Closed,Drive mate,uploaded,334,,,True,tax_invoice,3,bill_to,False,72,MATCHED,5034,814,2026-07-30T08:20:41.080071
30324,Focussed Assessing,330,AUD,Closed,Drive mate,uploaded,335,,,True,tax_invoice,3,bill_to,False,72,MATCHED,5034,814,2026-07-30T08:20:48.096084
30291,HDB,720,SGD,Closed,Drive Lah,not_invoice,336,,,False,spreadsheet_screenshot,2,platform,False,80,MATCHED,5060,814,2026-07-30T08:20:54.667788
30290,CHENG CHUAN MOTOR SERVICES ,650,SGD,Closed,Drive lah,uploaded,337,,,True,tax_invoice,2,bill_to,False,55,MATCHED,5032,814,2026-07-30T08:21:04.429637
30288,Stephen Inner West Smash Repairs Pty Ltd,3000,AUD,Closed,Drive mate,uploaded,338,,,True,tax_invoice,3,bill_to,False,138,MATCHED,5032,814,2026-07-30T08:21:08.584665
30248,Stephen Inner West Smash Repairs Pty Ltd,2748,AUD,Closed,Drive mate,uploaded,339,,,True,tax_invoice,3,bill_to,False,138,MATCHED,5032,814,2026-07-30T08:21:16.139549
30243,Fixed lah,100,SGD,Closed,Drive lah,not_invoice,340,,,False,report,2,bill_to,False,,QUARANTINE,,814,2026-07-30T08:21:24.304329
30221,Focussed Assessing,330,AUD,Closed,Drive mate,uploaded,341,,,True,tax_invoice,3,bill_to,False,72,MATCHED,5034,814,2026-07-30T08:21:41.537183
30177,Focussed	Assessing	Pty	Ltd	(ABN	92	143	234	066),330,AUD,Closed,Drive mate,no_attachment,,,,,,,,,,,,814,2026-07-30T08:21:49.360220
30176,Fixed Lah,510,SGD,Closed,Drive lah,uploaded,342,,,True,invoice,2,bill_to,False,,QUARANTINE,,814,2026-07-30T08:21:49.360248
30153, Focussed Assessing Pty Ltd,220,AUD,Approved,Drive mate,no_attachment,,,,,,,,,,,,814,2026-07-30T08:22:07.430807
30148,Focussed Assessing,220,AUD,Closed,Drive mate,uploaded,343,,,True,tax_invoice,3,bill_to,False,72,MATCHED,5034,814,2026-07-30T08:22:07.430830
30147,ACE,2997.5,AUD,Closed,Drive mate,no_attachment,,,,,,,,,,,,814,2026-07-30T08:22:14.016311
30138,INSURET,45982.77,AUD,Approval Required,Drive mate,not_invoice,344,,,False,letter,3,bill_to,False,119,MATCHED,5035,814,2026-07-30T08:22:14.016355
30128,Ken Morley Smash Repairs,338.8,AUD,Closed,Drive mate,uploaded,345,,,True,tax_invoice,3,bill_to,False,,QUARANTINE,,814,2026-07-30T08:22:21.537077
30126,Geraldine,176,AUD,Closed,Central,uploaded,346,,,True,tax_invoice,1,default,False,,QUARANTINE,,814,2026-07-30T08:22:39.206400
30118,VentureHaven,5553.6,SGD,Closed,Central,uploaded,347,,,True,invoice,1,bill_to,True,,QUARANTINE,,814,2026-07-30T08:22:57.882172
30103,ISS First Response,10660.5,AUD,Closed,Drive mate,uploaded,348,,,True,tax_invoice,3,bill_to,False,656,MATCHED,5032,814,2026-07-30T08:23:15.882548
30093,Humax | Altimobility Corp.,10000,USD,Closed,Drive mate,uploaded,349,,,True,invoice,3,bill_to,False,649,MATCHED,5030,814,2026-07-30T08:23:37.686394
30046,GT Insurance,2000,AUD,Closed,Drive mate,not_invoice,350,,,False,letter,3,bill_to,False,,QUARANTINE,,814,2026-07-30T08:23:53.170063
30020,Auto & General Insurance Services PTY LTD,3097.18,AUD,Approved,Drive mate,uploaded,351,,,,,3,platform,False,,QUARANTINE,,814,2026-07-30T08:24:10.987500
30001,	Focussed	Assessing	Pty	Ltd,165,AUD,Closed,Drive mate,uploaded,352,,,True,tax_invoice,3,bill_to,False,72,MATCHED,5034,814,2026-07-30T08:24:30.999779
29999,Matheus van der Kooi,2435.75,AUD,Closed,Drive mate,uploaded,353,,,,,3,platform,False,187,MATCHED,5062,814,2026-07-30T08:24:37.687580
29959,Auto Tow Nominees Pty Ltd,1025.12,AUD,Closed,Drive mate,uploaded,354,,,True,tax_invoice,3,platform,False,361,MATCHED,,814,2026-07-30T08:24:53.564195
29957,CHENG CHUAN MOTOR SERVICES,800,SGD,Closed,Drive lah,uploaded,355,,,True,tax_invoice,2,bill_to,False,55,MATCHED,5032,814,2026-07-30T08:24:57.923685
29955,ato,8857,AUD,Closed,Drive mate,no_attachment,,,,,,,,,,,,814,2026-07-30T08:25:02.116196
29950,AWS,169.52,SGD,Closed,Central,uploaded,356,,,True,tax_invoice,2,bill_to,False,355,MATCHED,,814,2026-07-30T08:25:02.116230
29949,AWS,11315.15,SGD,Closed,Central,uploaded,357,,,True,tax_invoice,2,bill_to,False,355,MATCHED,,814,2026-07-30T08:25:20.726307
29947,ATO,8857.76,AUD,Closed,Drive mate,no_attachment,,,,,,,,,,,,814,2026-07-30T08:25:39.626861
29944,Car Rental Insurance,69472.07,AUD,Closed,Drive mate,uploaded,358,,,True,tax_invoice,3,bill_to,False,119,MATCHED,5035,814,2026-07-30T08:25:39.626885
29936,Focussed Assessing,330,AUD,Closed,Drive mate,uploaded,359,,,True,tax_invoice,3,bill_to,False,72,MATCHED,5034,814,2026-07-30T08:25:48.120345
29908,Focussed Assessing,165,AUD,Closed,Drive mate,uploaded,360,,,True,tax_invoice,3,bill_to,False,72,MATCHED,5034,814,2026-07-30T08:25:54.810526
29880,VentureHaven Pte Ltd,2185.5,SGD,Closed,Central,not_invoice,361,,,False,proforma_invoice,2,bill_to,False,,QUARANTINE,,814,2026-07-30T08:26:03.055538
29877,Netrust,545,SGD,Closed,Drive lah,uploaded,362,,,True,invoice,2,bill_to,False,597,MATCHED,6701,814,2026-07-30T08:26:21.286864
29838,VIGNESH ,333,SGD,Closed,Drive lah,no_attachment,,,,,,,,,,,,814,2026-07-30T08:26:36.027992
29761,Philcare,3742.17,SGD,Closed,Central,no_attachment,,,,,,,,,,,,814,2026-07-30T08:26:36.028031
29759,NTUC,4246.07,SGD,Closed,Drive Lah,no_attachment,,,,,,,,,,,,814,2026-07-30T08:26:36.028059
29746,CHENG CHUAN MOTOR SERVICES,300,SGD,Closed,Drive lah,uploaded,363,,,True,tax_invoice,2,bill_to,False,55,MATCHED,5032,814,2026-07-30T08:26:36.028084
29732,Paolo Villaflores,600,AUD,Closed,Drive mate,not_invoice,364,,,False,letter,3,bill_to,False,,QUARANTINE,,814,2026-07-30T08:26:40.527698
29637,Focussed Assessing,330,AUD,Closed,Drive mate,uploaded,365,,,True,tax_invoice,3,bill_to,False,72,MATCHED,5034,814,2026-07-30T08:26:58.441660
29616,Tow lah,70,SGD,Closed,Drive lah,not_invoice,366,,,False,receipt,2,bill_to,False,,QUARANTINE,,814,2026-07-30T08:27:05.253278
29590,Focussed Loss Management,220,AUD,Closed,Drive mate,uploaded,367,,,True,tax_invoice,3,bill_to,False,72,MATCHED,5034,814,2026-07-30T08:27:23.447668
29572,NORMAN CHAN,1045,AUD,Closed,Drive Mate,uploaded,368,,,True,tax_invoice,3,bill_to,False,111,MATCHED,5001,814,2026-07-30T08:27:30.759749
29558,CHENG CHUAN MOTOR SERVICE,100,SGD,Closed,Drive lah,uploaded,369,,,True,tax_invoice,2,bill_to,False,55,MATCHED,5032,814,2026-07-30T08:27:48.087424
29538,ISS First Response,14294.12,AUD,Closed,Drive mate,uploaded,370,,,True,tax_invoice,3,bill_to,False,656,MATCHED,5032,814,2026-07-30T08:27:52.178523
29537,THINXTRA SOLUTIONS PTY LTD,11502.1,AUD,Closed,Drive mate,uploaded,371,,,True,tax_invoice,3,bill_to,False,142,MATCHED,5030,814,2026-07-30T08:28:10.740223
29524, Focussed Assessing,82.5,AUD,Closed,Drive mate,uploaded,372,,,True,tax_invoice,3,bill_to,False,72,MATCHED,5034,814,2026-07-30T08:28:28.095614
29514,Stephen Inner West Smash Repairs Pty Ltd,3801.6,AUD,Closed,Drive mate,uploaded,373,,,True,tax_invoice,3,bill_to,False,138,MATCHED,5032,814,2026-07-30T08:28:34.915981
29476,AWS,166.38,SGD,Closed,Drive lah,uploaded,374,,,True,tax_invoice,2,bill_to,False,355,MATCHED,,814,2026-07-30T08:28:42.880875
29475,AWS,9862.47,SGD,Closed,Central,uploaded,375,,,True,tax_invoice,2,bill_to,False,355,MATCHED,,814,2026-07-30T08:29:01.552217
29474,AWS,10365.04,SGD,Closed,Central,uploaded,376,,,True,tax_invoice,2,bill_to,False,355,MATCHED,,814,2026-07-30T08:29:20.942603
29473,AWS,170.05,SGD,Closed,Central,uploaded,377,,,True,tax_invoice,2,bill_to,False,355,MATCHED,,814,2026-07-30T08:29:39.425982
29437,Mova Automotive Pte Ltd.,3270,SGD,Closed,Drive lah,uploaded,378,,,,,2,platform,False,106,MATCHED,5032,814,2026-07-30T08:29:57.425331
29415,Focussed Assessing,330,AUD,Closed,Drive mate,uploaded,379,,,True,tax_invoice,3,bill_to,False,72,MATCHED,5034,814,2026-07-30T08:30:02.731330
29390,Cake for Employees,50,SGD,Closed,Central,no_attachment,,,,,,,,,,,,814,2026-07-30T08:30:09.368105
29388,Rohde Smash Repairs,440,AUD,Closed,Drive mate,uploaded,380,,,True,tax_invoice,3,bill_to,False,652,MATCHED,5032,814,2026-07-30T08:30:09.368139
29380,Craig Letters,225.56,AUD,Closed,Drive Mate,not_invoice,381,,,False,spreadsheet_screenshot,3,platform,False,,QUARANTINE,,814,2026-07-30T08:30:23.747350
29344,HDB,840,SGD,Closed,Drive lah,not_invoice,382,,,False,spreadsheet_screenshot,2,platform,False,80,MATCHED,5060,814,2026-07-30T08:30:42.411999
29318,CDG,904.7,SGD,Approved,Drive lah,not_invoice,383,,,False,quotation,2,bill_to,False,59,MATCHED,5001,814,2026-07-30T08:30:50.730125
29298,Focussed Claims Management,350,AUD,Closed,Drive mate,uploaded,384,,,True,tax_invoice,3,bill_to,False,671,MATCHED,5032,814,2026-07-30T08:30:56.248932
29238,Focussed Assessing,330,AUD,Closed,Drive mate,uploaded,385,,,True,tax_invoice,3,bill_to,False,72,MATCHED,5034,814,2026-07-30T08:31:11.457671
29215,Norman Chan,198,AUD,Closed,Drive mate,uploaded,386,,,True,tax_invoice,3,bill_to,False,111,MATCHED,5001,814,2026-07-30T08:31:18.955447
29203,Fixed lah,150,SGD,Closed,Drive lah,uploaded,387,,,True,invoice,2,bill_to,False,,QUARANTINE,,814,2026-07-30T08:31:36.488534
29178,Focussed Assessing,330,AUD,Closed,Drive mate,uploaded,388,,,True,tax_invoice,3,bill_to,False,72,MATCHED,5034,814,2026-07-30T08:31:53.515982
29162,Craig Letters,253.16,AUD,Closed,Drive mate,uploaded,389,,,,,3,platform,False,,QUARANTINE,,814,2026-07-30T08:31:59.983969
29160,Combined Towing,1574.76,AUD,Closed,Drive Mate,uploaded,390,,,True,tax_invoice,3,bill_to,False,,QUARANTINE,,814,2026-07-30T08:32:14.933324
29125,Auto Tow Nominees Pty Ltd,598,AUD,Closed,Drive mate,not_invoice,391,,,False,invoice,3,platform,False,361,MATCHED,,814,2026-07-30T08:32:33.217054
29122,Intercom,169.39,USD,Approved,Central,uploaded,392,,,True,invoice,2,bill_to,False,87,MATCHED,6701,814,2026-07-30T08:32:37.816691
29121,Intercom,178.22,USD,Approved,Central,uploaded,393,,,True,invoice,2,bill_to,False,87,MATCHED,6701,814,2026-07-30T08:32:56.239492
29120,Stephen Inner West Smash Repairs,1980,AUD,Closed,Drive mate,uploaded,394,,,True,tax_invoice,3,bill_to,False,138,MATCHED,5032,814,2026-07-30T08:33:14.724379
29119,Intercom,18307.8,USD,Closed,Central,uploaded,395,,,True,invoice,2,bill_to,False,87,MATCHED,6701,814,2026-07-30T08:33:21.900207
29118,NTUC,4246.07,SGD,Closed,Drive lah,uploaded,396,,,True,tax_invoice,2,bill_to,False,,QUARANTINE,,814,2026-07-30T08:33:40.845677
29115,VentureHaven,263.5,SGD,Closed,Central,uploaded,397,,,True,invoice,1,bill_to,True,,QUARANTINE,,814,2026-07-30T08:33:59.851426
29090,Fixed lah,180,SGD,Closed,Drive lah,uploaded,398,,,True,invoice,2,bill_to,False,,QUARANTINE,,814,2026-07-30T08:34:18.335542
29006,Cheng Chuan Motor Services,750,SGD,Closed,Drive lah,uploaded,399,,,True,tax_invoice,2,bill_to,False,55,MATCHED,5032,814,2026-07-30T08:34:35.599585
28932,Autorola,717.31,AUD,Closed,Drive mate,uploaded,400,,,True,tax_invoice,3,bill_to,False,41,MATCHED,5032,814,2026-07-30T08:34:40.018042
28906,Autorola AU,173.75,AUD,Closed,Drive mate,uploaded,401,,,True,tax_invoice,3,bill_to,False,41,MATCHED,5032,814,2026-07-30T08:34:46.414473
28878,"SentriLock, LLC",923.52,USD,Closed,Drive mate,uploaded,402,,,True,invoice,3,bill_to,False,130,MATCHED,5030,814,2026-07-30T08:34:52.442916
28877,Humax | Altimobility Corp.,10000,USD,Closed,Drive mate,uploaded,403,,,True,invoice,3,bill_to,False,649,MATCHED,5030,814,2026-07-30T08:34:58.985278
28820,EXPERIAN,7582.58,AUD,Approved,Drive mate,uploaded,404,,,True,tax_invoice,3,bill_to,False,274,MATCHED,6701,814,2026-07-30T08:35:14.598288
28819,EXPERIAN,7925.78,AUD,Approved,Drive mate,uploaded,405,,,True,tax_invoice,3,bill_to,False,274,MATCHED,6701,814,2026-07-30T08:35:22.788350
28775,Rajat Verma,10300,AUD,Closed,Drive Mate,not_invoice,406,,,False,letter,3,bill_to,False,,QUARANTINE,,814,2026-07-30T08:35:31.304432
28753,Matheus van der Kooi,7953.69,AUD,Closed,Drive mate,uploaded,407,,,,,3,platform,False,187,MATCHED,5062,814,2026-07-30T08:35:49.696089
28740,THINXTRA SOLUTIONS PTY LTD,10742.2,AUD,Closed,Drive mate,uploaded,408,,,True,tax_invoice,3,bill_to,False,142,MATCHED,5030,814,2026-07-30T08:36:05.239012
28738,Humax | Altimobility Corp.,10000,USD,Closed,Drive mate,uploaded,409,,,True,invoice,3,bill_to,False,649,MATCHED,5030,814,2026-07-30T08:36:23.159950
28737,PACK SEND Marrickville,330,AUD,Approval Required,Drive mate,uploaded,410,,,True,tax_invoice,3,bill_to,False,117,MATCHED,5066,814,2026-07-30T08:36:38.249996
28697,Focussed Assessing Pty Ltd (ABN 92 143 234 066),165,AUD,Closed,Drive mate,uploaded,411,,,True,tax_invoice,3,bill_to,False,72,MATCHED,5034,814,2026-07-30T08:36:55.946038
28693,Melbourne Prestige Centr,968,AUD,Closed,Drive mate,no_attachment,,,,,,,,,,,,814,2026-07-30T08:37:03.806378
28685,Tokio Marine Insurance Singapore Ltd.,3270,SGD,Closed,Drive lah,not_invoice,412,,,False,letter,2,bill_to,False,144,MATCHED,,814,2026-07-30T08:37:03.806402
28679,CHENG CHUAN MOTOR SERVICES,1000,SGD,Closed,Drive lah,uploaded,413,,,True,tax_invoice,2,bill_to,False,55,MATCHED,5032,814,2026-07-30T08:37:22.556258
28675,AFCA,411.44,AUD,Auto-approved,Drive Mate,uploaded,414,,,True,tax_invoice,3,bill_to,False,650,MATCHED,5025,814,2026-07-30T08:37:26.801693
28674,AFCA,3898.72,AUD,Auto-approved,Drive Mate,uploaded,415,,,True,tax_invoice,3,bill_to,False,650,MATCHED,5025,814,2026-07-30T08:37:44.404526
28673,AFCA,3596.34,AUD,Auto-approved,Drive Mate,uploaded,416,,,True,tax_invoice,3,bill_to,False,650,MATCHED,5025,814,2026-07-30T08:38:02.922934
28672,AFCA,411.44,AUD,Auto-approved,Drive Mate,uploaded,417,,,True,tax_invoice,3,bill_to,False,650,MATCHED,5025,814,2026-07-30T08:38:20.918762
28671,AFCA,5096.08,AUD,Auto-approved,Drive Mate,uploaded,418,,,True,tax_invoice,3,bill_to,False,650,MATCHED,5025,814,2026-07-30T08:38:38.719608
28670,AFCA,411.44,AUD,Auto-approved,Drive Mate,uploaded,419,,,True,tax_invoice,3,bill_to,False,650,MATCHED,5025,814,2026-07-30T08:38:56.361539
28669,AFCA,2316.4,AUD,Auto-approved,Drive Mate,uploaded,420,,,True,tax_invoice,3,bill_to,False,650,MATCHED,5025,814,2026-07-30T08:39:14.829582
28668,AFCA,411.44,AUD,Auto-approved,Drive Mate,uploaded,421,,,True,tax_invoice,3,bill_to,False,650,MATCHED,5025,814,2026-07-30T08:39:33.237983
28667,AFCA,103.62,AUD,Auto-approved,Drive Mate,uploaded,422,,,,,3,platform,False,,QUARANTINE,,814,2026-07-30T08:39:50.894096
28666,AFCA,71.9,AUD,Auto-approved,Drive Mate,uploaded,423,,,,,3,platform,False,,QUARANTINE,,814,2026-07-30T08:40:06.523300
28665,AFCA,25.13,AUD,Auto-approved,Drive Mate,no_attachment,,,,,,,,,,,,814,2026-07-30T08:40:22.181846
28613,Select PTE LTD,200,SGD,Closed,Drive lah,uploaded,424,,,True,invoice,2,bill_to,False,128,MATCHED,6401,814,2026-07-30T08:40:22.181875
28543,CHENG CHUAN MOTOR SERVICES,500,SGD,Closed,Drive Lah,uploaded,425,,,True,tax_invoice,2,bill_to,False,55,MATCHED,5032,814,2026-07-30T08:40:36.160601
28533,Focussed Assessin,165,AUD,Closed,Drive mate,uploaded,426,,,True,tax_invoice,3,bill_to,False,72,MATCHED,5034,814,2026-07-30T08:40:42.612252
28507,Jonkers Smash Repairs,3149.01,AUD,Closed,Drive mate,uploaded,427,,,True,tax_invoice,3,bill_to,False,,QUARANTINE,,814,2026-07-30T08:40:50.145020
28496,ComfortDelGro Corporation,109,SGD,Approved,Drive lah,uploaded,428,,,True,tax_invoice,2,bill_to,False,59,MATCHED,5001,814,2026-07-30T08:41:08.117480
28483,Wattersons,438.9,AUD,Auto-approved,Drive Mate,uploaded,429,,,True,tax_invoice,3,bill_to,False,157,MATCHED,6501,814,2026-07-30T08:41:14.659207
28392,HDB,720,SGD,Closed,Drive lah,not_invoice,430,,,False,spreadsheet_screenshot,2,platform,False,80,MATCHED,5060,814,2026-07-30T08:41:35.345909
28378,ACE,907.5,AUD,Closed,Drive mate,uploaded,431,,,True,tax_invoice,3,bill_to,False,28,MATCHED,6500,814,2026-07-30T08:41:43.329670
28377,ACE,1100,AUD,Closed,Drive mate,no_attachment,,,,,,,,,,,,814,2026-07-30T08:42:00.799057
28375,ACE,770,AUD,Closed,Drive mate,no_attachment,,,,,,,,,,,,814,2026-07-30T08:42:00.799085
28346,Aircall,2844,USD,Closed,Central,uploaded,432,,,True,invoice,2,bill_to,False,31,MATCHED,6701,814,2026-07-30T08:42:00.799101
28345,Aircall,2844.93,USD,Closed,Central,uploaded,433,,,True,invoice,2,bill_to,False,31,MATCHED,6701,814,2026-07-30T08:42:18.309680
28342,Aircall,2988,USD,Closed,Central,uploaded,434,,,True,invoice,2,bill_to,False,31,MATCHED,6701,814,2026-07-30T08:42:35.836046
28340,Aircall,3163.1,USD,Closed,Central,uploaded,435,,,True,invoice,2,bill_to,False,31,MATCHED,6701,814,2026-07-30T08:42:53.703092
28294,Rohde Smash Repairs,3909.3,AUD,Closed,Drive mate,uploaded,436,,,True,tax_invoice,3,bill_to,False,652,MATCHED,5032,814,2026-07-30T08:43:13.189432
28259,NORMAN CHAN,1034,AUD,Closed,Drive mate,no_attachment,,,,,,,,,,,,814,2026-07-30T08:43:27.581217
28228,Craig Letters,0,AUD,Closed,Drive Mate,not_invoice,437,,,False,spreadsheet_screenshot,3,platform,False,,QUARANTINE,,814,2026-07-30T08:43:27.581245
28203,Focussed Loss Management,165,AUD,Closed,Drive mate,uploaded,438,,,True,tax_invoice,3,bill_to,False,72,MATCHED,5034,814,2026-07-30T08:43:44.985688
28133,Select PTE LTD,600,SGD,Closed,Drive lah,uploaded,439,,,True,invoice,2,bill_to,False,128,MATCHED,6401,814,2026-07-30T08:43:53.424889
28117,Mike Hill,170.44,AUD,Closed,Drive mate,uploaded,440,,,True,tax_invoice,3,bill_to,False,,QUARANTINE,,814,2026-07-30T08:44:02.886126
28113,CHENG CHUAN MOTOR SERVICES ,250,SGD,Closed,Drive Lah,uploaded,441,,,True,tax_invoice,2,bill_to,False,55,MATCHED,5032,814,2026-07-30T08:44:23.634127
28112,CHENG CHUAN MOTOR SERVICES,250,SGD,Closed,Drive Lah,duplicate,,inv#425,semantic,True,tax_invoice,2,bill_to,,,,,814,2026-07-30T08:44:27.839552
28060,Birthday Cake for Employees,50,SGD,Closed,Central,no_attachment,,,,,,,,,,,,814,2026-07-30T08:44:32.678159
28052,Insuret,2306,AUD,Closed,Drive mate,no_attachment,,,,,,,,,,,,814,2026-07-30T08:44:32.678183
28027,Onfido,5883.71,USD,Closed,Central,uploaded,443,,,True,tax_invoice,2,bill_to,False,116,MATCHED,6701,814,2026-07-30T08:44:32.678200
28024,Altimobility,10000,USD,Closed,Drive mate,not_invoice,444,,,False,report,3,platform,False,649,MATCHED,5030,814,2026-07-30T08:44:41.340096
28017,Stephen Inner West Smash Repairs Pty Ltd,2090,AUD,Closed,Drive mate,no_attachment,,,,,,,,,,,,814,2026-07-30T08:44:56.240192
28004,MPDG Services Pty Ltd,6600,AUD,Closed,Drive mate,uploaded,445,,,True,tax_invoice,3,bill_to,False,662,MATCHED,5032,814,2026-07-30T08:44:56.240216
27983,Focussed Assessing,165,AUD,Closed,Drive Mate,uploaded,446,,,True,tax_invoice,3,bill_to,False,72,MATCHED,5034,814,2026-07-30T08:45:03.331055
27982,ACE,2771,AUD,Closed,Drive mate,no_attachment,,,,,,,,,,,,814,2026-07-30T08:45:10.370996
27975,Northside Autocare Pty Ltd,296,AUD,Closed,Drive Mate,not_invoice,447,,,False,receipt,3,platform,False,,QUARANTINE,,814,2026-07-30T08:45:10.371018
27962, Stephen Inner West Smash Repairs ,5000,AUD,Closed,Drive mate,uploaded,448,,,True,tax_invoice,3,bill_to,False,138,MATCHED,5032,814,2026-07-30T08:45:28.271821
27943,Fixed Lah,140,SGD,Closed,Drive lah,no_attachment,,,,,,,,,,,,814,2026-07-30T08:45:35.428838
27940,NTUC,4036.55,SGD,Closed,Drive lah,uploaded,449,,,True,tax_invoice,2,bill_to,False,,QUARANTINE,,814,2026-07-30T08:45:35.428862
27939,NTUC,5850.83,SGD,Closed,Drive lah,uploaded,450,,,True,tax_invoice,2,bill_to,False,,QUARANTINE,,814,2026-07-30T08:45:54.699710
27929,ELITE AM PTE LTD,3270,SGD,Closed,Drive Lah,uploaded,451,,,True,tax_invoice,2,bill_to,False,664,MATCHED,5032,814,2026-07-30T08:46:13.244766
27927,Alexcess Car,500.23,USD,Closed,Drive mate,not_invoice,452,,,False,receipt,3,bill_to,False,,QUARANTINE,,814,2026-07-30T08:46:21.311413
27918,ISS First Response,7573.9,AUD,Closed,Drive mate,uploaded,453,,,True,tax_invoice,3,bill_to,False,656,MATCHED,5032,814,2026-07-30T08:46:38.462098
27917,ISS First Response,9659.49,AUD,Closed,Drive mate,uploaded,454,,,True,tax_invoice,3,bill_to,False,656,MATCHED,5032,814,2026-07-30T08:46:56.470326
27916,ISS First Response,2841.03,AUD,Closed,Drive mate,uploaded,455,,,True,tax_invoice,3,bill_to,False,656,MATCHED,5032,814,2026-07-30T08:47:15.116763
27915,"SentriLock, LLC",970.32,USD,Closed,Drive mate,uploaded,456,,,True,invoice,3,bill_to,False,130,MATCHED,5030,814,2026-07-30T08:47:33.496448
27914,PACK SEND Marrickville,330,AUD,Approval Required,Drive mate,uploaded,457,,,True,tax_invoice,3,bill_to,False,117,MATCHED,5066,814,2026-07-30T08:47:39.895429
27900,ALEXCESS LIBIRAN,365,SGD,Closed,Drive Lah,not_invoice,458,,,False,receipt,2,platform,False,,QUARANTINE,,814,2026-07-30T08:47:57.077113
27874,MOVA AUTOMOTIVE PTE LTD,2539.7,SGD,Closed,Drive lah,uploaded,459,,,True,tax_invoice,2,bill_to,False,106,MATCHED,5032,814,2026-07-30T08:48:14.869809
27854,ur drive,2000,AUD,Closed,Drive Mate,uploaded,460,,,True,tax_invoice,3,bill_to,False,,QUARANTINE,,814,2026-07-30T08:48:23.356848
27852,Tokio Marine Insurance Singapore Ltd.,5784.91,SGD,Closed,Drive lah,uploaded,461,,,True,tax_invoice,2,bill_to,False,,QUARANTINE,,814,2026-07-30T08:48:40.054402
27851,"SentriLock, LLC",985.92,USD,Closed,Drive mate,uploaded,462,,,True,invoice,3,bill_to,False,130,MATCHED,5030,814,2026-07-30T08:48:57.757275
27723,Experian,5491.2,AUD,Closed,Drive mate,no_attachment,,,,,,,,,,,,814,2026-07-30T08:49:04.628160
27722,Experian,5877.3,AUD,Closed,Drive mate,uploaded,463,,,True,tax_invoice,3,bill_to,False,274,MATCHED,6701,814,2026-07-30T08:49:04.628181
27719,Experian,5469.75,AUD,Closed,Drive mate,uploaded,464,,,True,tax_invoice,3,bill_to,False,274,MATCHED,6701,814,2026-07-30T08:49:12.825975
27718,Illion,5316.03,AUD,Closed,Drive mate,uploaded,465,,,True,tax_invoice,3,bill_to,False,83,MATCHED,6701,814,2026-07-30T08:49:21.718718
27712,The Hollard Insurance Company - Insuret Claims Account,3650,AUD,Closed,Drive mate,not_invoice,466,,,False,letter,3,bill_to,False,342,MATCHED,,814,2026-07-30T08:49:30.594336
27647,HDB,120,SGD,Closed,Drive lah,not_invoice,467,,,False,report,2,platform,False,80,MATCHED,5060,814,2026-07-30T08:49:49.136630
27636,Tokio Marine Insurance Corp,3270,SGD,Closed,Drive lah,no_attachment,,,,,,,,,,,,814,2026-07-30T08:49:56.703119
27550,Cheng Chuan Motor Services,280,SGD,Closed,Drive lah,uploaded,468,,,True,tax_invoice,2,bill_to,False,55,MATCHED,5032,814,2026-07-30T08:49:56.703141
27542,Netrust,545,SGD,Closed,Drive lah,uploaded,469,,,True,invoice,2,bill_to,False,597,MATCHED,6701,814,2026-07-30T08:50:00.712380
27538,THINXTRA,13496.98,AUD,Closed,Drive mate,uploaded,470,,,True,tax_invoice,3,bill_to,False,142,MATCHED,5030,814,2026-07-30T08:50:15.531058
27536,THINXTRA,12184.74,AUD,Closed,Drive mate,uploaded,471,,,True,tax_invoice,3,bill_to,False,142,MATCHED,5030,814,2026-07-30T08:50:35.120762
27510,Focussed Assessing Pty Ltd (ABN 92 143 234 066),220,AUD,Closed,Drive mate,no_attachment,,,,,,,,,,,,814,2026-07-30T08:50:53.247358
27457, Stephen Inner West Smash Repairs ,3092.2,AUD,Closed,Drive mate,uploaded,472,,,True,tax_invoice,3,bill_to,False,138,MATCHED,5032,814,2026-07-30T08:50:53.247383
27447,Income Insurance,3000,SGD,Closed,Drive lah,not_invoice,473,,,False,letter,1,bill_to,True,,QUARANTINE,,814,2026-07-30T08:51:00.403454
27435,HDB,600,SGD,Closed,Drive lah,not_invoice,474,,,False,spreadsheet_screenshot,2,platform,False,80,MATCHED,5060,814,2026-07-30T08:51:17.968175
27425,Autorola AU ­ ,1252.35,AUD,Closed,Drive mate,uploaded,475,,,True,tax_invoice,3,bill_to,False,41,MATCHED,5032,814,2026-07-30T08:51:25.985342
27423,Matheus van der Kooi,7773.87,AUD,Closed,Drive Mate,uploaded,476,,,,,3,platform,False,187,MATCHED,5062,814,2026-07-30T08:51:32.664782
27381,CAVALO SERVICE DEPARTMENT,2558.6,AUD,Closed,Drive Mate,no_attachment,,,,,,,,,,,,814,2026-07-30T08:51:48.101051
27380,CAVALO SERVICE DEPARTMENT,3612.3,AUD,Closed,Drive mate,no_attachment,,,,,,,,,,,,814,2026-07-30T08:51:48.101076
27349,Tokio Marine,3270,SGD,Closed,Drive lah,not_invoice,477,,,False,letter,2,bill_to,False,144,MATCHED,,814,2026-07-30T08:51:48.101093
27345,Insuret,5000,AUD,Closed,Drive Mate,not_invoice,478,,,False,letter,3,bill_to,False,342,MATCHED,,814,2026-07-30T08:52:07.099269
27324,AFCA,1255.63,AUD,Closed,Drive mate,uploaded,479,,,True,tax_invoice,3,bill_to,False,650,MATCHED,5025,814,2026-07-30T08:52:24.846825
27319,AFCA,109.52,AUD,Closed,Drive mate,uploaded,480,,,True,tax_invoice,3,bill_to,False,650,MATCHED,5025,814,2026-07-30T08:52:42.885457
27312,AFCA,3847.61,AUD,Closed,Drive mate,uploaded,481,,,True,tax_invoice,3,bill_to,False,650,MATCHED,5025,814,2026-07-30T08:53:00.885331
27311,Australian Financial Complaints Authority Limited,2511.26,AUD,Approved,Drive mate,uploaded,482,,,True,tax_invoice,3,bill_to,False,650,MATCHED,5025,814,2026-07-30T08:53:19.722553
27235,Jay Balan,1221,SGD,Closed,Drive lah,uploaded,483,,,,,2,platform,False,,QUARANTINE,,814,2026-07-30T08:53:37.781453
27222,SMD Lawyers,1760,AUD,Closed,Drive Mate,uploaded,484,,,True,tax_invoice,3,bill_to,False,622,MATCHED,6501,814,2026-07-30T08:53:52.578741
27203,Philcare,4712.16,USD,Closed,Drive lah,no_attachment,,,,,,,,,,,,814,2026-07-30T08:54:08.332186
27159,IRAS,3261.99,SGD,Closed,Drive lah,not_invoice,485,,,False,letter,1,bill_to,True,,QUARANTINE,,814,2026-07-30T08:54:08.332212
27133,ATO - AUSTRALIAN TAXATION OFFICE ,13564,AUD,Closed,Drive mate,not_invoice,486,,,False,report,3,bill_to,False,28,MATCHED,6500,814,2026-07-30T08:54:26.666566
27100,AFCA,411.44,AUD,Closed,Drive mate,uploaded,487,,,True,tax_invoice,3,bill_to,False,650,MATCHED,5025,814,2026-07-30T08:54:44.564317
27099,AFCA,3847.61,AUD,Closed,Drive mate,duplicate,,inv#481,hash,,,,,,,,,814,2026-07-30T08:55:03.015241
27098,AFCA,411.44,AUD,Closed,Drive mate,uploaded,488,,,True,tax_invoice,3,bill_to,False,650,MATCHED,5025,814,2026-07-30T08:55:03.953621
27097,AFCA,109.52,AUD,Closed,Drive mate,duplicate,,inv#480,hash,,,,,,,,,814,2026-07-30T08:55:22.059445
27096,AFCA,2511.26,AUD,Closed,Drive mate,duplicate,,inv#482,hash,,,,,,,,,814,2026-07-30T08:55:23.085461
27095,AFCA,402.29,AUD,Closed,Drive mate,uploaded,489,,,True,tax_invoice,3,bill_to,False,650,MATCHED,5025,814,2026-07-30T08:55:24.092722
27094,AFCA,1255.63,AUD,Closed,Drive mate,duplicate,,inv#479,hash,,,,,,,,,814,2026-07-30T08:55:42.478986
27093,AFCA,388.69,AUD,Closed,Drive mate,uploaded,490,,,True,tax_invoice,3,bill_to,False,650,MATCHED,5025,814,2026-07-30T08:55:43.295769
27037,Fixed Lah,800,SGD,Closed,Drive lah,not_invoice,491,,,False,other,2,platform,False,,QUARANTINE,,814,2026-07-30T08:56:02.166296
26940,AWS,10574.6,SGD,Closed,Central,uploaded,492,,,True,tax_invoice,2,bill_to,False,355,MATCHED,,814,2026-07-30T08:56:19.879253
26938,AWS,9099.82,SGD,Closed,Central,uploaded,493,,,True,tax_invoice,2,bill_to,False,355,MATCHED,,814,2026-07-30T08:56:38.642397
26937,AWS,8719.34,SGD,Closed,Central,uploaded,494,,,True,tax_invoice,2,bill_to,False,355,MATCHED,,814,2026-07-30T08:56:58.053065
26928,AWS,171.33,SGD,Closed,Central,uploaded,495,,,True,tax_invoice,2,bill_to,False,355,MATCHED,,814,2026-07-30T08:57:17.440570
26927,AWS,171.88,SGD,Closed,Central,uploaded,496,,,True,tax_invoice,2,bill_to,False,355,MATCHED,,814,2026-07-30T08:57:35.862133
26926,AWS,223.97,SGD,Closed,Central,uploaded,497,,,True,invoice,2,bill_to,False,355,MATCHED,,814,2026-07-30T08:57:56.756149
26925,AWS,169.88,SGD,Closed,Central,uploaded,498,,,True,tax_invoice,2,bill_to,False,355,MATCHED,,814,2026-07-30T08:58:13.686133
26924,AWS,233.68,SGD,Closed,Central,uploaded,499,,,True,invoice,2,bill_to,False,355,MATCHED,,814,2026-07-30T08:58:31.904501
26852,ur drive,2000,AUD,Closed,Drive Mate,uploaded,500,,,True,tax_invoice,3,bill_to,False,,QUARANTINE,,814,2026-07-30T08:58:49.208902
26813,CHOON HUAT TYRE & BATTERY CO,30,SGD,Closed,Drive Lah,not_invoice,501,,,False,receipt,2,platform,False,672,MATCHED,5025,814,2026-07-30T08:59:06.374029
26754,ACE,880,AUD,Closed,Drive mate,uploaded,502,,,True,tax_invoice,3,bill_to,False,28,MATCHED,6500,814,2026-07-30T08:59:22.959982
26753,ACE,1155,AUD,Closed,Drive mate,uploaded,503,,,True,tax_invoice,3,bill_to,False,28,MATCHED,6500,814,2026-07-30T08:59:39.810003
26752,ACE,907.5,AUD,Closed,Drive mate,uploaded,504,,,True,tax_invoice,3,bill_to,False,28,MATCHED,6500,814,2026-07-30T08:59:57.591295
26751,ACE,1430,AUD,Closed,Drive mate,uploaded,505,,,True,tax_invoice,3,bill_to,False,28,MATCHED,6500,814,2026-07-30T09:00:14.537011
26696,A1 Smash Repairs,1452,AUD,Closed,Drive mate,uploaded,506,,,True,invoice,3,bill_to,False,,QUARANTINE,,814,2026-07-30T09:00:31.699338
26664,HDB,720,SGD,Closed,Drive lah,not_invoice,507,,,False,spreadsheet_screenshot,2,bill_to,False,80,MATCHED,5060,814,2026-07-30T09:00:50.000398
26656,Actual host Mike Hill,830,AUD,Closed,Drive mate,uploaded,508,,,,,3,platform,False,,QUARANTINE,,814,2026-07-30T09:00:58.086213
26643,Focussed Assessing Pty Ltd,275,AUD,Closed,Drive mate,uploaded,509,,,True,tax_invoice,3,bill_to,False,72,MATCHED,5034,814,2026-07-30T09:01:14.287340
26571,GT Insurance,3000,AUD,Closed,Drive Mate,no_attachment,,,,,,,,,,,,814,2026-07-30T09:01:21.729849
26512,"$5,491.20",5491.2,AUD,Closed,Drive mate,uploaded,510,,,True,tax_invoice,3,bill_to,False,274,MATCHED,6701,814,2026-07-30T09:01:21.729877
26465,Rohde Smash Repairs,2156.69,AUD,Closed,Drive mate,uploaded,511,,,True,tax_invoice,3,bill_to,False,652,MATCHED,5032,814,2026-07-30T09:01:30.304643
26418,Michael Wilsen,2035.83,AUD,Approved,Drive mate,no_attachment,,,,,,,,,,,,814,2026-07-30T09:01:45.351565
26407,Focussed Assessing,110,AUD,Approved,Drive mate,no_attachment,,,,,,,,,,,,814,2026-07-30T09:01:45.351589
26383,Stephen Inner West Smash Repairs,880,AUD,Closed,Drive Mate,no_attachment,,,,,,,,,,,,814,2026-07-30T09:01:45.351606
26370,PACK SEND Marrickville,660,AUD,Closed,Drive mate,uploaded,512,,,True,tax_invoice,3,bill_to,False,117,MATCHED,5066,814,2026-07-30T09:01:45.351631
26369,"SentriLock, LLC",985.92,USD,Closed,Drive mate,uploaded,513,,,True,invoice,3,bill_to,False,130,MATCHED,5030,814,2026-07-30T09:02:04.094483
26368,Altimobility Corp.(113-86-10472),10000,USD,Closed,Drive mate,uploaded,514,,,True,invoice,3,bill_to,False,649,MATCHED,5030,814,2026-07-30T09:02:10.431795
26367,PACK SEND Marrickville,320.83,AUD,Closed,Drive mate,uploaded,515,,,True,tax_invoice,3,bill_to,False,117,MATCHED,5066,814,2026-07-30T09:02:25.463686
26366,Pack Send Marrickville,214.52,AUD,Closed,Drive mate,uploaded,516,,,True,tax_invoice,3,bill_to,False,117,MATCHED,5066,814,2026-07-30T09:02:42.928142
26364,Thinxtra Solutions Pty Ltd,12436.32,AUD,Closed,Drive mate,uploaded,517,,,True,tax_invoice,3,bill_to,False,142,MATCHED,5030,814,2026-07-30T09:03:01.716766
26363,PACK SEND Marrickville,2079,AUD,Closed,Drive mate,uploaded,518,,,True,tax_invoice,3,bill_to,False,117,MATCHED,5066,814,2026-07-30T09:03:19.462314
26349,VentureHaven,490.5,SGD,Closed,Central,uploaded,519,,,True,invoice,1,bill_to,True,,QUARANTINE,,814,2026-07-30T09:03:36.800874
26348,VentureHaven,490.5,SGD,Closed,Central,uploaded,520,,,True,invoice,2,bill_to,False,,QUARANTINE,,814,2026-07-30T09:03:55.399238
26333,Focussed Claims Management,165,AUD,Closed,Drive mate,uploaded,521,,,True,tax_invoice,3,bill_to,False,671,MATCHED,5032,814,2026-07-30T09:04:14.413777
26332,Stephen Inner West Smash Repairs Pty Ltd,5000,AUD,Closed,Drive Mate,no_attachment,,,,,,,,,,,,814,2026-07-30T09:04:29.516986
26330,Focussed Claims Management,181.5,AUD,Closed,Drive mate,uploaded,522,,,True,tax_invoice,3,bill_to,False,671,MATCHED,5032,814,2026-07-30T09:04:29.517013
26329,Focussed Claims Management,385,AUD,Closed,Drive mate,uploaded,523,,,True,tax_invoice,3,bill_to,False,671,MATCHED,5032,814,2026-07-30T09:04:44.346026
26328,Focussed Claims Management,385,AUD,Closed,Drive mate,uploaded,524,,,True,tax_invoice,3,bill_to,False,671,MATCHED,5032,814,2026-07-30T09:04:59.926306
26326,Focussed Claims Management,385,AUD,Closed,Drive mate,uploaded,525,,,True,tax_invoice,3,bill_to,False,671,MATCHED,5032,814,2026-07-30T09:05:14.877764
26262,Focussed Claims management,385,AUD,Approved,Drive mate,no_attachment,,,,,,,,,,,,814,2026-07-30T09:05:30.302265
26260,Focussed Claims Management,770,AUD,Closed,Drive Mate,not_invoice,526,,,False,statement,3,bill_to,False,671,MATCHED,5032,814,2026-07-30T09:05:30.302289
26238,VentureHaven,1200,SGD,Closed,Central,uploaded,527,,,True,invoice,2,bill_to,False,,QUARANTINE,,814,2026-07-30T09:05:45.238189
26228,North East Crash repair,5000,AUD,Closed,Drive mate,uploaded,528,,,True,tax_invoice,3,bill_to,False,,QUARANTINE,,814,2026-07-30T09:06:03.974184
26223,Focussed Loss Management,330,AUD,Approved,Drive mate,no_attachment,,,,,,,,,,,,814,2026-07-30T09:06:21.702578
26222,Anthony Sellars,2431.61,AUD,Closed,Drive mate,no_attachment,,,,,,,,,,,,814,2026-07-30T09:06:21.702597
26166,Ur Drive,2000,AUD,Closed,Drive Mate,uploaded,529,,,True,tax_invoice,3,bill_to,False,,QUARANTINE,,814,2026-07-30T09:06:21.702611
26155,Vignesh,261.6,SGD,Closed,Drive lah,not_invoice,530,,,False,report,2,platform,False,,QUARANTINE,,814,2026-07-30T09:06:39.430278
26152,Stephen Inner West Smash Repairs Pty Ltd,495,AUD,Closed,Drive mate,uploaded,531,,,True,tax_invoice,3,bill_to,False,138,MATCHED,5032,814,2026-07-30T09:06:57.744158
26129,Cheng Auto Bodyworks,3270,SGD,Closed,Drive lah,uploaded,532,,,,,2,platform,False,,QUARANTINE,,814,2026-07-30T09:07:04.861209
26114,Tokio Marine Insurance,3270,SGD,Closed,Drive lah,not_invoice,533,,,False,letter,2,bill_to,False,144,MATCHED,,814,2026-07-30T09:07:20.721990
26102,Johannes Schadler,825,AUD,Closed,Drive lah,not_invoice,534,,,False,letter,3,bill_to,False,,QUARANTINE,,814,2026-07-30T09:07:40.839489
26099,Irene Poh,800,SGD,Closed,Drive lah,not_invoice,535,,,False,letter,2,platform,False,,QUARANTINE,,814,2026-07-30T09:07:58.835663
26082,GT Insurance ,300,AUD,Closed,Drive mate,uploaded,536,,,True,tax_invoice,3,bill_to,False,,QUARANTINE,,814,2026-07-30T09:08:17.205398
26066,Focussed Loss Management,330,AUD,Closed,Drive mate,no_attachment,,,,,,,,,,,,814,2026-07-30T09:08:35.183598
26018,Venture Haven,1800,SGD,Closed,Drive Lah,not_invoice,537,,,False,proforma_invoice,1,bill_to,True,,QUARANTINE,,814,2026-07-30T09:08:35.183623
26010,Focusssed Loss Management,330,AUD,Closed,Drive mate,no_attachment,,,,,,,,,,,,814,2026-07-30T09:08:53.846230
25987,Venture Haven,3826,SGD,Closed,Central,not_invoice,538,,,False,letter,1,bill_to,True,,QUARANTINE,,814,2026-07-30T09:08:53.846253
25966,NORMAN CHAN,814,AUD,Closed,Drive mate,no_attachment,,,,,,,,,,,,814,2026-07-30T09:09:12.184729
25949,HDB,1320,SGD,Closed,Drive lah,not_invoice,539,,,False,spreadsheet_screenshot,2,platform,False,80,MATCHED,5060,814,2026-07-30T09:09:12.184762
25935,Fixed lah,3700,SGD,Closed,Drive lah,uploaded,540,,,True,invoice,2,platform,False,,QUARANTINE,,814,2026-07-30T09:09:20.108285
25932,AUTOBODIES GOLD COAST P/L,4183,AUD,Closed,Drive Mate,uploaded,541,,,,,3,platform,False,,QUARANTINE,,814,2026-07-30T09:09:37.749399
25903,Focussed Assessing,165,AUD,Closed,Drive mate,uploaded,542,,,True,tax_invoice,3,bill_to,False,72,MATCHED,5034,814,2026-07-30T09:09:53.779536
25880,SHARPS AUSTRALIA ,514.05,AUD,Closed,Drive lah,uploaded,543,,,True,tax_invoice,3,bill_to,False,132,MATCHED,5025,814,2026-07-30T09:10:00.781790
25849,"SentriLock, LLC",960.96,USD,Closed,Drive mate,uploaded,544,,,True,invoice,3,bill_to,False,130,MATCHED,5030,814,2026-07-30T09:10:07.897184
25847,Harley curran,1933.53,AUD,Closed,Drive mate,not_invoice,545,,,False,letter,3,bill_to,False,,QUARANTINE,,814,2026-07-30T09:10:14.347024
25846,Abdul Saaqib,3000,AUD,Closed,Drive mate,not_invoice,546,,,False,spreadsheet_screenshot,3,platform,True,,QUARANTINE,,814,2026-07-30T09:10:32.706789
25803,maricon,50,SGD,Closed,Central,no_attachment,,,,,,,,,,,,814,2026-07-30T09:10:50.686588
25765,Norman Chan,1144,AUD,Closed,Drive mate,uploaded,547,,,True,tax_invoice,3,bill_to,False,111,MATCHED,5001,814,2026-07-30T09:10:50.686613
25763,Norman Chan,924,AUD,Closed,Drive mate,uploaded,548,,,True,tax_invoice,3,bill_to,False,111,MATCHED,5001,814,2026-07-30T09:11:07.904276
25737,Onfido,4154.01,USD,Closed,Central,uploaded,549,,,True,tax_invoice,1,default,False,116,MATCHED,6701,814,2026-07-30T09:11:13.670428
25736,Intercom,300.34,USD,Closed,Central,uploaded,550,,,True,invoice,2,bill_to,False,87,MATCHED,6701,814,2026-07-30T09:11:21.150778
25735,Intercom,305.22,USD,Closed,Central,uploaded,551,,,True,invoice,2,bill_to,False,87,MATCHED,6701,814,2026-07-30T09:11:39.996520
25701,ACE ,3492,AUD,Closed,Drive mate,no_attachment,,,,,,,,,,,,814,2026-07-30T09:11:57.178136
25686,Insuret,82374.3,AUD,Approved,Drive mate,uploaded,552,,,True,tax_invoice,3,bill_to,False,119,MATCHED,5035,814,2026-07-30T09:11:57.178168
25683,Rohde Smash Repairs,1602.15,AUD,Closed,Drive mate,uploaded,553,,,True,tax_invoice,3,bill_to,False,652,MATCHED,5032,814,2026-07-30T09:12:07.705802
25680,Onfido,4598.24,USD,Closed,Central,uploaded,554,,,True,tax_invoice,1,default,False,116,MATCHED,6701,814,2026-07-30T09:12:22.630132
25673,Aircall,3370.6,USD,Closed,Central,uploaded,555,,,True,invoice,2,bill_to,False,31,MATCHED,6701,814,2026-07-30T09:12:30.452013
25658,AWS,166.51,SGD,Closed,Drive Lah,uploaded,556,,,True,tax_invoice,2,bill_to,False,355,MATCHED,,814,2026-07-30T09:12:48.029331
25657,AWS,9730.12,SGD,Closed,Drive lah,uploaded,557,,,True,tax_invoice,2,bill_to,False,355,MATCHED,,814,2026-07-30T09:13:06.010465
25656,AWS,191.19,SGD,Closed,Drive lah,uploaded,558,,,True,invoice,2,bill_to,False,355,MATCHED,,814,2026-07-30T09:13:25.507036
25655,AWS,7823.5,SGD,Closed,Drive Lah,uploaded,559,,,True,invoice,1,bill_to,True,42,MATCHED,6700,814,2026-07-30T09:13:42.876662
25654,AWS,168.18,SGD,Closed,Drive lah,uploaded,560,,,True,tax_invoice,2,bill_to,False,355,MATCHED,,814,2026-07-30T09:14:00.904726
25627,Rohde Smash Repairs,1100,AUD,Closed,Drive mate,uploaded,561,,,True,tax_invoice,3,bill_to,False,652,MATCHED,5032,814,2026-07-30T09:14:19.181848
25617,Tokio Marine,3270,SGD,Closed,Drive lah,not_invoice,562,,,False,letter,2,bill_to,False,144,MATCHED,,814,2026-07-30T09:14:38.900511
25616, Yarra Trams,1292.51,AUD,Closed,Drive mate,uploaded,563,,,,,3,platform,False,,QUARANTINE,,814,2026-07-30T09:14:57.540654
25576,ATO - ACE ,1842.61,AUD,Closed,Drive Mate,no_attachment,,,,,,,,,,,,814,2026-07-30T09:15:20.345616
25563,Abdul Saaqib,3000,AUD,Closed,Drive mate,not_invoice,564,,,False,spreadsheet_screenshot,3,platform,False,,QUARANTINE,,814,2026-07-30T09:15:20.345639
25548,SIVAPRAKASAM GOKULA KRISHNAN,840,SGD,Closed,Drive lah,uploaded,565,,,,,2,platform,False,,QUARANTINE,,814,2026-07-30T09:15:38.921624
25540,Pier Counsel ,4750,SGD,Closed,Drive lah,no_attachment,,,,,,,,,,,,814,2026-07-30T09:15:53.606167
25519,Fixed lah,500,SGD,Closed,Drive lah,uploaded,566,,,True,invoice,2,bill_to,False,,QUARANTINE,,814,2026-07-30T09:15:53.606329
25516,Fixed lah,610,SGD,Closed,Drive lah,uploaded,567,,,True,invoice,2,bill_to,False,,QUARANTINE,,814,2026-07-30T09:16:10.804994
25489,SMD Lawyers,275,AUD,Closed,Drive Mate,no_attachment,,,,,,,,,,,,814,2026-07-30T09:16:28.554593
25488,SMD Lawyers,385,AUD,Closed,Drive Mate,no_attachment,,,,,,,,,,,,814,2026-07-30T09:16:28.554632
25487,SMD Lawyers,1760,AUD,Closed,Drive mate,no_attachment,,,,,,,,,,,,814,2026-07-30T09:16:28.554655
25486,Ur Drive,2000,AUD,Closed,Drive Mate,no_attachment,,,,,,,,,,,,814,2026-07-30T09:16:28.554675
25485,Psc ,82274.34,AUD,Approved,Drive mate,no_attachment,,,,,,,,,,,,814,2026-07-30T09:16:28.554695
25410,Victorian Auto Services,295,AUD,Closed,Drive mate,error,,,HTTP Error 403: Forbidden,,,,,,,,,814,2026-07-30T09:16:28.554715
25406,Stephen Inner West Smash Repairs Pty Ltd,1595,AUD,Closed,Drive mate,error,,,HTTP Error 403: Forbidden,,,,,,,,,814,2026-07-30T09:16:29.019124
25404,Cycle and Carriage Pte Ltd,767.36,SGD,Approved,Drive lah,error,,,HTTP Error 403: Forbidden,,,,,,,,,814,2026-07-30T09:16:29.408633
25402,Humax,12084,USD,Closed,Drive mate,error,,,HTTP Error 403: Forbidden,,,,,,,,,814,2026-07-30T09:16:29.791795
25395,Other's - Mart,2000,AUD,Closed,Drive mate,error,,,HTTP Error 403: Forbidden,,,,,,,,,814,2026-07-30T09:16:30.218337
25369,Victorian Auto Services,350,AUD,Closed,Drive Mate,error,,,HTTP Error 403: Forbidden,,,,,,,,,814,2026-07-30T09:16:30.603369
25368,NTUC/Income,5000,SGD,Closed,Drive lah,error,,,HTTP Error 403: Forbidden,,,,,,,,,814,2026-07-30T09:16:30.984266
25360,RACQ Operations,145,AUD,Approval Required,Drive mate,error,,,HTTP Error 403: Forbidden,,,,,,,,,814,2026-07-30T09:16:31.369058
25359,PACK SEND Marrickville,426.14,AUD,Closed,Drive mate,error,,,HTTP Error 403: Forbidden,,,,,,,,,814,2026-07-30T09:16:31.758741
25358,Pack & Send Marrickville,465.54,AUD,Closed,Drive mate,error,,,HTTP Error 403: Forbidden,,,,,,,,,814,2026-07-30T09:16:32.137834
25357,PACK SEND Marrickville,1270.57,AUD,Closed,Drive mate,error,,,HTTP Error 403: Forbidden,,,,,,,,,814,2026-07-30T09:16:32.531563
25355,Rohde Smash Repairs,3000,AUD,Closed,Drive mate,error,,,HTTP Error 403: Forbidden,,,,,,,,,814,2026-07-30T09:16:32.917377
25349,Victorian Auto Services,240,AUD,Closed,Drive mate,error,,,HTTP Error 403: Forbidden,,,,,,,,,814,2026-07-30T09:16:33.298735
25347,Victorian Auto Services,220,AUD,Closed,Drive mate,error,,,HTTP Error 403: Forbidden,,,,,,,,,814,2026-07-30T09:16:33.691206
25346,Victorian auto Services,450,AUD,Closed,Drive mate,error,,,HTTP Error 403: Forbidden,,,,,,,,,814,2026-07-30T09:16:34.082914
25298,Thinxtra Solutions Pty Ltd,22180.1,AUD,Closed,Drive mate,error,,,HTTP Error 403: Forbidden,,,,,,,,,814,2026-07-30T09:16:34.482267
25273,Springfield Lakes Towing and Transport Trust,308,AUD,Auto-approved,Drive Mate,error,,,HTTP Error 403: Forbidden,,,,,,,,,814,2026-07-30T09:16:34.864864
25256,Abwin Leasing,1526,SGD,Closed,Drive lah,error,,,HTTP Error 403: Forbidden,,,,,,,,,814,2026-07-30T09:16:35.247054
25252,Bris Towing,220,AUD,Approval Required,Drive mate,error,,,HTTP Error 403: Forbidden,,,,,,,,,814,2026-07-30T09:16:35.629655
25238,Abdul Saaqib,3000,AUD,Closed,Drive mate,error,,,HTTP Error 403: Forbidden,,,,,,,,,814,2026-07-30T09:16:36.019809
25236,Focussed Assessing Pty Ltd,220,AUD,Closed,Drive mate,error,,,HTTP Error 403: Forbidden,,,,,,,,,814,2026-07-30T09:16:36.420766
25204,Stephen Inner West Smash Repairs Pty Ltd,1727.66,AUD,Closed,Drive mate,error,,,HTTP Error 403: Forbidden,,,,,,,,,814,2026-07-30T09:16:36.800669
25201,Cycle & Carriage Leasing Pte. Ltd.,2180,SGD,Closed,Drive lah,error,,,HTTP Error 403: Forbidden,,,,,,,,,814,2026-07-30T09:16:37.177485
25178,ACCORD AUTOCARE PTE LTD,2372.34,SGD,Closed,Drive lah,error,,,HTTP Error 403: Forbidden,,,,,,,,,814,2026-07-30T09:16:37.577697
25156,maricon,50,SGD,Closed,Central,error,,,HTTP Error 403: Forbidden,,,,,,,,,814,2026-07-30T09:16:37.957376
25146,Stephen Inner West Smash Repairs,450,AUD,Closed,Drive mate,error,,,HTTP Error 403: Forbidden,,,,,,,,,814,2026-07-30T09:16:38.348104
25142,ComfortDelGro Rent-A-Car Pte Ltd,512.3,SGD,Approved,Drive lah,error,,,HTTP Error 403: Forbidden,,,,,,,,,814,2026-07-30T09:16:38.728665
25112,Intercom,275.97,USD,Closed,Central,error,,,HTTP Error 403: Forbidden,,,,,,,,,814,2026-07-30T09:16:39.117823
25096,HDB,1440,SGD,Closed,Drive Lah,error,,,HTTP Error 403: Forbidden,,,,,,,,,814,2026-07-30T09:16:39.495896
25092,Focussed Assessing Pty Ltd,220,AUD,Closed,Drive mate,error,,,HTTP Error 403: Forbidden,,,,,,,,,814,2026-07-30T09:16:39.858928
24986,Focussed Loss Management,220,AUD,Closed,Drive mate,error,,,HTTP Error 403: Forbidden,,,,,,,,,814,2026-07-30T09:16:40.230280
24969,ComfortDelGro Rent-A-Car Pte Ltd,1335.25,SGD,Approved,Drive lah,error,,,HTTP Error 403: Forbidden,,,,,,,,,814,2026-07-30T09:16:40.616716
24962,IT Y NET EMPLOYMENT AGENCY PTE LTD,1500,SGD,Closed,Drive lah,error,,,HTTP Error 403: Forbidden,,,,,,,,,814,2026-07-30T09:16:40.988529
24960,Victorian Auto Services,450,AUD,Approval Required,Drive mate,error,,,HTTP Error 403: Forbidden,,,,,,,,,814,2026-07-30T09:16:41.369680
24959,Victorian auto Services,330,AUD,Closed,Drive Mate,error,,,HTTP Error 403: Forbidden,,,,,,,,,814,2026-07-30T09:16:41.755420
24948,ComfortDelGro Rent-A-Car Pte Ltd,190.75,SGD,Auto-approved,Drive Lah,error,,,HTTP Error 403: Forbidden,,,,,,,,,814,2026-07-30T09:16:42.138012
24924,Bris Towing ,165,AUD,Closed,Drive Mate,error,,,HTTP Error 403: Forbidden,,,,,,,,,814,2026-07-30T09:16:42.520515
24896,DHL,166.03,SGD,Closed,Central,no_attachment,,,,,,,,,,,,814,2026-07-30T09:16:42.885709
24895,Su,0,USD,Closed,Central,error,,,HTTP Error 403: Forbidden,,,,,,,,,814,2026-07-30T09:16:42.885735
24887,Rohde Smash Repairs,1430,AUD,Closed,Drive Mate,error,,,HTTP Error 403: Forbidden,,,,,,,,,814,2026-07-30T09:16:43.261673
24877,CHENG CHUAN MOTOR SERVICES,250,SGD,Closed,Drive lah,uploaded,568,,,True,tax_invoice,2,bill_to,False,55,MATCHED,5032,814,2026-07-30T09:16:43.638199
24864,Philcare HMO,4784.71,USD,Closed,Drive Lah,error,,,HTTP Error 403: Forbidden,,,,,,,,,814,2026-07-30T09:16:48.070236
24793,Melbourne Prestige Centre,5000,AUD,Closed,Drive mate,error,,,HTTP Error 403: Forbidden,,,,,,,,,814,2026-07-30T09:16:48.486440
24788,Rohde Smash Repairs,3000,AUD,Closed,Drive mate,error,,,HTTP Error 403: Forbidden,,,,,,,,,814,2026-07-30T09:16:48.872713
24781,Stephen Inner West Smash Repairs Pty Ltd,2090,AUD,Closed,Drive mate,error,,,HTTP Error 403: Forbidden,,,,,,,,,814,2026-07-30T09:16:49.262599
24747,Abdul Saaqib,3000,AUD,Closed,Drive mate,error,,,HTTP Error 403: Forbidden,,,,,,,,,814,2026-07-30T09:16:49.647760
24746,laptop,1238,USD,Closed,Central,error,,,HTTP Error 403: Forbidden,,,,,,,,,814,2026-07-30T09:16:50.032693
24741,Rohde Smash Repairs,1859,AUD,Closed,Drive mate,error,,,HTTP Error 403: Forbidden,,,,,,,,,814,2026-07-30T09:16:50.429407
24740,Bris Towing - Towing Specialist ,165,AUD,Closed,Drive Mate,error,,,HTTP Error 403: Forbidden,,,,,,,,,814,2026-07-30T09:16:50.817588
24738,Rohde Smash Repairs,3952.5,AUD,Closed,Drive mate,error,,,HTTP Error 403: Forbidden,,,,,,,,,814,2026-07-30T09:16:51.204932
24737,UR Drive,2000,AUD,Closed,Drive Mate,error,,,HTTP Error 403: Forbidden,,,,,,,,,814,2026-07-30T09:16:51.594540
24713,Nova Smash Repairs,9949.7,AUD,Approved,Drive mate,error,,,HTTP Error 403: Forbidden,,,,,,,,,814,2026-07-30T09:16:51.980903
24688,Fast Choice Towing,1180,AUD,Closed,Drive Mate,error,,,HTTP Error 403: Forbidden,,,,,,,,,814,2026-07-30T09:16:52.368960
24683,Focussed Assessing Pty Ltd,220,AUD,Closed,Drive mate,error,,,HTTP Error 403: Forbidden,,,,,,,,,814,2026-07-30T09:16:52.755827
24681,GT Insurance,3000,AUD,Closed,Drive Mate,error,,,HTTP Error 403: Forbidden,,,,,,,,,814,2026-07-30T09:16:53.146593
24625,SELECTE PTE LTD,300,SGD,Closed,Drive Lah,error,,,HTTP Error 403: Forbidden,,,,,,,,,814,2026-07-30T09:16:53.531137
24610,Aircall,2990.91,USD,Closed,Central,error,,,HTTP Error 403: Forbidden,,,,,,,,,814,2026-07-30T09:16:53.925008
24606,NORMAN CHAN,1023,AUD,Closed,Drive mate,error,,,HTTP Error 403: Forbidden,,,,,,,,,814,2026-07-30T09:16:54.308949
24598,NTUC,3823.23,SGD,Closed,Drive lah,error,,,HTTP Error 403: Forbidden,,,,,,,,,814,2026-07-30T09:16:54.695771
24581,Stephen Inner West Smash Repairs,175,AUD,Closed,Drive mate,error,,,HTTP Error 403: Forbidden,,,,,,,,,814,2026-07-30T09:16:55.082225
24579,Stephen Inner West Smash Repairs Pty Ltd,210,AUD,Closed,Drive mate,error,,,HTTP Error 403: Forbidden,,,,,,,,,814,2026-07-30T09:16:55.456980
24566,Stephen Inner West Smash Repairs,335.5,AUD,Closed,Drive Mate,error,,,HTTP Error 403: Forbidden,,,,,,,,,814,2026-07-30T09:16:55.845348
24560,Rohde Smash Repairs,1796.28,AUD,Closed,Drive mate,error,,,HTTP Error 403: Forbidden,,,,,,,,,814,2026-07-30T09:16:56.228509
24552,Kan Fook Sing Motor Workshop,109,SGD,Closed,Drive Lah,error,,,HTTP Error 403: Forbidden,,,,,,,,,814,2026-07-30T09:16:56.646767
24548,PACK SEND Marrickville,1005.07,AUD,Closed,Drive mate,error,,,HTTP Error 403: Forbidden,,,,,,,,,814,2026-07-30T09:16:57.041361
24546,PACK SEND Marrickville,7507.5,AUD,Closed,Drive mate,error,,,HTTP Error 403: Forbidden,,,,,,,,,814,2026-07-30T09:16:57.432675
24544,PACK SEND Marrickville,1194.68,AUD,Closed,Drive mate,error,,,HTTP Error 403: Forbidden,,,,,,,,,814,2026-07-30T09:16:57.831571
24542,SentriLock LLC,828,USD,Closed,Drive mate,error,,,HTTP Error 403: Forbidden,,,,,,,,,814,2026-07-30T09:16:58.219954
24541,Altimobility Corp.(113-86-10472),12084,USD,Closed,Drive mate,error,,,HTTP Error 403: Forbidden,,,,,,,,,814,2026-07-30T09:16:58.615614
24538,Stephen Inner West Smash Repairs Pty Ltd,1340,AUD,Closed,Drive mate,error,,,HTTP Error 403: Forbidden,,,,,,,,,814,2026-07-30T09:16:58.998909
24531,Focussed Assessing Pty Ltd,220,AUD,Closed,Drive mate,error,,,HTTP Error 403: Forbidden,,,,,,,,,814,2026-07-30T09:16:59.376114
24524,Stephen Inner West Smash Repairs Pty Ltd,3900,AUD,Closed,Drive mate,error,,,HTTP Error 403: Forbidden,,,,,,,,,814,2026-07-30T09:16:59.764977
24521,RACQ Operations,759.01,AUD,Approval Required,Drive mate,error,,,HTTP Error 403: Forbidden,,,,,,,,,814,2026-07-30T09:17:00.145380
24516,Thinxtra Solutions Pty Ltd,21564.35,AUD,Closed,Drive mate,error,,,HTTP Error 403: Forbidden,,,,,,,,,814,2026-07-30T09:17:00.535619
24515,Stephen Inner West Smash Repairs Pty Ltd,3432,AUD,Closed,Drive mate,error,,,HTTP Error 403: Forbidden,,,,,,,,,814,2026-07-30T09:17:00.908233
24497,ACE ,18907.83,AUD,Closed,Drive mate,error,,,HTTP Error 403: Forbidden,,,,,,,,,814,2026-07-30T09:17:01.299873
24495,Rohde Smash Repairs,693,AUD,Closed,Drive mate,error,,,HTTP Error 403: Forbidden,,,,,,,,,814,2026-07-30T09:17:01.690075
24492,Stephen Inner West Smash Repairs Pty Ltd,330,AUD,Closed,Drive mate,error,,,HTTP Error 403: Forbidden,,,,,,,,,814,2026-07-30T09:17:02.064685
24488, Stephen Inner West Smash Repairs,1200,AUD,Closed,Drive mate,error,,,HTTP Error 403: Forbidden,,,,,,,,,814,2026-07-30T09:17:02.469162
24486,Maricon,50,SGD,Closed,Central,error,,,HTTP Error 403: Forbidden,,,,,,,,,814,2026-07-30T09:17:02.840351
24449,Rohde Smash Repairs,1842.5,AUD,Closed,Drive mate,error,,,HTTP Error 403: Forbidden,,,,,,,,,814,2026-07-30T09:17:03.296646
24447,info@petershamprestige.com.au,175,AUD,Closed,Drive mate,error,,,HTTP Error 403: Forbidden,,,,,,,,,814,2026-07-30T09:17:03.691392
24436,Rohde Smash Repairs,577.5,AUD,Closed,Drive mate,error,,,HTTP Error 403: Forbidden,,,,,,,,,814,2026-07-30T09:17:04.076145
24410,ACE Administration Services Pty. Ltd,1210,AUD,Closed,Drive mate,error,,,HTTP Error 403: Forbidden,,,,,,,,,814,2026-07-30T09:17:04.470554
24407,Toorak Autobody pty ltd,2882,AUD,Approved,Drive mate,error,,,HTTP Error 403: Forbidden,,,,,,,,,814,2026-07-30T09:17:04.850326
24373,Abwin Leasing,1526,SGD,Closed,Drive lah,error,,,HTTP Error 403: Forbidden,,,,,,,,,814,2026-07-30T09:17:05.228448
24368,Stephen Inner West Smash Repairs Pty Ltd,462,AUD,Closed,Drive mate,error,,,HTTP Error 403: Forbidden,,,,,,,,,814,2026-07-30T09:17:05.603564
24342,Abdul Saaqib,2200,AUD,Closed,Drive mate,error,,,HTTP Error 403: Forbidden,,,,,,,,,814,2026-07-30T09:17:06.215700
24308,Norman Chan,814,AUD,Closed,Drive mate,error,,,HTTP Error 403: Forbidden,,,,,,,,,814,2026-07-30T09:17:06.597240
24302,Focussed Loss Management,165,AUD,Closed,Drive mate,error,,,HTTP Error 403: Forbidden,,,,,,,,,814,2026-07-30T09:17:07.207221
24295,ato - australia,1074.08,AUD,Closed,Drive mate,error,,,HTTP Error 403: Forbidden,,,,,,,,,814,2026-07-30T09:17:07.587909
24259,Abdul Saaqib,3000,AUD,Closed,Drive mate,error,,,HTTP Error 403: Forbidden,,,,,,,,,814,2026-07-30T09:17:07.966974
24257,Stephen Inner West Smash Repairs,175,AUD,Closed,Drive mate,uploaded,569,,,True,tax_invoice,3,bill_to,False,138,MATCHED,5032,814,2026-07-30T09:17:08.347966
24248,Towlah,340,SGD,Closed,Drive lah,error,,,HTTP Error 403: Forbidden,,,,,,,,,814,2026-07-30T09:17:15.564243
24247,Towlah,220,SGD,Closed,Drive lah,error,,,HTTP Error 403: Forbidden,,,,,,,,,814,2026-07-30T09:17:16.038549
24246,Towlah,250,SGD,Closed,Drive lah,error,,,HTTP Error 403: Forbidden,,,,,,,,,814,2026-07-30T09:17:16.419199
24242,Oakleigh Garage Service Centre,1106,AUD,Closed,Drive mate,error,,,HTTP Error 403: Forbidden,,,,,,,,,814,2026-07-30T09:17:17.046298
24240,Thinxtra Solutions Pty Ltd,21660.06,AUD,Closed,Drive mate,error,,,HTTP Error 403: Forbidden,,,,,,,,,814,2026-07-30T09:17:17.436002
24239,"SentriLock, LLC",951,USD,Closed,Drive mate,error,,,HTTP Error 403: Forbidden,,,,,,,,,814,2026-07-30T09:17:17.820145
24234,Smash Repair,250,AUD,Closed,Drive mate,error,,,HTTP Error 403: Forbidden,,,,,,,,,814,2026-07-30T09:17:18.213772
24213,Rohde Smash Repairs,1322.2,AUD,Closed,Drive mate,error,,,HTTP Error 403: Forbidden,,,,,,,,,814,2026-07-30T09:17:18.606478
24195,Nova Smash Repairs,6642.3,AUD,Auto-approved,Drive Mate,error,,,HTTP Error 403: Forbidden,,,,,,,,,814,2026-07-30T09:17:18.997851
24185,GT Insurance-Trust,2000,AUD,Closed,Drive mate,error,,,HTTP Error 403: Forbidden,,,,,,,,,814,2026-07-30T09:17:19.381437
24165,1st Class Towing Pty Ltd,440,AUD,Closed,Drive mate,error,,,HTTP Error 403: Forbidden,,,,,,,,,814,2026-07-30T09:17:19.963033
24159,HDB,1440,SGD,Closed,Drive Lah,not_invoice,570,,,False,spreadsheet_screenshot,2,platform,False,80,MATCHED,5060,814,2026-07-30T09:17:20.344198
24156,Fixed lah,1000,SGD,Closed,Drive lah,error,,,HTTP Error 403: Forbidden,,,,,,,,,814,2026-07-30T09:17:28.628652
24154,Stephen Inner West Smash Repairs Pty Ltd,198,AUD,Closed,Drive Mate,error,,,HTTP Error 403: Forbidden,,,,,,,,,814,2026-07-30T09:17:29.050790
24145,Stephen Inner West Smash Repairs Pty Ltd,4180,AUD,Closed,Drive mate,error,,,HTTP Error 403: Forbidden,,,,,,,,,814,2026-07-30T09:17:29.447245
24116,Focussed Assessing Pty Ltd,110,AUD,Closed,Drive mate,error,,,HTTP Error 403: Forbidden,,,,,,,,,814,2026-07-30T09:17:29.842685
24112,Stephen Inner West Smash Repairs Pty Ltd,787,AUD,Closed,Drive mate,error,,,HTTP Error 403: Forbidden,,,,,,,,,814,2026-07-30T09:17:30.235594
24110,PSC Connect,82274.34,SGD,Auto-approved,Drive Mate,no_attachment,,,,,,,,,,,,814,2026-07-30T09:17:30.616962
24097,GWS CHADSTONE PTY LTD,3000,AUD,Approved,Drive mate,error,,,HTTP Error 403: Forbidden,,,,,,,,,814,2026-07-30T09:17:30.616990
24045,INCOME INSURANCE LIMITED,2653.33,SGD,Closed,Drive lah,error,,,HTTP Error 403: Forbidden,,,,,,,,,814,2026-07-30T09:17:30.986508
24040,Rohde Smash Repairs,2789.6,AUD,Closed,Drive mate,error,,,HTTP Error 403: Forbidden,,,,,,,,,814,2026-07-30T09:17:31.367881
24032,Ridhi karan,25000,INR,Closed,Central,error,,,HTTP Error 403: Forbidden,,,,,,,,,814,2026-07-30T09:17:31.758343
24031,GT Insurance,5000,AUD,Closed,Drive mate,error,,,HTTP Error 403: Forbidden,,,,,,,,,814,2026-07-30T09:17:32.559234
24020,TowLah,80,SGD,Closed,Drive lah,no_attachment,,,,,,,,,,,,814,2026-07-30T09:17:32.947597
24013,Fixed Lah,650,SGD,Closed,Drive lah,error,,,HTTP Error 403: Forbidden,,,,,,,,,814,2026-07-30T09:17:32.947622
24005,Focussed Assessing Pty Ltd (ABN 92 143 234 066),165,AUD,Closed,Drive mate,error,,,HTTP Error 403: Forbidden,,,,,,,,,814,2026-07-30T09:17:33.329396
23976,Comfort del Gro,2725,SGD,Approved,Drive lah,error,,,HTTP Error 403: Forbidden,,,,,,,,,814,2026-07-30T09:17:33.717646
23969,The Hollard Insurance Company - Insuret Claims,5000,AUD,Closed,Drive mate,error,,,HTTP Error 403: Forbidden,,,,,,,,,814,2026-07-30T09:17:34.115450
23960,Focussed Assessing Pty Ltd (ABN 92 143 234 066),330,AUD,Closed,Drive mate,error,,,HTTP Error 403: Forbidden,,,,,,,,,814,2026-07-30T09:17:34.511471
23958,Ur Drive,2000,AUD,Closed,Drive Mate,no_attachment,,,,,,,,,,,,814,2026-07-30T09:17:34.884969
23938,NTUC,3519.42,SGD,Closed,Drive lah,error,,,HTTP Error 403: Forbidden,,,,,,,,,814,2026-07-30T09:17:34.884994
23937,NTUC,4325.29,SGD,Closed,Drive Lah,error,,,HTTP Error 403: Forbidden,,,,,,,,,814,2026-07-30T09:17:35.299892
23932,Test,5,SGD,Closed,Drive lah,not_invoice,571,,,False,other,2,platform,False,125,MATCHED,6500,814,2026-07-30T09:17:35.674832
23927,INCOME INSURANCE LIMITED,1803.5,SGD,Closed,Drive lah,no_attachment,,,,,,,,,,,,814,2026-07-30T09:17:54.619742
23904,CHENG CHUAN MOTOR SERVICES,600,SGD,Closed,Drive lah,no_attachment,,,,,,,,,,,,814,2026-07-30T09:17:54.619767
23895,Fin-Nor Holdings Limited,27500,AUD,Approval Required,Drive mate,no_attachment,,,,,,,,,,,,814,2026-07-30T09:17:54.619782
23871,ACE,1100,AUD,Closed,Drive mate,no_attachment,,,,,,,,,,,,814,2026-07-30T09:17:54.619798
23854,Abdul Saaqib,3000,AUD,Closed,Drive mate,error,,,unknown url type: 'bd06b41b-0ad4-44c8-a484-f43998442945',,,,,,,,,814,2026-07-30T09:17:54.619810
23850,Charles Teo Jia Ler,600,SGD,Closed,Drive lah,no_attachment,,,,,,,,,,,,814,2026-07-30T09:17:54.650894
23845,Fixed Lah,520,SGD,Closed,Drive Lah,error,,,unknown url type: 'e3103a98-730f-4b54-876f-8e72e46423b2',,,,,,,,,814,2026-07-30T09:17:54.650916
23808,Fixed Lah,3500,SGD,Closed,Drive Lah,error,,,unknown url type: '5816177f-e00e-415b-9cd5-46883a92438a',,,,,,,,,814,2026-07-30T09:17:54.650942
23798,Pier Counsel,4750,SGD,Closed,Central,error,,,unknown url type: '00d94c0e-30a8-4ce5-8f97-f56b5e139b71',,,,,,,,,814,2026-07-30T09:17:54.650960
23781,Focussed Assessing Pty Ltd,330,AUD,Closed,Drive mate,no_attachment,,,,,,,,,,,,814,2026-07-30T09:17:54.650976
23754,INSURET,82384.34,AUD,Closed,Drive mate,error,,,unknown url type: '5f170615-05f2-4fad-addd-a9ee87e9a5f6',,,,,,,,,814,2026-07-30T09:17:54.650989
23748,Bris Towing ,187,AUD,Closed,Drive Mate,error,,,unknown url type: '6874c502-ad99-47b2-a9d3-ea76ee639213',,,,,,,,,814,2026-07-30T09:17:54.651005
23725,Abwin Leasing,1526,SGD,Closed,Drive lah,error,,,unknown url type: '0bb23906-c6c0-410e-a3e6-5f50c3cefd2c',,,,,,,,,814,2026-07-30T09:17:54.651019
23704,Inland Revenue Authority of Singapore,2783.88,SGD,Closed,Drive lah,error,,,unknown url type: 'be0bdb78-7166-4700-8d1f-dcf251135950',,,,,,,,,814,2026-07-30T09:17:54.651033
23672,Tokio Marine,4360,SGD,Closed,Drive lah,error,,,unknown url type: '55f0359d-3e1e-4103-b219-d9eaefbe41f3',,,,,,,,,814,2026-07-30T09:17:54.651048
23662,Towlah SG Recovery,60,SGD,Closed,Drive lah,no_attachment,,,,,,,,,,,,814,2026-07-30T09:17:54.651062
23607,Altimobility Corp,12084,USD,Closed,Drive mate,error,,,unknown url type: '248d9dcb-5ec2-46f6-bd37-eb91284e7f57',,,,,,,,,814,2026-07-30T09:17:54.651074
23606,Altimobility Corp,12084,USD,Closed,Drive mate,error,,,unknown url type: 'd10ffcc1-5e9d-4ece-9ee2-86f886e6fbe9',,,,,,,,,814,2026-07-30T09:17:54.651096
23564,Maricon,50,SGD,Closed,Central,no_attachment,,,,,,,,,,,,814,2026-07-30T09:17:54.651110
23558,Kore Wireless,350.06,USD,Closed,Central,error,,,unknown url type: '56acb476-278e-43b8-a028-03aa1c37e2ae',,,,,,,,,814,2026-07-30T09:17:54.651122
23529,Stephen Inner West Smash Repairs Pty Ltd,5327.56,AUD,Closed,Drive mate,error,,,unknown url type: '1e961574-ff6e-42ba-9e1e-84d907288615',,,,,,,,,814,2026-07-30T09:17:54.651136
23527,Australian Taxation Office,19628.96,AUD,Closed,Drive mate,error,,,unknown url type: 'c20f3d71-8071-4b50-b71e-5be76598f9dd',,,,,,,,,814,2026-07-30T09:17:54.651150
23525,RACQ Operations,4137.05,AUD,Approved,Drive mate,error,,,unknown url type: '69a42cfe-fd2c-4fae-8db3-027420d1f4d7',,,,,,,,,814,2026-07-30T09:17:54.651164
23524,RACQ,37782,AUD,Approved,Drive mate,error,,,unknown url type: '24e46f6f-83bd-4662-8d43-b67c09dd9cad',,,,,,,,,814,2026-07-30T09:17:54.651178
23512,PACK SEND Marrickville,7507.5,AUD,Closed,Drive mate,error,,,unknown url type: '0b95be72-bb6c-4762-9065-893a81570a42',,,,,,,,,814,2026-07-30T09:17:54.651191
23510,PACK SEND Marrickville,3922.04,AUD,Closed,Drive mate,error,,,unknown url type: '44b636dd-d665-4a39-a940-85aa177dc238',,,,,,,,,814,2026-07-30T09:17:54.651205
23498,Focussed Loss Management,165,AUD,Closed,Drive Mate,error,,,unknown url type: '41f93f39-b140-48e7-9542-9eb2e9aaad54',,,,,,,,,814,2026-07-30T09:17:54.651219
23488,Top Dents ,2200,AUD,Closed,Drive mate,no_attachment,,,,,,,,,,,,814,2026-07-30T09:17:54.651232
23486,Rohde Smash Repairs,770.88,AUD,Closed,Drive mate,error,,,unknown url type: '5fc8fb45-2410-4054-b7c9-00b7b87d9cc2',,,,,,,,,814,2026-07-30T09:17:54.651243
23467,SEMITS SMASH REPAIRS PTY LTD,4601.3,AUD,Closed,Drive mate,error,,,unknown url type: 'c7a1d6d5-bf7b-48dc-a9ba-31b43b881509',,,,,,,,,814,2026-07-30T09:17:54.651257
23427,Fixed Lah,1255,SGD,Closed,Drive Lah,error,,,unknown url type: '2016f035-a8cd-482d-afcc-f45f741634bd',,,,,,,,,814,2026-07-30T09:17:54.651271
23391,NORMAN CHAN,924,AUD,Closed,Drive Mate,error,,,unknown url type: '31d1619e-c5fe-4e74-8436-ec149aada374',,,,,,,,,814,2026-07-30T09:17:54.651284
23375,Fixed lah,689,SGD,Closed,Drive lah,error,,,unknown url type: 'e776b7fb-ebe5-4a8d-8a85-0dbfe6a0d645',,,,,,,,,814,2026-07-30T09:17:54.651297
23370,PSC Connect,9611,AUD,Auto-approved,Drive Mate,error,,,unknown url type: 'c006586a-edff-4af5-87d0-523ba51d7af7',,,,,,,,,814,2026-07-30T09:17:54.651311
23369,PSC Connect,82374.34,AUD,Closed,Drive Mate,error,,,unknown url type: '3b554d70-7300-40fd-b4c2-4bb72cb561be',,,,,,,,,814,2026-07-30T09:17:54.651324
23360,PACK SEND Marrickville,7507.5,AUD,Closed,Drive mate,error,,,unknown url type: '72975e9d-11c1-4265-983e-bc6040471d51',,,,,,,,,814,2026-07-30T09:17:54.651338
23359,PACK SEND Marrickville,2324.5,AUD,Closed,Drive mate,error,,,unknown url type: '13ecb02e-1a30-4b55-a726-2d420100f89b',,,,,,,,,814,2026-07-30T09:17:54.651351
23358,PACK SEND Marrickville,2091.87,AUD,Closed,Drive mate,error,,,unknown url type: 'b143edce-a2a8-4905-816d-b3888e2a1604',,,,,,,,,814,2026-07-30T09:17:54.651365
23356,Top Dents,3080,AUD,Closed,Drive mate,error,,,unknown url type: '14021f19-31c9-4a38-8cb0-146bd0bfc9a5',,,,,,,,,814,2026-07-30T09:17:54.651378
23331,Abdul Saaqib,3000,AUD,Closed,Drive mate,error,,,unknown url type: '6bf37806-2f9a-4ed0-9479-0ae109c59c4b',,,,,,,,,814,2026-07-30T09:17:54.651392
23330,Towlah,180,SGD,Closed,Drive lah,error,,,unknown url type: 'f943a77e-b5f2-456e-a4cf-be100e0b5956',,,,,,,,,814,2026-07-30T09:17:54.651405
23322,Focussed Assessing Pty Ltd,220,AUD,Closed,Drive mate,error,,,unknown url type: '03c500b9-78be-4d2f-824a-721091c22dc2',,,,,,,,,814,2026-07-30T09:17:54.651418
23321,ROHDE SMASH REPAIRS,1539.52,AUD,Closed,Drive mate,error,,,unknown url type: '2c426c81-c9f1-4fdc-a2fc-b27baa54768b',,,,,,,,,814,2026-07-30T09:17:54.651431
23320,Harvey's Towing,1178.8,AUD,Closed,Drive mate,error,,,unknown url type: '8418126d-722b-42be-aed8-abe31dbf5232',,,,,,,,,814,2026-07-30T09:17:54.651445
23318,HARVEYS TOWING QLD PTY LTD,778.5,AUD,Closed,Drive Mate,error,,,unknown url type: '819c9673-c0dd-42f2-96f5-ad980e473dea',,,,,,,,,814,2026-07-30T09:17:54.651458
23312, Nova Smash Repairs,2295.15,AUD,Approved,Drive mate,error,,,unknown url type: '50ce7d53-c906-4a31-b7bb-bf707e40c821',,,,,,,,,814,2026-07-30T09:17:54.651472
23303,Vehicle Heroes Panel Paint,6762.11,AUD,Closed,Drive mate,no_attachment,,,,,,,,,,,,814,2026-07-30T09:17:54.651485
23252,AWS,164.74,SGD,Closed,Central,error,,,unknown url type: '37a0d7a5-6160-450b-8a34-2723a1bb59f1',,,,,,,,,814,2026-07-30T09:17:54.651497
23251,AWS,6842.77,SGD,Closed,Central,error,,,unknown url type: 'eae3b1cc-0650-4993-99b8-c5476c089e35',,,,,,,,,814,2026-07-30T09:17:54.651510
23247,CHENG CHUAN MOTOR SERVICES,880,SGD,Closed,Drive lah,error,,,unknown url type: 'e23870a0-bd8c-4a60-8b41-20088348e340',,,,,,,,,814,2026-07-30T09:17:54.651524
23233,J&D Quality Smash Repairs,5052.47,AUD,Closed,Drive Mate,error,,,unknown url type: '36b9fee2-3f32-45cc-a43a-ad2d132b4281',,,,,,,,,814,2026-07-30T09:17:54.651537
23230,AWS,86.64,SGD,Closed,Central,error,,,unknown url type: 'cfc8a355-96b2-4353-b415-f39cf6c6b68d',,,,,,,,,814,2026-07-30T09:17:54.651551
23226,Venture Haven,109,SGD,Closed,Drive lah,error,,,unknown url type: 'e710e49e-2ffe-403f-969e-50431e09ff66',,,,,,,,,814,2026-07-30T09:17:54.651567
23204,HDB,2010,SGD,Closed,Drive lah,error,,,unknown url type: 'bc536a32-bdd2-421a-8613-f116ff880256',,,,,,,,,814,2026-07-30T09:17:54.651581
23197,CHENG CHUAN MOTOR SERVICES,500,SGD,Closed,Drive lah,error,,,unknown url type: 'dc64d07d-8a21-424f-aaf3-287bfbebe637',,,,,,,,,814,2026-07-30T09:17:54.651595
23196,CHENG CHUAN MOTOR  SERVICES,200,SGD,Closed,Drive lah,error,,,unknown url type: '577dd543-d6cf-4ef8-bb37-9f85ba0a264e',,,,,,,,,814,2026-07-30T09:17:54.651621
23189,SHARPS AUSTRALIA PTY LTD,567.86,AUD,Closed,Drive mate,error,,,unknown url type: 'e5c334cc-b273-49e1-bc61-a8b07154299d',,,,,,,,,814,2026-07-30T09:17:54.651634
23153,Focussed Assessing Pty Ltd,165,AUD,Closed,Drive mate,no_attachment,,,,,,,,,,,,814,2026-07-30T09:17:54.651647
23099,Focus Assesing ,165,AUD,Closed,Drive mate,error,,,unknown url type: '6ec2d1d0-958c-4b8e-b581-d6a55c61c792',,,,,,,,,814,2026-07-30T09:17:54.651657
23086,Illion,2059.2,AUD,Closed,Drive mate,error,,,unknown url type: '2cb5dbb1-f612-47a5-a224-4ed1a92ac2d8',,,,,,,,,814,2026-07-30T09:17:54.651670
23083,NTUC,3696.34,SGD,Closed,Drive lah,error,,,unknown url type: 'eea220e5-bbd6-450d-b435-9fd8c8cbe0fb',,,,,,,,,814,2026-07-30T09:17:54.651682
23082,NTUC,3354.67,SGD,Closed,Drive lah,error,,,unknown url type: 'bfd1af57-5b9e-4655-bc3c-b5cc21a2eb6f',,,,,,,,,814,2026-07-30T09:17:54.651694
23066,The Hollard Insurance Company - Insuret Claims Account,309.1,AUD,Closed,Drive mate,no_attachment,,,,,,,,,,,,814,2026-07-30T09:17:54.651707
23064,Fixed lah,1250,SGD,Closed,Drive lah,no_attachment,,,,,,,,,,,,814,2026-07-30T09:17:54.651717
23037,Stephen Inner West Smash Repairs Pty Ltd,330,AUD,Closed,Drive mate,error,,,unknown url type: '50f46219-74fa-4b2e-836c-a3954549259f',,,,,,,,,814,2026-07-30T09:17:54.651727
23026,INCOME INSURANCE LIMITED,476.18,SGD,Closed,Drive lah,error,,,unknown url type: 'ba06e8c9-cac7-4121-9255-a8a41515675c',,,,,,,,,814,2026-07-30T09:17:54.651740
22996,Stephen Inner West Smash Repairs Pty Ltd,5000,AUD,Closed,Drive mate,error,,,unknown url type: 'd9da5b47-cfd1-4473-9e7e-119c532e541b',,,,,,,,,814,2026-07-30T09:17:54.651752
22968,Ur Drive,2000,AUD,Closed,Drive Mate,error,,,unknown url type: '99c0e609-3f7a-42bb-92db-c35b1636538b',,,,,,,,,814,2026-07-30T09:17:54.651765
22967,Thinxtra Solutions Pty Ltd,21439.87,AUD,Closed,Drive mate,error,,,unknown url type: '2fd46b5b-f782-4b46-b2b4-b8a9b2748a87',,,,,,,,,814,2026-07-30T09:17:54.651777
22966,SentriLock LLC,957,USD,Closed,Drive Mate,error,,,unknown url type: '7c2b406a-1f7e-431b-b1ae-663998037e11',,,,,,,,,814,2026-07-30T09:17:54.651789
22965,RACQ Operations,6228.24,AUD,Closed,Drive mate,error,,,unknown url type: '16757e8b-af34-4f93-b748-2e5499954dd3',,,,,,,,,814,2026-07-30T09:17:54.651801
22947,Top Dents,3500,AUD,Closed,Drive Mate,error,,,unknown url type: '42e1dd67-429b-44fc-839b-be7a792d60b0',,,,,,,,,814,2026-07-30T09:17:54.651814
22913,General Insurance Association of Singapore,39.24,SGD,Closed,Drive lah,error,,,unknown url type: '14c3a9ee-ca1d-4136-a33f-d66c5fa10bf1',,,,,,,,,814,2026-07-30T09:17:54.651826
22824,Mobile Tyre Legends,600,AUD,Closed,Drive mate,error,,,unknown url type: 'c563b64a-b0b9-457c-afd6-04068d1e67f2',,,,,,,,,814,2026-07-30T09:17:54.651844
22786,Focussed Assessing,220,AUD,Closed,Drive mate,error,,,unknown url type: 'c3574f0e-53e3-40ae-a5b1-4804201bd77a',,,,,,,,,814,2026-07-30T09:17:54.651856
22772,Abdul Saaqib,3000,AUD,Closed,Drive Mate,error,,,unknown url type: '41c738d4-9ae0-4aa3-985a-c7549ce4ead7',,,,,,,,,814,2026-07-30T09:17:54.651868
22760,2020 Spray Painting Pte Ltd,2350,SGD,Closed,Drive Lah,error,,,unknown url type: 'a413fe76-23fd-474e-be99-8ae0e9a572e9',,,,,,,,,814,2026-07-30T09:17:54.651880
22741,Illion,2316.6,AUD,Closed,Drive mate,error,,,unknown url type: '96f3ebed-da43-4e7a-869f-39924db499fe',,,,,,,,,814,2026-07-30T09:17:54.651892
22725,Anytime Towing Company,473,AUD,Closed,Drive mate,error,,,unknown url type: '84fe3279-546f-4f93-82ff-16d3483fe2e4',,,,,,,,,814,2026-07-30T09:17:54.651905
22696,Rohde Smash Repairs,1182.5,AUD,Closed,Drive mate,error,,,unknown url type: 'a738eb61-c1b6-46b7-911f-16ef06ea2b6e',,,,,,,,,814,2026-07-30T09:17:54.651926
22674,AWS,164.74,SGD,Closed,Drive lah,error,,,unknown url type: '0614cebf-cea5-4269-9406-0338008bcc21',,,,,,,,,814,2026-07-30T09:17:54.651939
22673,Melbourne Prestige Centre,5000,AUD,Closed,Drive mate,error,,,unknown url type: '6d930db2-ee5a-4271-9c97-a39f032fc252',,,,,,,,,814,2026-07-30T09:17:54.651953
22665,Focussed Assessing,165,AUD,Closed,Drive mate,error,,,unknown url type: '3685d110-eeae-47fe-abd6-e5bd7ef8c0f6',,,,,,,,,814,2026-07-30T09:17:54.651966
22625,VALUE CARE,1517,USD,Closed,Central,error,,,unknown url type: 'b0c1221d-a0d5-4929-be46-4a06b33a0dfc',,,,,,,,,814,2026-07-30T09:17:54.651978
22606,Bris Towing,660,AUD,Auto-approved,Drive Mate,error,,,unknown url type: 'f41d27dc-aef1-4f2b-940c-7b955d27249b',,,,,,,,,814,2026-07-30T09:17:54.651990
22595,SHARPS AUSTRALIA PTY LTD,427.35,AUD,Closed,Drive mate,error,,,unknown url type: 'daf02026-9f2b-4f0f-aa06-2a14102a2104',,,,,,,,,814,2026-07-30T09:17:54.652002
22573,Fixed lah,500,SGD,Closed,Drive lah,error,,,unknown url type: '223b22b0-3e92-4479-8795-5b7f61e304ee',,,,,,,,,814,2026-07-30T09:17:54.652014
22567,ONFIDO,4748.6,USD,Closed,Central,error,,,unknown url type: '9d19c7e6-1129-42b4-a4c4-46506c0d76e6',,,,,,,,,814,2026-07-30T09:17:54.652026
22562,KORE WIRELESS,350.7,USD,Closed,Central,error,,,unknown url type: '7fa50416-fe11-4671-9e86-37a54efeca1a',,,,,,,,,814,2026-07-30T09:17:54.652038
22531,AIRCALL,2988.08,USD,Closed,Central,error,,,unknown url type: '1bb53a03-28e3-49b3-92d0-c51f2b6b5ae7',,,,,,,,,814,2026-07-30T09:17:54.652051
22527,Intercom,854.19,USD,Closed,Central,error,,,unknown url type: '87cc9faa-c3fd-4602-8e2b-05182db0a6ed',,,,,,,,,814,2026-07-30T09:17:54.652063
22524,Tokio Marine,12688.15,SGD,Closed,Drive lah,error,,,unknown url type: '044d843e-d5e3-4457-8c46-ce2b29d4396c',,,,,,,,,814,2026-07-30T09:17:54.652075
22523,Tokio Marine,10898.91,SGD,Closed,Drive lah,error,,,unknown url type: '35b37cd5-3638-4e60-b660-4d3cf517b3b0',,,,,,,,,814,2026-07-30T09:17:54.652088
22522,Tokio Marine,10902.18,SGD,Closed,Drive lah,error,,,unknown url type: 'a9032b3c-637e-4010-9eaf-d6246f21fa10',,,,,,,,,814,2026-07-30T09:17:54.652100
22521,Tokio Marine,21057.71,SGD,Closed,Drive lah,error,,,unknown url type: 'e19ff8ff-ff83-4af1-80a3-25afca7758ea',,,,,,,,,814,2026-07-30T09:17:54.652113
22519,Tokio Marine,15857.87,SGD,Closed,Drive lah,error,,,unknown url type: '7e6a8c76-b672-4b58-83b9-84d0434a144b',,,,,,,,,814,2026-07-30T09:17:54.652125
22518,Tokio Marine,20931.82,SGD,Closed,Drive Lah,error,,,unknown url type: 'a9ce87e2-1544-4acd-a90c-5fd7ca84d942',,,,,,,,,814,2026-07-30T09:17:54.652137
22516,Tokio Marine,13787.96,SGD,Closed,Drive lah,error,,,unknown url type: 'ce8f3572-3c9b-4b28-8d78-33987e5159ff',,,,,,,,,814,2026-07-30T09:17:54.652150
22515,Tokio Marine,15808.82,SGD,Closed,Drive lah,error,,,unknown url type: '79b15903-b1cb-42ea-a5f4-80ff61b23f8f',,,,,,,,,814,2026-07-30T09:17:54.652163
22514,Tokio Marine,19050.48,SGD,Closed,Drive lah,error,,,unknown url type: '41bc0324-7a72-4cd0-9485-18c1e7cddba3',,,,,,,,,814,2026-07-30T09:17:54.652175
22512,Tokio Marine,16031.8,SGD,Closed,Drive lah,error,,,unknown url type: '34c7abce-37da-4a79-8102-e1f2d995a9ff',,,,,,,,,814,2026-07-30T09:17:54.652188
22481,Fixed Lah,705,SGD,Closed,Drive lah,error,,,unknown url type: 'edae0f16-6f37-4655-a3cd-ca24d43d637a',,,,,,,,,814,2026-07-30T09:17:54.652200
22467,GT Insurance,2000,AUD,Closed,Drive mate,error,,,unknown url type: 'fbaaa743-c2b6-489d-8075-92dedd95b7b7',,,,,,,,,814,2026-07-30T09:17:54.652212
22464,Fixed Lah,3750,SGD,Closed,Drive lah,error,,,unknown url type: 'c7e98c56-4fc5-40b4-a2ce-1f892c747bfb',,,,,,,,,814,2026-07-30T09:17:54.652224
22461,Abwin Leasing,1526,SGD,Closed,Drive lah,error,,,unknown url type: 'b9e3a2ca-3dc2-4516-87c2-ea77654e443e',,,,,,,,,814,2026-07-30T09:17:54.652236
22441,NORMAN CHAN,924,AUD,Closed,Drive mate,error,,,unknown url type: '290f7e83-dba6-4b77-b6da-c796873419c7',,,,,,,,,814,2026-07-30T09:17:54.652248
22438,Stephen Inner West Smash Repairs,2200,AUD,Closed,Drive mate,error,,,unknown url type: 'b8a650c3-9c5b-44c5-88ea-c728b833aeb5',,,,,,,,,814,2026-07-30T09:17:54.652261
22433,Stephen Inner West Smash Repairs Pty Ltd,1843.6,AUD,Closed,Drive Mate,error,,,unknown url type: '6fbed9d1-2344-4627-b48e-acb8dd33bc44',,,,,,,,,814,2026-07-30T09:17:54.652273
22430,Stephen Inner West Smash Repairs,3575,AUD,Closed,Drive mate,error,,,unknown url type: '7f7bdc89-4c6b-4655-b141-ef4526cb0a02',,,,,,,,,814,2026-07-30T09:17:54.652286
22408,Towlah,40,SGD,Closed,Drive lah,error,,,unknown url type: 'b4dc4524-b925-49fb-a5fe-cda77ff4f13c',,,,,,,,,814,2026-07-30T09:17:54.652299
22395, Stephen Inner West Smash Repairs,825,AUD,Closed,Drive mate,error,,,unknown url type: '1f7663d0-63aa-473d-b1bf-ef3a7b517729',,,,,,,,,814,2026-07-30T09:17:54.652311
22377,Vin's Motor Pte Ltd,2016.5,SGD,Closed,Drive Lah,error,,,unknown url type: 'b484d4fe-70fe-49e8-b8da-a6d6846701c6',,,,,,,,,814,2026-07-30T09:17:54.652323
22375,Intercom,19143.52,USD,Closed,Central,error,,,unknown url type: '4d1710fb-95e4-4534-83f1-a30532c20235',,,,,,,,,814,2026-07-30T09:17:54.652339
22369,AWS,183.54,SGD,Closed,Central,error,,,unknown url type: '0c0b3c98-a1d6-4956-ba49-204347a054e0',,,,,,,,,814,2026-07-30T09:17:54.652351
22366,Insuret Pty Ltd,82272.63,AUD,Closed,Drive mate,error,,,unknown url type: '7c9d6fd4-81c8-4bfc-bae9-6adc5e0c1f03',,,,,,,,,814,2026-07-30T09:17:54.652363
22365,Insuret Pty Ltd,82272.63,AUD,Closed,Drive mate,error,,,unknown url type: '3d15d11f-3d2a-43bd-864f-fb6e99ca2e94',,,,,,,,,814,2026-07-30T09:17:54.652376
22364,Insuret Pty Ltd,82274.32,AUD,Closed,Drive mate,error,,,unknown url type: '820fe4bf-5d70-49b7-972a-1967a53f8f94',,,,,,,,,814,2026-07-30T09:17:54.652388
22360,SHARPS AUSTRALIA PTY LTD,661.39,AUD,Closed,Drive mate,error,,,unknown url type: 'b7bb66f8-14a4-42d8-b890-08d228ee620f',,,,,,,,,814,2026-07-30T09:17:54.652401
22272,HDB,2250,SGD,Closed,Drive lah,error,,,unknown url type: '490d9e58-ce0a-4ffb-ab9b-fb0c786d3ec3',,,,,,,,,814,2026-07-30T09:17:54.652413
22261,Towlah,50,SGD,Closed,Drive lah,error,,,unknown url type: '1b38b09a-1f1b-48ee-87b1-5ca3fb6fdff2',,,,,,,,,814,2026-07-30T09:17:54.652425
22213,Insuret,505.46,AUD,Closed,Drive Mate,error,,,unknown url type: 'bdb249da-99f9-4429-b30d-cf8f155fec59',,,,,,,,,814,2026-07-30T09:17:54.652437
22200,ACE Administration Services Pty Ltd,1100,AUD,Closed,Drive mate,error,,,unknown url type: 'c5468eb3-7fa1-4245-8d23-d07d94038aa2',,,,,,,,,814,2026-07-30T09:17:54.652450
22199,ACE Administration Services Pty Ltd,907.5,AUD,Closed,Drive mate,error,,,unknown url type: 'aaa7359c-ada6-4b3e-a440-9b7dbc7cce58',,,,,,,,,814,2026-07-30T09:17:54.652462
22198,ACE Administration Services Pty Ltd,1760,AUD,Closed,Drive mate,error,,,unknown url type: 'd832413d-9d22-4a67-89b3-deb3e51dc02f',,,,,,,,,814,2026-07-30T09:17:54.652474
22195,MELBOURNE PRESTIGE CENTRE,1200,AUD,Closed,Drive Mate,no_attachment,,,,,,,,,,,,814,2026-07-30T09:17:54.652486
22194,MELBOURNE PRESTIGE CENTRE,1200,AUD,Closed,Drive Mate,no_attachment,,,,,,,,,,,,814,2026-07-30T09:17:54.652497
22193,MELBOURNE PRESTIGE CENTRE,2200,AUD,Closed,Drive Mate,error,,,unknown url type: 'f8ab99d4-2d2f-42eb-a4c6-9f69f0549e83',,,,,,,,,814,2026-07-30T09:17:54.652507
22183,NTUC,3354.67,SGD,Closed,Drive Lah,error,,,unknown url type: '93efb050-55fc-44d1-a18e-0b186f5b2cef',,,,,,,,,814,2026-07-30T09:17:54.652519
22182,NTUC,5154.36,SGD,Closed,Drive Lah,error,,,unknown url type: '3d3883cf-1445-4247-b36d-8ee9ada85217',,,,,,,,,814,2026-07-30T09:17:54.652531
22181,NTUC,3696.34,SGD,Closed,Drive Lah,error,,,unknown url type: 'f4cb1d72-0b9c-421c-9700-63477de13a2e',,,,,,,,,814,2026-07-30T09:17:54.652544
22138,NSD Corp Pte Ltd,1800,SGD,Closed,Drive lah,error,,,unknown url type: 'f091798e-0c67-48d5-8426-10f5623a5b3d',,,,,,,,,814,2026-07-30T09:17:54.652556
22137,VentureHaven Pte Ltd,3657,SGD,Closed,Drive lah,error,,,unknown url type: 'cf83cc93-57aa-4231-a414-80891dd03582',,,,,,,,,814,2026-07-30T09:17:54.652568
22135,ELITE CAR VENTURES PTE LTD,1308,SGD,Approved,Drive lah,error,,,unknown url type: 'e0f51ec4-7f73-43fc-a072-266034b81827',,,,,,,,,814,2026-07-30T09:17:54.652580
22132,GT Insurance,5000,AUD,Closed,Drive mate,error,,,unknown url type: 'c1607eff-1bd1-490a-9ee6-e11b62189117',,,,,,,,,814,2026-07-30T09:17:54.652592
22131,Keydup Locksmiths,1350,AUD,Closed,Drive Mate,error,,,unknown url type: '04acae9d-27e1-418a-95a1-327af7f20cba',,,,,,,,,814,2026-07-30T09:17:54.652605
22128,Abdul Saaqib,2046.32,AUD,Closed,Drive mate,error,,,unknown url type: '56451b91-8944-47d2-904a-238e3c61e5a9',,,,,,,,,814,2026-07-30T09:17:54.652616
22119,ICONIC Auto,1650,AUD,Approved,Drive mate,error,,,unknown url type: 'b35c77b3-f4c5-4227-be07-38580118003c',,,,,,,,,814,2026-07-30T09:17:54.652629
22087,Inland Revenue Authority of Singapore,2783.88,SGD,Closed,Drive lah,error,,,unknown url type: '4ab07018-0dc9-4cc0-a123-c343126ddb9a',,,,,,,,,814,2026-07-30T09:17:54.652641
22085,Ur Drive,2000,AUD,Closed,Drive Mate,error,,,unknown url type: 'c28451dc-ab5e-47ec-b76d-fd2290d02da9',,,,,,,,,814,2026-07-30T09:17:54.652653
22076,Towlah,70,SGD,Closed,Drive lah,no_attachment,,,,,,,,,,,,814,2026-07-30T09:17:54.652666
22067,Fixed Lah,540,SGD,Closed,Drive lah,error,,,unknown url type: '4bb8911e-81e0-4c58-9f49-566a8011d84d',,,,,,,,,814,2026-07-30T09:17:54.652676
22058,NORMAN CHAN,1133,AUD,Closed,Drive Mate,error,,,unknown url type: '659f5386-42a9-4aec-8b25-ed499fad3796',,,,,,,,,814,2026-07-30T09:17:54.652687
22052,Fixed Lah,800,SGD,Closed,Drive lah,error,,,unknown url type: 'd208d99d-0dbb-4f35-83f0-9a834ef4f5e2',,,,,,,,,814,2026-07-30T09:17:54.652700
22034,- Focussed Assessing Pty Ltd,220,AUD,Closed,Drive mate,error,,,unknown url type: 'fb728217-0ed4-490c-b1f7-c9cd30dea283',,,,,,,,,814,2026-07-30T09:17:54.652712
22026,Car Solutions Motor Vehicle Consultants,605,AUD,Closed,Drive mate,error,,,unknown url type: '46a18edf-9295-406b-8484-379783e300da',,,,,,,,,814,2026-07-30T09:17:54.652728
22016,Aircall,2733,SGD,Closed,Central,error,,,unknown url type: '7663ff35-15dd-4b34-810b-48001d13df0a',,,,,,,,,814,2026-07-30T09:17:54.652741
22015,Venture Haven (VH),2022,SGD,Closed,Drive Lah,error,,,unknown url type: 'e48927d8-c124-43f1-920d-0876bc3e611c',,,,,,,,,814,2026-07-30T09:17:54.652753
22002,Rohde Smash Repairs,2101,AUD,Closed,Drive mate,error,,,unknown url type: '52f2495c-b403-4422-b849-861378fe94d0',,,,,,,,,814,2026-07-30T09:17:54.652765
21996,Rohde Smash Repairs ,880,AUD,Closed,Drive mate,error,,,unknown url type: '9ccf8885-dfa2-438b-9c58-78589d9a9476',,,,,,,,,814,2026-07-30T09:17:54.652777
21993,CAR SOLUTIONS MOTOR VEHICLE CONSULTANTS ,605,AUD,Closed,Drive mate,no_attachment,,,,,,,,,,,,814,2026-07-30T09:17:54.652789
21962,Rohde Smash Repairs,2304.31,AUD,Closed,Drive mate,error,,,unknown url type: '66f9a966-5a67-4039-bd71-e5e3592e03d8',,,,,,,,,814,2026-07-30T09:17:54.652799
21953,ABWIN LEASING PTE LTD,1526,SGD,Closed,Drive lah,error,,,unknown url type: '04ef8599-e499-4be8-afb3-8b8e3effc3a8',,,,,,,,,814,2026-07-30T09:17:54.652811
21932,Gupshup,51.05,USD,Approved,Central,error,,,unknown url type: '423ac9cd-8e0a-4511-9c68-e5f87d2d7e5d',,,,,,,,,814,2026-07-30T09:17:54.652824
21931,Gupshup ,54.95,USD,Approved,Central,error,,,unknown url type: '804f3aa6-f143-4f1c-9b4e-f85409e6427f',,,,,,,,,814,2026-07-30T09:17:54.652836
21930,Gupshup ,53.9,USD,Approved,Central,error,,,unknown url type: '9a94c7d6-1020-4048-91cc-838ee65b0b2d',,,,,,,,,814,2026-07-30T09:17:54.652848
21928,MoEngage,2284,USD,Approval Required,Central,error,,,unknown url type: '5cd8e4ac-9414-45c5-8f1e-4f0262b85c65',,,,,,,,,814,2026-07-30T09:17:54.652860
21927,MoEngage,2284,USD,Approval Required,Central,error,,,unknown url type: 'e99d0692-8304-4fd6-b402-87d4717386e2',,,,,,,,,814,2026-07-30T09:17:54.652873
21925,AWS,172.95,SGD,Closed,Drive lah,error,,,unknown url type: 'a227dd33-92ad-415f-8462-424ab0df76cd',,,,,,,,,814,2026-07-30T09:17:54.652885
21924,AWS,5683.58,SGD,Closed,Drive lah,error,,,unknown url type: 'c0dc61af-ca66-456f-a78a-853e092be29a',,,,,,,,,814,2026-07-30T09:17:54.652897
21923,AWS,173.15,SGD,Closed,Drive lah,error,,,unknown url type: '811317c1-7cf0-4097-974d-9e94e5c5ec9d',,,,,,,,,814,2026-07-30T09:17:54.652909
21922,AWS,5451.07,SGD,Closed,Drive lah,error,,,unknown url type: 'd0e522b7-34b3-40eb-b05b-85978eab327b',,,,,,,,,814,2026-07-30T09:17:54.652922
21921,AWS,225.63,SGD,Closed,Drive lah,error,,,unknown url type: '530b5659-2410-4cea-9904-b6a714314723',,,,,,,,,814,2026-07-30T09:17:54.652934
21920,AWS,5887.69,SGD,Closed,Drive lah,error,,,unknown url type: '30f979e7-aced-4182-bd08-02b45c96a231',,,,,,,,,814,2026-07-30T09:17:54.652946
21918,Digital matter,885.5,AUD,Approved,Drive mate,error,,,unknown url type: 'b90b9b69-2ca5-4e9d-9a70-7e1ebed78b92',,,,,,,,,814,2026-07-30T09:17:54.652959
21916,Digital matter,900.9,AUD,Approved,Drive mate,error,,,unknown url type: '14b226cb-e71a-4a9f-99cb-96e72a1187ef',,,,,,,,,814,2026-07-30T09:17:54.652971
21913,Digital Matter,885.5,AUD,Approved,Drive mate,error,,,unknown url type: 'e8ed8bd6-b2c9-48ed-868c-c5e595b4b70a',,,,,,,,,814,2026-07-30T09:17:54.652983
21911,Illion,4086.23,AUD,Closed,Central,error,,,unknown url type: '48f2b458-c932-4768-a992-9f2b3c1b4bf7',,,,,,,,,814,2026-07-30T09:17:54.652996
21910,Illion,2059.2,AUD,Closed,Central,error,,,unknown url type: '49bbcabb-b777-4e00-94b8-3b17c9031640',,,,,,,,,814,2026-07-30T09:17:54.653008
21909,Illion,3521.38,AUD,Closed,Central,error,,,unknown url type: '9f999bf6-c068-4943-8c54-342fb51f5d84',,,,,,,,,814,2026-07-30T09:17:54.653020
21908,Intercom,823.7,USD,Closed,Central,error,,,unknown url type: 'c3a1e6ce-0ff5-4b9f-a13e-600f39821c18',,,,,,,,,814,2026-07-30T09:17:54.653032
21906,Intercom,644.82,USD,Closed,Central,error,,,unknown url type: 'c370c047-9a42-43a4-a90b-426d0ddc5d45',,,,,,,,,814,2026-07-30T09:17:54.653044
21905,Intercom,18308.82,USD,Closed,Central,error,,,unknown url type: 'f400fc1f-cb4e-413f-b5d5-400829127406',,,,,,,,,814,2026-07-30T09:17:54.653059
21904,Aircall,3028.8,USD,Closed,Central,error,,,unknown url type: '933ac837-5fb2-46d8-95e7-b84d6d60b536',,,,,,,,,814,2026-07-30T09:17:54.653071
21903,Onfido,4538.6,USD,Closed,Central,error,,,unknown url type: '2e600c6f-48a9-497b-905e-7fecbd8ff675',,,,,,,,,814,2026-07-30T09:17:54.653084
21901,Onfido,4679.25,USD,Closed,Central,error,,,unknown url type: '9f8ed765-aabe-4303-a66f-22a63b818c5a',,,,,,,,,814,2026-07-30T09:17:54.653096
21900,Onfido,5149.8,USD,Closed,Central,error,,,unknown url type: '91fbde4f-0ab1-48f3-b98e-d0b3cab272e1',,,,,,,,,814,2026-07-30T09:17:54.653109
21894,Onfido,5439.74,USD,Closed,Central,error,,,unknown url type: '853ea2a6-dafe-4a0a-976e-f3ae9677f07f',,,,,,,,,814,2026-07-30T09:17:54.653121
21892,GT Insurance,3000,AUD,Closed,Drive mate,error,,,unknown url type: 'fe76a582-b795-4334-97f0-bf3dc80ba689',,,,,,,,,814,2026-07-30T09:17:54.653133
21849,Fixed Lah,2420,SGD,Closed,Drive lah,error,,,unknown url type: 'edc8623e-935e-4f60-8ad5-a1390376e8fb',,,,,,,,,814,2026-07-30T09:17:54.653145
21837,Insuret Pty Ltd,5000,AUD,Closed,Drive mate,error,,,unknown url type: '2ecf3a55-ba84-4b6f-a21f-cbfe63f79d21',,,,,,,,,814,2026-07-30T09:17:54.653157
21833,Rohde Smash Repairs,1100,AUD,Closed,Drive mate,error,,,unknown url type: '3153652c-ab39-49f7-8174-33fa11f5ec64',,,,,,,,,814,2026-07-30T09:17:54.653169
21825,Rohde Smash Repairs,1630.84,AUD,Closed,Drive mate,error,,,unknown url type: '5890639a-6be3-4e8a-ab69-dc2d9d28c764',,,,,,,,,814,2026-07-30T09:17:54.653184
21783,SHARPS AUSTRALIA PTY LTD,510.18,AUD,Closed,Drive mate,no_attachment,,,,,,,,,,,,814,2026-07-30T09:17:54.653197
21731,CDC Fleet Pty Ltd,26451.2,AUD,Closed,Drive mate,error,,,unknown url type: '14634c7a-da7a-4674-8e94-a6b92fc12217',,,,,,,,,814,2026-07-30T09:17:54.653207
21730,CDC Fleet Pty Ltd,25454.4,AUD,Closed,Drive mate,error,,,unknown url type: '1c51143a-3aa6-4932-8d36-49ead311e701',,,,,,,,,814,2026-07-30T09:17:54.653220
21729,CDC Fleet Pty Ltd,25072,AUD,Closed,Drive mate,error,,,unknown url type: 'e91d03f1-e762-4df7-bd88-d200830cbc8d',,,,,,,,,814,2026-07-30T09:17:54.653232
21728,CDC Fleet Pty Ltd,26417,AUD,Closed,Drive mate,error,,,unknown url type: '91dbb6a4-1923-4572-a31f-172ce487242a',,,,,,,,,814,2026-07-30T09:17:54.653244
21726,CDC Fleet Pty Ltd,48834.86,AUD,Closed,Drive mate,error,,,unknown url type: 'ca719423-b258-4256-aacf-a00ee0813140',,,,,,,,,814,2026-07-30T09:17:54.653256
21724,CDC Fleet Pty Ltd,48153.91,AUD,Closed,Drive mate,error,,,unknown url type: '216a8c17-3e07-4c99-b23a-7d6691f25d1a',,,,,,,,,814,2026-07-30T09:17:54.653269
21723,CDC Fleet Pty Ltd,47789.6,AUD,Closed,Drive mate,error,,,unknown url type: 'da422be0-4894-4dfd-b6fb-a3188efd9bff',,,,,,,,,814,2026-07-30T09:17:54.653281
21722,CDC Fleet Pty Ltd,48075.2,AUD,Closed,Drive mate,error,,,unknown url type: '651f5852-89b0-4d00-92c6-9e2fb944fe6a',,,,,,,,,814,2026-07-30T09:17:54.653294
21720,Focussed Assessing,220,AUD,Closed,Drive mate,error,,,unknown url type: 'b78e5969-87c7-4502-95ca-30a3d9f9fd2e',,,,,,,,,814,2026-07-30T09:17:54.653306
21719,CDC Fleet Pty Ltd,42823.2,AUD,Closed,Drive mate,error,,,unknown url type: '48e77abf-454a-40e8-8a3b-318bce44b8df',,,,,,,,,814,2026-07-30T09:17:54.653318
21718,CDC Fleet Pty Ltd,42192,AUD,Closed,Drive mate,error,,,unknown url type: '2684f879-2bfb-43b8-8eda-17a05810d4dd',,,,,,,,,814,2026-07-30T09:17:54.653330
21717,CDC Fleet Pty Ltd,42033.6,AUD,Closed,Drive Mate,error,,,unknown url type: '7be1ac8b-7000-4b25-8691-e6e92b5859af',,,,,,,,,814,2026-07-30T09:17:54.653342
21709,GT Insurance,2000,AUD,Closed,Drive mate,error,,,unknown url type: '57ded640-5125-4c54-8c7a-0adad40dc45b',,,,,,,,,814,2026-07-30T09:17:54.653354
21705,SELECTE PTE LTD,300,SGD,Closed,Drive lah,error,,,unknown url type: '770c9c05-a578-4d2a-87a9-2b2baa5b5481',,,,,,,,,814,2026-07-30T09:17:54.653366
21697,Focussed Loss Managent,330,AUD,Closed,Drive mate,error,,,unknown url type: '6f91a807-b74b-4957-935f-674537633c3c',,,,,,,,,814,2026-07-30T09:17:54.653378
21685,Fixed lah,300,SGD,Closed,Drive lah,error,,,unknown url type: 'ad2fd94d-7fa2-473e-98c1-9fdf402b7f41',,,,,,,,,814,2026-07-30T09:17:54.653391
21603,Focussed Assessing Pty Ltd,165,AUD,Closed,Drive mate,error,,,unknown url type: '9d139ea1-18f3-4236-a792-7e168d78ce90',,,,,,,,,814,2026-07-30T09:17:54.653404
21601,Towlah,810,SGD,Closed,Drive lah,error,,,unknown url type: '69aae445-f70c-4f69-b102-242e56dfaa96',,,,,,,,,814,2026-07-30T09:17:54.653417
21600,Towlah,280,SGD,Closed,Drive lah,error,,,unknown url type: '3c370cd3-ddf1-4e70-ba6b-3389564e7542',,,,,,,,,814,2026-07-30T09:17:54.653429
21574,"SentriLock, LLC",1023,USD,Closed,Drive Mate,error,,,unknown url type: '58de1283-2c05-45ce-928b-5c6749299d38',,,,,,,,,814,2026-07-30T09:17:54.653440
21573,RACQ Operations,1258,AUD,Closed,Drive mate,error,,,unknown url type: '375186f9-aa70-49eb-b6c8-34c4ec4ca3bc',,,,,,,,,814,2026-07-30T09:17:54.653452
21572,PACK SEND Marrickville,7507.5,AUD,Closed,Drive mate,error,,,unknown url type: '3d884509-c23d-4344-b001-0570bec02599',,,,,,,,,814,2026-07-30T09:17:54.653465
21571,Pack Send Marrickville,425.37,AUD,Closed,Drive mate,error,,,unknown url type: '5f564a52-304b-403c-bbaa-a8886c01a487',,,,,,,,,814,2026-07-30T09:17:54.653477
21570,PACK SEND Marrickville,556.42,AUD,Closed,Drive mate,error,,,unknown url type: '9576bb7b-874d-42db-8fba-2c0d71b97252',,,,,,,,,814,2026-07-30T09:17:54.653489
21569,Humax,13292.4,USD,Closed,Drive Mate,error,,,unknown url type: '7e28c8b0-b633-49c4-a963-a7edabadb084',,,,,,,,,814,2026-07-30T09:17:54.653501
21566,Fixed Lah`,400,SGD,Closed,Drive lah,error,,,unknown url type: '3ac63eae-140b-42f1-9e0f-e8502198c6b3',,,,,,,,,814,2026-07-30T09:17:54.653514
21563,MELBOURNE PRESTIGE CENTRE,5000,AUD,Closed,Drive mate,error,,,unknown url type: 'deee902e-5c91-4a87-ab82-3959ac489f60',,,,,,,,,814,2026-07-30T09:17:54.653526
21560,Focussed Loss Management,220,AUD,Closed,Drive mate,error,,,unknown url type: 'b08e00af-b961-4214-938f-86b22164cc55',,,,,,,,,814,2026-07-30T09:17:54.653541
21538,Goh Chee Cheng,500,SGD,Closed,Drive lah,error,,,unknown url type: '26e4be19-a5ba-4258-8707-5939ff065733',,,,,,,,,814,2026-07-30T09:17:54.653556
21439,Tpy Car Key Specialist Car Key Depot Pte Ltd,650,SGD,Closed,Drive Lah,error,,,unknown url type: 'bc4b0b04-badb-4410-867c-3279e4754175',,,,,,,,,814,2026-07-30T09:17:54.653568
21427,Fixed Lah,6158,SGD,Closed,Drive lah,error,,,unknown url type: '563b10cc-2d1a-4cbb-aeb8-3d47b0fde555',,,,,,,,,814,2026-07-30T09:17:54.653580
21401,Focussed Loss Management,165,AUD,Closed,Drive mate,error,,,unknown url type: '73fc325a-a69b-40cc-810a-f811d4527aee',,,,,,,,,814,2026-07-30T09:17:54.653592
21398,Towlah,280,SGD,Closed,Drive Lah,no_attachment,,,,,,,,,,,,814,2026-07-30T09:17:54.653604
21381,Melbourne Prestige Centre,5000,AUD,Closed,Drive mate,error,,,unknown url type: '11b64cd2-4b48-4ce6-bd0c-1d9ab9a2659d',,,,,,,,,814,2026-07-30T09:17:54.653615
21369,Fixed lah,4300,SGD,Closed,Drive lah,error,,,unknown url type: 'ff9fac80-6ab2-4c52-868a-a390c8c8e87c',,,,,,,,,814,2026-07-30T09:17:54.653630
21331,Ur Drive,2000,AUD,Closed,Drive Mate,error,,,unknown url type: '2ade088e-d0ef-4f93-8927-3cf3f61a5550',,,,,,,,,814,2026-07-30T09:17:54.653645
21324,Abdul Saaqib,7000,AUD,Closed,Drive Mate,error,,,unknown url type: '05d69050-3278-4920-aa08-dc55c8446963',,,,,,,,,814,2026-07-30T09:17:54.653660
21315,DL ops fund,150,SGD,Closed,Drive lah,error,,,unknown url type: 'b6debe97-a782-47b9-af18-a40d952c7c37',,,,,,,,,814,2026-07-30T09:17:54.653674
21251,Stephen Inner West Smash Repairs Pty Ltd,440,AUD,Closed,Drive mate,error,,,unknown url type: '75431fa1-d240-429e-b148-ead95d8809a9',,,,,,,,,814,2026-07-30T09:17:54.653688
21245,Stephen Inner West Smash Repairs Pty Ltd,2750,AUD,Closed,Drive mate,no_attachment,,,,,,,,,,,,814,2026-07-30T09:17:54.653700
21230,J&D Quality Smash Repairs,1916.98,AUD,Closed,Drive mate,error,,,unknown url type: '558dab59-2dc3-4d0a-bafc-04adeb00e35c',,,,,,,,,814,2026-07-30T09:17:54.653711
21219,Jim's Car Detailing,284,AUD,Approved,Drive mate,error,,,unknown url type: '858f8cdc-9b3d-488b-b604-0b11b83745d1',,,,,,,,,814,2026-07-30T09:17:54.653724
21209,SHEENGROUP TOWING PTY LTD,280,AUD,Approved,Drive mate,error,,,unknown url type: 'c482819e-d385-4035-8822-6965b20728c6',,,,,,,,,814,2026-07-30T09:17:54.653737
21204,Tokio Marine,3270,SGD,Closed,Drive lah,no_attachment,,,,,,,,,,,,814,2026-07-30T09:17:54.653753
21203,MOVA Automotive Pte Ltd,3270,SGD,Closed,Drive Lah,error,,,unknown url type: 'd8bffc43-2431-4cab-a4f8-60ae1c693847',,,,,,,,,814,2026-07-30T09:17:54.653764
21149,GT Insurance,100,AUD,Closed,Drive mate,no_attachment,,,,,,,,,,,,814,2026-07-30T09:17:54.653776
21133,Harveys Towing Service,1560.8,AUD,Closed,Drive mate,error,,,unknown url type: '8b71a4ef-ae6c-481c-af93-ea3a7e7431f0',,,,,,,,,814,2026-07-30T09:17:54.653790
21107,Top Dents,2000,AUD,Closed,Drive mate,error,,,unknown url type: '7370960e-71c7-4d67-af8b-ed807b5a52f4',,,,,,,,,814,2026-07-30T09:17:54.653805
21087,Nova Smash Repairs,5000,AUD,Closed,Drive mate,error,,,unknown url type: '900f8b1c-d6ce-4062-93f6-8feb2991938a',,,,,,,,,814,2026-07-30T09:17:54.653820
21028,GT Insurance,650,AUD,Closed,Drive mate,error,,,unknown url type: 'ed3bae8d-1187-4bdc-b053-2c7b1cd4e710',,,,,,,,,814,2026-07-30T09:17:54.653832
20998,Focussed Loss Management,220,AUD,Closed,Drive mate,error,,,unknown url type: 'a0afa064-0b0b-47e9-ac5a-f12fcfdfc727',,,,,,,,,814,2026-07-30T09:17:54.653848
20960,Top Dents,1655,AUD,Closed,Drive mate,error,,,unknown url type: 'cb814164-6e09-4459-92c9-074ceb92b71d',,,,,,,,,814,2026-07-30T09:17:54.653861
20947,URA,40,SGD,Closed,Drive lah,error,,,unknown url type: 'af076f6d-db70-4b0e-83dc-98666031f1ef',,,,,,,,,814,2026-07-30T09:17:54.653873
20937,Rohde Smash Repairs,1773.15,AUD,Closed,Drive Mate,error,,,unknown url type: 'ee59d303-b691-44d9-8b6b-ee2358c86231',,,,,,,,,814,2026-07-30T09:17:54.653887
20935,Focussed Loss Management,220,AUD,Closed,Drive mate,error,,,unknown url type: 'c0c1ffb7-120a-4d4e-80e5-3ea487960b28',,,,,,,,,814,2026-07-30T09:17:54.653900
20929,Rohde Smash Repairs,1815,AUD,Closed,Drive mate,error,,,unknown url type: 'acf8be40-2958-40a6-81c2-7f606e452210',,,,,,,,,814,2026-07-30T09:17:54.653912
20926,Rohde Smash Repair,2021.25,AUD,Closed,Drive mate,error,,,unknown url type: '0c3ef466-09d3-45ba-9921-a2517ec9a259',,,,,,,,,814,2026-07-30T09:17:54.653926
20908, J & D Quality Smash Repairs ,3355.85,AUD,Closed,Drive Mate,no_attachment,,,,,,,,,,,,814,2026-07-30T09:17:54.653938
20897,Vin's Motor Pte Ltd,3270,SGD,Closed,Drive lah,no_attachment,,,,,,,,,,,,814,2026-07-30T09:17:54.653948
20867,Thinxtra Solutions Pty Ltd,21613.29,AUD,Closed,Drive mate,error,,,unknown url type: '58bc4f13-a51b-4cfa-8c82-852d23f30cb2',,,,,,,,,814,2026-07-30T09:17:54.653959
20866,Sentrilock,1053,USD,Closed,Drive mate,error,,,unknown url type: '85848e24-fd91-4317-8d2b-704d2967e0ea',,,,,,,,,814,2026-07-30T09:17:54.653975
20865,Pack Send Marrickville,7507.5,AUD,Closed,Drive mate,error,,,unknown url type: '26db0cc8-058f-4f3b-88c1-d081d54c5845',,,,,,,,,814,2026-07-30T09:17:54.653990
20864,RACQ,3572.99,AUD,Closed,Drive mate,error,,,unknown url type: 'd56184c9-ab6a-4610-915d-51d058d29413',,,,,,,,,814,2026-07-30T09:17:54.654004
20862,Humax Australia Pty Ltd,13292.4,USD,Closed,Drive mate,error,,,unknown url type: '00f7847f-3d0e-44f1-ad23-559824020f0e',,,,,,,,,814,2026-07-30T09:17:54.654016
20861,Abdul Saaqib,3000,AUD,Closed,Drive mate,error,,,unknown url type: 'bc7c67d2-8c3d-4b88-ba16-e4aabb56ab71',,,,,,,,,814,2026-07-30T09:17:54.654028
20855,HDB,3240,SGD,Closed,Drive Lah,error,,,unknown url type: '4178b9c7-ff1d-4263-bfce-11c81496f21a',,,,,,,,,814,2026-07-30T09:17:54.654040
20851,Focussed Loss Management,165,AUD,Closed,Drive mate,error,,,unknown url type: 'f2d0077c-dae9-4e0f-8c3a-79382fdfee2d',,,,,,,,,814,2026-07-30T09:17:54.654052
20791,Towlah,100,SGD,Closed,Drive lah,error,,,unknown url type: '8162bec4-f820-4c5c-8faa-f312b8f71334',,,,,,,,,814,2026-07-30T09:17:54.654064
20788,GT Insurance-Trust,3000,AUD,Closed,Drive mate,error,,,unknown url type: '5e5b86fd-3d65-4547-a802-821c5a9f0d8d',,,,,,,,,814,2026-07-30T09:17:54.654076
20787,VENTURE HAVEN,20,SGD,Closed,Drive lah,error,,,unknown url type: 'e7a89fcc-6aad-4fef-8e82-ff404ba29aff',,,,,,,,,814,2026-07-30T09:17:54.654088
20772,Collision Towing & Recovery ServicesPTY LTD.,3619,AUD,Closed,Drive mate,error,,,unknown url type: 'fc455266-6224-4837-8703-92275aa83b43',,,,,,,,,814,2026-07-30T09:17:54.654099
20768,Top Dents ,2800,AUD,Closed,Drive mate,no_attachment,,,,,,,,,,,,814,2026-07-30T09:17:54.654112
20734,Rohde Smash Repairs,1155,AUD,Closed,Drive mate,error,,,unknown url type: '1455b7e6-4c50-466b-8878-bb58001a7a80',,,,,,,,,814,2026-07-30T09:17:54.654122
20728,Nova Smash Repairs ,4438.04,AUD,Approved,Drive mate,error,,,unknown url type: 'ff9128c3-ab5a-49a8-a050-fa3bf84cd0af',,,,,,,,,814,2026-07-30T09:17:54.654134
20709,SHARPS AUSTRALIA ,371.79,AUD,Closed,Drive mate,error,,,unknown url type: 'bd884021-80f4-405e-addd-b2880cb91cb7',,,,,,,,,814,2026-07-30T09:17:54.654146
20706,ABWIN LEASING PTE LTD,1526,SGD,Closed,Drive lah,error,,,unknown url type: 'a5bffd68-560b-485c-b215-500788ceb4ec',,,,,,,,,814,2026-07-30T09:17:54.654158
20700,Elite Car Ventures Pte. Ltd.,163.5,SGD,Approved,Drive lah,error,,,unknown url type: '07dc216c-59b2-4347-96cc-aa6d3a265841',,,,,,,,,814,2026-07-30T09:17:54.654171
20695,Abdul Ground Ops ,1655.4,AUD,Closed,Drive mate,error,,,unknown url type: 'bb0d2f6f-de7b-482c-b3f3-549b684715de',,,,,,,,,814,2026-07-30T09:17:54.654183
20694,PSC Connect,82274.32,AUD,Closed,Drive Mate,error,,,unknown url type: '184120c4-02de-4c26-bd46-35d45716487a',,,,,,,,,814,2026-07-30T09:17:54.654195
20666,Focussed Loss Management,165,AUD,Closed,Drive mate,error,,,unknown url type: '44feb9d3-75eb-43c5-9c93-109077c81b28',,,,,,,,,814,2026-07-30T09:17:54.654207
20621,GT Insurance,300,AUD,Closed,Drive mate,error,,,unknown url type: 'ebb25f8f-7c79-47e1-8c42-efd764c431b3',,,,,,,,,814,2026-07-30T09:17:54.654219
20554,ACT Colliision Management ,5000,AUD,Closed,Drive mate,error,,,unknown url type: '47f07685-4411-4578-843a-87a789e30ffe',,,,,,,,,814,2026-07-30T09:17:54.654231
20459,M&J LOGISTICS QLD PTY LTD,99,AUD,Closed,Drive mate,error,,,unknown url type: 'cecade89-4327-437f-9c1e-ab6a08ebc4a7',,,,,,,,,814,2026-07-30T09:17:54.654243
20438,GT Insurance ,300,USD,Closed,Drive mate,error,,,unknown url type: 'f3e17c8e-72c6-4c44-8c50-b060440454a3',,,,,,,,,814,2026-07-30T09:17:54.654255
20433,Incrementors,1362,SGD,Closed,Central,error,,,unknown url type: '82c92316-8ea5-469e-a9fa-f261676eb8ba',,,,,,,,,814,2026-07-30T09:17:54.654267
20395,GT Insurance,300,AUD,Closed,Drive mate,error,,,unknown url type: 'cf8198bf-c83b-4921-8b0f-134650f2fe75',,,,,,,,,814,2026-07-30T09:17:54.654279
20394,GT Insurance ,5000,AUD,Closed,Drive mate,error,,,unknown url type: '393bdd78-952c-423c-9f82-9aabc542a13b',,,,,,,,,814,2026-07-30T09:17:54.654291
20390,AIRCALL,2773,SGD,Closed,Central,error,,,unknown url type: '52e7b4c7-da78-4acf-aeed-3e42e03acfba',,,,,,,,,814,2026-07-30T09:17:54.654303
20389,AIRCALL,3012,USD,Closed,Central,error,,,unknown url type: '0a426a68-fe8c-46fa-9982-ae221bf30c61',,,,,,,,,814,2026-07-30T09:17:54.654315
20388,AIRCALL,3236.52,USD,Closed,Central,error,,,unknown url type: '596d3a51-1438-4da0-ab06-df987c8fabe4',,,,,,,,,814,2026-07-30T09:17:54.654327
20386,COLLISION TOWING & RECOVERY SERVICES PTY LTD,1308.2,AUD,Closed,Drive mate,error,,,unknown url type: '7ea3af7b-4513-4db9-9c32-367b46f5a960',,,,,,,,,814,2026-07-30T09:17:54.654339
20384,Ur Drive,2750,AUD,Closed,Drive Mate,no_attachment,,,,,,,,,,,,814,2026-07-30T09:17:54.654351
20380,Operations Expenses,150,SGD,Closed,Drive lah,error,,,unknown url type: '460f48ce-a922-4691-b5c8-14e818f245f3',,,,,,,,,814,2026-07-30T09:17:54.654361
20373,Pack Send Marrickville,838.49,AUD,Closed,Drive mate,error,,,unknown url type: '961ac757-6b24-4a4b-a3b9-0087216d9026',,,,,,,,,814,2026-07-30T09:17:54.654373
20372,PACK SEND Marrickville,946.16,AUD,Closed,Drive mate,error,,,unknown url type: '0dd1567f-9d00-46cd-932e-7bb634d2cddb',,,,,,,,,814,2026-07-30T09:17:54.654386
20371,Thinxtra Solutions Pty Ltd,20279.03,AUD,Closed,Drive mate,error,,,unknown url type: 'd8381451-31c7-4406-84fd-634b76c6d32e',,,,,,,,,814,2026-07-30T09:17:54.654400
20353,Ridhi Karan,40000,INR,Closed,Central,error,,,unknown url type: '65829b5b-4aef-4bcb-9fc7-3e3e82c60c8c',,,,,,,,,814,2026-07-30T09:17:54.654412
20311,ROHDE SMASH REPAIRS,4840,AUD,Closed,Drive mate,error,,,unknown url type: 'a356260c-5658-4cfc-b9bd-90ef3a9a6bbd',,,,,,,,,814,2026-07-30T09:17:54.654424
20303,Focussed Loss Management,330,AUD,Closed,Drive mate,error,,,unknown url type: '139f6451-df80-4118-bb5a-b54108d38784',,,,,,,,,814,2026-07-30T09:17:54.654436
20254,GT Insurance,5000,AUD,Closed,Drive mate,error,,,unknown url type: '103768af-c251-4154-b9d7-5771671ff96d',,,,,,,,,814,2026-07-30T09:17:54.654448
20231,GT Insurance-Trust,3000,AUD,Closed,Drive mate,error,,,unknown url type: '36c154a0-ea90-4e1a-8f7b-47e99f842147',,,,,,,,,814,2026-07-30T09:17:54.654460
20221,Anytime Towing,1890,AUD,Closed,Drive Mate,error,,,unknown url type: '730d11d5-7332-4136-a487-e3deae15f054',,,,,,,,,814,2026-07-30T09:17:54.654472
20213,SHANMUGAN S/O KASEE,1000,SGD,Closed,Drive lah,error,,,unknown url type: '2323ff93-7bef-4c04-882d-01cfc985e7ae',,,,,,,,,814,2026-07-30T09:17:54.654484
20188,HDB,2910,SGD,Closed,Drive lah,error,,,unknown url type: '819a9e6c-03a0-425f-8b7d-3cb2f94f2399',,,,,,,,,814,2026-07-30T09:17:54.654496
20184,J&D Quality Smash Repairs,5000,AUD,Closed,Drive mate,error,,,unknown url type: 'd1f17dbb-945f-41ce-a31f-d053d8c727e3',,,,,,,,,814,2026-07-30T09:17:54.654513
20182,Sentrilock LLC,1506,USD,Closed,Drive mate,error,,,unknown url type: '89f9c8a8-c08c-4924-8fb3-99c415d10eeb',,,,,,,,,814,2026-07-30T09:17:54.654527
20166,GT Insurance,300,AUD,Closed,Drive mate,error,,,unknown url type: '9d572c35-5995-4637-98b6-fc46ee5aafbf',,,,,,,,,814,2026-07-30T09:17:54.654539
20160,GT Insurance,2700,AUD,Closed,Drive mate,error,,,unknown url type: '8ededf3f-3360-4a27-9e30-b7fcb278db0f',,,,,,,,,814,2026-07-30T09:17:54.654550
20157,Local Towing,0,AUD,Closed,Drive Mate,error,,,unknown url type: 'b2b19f8e-c49f-4bcf-ac52-3d17bde2952f',,,,,,,,,814,2026-07-30T09:17:54.654562
20145,Towlah SG Recovery,60,SGD,Closed,Drive lah,error,,,unknown url type: 'b8142113-ac99-489b-a7a6-cc2f9993bf4a',,,,,,,,,814,2026-07-30T09:17:54.654574
20107,Melbourne Prestige Centre,2750,AUD,Closed,Drive mate,error,,,unknown url type: 'eb3b222d-70c3-4be4-8ce7-a837b3885fd3',,,,,,,,,814,2026-07-30T09:17:54.654586
20099,SELECTE PTE LTD,300,SGD,Closed,Drive lah,error,,,unknown url type: '0ee6cfe1-20ae-4e14-94b5-65da74ff01c2',,,,,,,,,814,2026-07-30T09:17:54.654598
20095,J&D Quality Smash Repairs,4408.57,AUD,Closed,Drive mate,error,,,unknown url type: 'e833dd03-d518-4e85-a6f4-2a86e9b51810',,,,,,,,,814,2026-07-30T09:17:54.654610
20090,GT Insurance-Trust,2000,AUD,Closed,Drive Mate,error,,,unknown url type: '91b6ca18-8552-4a3c-a971-152b51e0daec',,,,,,,,,814,2026-07-30T09:17:54.654623
20019,APIA ,1355.93,SGD,Closed,Drive mate,error,,,unknown url type: '052710d2-65d5-4e0a-9dc0-d864d4c7a2c9',,,,,,,,,814,2026-07-30T09:17:54.654635
19998,PSC Connect,82274.34,AUD,Closed,Drive Mate,error,,,unknown url type: '1d8c9ad0-814f-4bc6-99d6-925eeb271f66',,,,,,,,,814,2026-07-30T09:17:54.654647
19992,GT Insurance,2650,AUD,Closed,Drive Mate,error,,,unknown url type: '3ebef232-1e44-4c68-8f52-c6746b56cee8',,,,,,,,,814,2026-07-30T09:17:54.654659
19977,Melbourne Prestige Centre,5000,AUD,Closed,Drive Mate,error,,,unknown url type: 'c4e2b823-3f91-4fdd-a07e-690f53dca2b2',,,,,,,,,814,2026-07-30T09:17:54.654671
19964,Abdul Saaqib,3000,AUD,Closed,Drive mate,error,,,unknown url type: '562823c1-a7ac-45f8-a8bd-e61b5c74711a',,,,,,,,,814,2026-07-30T09:17:54.654683
19958,GT Insurance,300,AUD,Closed,Drive mate,error,,,unknown url type: '6efd5470-1956-4120-b2e4-7c162a48082a',,,,,,,,,814,2026-07-30T09:17:54.654695
19933,HDB,46.45,SGD,Closed,Drive lah,error,,,unknown url type: '2f45dae5-8274-4276-8d1f-b6e55dfa97de',,,,,,,,,814,2026-07-30T09:17:54.654707
19929,FIXED LAH,1200,SGD,Closed,Drive Lah,error,,,unknown url type: 'a8a2f074-42ed-45f6-b4bc-dc969539c5ff',,,,,,,,,814,2026-07-30T09:17:54.654719
19920,Bird & Bird,1925,AUD,Auto-approved,Drive Mate,error,,,unknown url type: '85a06769-aca2-4120-b43f-9700b987e5c4',,,,,,,,,814,2026-07-30T09:17:54.654731
19919,Bird & Bird,2493.7,AUD,Auto-approved,Drive Mate,error,,,unknown url type: '0168f4d2-6afd-4055-ad4e-f03b00ab735f',,,,,,,,,814,2026-07-30T09:17:54.654743
19911,Wattersons,4141.85,AUD,Closed,Drive Mate,error,,,unknown url type: '4e0e1ab5-1dde-453f-a9f0-d0bb842fd562',,,,,,,,,814,2026-07-30T09:17:54.654755
19884,Melbourne Prestige Centre,5000,AUD,Closed,Drive mate,error,,,unknown url type: '9b93275d-dc14-4bdf-9a88-df0bd16e5a45',,,,,,,,,814,2026-07-30T09:17:54.654767
19842,HDB,120,SGD,Closed,Drive lah,error,,,unknown url type: 'd0e8a49b-978c-4590-aa70-ad5b2f6773a9',,,,,,,,,814,2026-07-30T09:17:54.654779
19830,Income Insurance Limited,1500,SGD,Closed,Drive lah,error,,,unknown url type: '0fcde09a-fd8b-4962-8084-96d0909599bd',,,,,,,,,814,2026-07-30T09:17:54.654791
19815,Fixed Lah,8660,SGD,Closed,Drive lah,error,,,unknown url type: '6e839f45-74d8-438e-8521-f59228b7d625',,,,,,,,,814,2026-07-30T09:17:54.654803
19806,Focussed Assessing,165,AUD,Closed,Drive mate,error,,,unknown url type: '31af53a3-3c66-4c6b-8bed-82a5e3c00d19',,,,,,,,,814,2026-07-30T09:17:54.654815
19799,Rohde Smash Repairs,825,AUD,Closed,Drive mate,error,,,unknown url type: '3dd925ab-4d91-423d-9439-6b5352ff6846',,,,,,,,,814,2026-07-30T09:17:54.654827
19794,ABWIN LEASING PTE LTD,1526,SGD,Closed,Drive Lah,error,,,unknown url type: '3013f834-542e-4c22-8dd7-c7b9923620ae',,,,,,,,,814,2026-07-30T09:17:54.654839
19790,SHARPS AUSTRALIA,1108.59,AUD,Closed,Drive mate,error,,,unknown url type: 'bec9e6f4-3c49-4047-9fe7-635a350a47af',,,,,,,,,814,2026-07-30T09:17:54.654850
19789,KleanAir,2200,AUD,Closed,Drive Mate,error,,,unknown url type: '4a836d1c-45ea-4136-9528-9e5e48f8e671',,,,,,,,,814,2026-07-30T09:17:54.654863
19767,Focussed Loss Management,165,AUD,Closed,Drive mate,error,,,unknown url type: 'fec94e35-d0a8-4e6a-a27c-70811db2e5ba',,,,,,,,,814,2026-07-30T09:17:54.654875
19752,Anytime Towing Service Pty Ltd,2070,AUD,Closed,Drive mate,error,,,unknown url type: '2b01b011-ef3b-4a4a-b0f7-1c93024a1967',,,,,,,,,814,2026-07-30T09:17:54.654887
19747,Fixed Lah,1670,SGD,Closed,Drive lah,error,,,unknown url type: '2065b77d-be39-4865-ad87-924ced6419af',,,,,,,,,814,2026-07-30T09:17:54.654899
19746,Fixed Lah,250,SGD,Closed,Drive lah,error,,,unknown url type: '00df7482-85ee-49db-95f4-fcf3e5163e9b',,,,,,,,,814,2026-07-30T09:17:54.654911
19744,Focussed Loss Management,220,AUD,Closed,Drive mate,error,,,unknown url type: '86ac721c-92c4-4723-b1dd-16a2285da1ab',,,,,,,,,814,2026-07-30T09:17:54.654923
19720,Fixed Lah,750,SGD,Closed,Drive lah,error,,,unknown url type: '6c8bb5d0-4529-4e89-ad95-94b48f740134',,,,,,,,,814,2026-07-30T09:17:54.654935
19711,GT Insurance,2000,AUD,Closed,Drive mate,error,,,unknown url type: '95b56744-5b7d-4f71-9915-b29e31bac83b',,,,,,,,,814,2026-07-30T09:17:54.654947
19696,FLM ,165,AUD,Closed,Drive mate,error,,,unknown url type: '7a2fb75e-7446-49ba-b003-1edb0269c977',,,,,,,,,814,2026-07-30T09:17:54.654959
19671,Top Dents ,1000,AUD,Closed,Drive mate,error,,,unknown url type: '3af4e632-b13c-4b86-ba35-2f905ae47143',,,,,,,,,814,2026-07-30T09:17:54.654971
19669,Seung won Kang,275,AUD,Auto-approved,Drive mate,no_attachment,,,,,,,,,,,,814,2026-07-30T09:17:54.654984
19667,Top Dents Kerry Gouskos,1000,AUD,Closed,Drive mate,error,,,unknown url type: '0c83b0bb-dcf2-493e-8f25-45accc248af7',,,,,,,,,814,2026-07-30T09:17:54.654993
19661,Pier Counsel,5500,SGD,Closed,Central,error,,,unknown url type: 'c4e43cea-2a90-417f-a929-51700424e743',,,,,,,,,814,2026-07-30T09:17:54.655005
19656,Focussed Assessing Pty Ltd (ABN 92 143 234 066),165,AUD,Closed,Drive mate,error,,,unknown url type: 'b0b3635f-f728-4555-9b6f-d624959cd0ad',,,,,,,,,814,2026-07-30T09:17:54.655017
19639,GT Insurance,2000,AUD,Closed,Drive mate,error,,,unknown url type: 'b07d1e72-3074-486b-a90a-3b2ad640ab01',,,,,,,,,814,2026-07-30T09:17:54.655030
19611,CDC Fleet Pty Ltd,3000,AUD,Closed,Drive mate,error,,,unknown url type: '22b2099b-bd4c-4647-9bc7-0af4f079139e',,,,,,,,,814,2026-07-30T09:17:54.655042
19586,Sheen Panel Service,5000,AUD,Closed,Drive mate,error,,,unknown url type: 'd85aac76-116a-4d2b-b267-3288985446f1',,,,,,,,,814,2026-07-30T09:17:54.655054
19569,Rhode Smash Repairs,1815,AUD,Closed,Drive mate,error,,,unknown url type: '744d4a4f-0572-46b1-82b5-5f7986c9a6f4',,,,,,,,,814,2026-07-30T09:17:54.655066
19566,Focussed Loss Assessing,165,AUD,Closed,Drive mate,error,,,unknown url type: '46119b0e-419f-4f23-99a7-959dda80d801',,,,,,,,,814,2026-07-30T09:17:54.655078
19561,RACQ Operations,300,AUD,Closed,Drive mate,error,,,unknown url type: '960036ca-2b98-47e8-a21c-eb7ebd9e5248',,,,,,,,,814,2026-07-30T09:17:54.655090
19560,PACK SEND Marrickville,7507.5,AUD,Closed,Drive mate,error,,,unknown url type: 'c64347b5-7176-4646-b930-01f0c1199d98',,,,,,,,,814,2026-07-30T09:17:54.655102
19559,Sentrilock LLC,1077,USD,Closed,Drive mate,error,,,unknown url type: '0ede1096-a822-49bc-bf00-26af7c417306',,,,,,,,,814,2026-07-30T09:17:54.655114
19562,Fixed Lah,3468,SGD,Closed,Drive lah,error,,,unknown url type: 'aecf299a-2be8-4adb-8629-587aee26b04d',,,,,,,,,814,2026-07-30T09:17:54.655126
19558,Humax Australia Pty Ltd,13292.4,USD,Closed,Drive mate,error,,,unknown url type: 'dc765e2c-8273-4e50-b836-f33d749536cc',,,,,,,,,814,2026-07-30T09:17:54.655138
19547,GT Insurance,5000,AUD,Closed,Drive mate,error,,,unknown url type: 'a36ef1d6-5611-49f6-b1af-2bd37d34a857',,,,,,,,,814,2026-07-30T09:17:54.655150
19545,GT Insurance,300,AUD,Closed,Drive mate,error,,,unknown url type: 'cf2a00e3-3316-4e13-918d-863662fd7d7f',,,,,,,,,814,2026-07-30T09:17:54.655162
19533,Abdul Saaqib,3000,AUD,Closed,Drive mate,error,,,unknown url type: 'f299049d-beb0-4ecc-8e59-49be4fd5c205',,,,,,,,,814,2026-07-30T09:17:54.655174
19532,RKA - Ridhi Karan,40000,INR,Closed,Central,error,,,unknown url type: '69023b9f-f0a2-46ef-8942-cf5323f7791f',,,,,,,,,814,2026-07-30T09:17:54.655188
19531,RKA - Ridhi Karan,40000,INR,Closed,Central,no_attachment,,,,,,,,,,,,814,2026-07-30T09:17:54.655200
19530,RKA - Ridihi Karan,40000,INR,Closed,Central,error,,,unknown url type: '4b83d381-d9ef-4dd0-b847-f5d73073f8de',,,,,,,,,814,2026-07-30T09:17:54.655210
19528,DIGITAL MATTER,885.5,AUD,Auto-approved,Drive mate,error,,,unknown url type: 'd3777de6-85ed-45d2-b6cf-5954ad90e85f',,,,,,,,,814,2026-07-30T09:17:54.655222
19526,ACE,1100,AUD,Closed,Drive mate,error,,,unknown url type: 'b37885d4-849d-49a4-961e-c4bd3d8c8acc',,,,,,,,,814,2026-07-30T09:17:54.655235
19525,ILLION,3313.08,AUD,Closed,Drive mate,error,,,unknown url type: '5554ea35-3aab-418c-b6f7-167f666e6fe8',,,,,,,,,814,2026-07-30T09:17:54.655246
19524,ILLION,168.07,AUD,Closed,Drive mate,error,,,unknown url type: '2b638312-9914-426c-b629-9887bc13f9af',,,,,,,,,814,2026-07-30T09:17:54.655259
19520,RACQ Operations,3969.92,AUD,Closed,Drive mate,error,,,unknown url type: '21ecbfc5-6503-4c42-ac4d-25e3977e6752',,,,,,,,,814,2026-07-30T09:17:54.655270
19519,RACQ Operations,1489.59,AUD,Closed,Drive Mate,error,,,unknown url type: '84c58592-e28b-4862-893d-453cda71df56',,,,,,,,,814,2026-07-30T09:17:54.655282
19474,STEPHEN INNER WEST SMASH REPAIRS PTY LTD,5000,AUD,Closed,Drive mate,error,,,unknown url type: '0fa54c3f-666a-47fa-9638-2b2219af7684',,,,,,,,,814,2026-07-30T09:17:54.655295
19367,Clayton's Towing Service,1210,AUD,Closed,Drive mate,no_attachment,,,,,,,,,,,,814,2026-07-30T09:17:54.655307
19338,Focussed Loss Management,165,AUD,Closed,Drive mate,error,,,unknown url type: 'a8126bb8-25a4-40c2-b596-42107f2b926c',,,,,,,,,814,2026-07-30T09:17:54.655317
19313,Bastian's Towing,330,AUD,Closed,Drive mate,error,,,unknown url type: 'a341f622-8d00-4f59-a6a3-8a5215922d65',,,,,,,,,814,2026-07-30T09:17:54.655329
19277,GT Insurance ,300,AUD,Closed,Drive mate,error,,,unknown url type: '41ff3216-1a12-415e-bb2f-33573d57e681',,,,,,,,,814,2026-07-30T09:17:54.655341
19262,ACE,1210,AUD,Closed,Drive mate,error,,,unknown url type: '454e16aa-04cf-4009-b0b9-ad8612db42f9',,,,,,,,,814,2026-07-30T09:17:54.655353
19261,ACE,1100,AUD,Closed,Drive mate,error,,,unknown url type: '7d862f19-d319-49dd-a636-03a2c3506c2d',,,,,,,,,814,2026-07-30T09:17:54.655366
19260,ACE,907.5,AUD,Closed,Drive mate,error,,,unknown url type: '5216161c-5850-4ce7-b704-324161926730',,,,,,,,,814,2026-07-30T09:17:54.655379
19259,Focussed Loss Management,165,AUD,Closed,Drive Mate,error,,,unknown url type: '4701b57c-2517-4c8c-b28f-c8c9224e8e38',,,,,,,,,814,2026-07-30T09:17:54.655391
19225,Rent A Van,297,AUD,Closed,Drive mate,error,,,unknown url type: '98588945-02ce-44c7-a662-231e9851dd32',,,,,,,,,814,2026-07-30T09:17:54.655403
19223,Fixed Lah,670,SGD,Closed,Drive Lah,error,,,unknown url type: '29f53ac8-e7f2-4e0d-8467-3b4e52b1bae6',,,,,,,,,814,2026-07-30T09:17:54.655415
19216,MELBOURNE PRESTIGE CENTRE,5000,AUD,Closed,Drive mate,error,,,unknown url type: 'dcc76ca7-cbe0-4e17-b5a3-4f54af3ec793',,,,,,,,,814,2026-07-30T09:17:54.655427
19210,SOUTH EAST SMASH,2825.6,AUD,Closed,Drive mate,error,,,unknown url type: '80fd710c-2196-4c79-9476-366e29d16962',,,,,,,,,814,2026-07-30T09:17:54.655439
19169,Rent A Van,429,AUD,Closed,Drive mate,error,,,unknown url type: '02c85878-09c7-4088-8724-6f22fab0bc65',,,,,,,,,814,2026-07-30T09:17:54.655451
19168,Rent A Van,665.87,AUD,Closed,Drive mate,error,,,unknown url type: 'd3326fb8-e915-454b-b6a1-2843b0e84748',,,,,,,,,814,2026-07-30T09:17:54.655463
19091,Towlah,50,SGD,Closed,Drive lah,error,,,unknown url type: '672cb1b5-a9bd-4449-ae36-0e54f213dc50',,,,,,,,,814,2026-07-30T09:17:54.655475
19078,Rohde Smash Repairs,3000,AUD,Closed,Drive mate,error,,,unknown url type: 'b145a860-40a9-4a9e-bfef-7fce028cb515',,,,,,,,,814,2026-07-30T09:17:54.655487
19075,Rent-A-Van,665.87,AUD,Closed,Drive mate,error,,,unknown url type: '21903faf-e366-4f8a-9e6c-7f105637f23f',,,,,,,,,814,2026-07-30T09:17:54.655499
19073,Rent-A-Van,429,AUD,Closed,Drive mate,error,,,unknown url type: '8af858bf-c769-45df-8c25-f356068ebd39',,,,,,,,,814,2026-07-30T09:17:54.655511
19028,Top Dents ,2468.4,USD,Closed,Drive mate,error,,,unknown url type: '387c6ea3-b4a4-4173-8957-e725762c8fc4',,,,,,,,,814,2026-07-30T09:17:54.655523
18978,Spring Field Lakes Towing and Transport,440,AUD,Closed,Drive mate,error,,,unknown url type: '975e7cd1-8815-4c06-bf72-8204cc271e48',,,,,,,,,814,2026-07-30T09:17:54.655536
18977,HDB,3240,SGD,Closed,Drive Lah,error,,,unknown url type: '2b08241f-83f6-4db6-83ec-a508af260856',,,,,,,,,814,2026-07-30T09:17:54.655548
18931,Ur Drive,2750,AUD,Closed,Drive mate,error,,,unknown url type: '02b82175-f5ae-464c-a81b-b5b82b972a8d',,,,,,,,,814,2026-07-30T09:17:54.655560
18906,ACE Administration Services Pty. Ltd.,1210,AUD,Closed,Drive mate,error,,,unknown url type: '733a79c5-9ae9-47f2-8d75-41b775b3029b',,,,,,,,,814,2026-07-30T09:17:54.655572
18905,ACE Administration Services Pty. Ltd,1100,AUD,Closed,Drive mate,error,,,unknown url type: '2e0e2b42-b39c-4629-b14c-f82c2d1ad75b',,,,,,,,,814,2026-07-30T09:17:54.655584
18904,ACE Administration Services Pty. Ltd,907.5,AUD,Closed,Drive mate,error,,,unknown url type: '22b57942-7bda-44fc-9fc5-1f7a8ac3084b',,,,,,,,,814,2026-07-30T09:17:54.655599
18899,Abdul Saaqib,2000,AUD,Closed,Drive Mate,error,,,unknown url type: '956f4477-4b5e-4031-8411-2a9d3da27745',,,,,,,,,814,2026-07-30T09:17:54.655612
18859,Pack Send Marrickville,543.49,AUD,Closed,Drive mate,error,,,unknown url type: 'ffa06689-269a-4272-8d9d-b14280fcae0d',,,,,,,,,814,2026-07-30T09:17:54.655624
18858,PACK SEND Marrickville,661.7,AUD,Closed,Drive mate,error,,,unknown url type: '0818df50-048d-4df5-9f27-cf776507542b',,,,,,,,,814,2026-07-30T09:17:54.655636
18857,1 Key Locksmiths,3500,AUD,Auto-approved,Drive mate,error,,,unknown url type: '603dbf2e-f305-4e65-bbab-2d0181266dfc',,,,,,,,,814,2026-07-30T09:17:54.655648
18856,Thinxtra Solutions Pty Ltd,22182.11,AUD,Closed,Drive mate,error,,,unknown url type: 'df31db80-e843-44a7-bf1b-fb79c0748e31',,,,,,,,,814,2026-07-30T09:17:54.655661
18855,PACK SEND Marrickville,7507.5,AUD,Closed,Drive mate,error,,,unknown url type: 'f1a8cfb5-76a3-41b7-9347-ffe0a9d624dd',,,,,,,,,814,2026-07-30T09:17:54.655673
18809,Focussed Assessing Pty Ltd (ABN 92 143 234 066),220,AUD,Closed,Drive Mate,error,,,unknown url type: '60ba62dd-21c6-4088-b9c6-6af89029f2da',,,,,,,,,814,2026-07-30T09:17:54.655685
18770, Gardenstate Towing Pty Ltd,180,AUD,Closed,Drive mate,no_attachment,,,,,,,,,,,,814,2026-07-30T09:17:54.655697
18767,Gardenstate Towing Pty Ltd,836,AUD,Closed,Drive Mate,error,,,unknown url type: '962ab1d1-4737-4227-8238-90e89949fa7e',,,,,,,,,814,2026-07-30T09:17:54.655707
18744,INCREMENTORS,1362,SGD,Closed,Central,error,,,unknown url type: '32a1f729-a395-46b2-85b9-e5c1587573ac',,,,,,,,,814,2026-07-30T09:17:54.655719
18743,TNA Towing ,1200,AUD,Closed,Drive mate,error,,,unknown url type: '276c6ce4-0b09-4744-8045-9f13200c8de8',,,,,,,,,814,2026-07-30T09:17:54.655731
18721,Towlah,1340,SGD,Closed,Drive lah,error,,,unknown url type: 'd3b66994-fb8f-40d3-a1e7-681b1f88f1a1',,,,,,,,,814,2026-07-30T09:17:54.655744
18719,VIGNESH RMS,101,SGD,Closed,Drive lah,error,,,unknown url type: 'e05bae9e-7e5b-4337-968e-25b9e929319b',,,,,,,,,814,2026-07-30T09:17:54.655755
18718,GT Insurance,2300,AUD,Closed,Drive mate,error,,,unknown url type: 'b3debae2-ce66-4b3d-8db1-52cbc72d00cf',,,,,,,,,814,2026-07-30T09:17:54.655767
18696,GT Insurance,5000,AUD,Closed,Drive mate,error,,,unknown url type: 'e63132b7-8525-4af4-a087-64ff698c526e',,,,,,,,,814,2026-07-30T09:17:54.655779
18695,CHENG CHUAN MOTOR SERVICES,2210,SGD,Closed,Drive lah,error,,,unknown url type: 'd7b6ed03-1c33-4226-85fc-54e006d5f9e0',,,,,,,,,814,2026-07-30T09:17:54.655791
18694,ACE ADMINISTRATION SERVICES PTY LTD,21333.4,AUD,Closed,Drive mate,error,,,unknown url type: '9aeffc4f-55ee-491a-bb36-0c2589a6fb32',,,,,,,,,814,2026-07-30T09:17:54.655807
18692,ROOBYKON,2897.61,USD,Auto-approved,Central,error,,,unknown url type: '23b22093-7a1f-4a1b-9fc0-177053caa291',,,,,,,,,814,2026-07-30T09:17:54.655820
18690,ROOBYKON,5646.56,USD,Auto-approved,Central,error,,,unknown url type: '71b5af42-3f9d-4a32-892e-b90236b4276c',,,,,,,,,814,2026-07-30T09:17:54.655832
18673,Autorola,814.37,AUD,Closed,Drive mate,error,,,unknown url type: '6a7b1788-027f-44e7-b1ac-f7e08d0ed8b1',,,,,,,,,814,2026-07-30T09:17:54.655845
18671,Stephen Inner West Smash Repairs Pty Ltd,3080,AUD,Closed,Drive mate,error,,,unknown url type: 'de2d24f2-7f75-40dc-a412-4edef3f80365',,,,,,,,,814,2026-07-30T09:17:54.655857
18637,COLLISION TOWING & RECOVERY SERVICES PTY LTD,440,AUD,Closed,Drive mate,error,,,unknown url type: '7aad3c6f-b78b-4076-a56f-a11207617903',,,,,,,,,814,2026-07-30T09:17:54.655869
18622,SEASON PARKING,152,SGD,Closed,Drive lah,error,,,unknown url type: '97fffab1-5ca8-435f-b50f-c1720b6d56e3',,,,,,,,,814,2026-07-30T09:17:54.655881
18615,GT Insurance ,2500,AUD,Closed,Drive mate,error,,,unknown url type: '7b6627ba-182b-4546-aed0-1f0d250c301e',,,,,,,,,814,2026-07-30T09:17:54.655894
18613,Top Dents ,50,AUD,Closed,Drive mate,error,,,unknown url type: '3e7213f8-7e7e-4a08-9531-d855f454d070',,,,,,,,,814,2026-07-30T09:17:54.655906
18564,RACQ Operations,2907.97,AUD,Closed,Drive mate,error,,,unknown url type: '04312108-5ec1-439e-bc1b-589b8ad051ce',,,,,,,,,814,2026-07-30T09:17:54.655917
18563,RACQ Operations,480,AUD,Closed,Drive mate,error,,,unknown url type: '1d7f8aa9-19bc-46e3-8bc2-8118568cbc02',,,,,,,,,814,2026-07-30T09:17:54.655930
18562,RACQ Operations,400,AUD,Closed,Drive mate,error,,,unknown url type: 'c8d59141-ee08-4e6d-90de-afa7f3ce1240',,,,,,,,,814,2026-07-30T09:17:54.655942
18561,RACQ Operations,6115.81,AUD,Closed,Drive mate,error,,,unknown url type: '8fd0b8ac-0d8c-484f-b2be-f43f868cfd7b',,,,,,,,,814,2026-07-30T09:17:54.655955
18560,RACQ Operations,200,AUD,Closed,Drive mate,error,,,unknown url type: 'b6c74122-7804-4df6-86a8-f497395c3eae',,,,,,,,,814,2026-07-30T09:17:54.655967
18559,RACQ Operations,2065.01,AUD,Closed,Drive mate,error,,,unknown url type: '452fe42d-8cca-4b5c-85b4-0c2e8c9f824c',,,,,,,,,814,2026-07-30T09:17:54.655979
18404,Focussed Loss Management,220,AUD,Closed,Drive Mate,error,,,unknown url type: '0e74a4bc-249c-4e5a-8f44-ac0cee476345',,,,,,,,,814,2026-07-30T09:17:54.655991
18362,South East Smash,0,SGD,Closed,Drive mate,error,,,unknown url type: '4b97ec91-2d16-467f-9ddd-5bdddeef00e3',,,,,,,,,814,2026-07-30T09:17:54.656003
18339,Fixed Lah,210,SGD,Closed,Drive lah,error,,,unknown url type: '2d88513f-9e74-4ae4-a34f-474ae7973f09',,,,,,,,,814,2026-07-30T09:17:54.656015
18338,FixedLah,3100,SGD,Closed,Drive lah,error,,,unknown url type: '4b98ff26-dad8-4751-975c-1c3b27d72693',,,,,,,,,814,2026-07-30T09:17:54.656027
18337,FixedLah,350,SGD,Closed,Drive lah,error,,,unknown url type: '1b5906ee-35f8-4573-bba3-5639631d2eb7',,,,,,,,,814,2026-07-30T09:17:54.656039
18336,Fixed Lah,1500,SGD,Closed,Drive lah,error,,,unknown url type: '2e6f525b-a32e-47f1-92c0-bfadc9de69fc',,,,,,,,,814,2026-07-30T09:17:54.656051
18335,Fixed Lah,1200,SGD,Closed,Drive lah,error,,,unknown url type: '5c67e107-9781-4f80-89ce-d3920d604937',,,,,,,,,814,2026-07-30T09:17:54.656063
18330,INCOME INSURANCE LIMITED,17730,SGD,Closed,Drive Lah,error,,,unknown url type: 'c2e70a78-edd0-4892-bad9-f3eee99c3f61',,,,,,,,,814,2026-07-30T09:17:54.656075
18289,A/C Name: GT Insurance-Trust,2000,AUD,Closed,Drive mate,error,,,unknown url type: 'fe87f178-b740-4a79-92bb-2f4cc4b02d3f',,,,,,,,,814,2026-07-30T09:17:54.656087
18287,A/C Name: GT Insurance-Trust,2000,AUD,Closed,Drive mate,error,,,unknown url type: '478a2cec-1d1a-4616-ae56-3123bf29531c',,,,,,,,,814,2026-07-30T09:17:54.656099
18286,A/C Name: GT Insurance-Trust,2000,AUD,Closed,Drive Mate,error,,,unknown url type: '36c2dd54-e2f2-4962-9032-3c6570378562',,,,,,,,,814,2026-07-30T09:17:54.656112
18284,A/C Name: GT Insurance-Trust,2500,AUD,Closed,Drive mate,error,,,unknown url type: 'eb33ff29-f66a-44f1-88f2-c0a8660b1a0b',,,,,,,,,814,2026-07-30T09:17:54.656124
18282,Focussed Assessing Pty Ltd (ABN 92 143 234 066),220,AUD,Closed,Drive mate,error,,,unknown url type: '84e16cdb-6312-4c74-97d1-01dfc3bc66d2',,,,,,,,,814,2026-07-30T09:17:54.656146
18277,PACK SEND Marrickville,10868.9,AUD,Closed,Drive mate,error,,,unknown url type: '64d18f2a-323c-47ad-8d86-345e81996780',,,,,,,,,814,2026-07-30T09:17:54.656158
18267,Abdul Saaqib,3000,AUD,Closed,Drive mate,error,,,unknown url type: '76fde860-405f-4970-b4f5-b6887148fa2f',,,,,,,,,814,2026-07-30T09:17:54.656170
18212,MELBOURNE PRESTIGE CENTRE,6523,AUD,Closed,Drive mate,no_attachment,,,,,,,,,,,,814,2026-07-30T09:17:54.656181
18152,ABWIN LEASING,1526,SGD,Closed,Drive lah,no_attachment,,,,,,,,,,,,814,2026-07-30T09:17:54.656190
18112,Abdul Saaqib,3000,AUD,Closed,Drive Mate,error,,,unknown url type: 'abc53d84-8d2f-4409-8143-8a21fc1bb07b',,,,,,,,,814,2026-07-30T09:17:54.656200
18021,Connect Repair Logistics Pty. Ltd.,908.6,AUD,Auto-approved,Drive mate,error,,,unknown url type: 'bde142f1-569c-4208-ade2-8ef41b884081',,,,,,,,,814,2026-07-30T09:17:54.656211
18002,John Clough Auto Trim,220,AUD,Closed,Drive mate,error,,,unknown url type: '1c17584d-f7e8-41e3-b1aa-659c2fc08edb',,,,,,,,,814,2026-07-30T09:17:54.656224
18001,GT Insurance,2000,AUD,Closed,Drive mate,error,,,unknown url type: '23bc8cd6-50ba-40bc-bcfd-25fa3537e3e2',,,,,,,,,814,2026-07-30T09:17:54.656235
18000,PSC Connect,9607.15,AUD,Auto-approved,Drive Mate,error,,,unknown url type: '44d31afe-4c1d-4719-acc3-2b5950c63fd6',,,,,,,,,814,2026-07-30T09:17:54.656246
17996,GT Insurance,2000,AUD,Closed,Drive mate,error,,,unknown url type: '0d3cc167-6a82-48fb-981b-ad8ebd48b862',,,,,,,,,814,2026-07-30T09:17:54.656258
17980,Stuttgart Autos,1898.6,AUD,Closed,Drive mate,error,,,unknown url type: '80f55afd-9b70-4c73-9a66-b3bc0866ca89',,,,,,,,,814,2026-07-30T09:17:54.656269
17919,SELECTE PTE,300,SGD,Closed,Drive lah,error,,,unknown url type: 'ddadd2b9-f258-4cbc-b2c3-11e722e3361a',,,,,,,,,814,2026-07-30T09:17:54.656281
17915,Melbourne Prestige Centre,2970,AUD,Closed,Drive Mate,error,,,unknown url type: '98f67be1-50e7-4906-90c3-87cba69a2efc',,,,,,,,,814,2026-07-30T09:17:54.656292
17896,NA/ For Drivelah Ops,150,SGD,Closed,Drive lah,error,,,unknown url type: 'a580b8b1-35bf-4783-a2c9-f317d5dbe926',,,,,,,,,814,2026-07-30T09:17:54.656303
17894,INCOME INSURANCE LIMITED,3025.65,SGD,Closed,Drive lah,no_attachment,,,,,,,,,,,,814,2026-07-30T09:17:54.656315
17893,INCOME INSURANCE LIMITED,2668.94,SGD,Closed,Drive lah,error,,,unknown url type: 'c04551b2-2b5e-4ae7-afe4-0a19e8664fa4',,,,,,,,,814,2026-07-30T09:17:54.656324
17843,GT Insurance-Trust,2000,AUD,Closed,Drive mate,error,,,unknown url type: '6c4fb275-cff1-40f6-8252-054465faa49e',,,,,,,,,814,2026-07-30T09:17:54.656336
17834,Bird & Bird,1850,AUD,Closed,Drive mate,error,,,unknown url type: 'cdaaa9f9-eeca-41db-b7a6-25b6160f7768',,,,,,,,,814,2026-07-30T09:17:54.656347
17833,PSC Connect Western Pty Ltd,82774.34,AUD,Closed,Drive mate,error,,,unknown url type: 'e4f154a7-dd37-4c63-9773-232c867601d6',,,,,,,,,814,2026-07-30T09:17:54.656358
17827,Ur Drive,2750,AUD,Closed,Drive Mate,error,,,unknown url type: 'add5c908-aad1-44bc-ac58-86cf36dfe99d',,,,,,,,,814,2026-07-30T09:17:54.656370
17717,Humax Australia Pty Ltd,13094.4,USD,Closed,Drive mate,error,,,unknown url type: '63afc24e-0903-4ea3-819e-c782eddc94b8',,,,,,,,,814,2026-07-30T09:17:54.656381
17716,"SentriLock, LLC",1107,USD,Closed,Drive mate,error,,,unknown url type: '322154bd-cbf2-47ff-a23c-0eb17ade7fc3',,,,,,,,,814,2026-07-30T09:17:54.656393
17660,Focussed Assessing Pty Ltd (ABN 92 143 234 066),330,AUD,Closed,Drive mate,error,,,unknown url type: '4dbb2417-f492-4f79-9543-066c9d7c0f63',,,,,,,,,814,2026-07-30T09:17:54.656404
17658,Focussed Assessing Pty Ltd (ABN 92 143 234 066),330,AUD,Closed,Drive mate,error,,,unknown url type: '4340870d-1a46-498a-90ba-e3f998024ed9',,,,,,,,,814,2026-07-30T09:17:54.656416
17657,Focussed Assessing Pty Ltd (ABN 92 143 234 066),220,AUD,Closed,Drive mate,error,,,unknown url type: '62b588ba-63ba-4154-adcc-49b56fccb16e',,,,,,,,,814,2026-07-30T09:17:54.656427
17656,Focussed Assessing Pty Ltd (ABN 92 143 234 066),165,AUD,Closed,Drive mate,error,,,unknown url type: 'e976f923-496e-4e27-acee-07b0cda3a4c2',,,,,,,,,814,2026-07-30T09:17:54.656439
17654,Focussed Assessing Pty Ltd (ABN 92 143 234 066),165,AUD,Closed,Drive mate,error,,,unknown url type: '5a0ffcce-5879-4448-be93-2f5cbac11e54',,,,,,,,,814,2026-07-30T09:17:54.656450
17653,Focussed Assessing Pty Ltd (ABN 92 143 234 066),165,AUD,Closed,Drive Mate,error,,,unknown url type: '85454f6a-ae91-479e-b0ef-6ece0f12f7d5',,,,,,,,,814,2026-07-30T09:17:54.656462
17643,Stephen Inner West Smash Repairs,3600,AUD,Closed,Drive mate,error,,,unknown url type: 'c85e39da-ebf7-4a6c-af6b-6477c8091823',,,,,,,,,814,2026-07-30T09:17:54.656474
17608,GT Insurance-Trust,300,AUD,Closed,Drive mate,error,,,unknown url type: '9412fe2e-de43-42ce-84c0-339bdaa1fede',,,,,,,,,814,2026-07-30T09:17:54.656486
17607, GT Insurance,2000,AUD,Closed,Drive mate,error,,,unknown url type: '1b5c43e4-b5c3-4ce3-b49e-7e7509dc5c22',,,,,,,,,814,2026-07-30T09:17:54.656497
17591,Anas Ashfaq,0,AUD,Closed,Drive Mate,error,,,unknown url type: '26f5c4ba-1f81-4b4e-b0cb-0c9b61a426d7',,,,,,,,,814,2026-07-30T09:17:54.656509
17563,Aircall,4129.81,USD,Closed,Central,error,,,unknown url type: 'e3356232-83c2-46e1-b031-8d339dfa1a84',,,,,,,,,814,2026-07-30T09:17:54.656520
17564,Aircall,4129.81,USD,Closed,Central,error,,,unknown url type: 'e3356232-83c2-46e1-b031-8d339dfa1a84',,,,,,,,,814,2026-07-30T09:17:54.656531
17513,Christopher Scott Acosta,0,AUD,Closed,Drive Mate,error,,,unknown url type: '1f984d93-df5a-4506-b433-35629a7adda3',,,,,,,,,814,2026-07-30T09:17:54.656542
17483,hdb,3210,SGD,Closed,Drive lah,error,,,unknown url type: '5c28d556-7181-46b7-8e0e-6f16ef719172',,,,,,,,,814,2026-07-30T09:17:54.656554
17466,Focussed Assessing Pty Ltd (ABN 92 143 234 066),220,AUD,Closed,Drive mate,error,,,unknown url type: '44eb423a-c081-430d-a299-52b1d6636def',,,,,,,,,814,2026-07-30T09:17:54.656569
17406,Anas Ashfaq,2451,AUD,Closed,Drive mate,error,,,unknown url type: '6aa9639d-92b3-4a9b-b7d3-105b9ca1c482',,,,,,,,,814,2026-07-30T09:17:54.656587
17395,Testing,1,AUD,Closed,Drive mate,error,,,unknown url type: '9bdce308-bf9a-4c7f-bb84-1a1c81dc8b44',,,,,,,,,814,2026-07-30T09:17:54.656599
17389,ILLION,10982.41,AUD,Closed,Drive Mate,error,,,unknown url type: '18d23d5a-6569-455e-b98c-54d0cce57bae',,,,,,,,,814,2026-07-30T09:17:54.656610
17388,ILLION,168.97,AUD,Closed,Drive Mate,error,,,unknown url type: 'abb6713f-d623-42b6-85b5-5d814691b22b',,,,,,,,,814,2026-07-30T09:17:54.656621
17387,TOKIO MARINE,17138.61,SGD,Closed,Drive Lah,error,,,unknown url type: 'ffd59938-fc57-4ef3-a6a6-e9ae240531f5',,,,,,,,,814,2026-07-30T09:17:54.656633
17385,TOKIO MARINE,17442.43,SGD,Closed,Drive lah,error,,,unknown url type: '32cc305f-f868-421e-a144-631f755523ea',,,,,,,,,814,2026-07-30T09:17:54.656645
17380,PSC Connect,82384.34,AUD,Closed,Drive mate,error,,,unknown url type: '83fdd9ff-a078-48df-bc2a-dd00064d4b14',,,,,,,,,814,2026-07-30T09:17:54.656656
17379,PSC Connect,82384.34,AUD,Closed,Drive mate,error,,,unknown url type: '6921a666-81b1-4128-89b5-0c9e3e1cf8b3',,,,,,,,,814,2026-07-30T09:17:54.656668
17339,Moengage,2284,USD,Auto-approved,Central,error,,,unknown url type: '62925553-144e-4c8a-8d9a-3ae9df1079f1',,,,,,,,,814,2026-07-30T09:17:54.656679
17338,Moengage,2284,USD,Auto-approved,Central,error,,,unknown url type: '5a67bc07-23d2-43a3-95e6-f8320439298e',,,,,,,,,814,2026-07-30T09:17:54.656690
17336,Moengage ,2284,USD,Auto-approved,Central,error,,,unknown url type: 'bfd384a1-218b-4ea3-82bd-f26118f659f3',,,,,,,,,814,2026-07-30T09:17:54.656701
17335,MOENGAGE,2284,USD,Auto-approved,Central,error,,,unknown url type: 'b64c4831-7bfd-48e7-b4a3-312f91ec123e',,,,,,,,,814,2026-07-30T09:17:54.656714
17328,ROOBYKON,192,USD,Auto-approved,Central,error,,,unknown url type: '6c7767ee-76e4-42ce-a5a6-6811e0a30d67',,,,,,,,,814,2026-07-30T09:17:54.656725
17326,ROOBYKON,2356.7,USD,Auto-approved,Central,error,,,unknown url type: '073c8deb-6ac8-449d-818a-5588b2acfc93',,,,,,,,,814,2026-07-30T09:17:54.656736
17324,Digital Matter,950.22,AUD,Closed,Drive mate,no_attachment,,,,,,,,,,,,814,2026-07-30T09:17:54.656748
17323,Digital Matter ,975.24,AUD,Closed,Drive mate,error,,,unknown url type: 'b0781008-6acf-4b03-97e1-25f0a266e502',,,,,,,,,814,2026-07-30T09:17:54.656758
17322,ILLION,3846.7,AUD,Closed,Drive mate,error,,,unknown url type: 'b4a56356-a22b-4cef-aae3-82213b10c932',,,,,,,,,814,2026-07-30T09:17:54.656769
17321,ILLION,10982.41,SGD,Closed,Drive mate,error,,,unknown url type: '800dc9f8-e165-4bab-b2c1-7934e2d04791',,,,,,,,,814,2026-07-30T09:17:54.656781
17320,PACK SEND Marrickville,1933.71,AUD,Closed,Drive Mate,no_attachment,,,,,,,,,,,,814,2026-07-30T09:17:54.656792
17319,PACK SEND Marrickville,660,AUD,Closed,Drive Mate,error,,,unknown url type: '7f9a506a-4c92-4aff-bfb2-84683be7c0e8',,,,,,,,,814,2026-07-30T09:17:54.656802
17318,PACK SEND Marrickville,1198.55,AUD,Closed,Drive Mate,error,,,unknown url type: 'f3dbac89-b52a-461c-a83b-d0a4de2876bc',,,,,,,,,814,2026-07-30T09:17:54.656813
17305,ONFIDO,4208.51,USD,Closed,Central,error,,,unknown url type: 'cf771fe5-0584-4ec9-8c46-ea897030bebb',,,,,,,,,814,2026-07-30T09:17:54.656825
17295,Sydney Transport Provider Pty Ltd,440,AUD,Closed,Drive mate,error,,,unknown url type: '69e6fece-a96b-4d03-9c97-e2b97d0cbe6e',,,,,,,,,814,2026-07-30T09:17:54.656836
17275,,5646.56,SGD,Auto-approved,Central,error,,,unknown url type: 'e0367033-ab38-4291-a837-b04a03769e79',,,,,,,,,814,2026-07-30T09:17:54.656848
17270,,2897.61,USD,Closed,Central,error,,,unknown url type: '7c328653-dc47-4c61-9660-e4de0acff0b6',,,,,,,,,814,2026-07-30T09:17:54.656859
17271,,2897.61,USD,Auto-approved,Central,error,,,unknown url type: '7c328653-dc47-4c61-9660-e4de0acff0b6',,,,,,,,,814,2026-07-30T09:17:54.656871
17268,,4129.81,USD,Closed,Central,error,,,unknown url type: 'cb40217e-ec5e-4469-91cc-5d2ed48c49a6',,,,,,,,,814,2026-07-30T09:17:54.656882
17255,,1620,SGD,Closed,Drive lah,error,,,unknown url type: 'ce2543f8-fb96-480f-b110-2538757cd58f',,,,,,,,,814,2026-07-30T09:17:54.656894
17234,,2600,SGD,Closed,Drive lah,error,,,unknown url type: '829a5b0f-33d7-4b1e-9efd-0c6f9005deea',,,,,,,,,814,2026-07-30T09:17:54.656905
17229,Tokio Marine,20931.82,SGD,Closed,Drive lah,error,,,unknown url type: '5d659044-137a-4b72-ab44-2c110565cfdc',,,,,,,,,814,2026-07-30T09:17:54.656916
17228,Tokio Marine,13787.96,SGD,Closed,Drive lah,error,,,unknown url type: '1b0cada8-af81-4e2b-b0dc-d81bb9fc612d',,,,,,,,,814,2026-07-30T09:17:54.656928
17227,Tokio Marine,15808.82,SGD,Closed,Drive lah,error,,,unknown url type: '7a35213f-6d37-4002-a862-954656ebbec1',,,,,,,,,814,2026-07-30T09:17:54.656939
17226,Tokio Marine,19050.48,SGD,Closed,Drive lah,error,,,unknown url type: '34f52058-2e5c-40b0-8ed6-e6e91bc146c3',,,,,,,,,814,2026-07-30T09:17:54.656951
17225,Tokio Marine,18525.15,SGD,Closed,Drive lah,error,,,unknown url type: 'c90a7245-9433-475e-a43c-d4d5f3605a99',,,,,,,,,814,2026-07-30T09:17:54.656962
17224,Tokio Marine,17606.23,SGD,Closed,Drive lah,error,,,unknown url type: '05f7fc76-04d4-4f04-88c2-a6ce7fe06fbf',,,,,,,,,814,2026-07-30T09:17:54.656974
17223,Tokio Marine,6245.63,SGD,Closed,Drive lah,error,,,unknown url type: 'a319dff5-f6a2-4f31-b1af-e9510924d439',,,,,,,,,814,2026-07-30T09:17:54.656985
17222,Tokio Marine,35654.99,SGD,Closed,Drive lah,error,,,unknown url type: 'cb046f3d-a212-4441-95fc-d7a45c16ee1d',,,,,,,,,814,2026-07-30T09:17:54.656997
17219,Intercom,403,USD,Closed,Central,error,,,unknown url type: 'dac45a5b-d938-4f14-8fe2-8a44939680d0',,,,,,,,,814,2026-07-30T09:17:54.657008
17218,Intercom,19135.7,USD,Closed,Central,error,,,unknown url type: '802adb30-ee11-4e3c-99fb-ced870a7ec34',,,,,,,,,814,2026-07-30T09:17:54.657019
17217,Intercom,572.29,USD,Closed,Central,error,,,unknown url type: '6075a478-9f4f-45fb-8873-c48adde18e00',,,,,,,,,814,2026-07-30T09:17:54.657030
17216,Intercom,245.64,USD,Closed,Central,error,,,unknown url type: '2177c6b7-67f9-42f0-9d69-cf1422333f52',,,,,,,,,814,2026-07-30T09:17:54.657043
17215,Intercom,324.49,USD,Closed,Central,error,,,unknown url type: '33b9a871-b6b2-4903-8481-02923211dc04',,,,,,,,,814,2026-07-30T09:17:54.657054
17208,Onfido,5783.04,USD,Closed,Central,error,,,unknown url type: 'd30c440e-f419-4aac-9c55-028a5a4e855f',,,,,,,,,814,2026-07-30T09:17:54.657069
17207,Onfido,11476.44,USD,Closed,Central,no_attachment,,,,,,,,,,,,814,2026-07-30T09:17:54.657080
17204,AWS,8921.66,SGD,Closed,Central,error,,,unknown url type: '19008042-7cc5-4316-82e4-566a0d5c0f04',,,,,,,,,814,2026-07-30T09:17:54.657090
17203,AWS,234.53,SGD,Closed,Central,error,,,unknown url type: '3e7358df-2b99-4720-befd-b0a4c87cba82',,,,,,,,,814,2026-07-30T09:17:54.657101
17202,AWS,436.74,SGD,Closed,Central,error,,,unknown url type: 'bc108d0b-a5cd-451a-8115-9c9156a7afcd',,,,,,,,,814,2026-07-30T09:17:54.657113
17201,AWS,2721.43,SGD,Closed,Central,error,,,unknown url type: 'fcef5524-c783-42a2-899f-2a27691cd488',,,,,,,,,814,2026-07-30T09:17:54.657124
17200,AWS,10817.49,SGD,Closed,Central,error,,,unknown url type: '219cf28b-d3d9-4fe4-a70b-74b5f74e426a',,,,,,,,,814,2026-07-30T09:17:54.657135
17199,AWS,189.02,SGD,Closed,Central,error,,,unknown url type: '41421691-fd78-4fd9-a719-2b4ff68886f6',,,,,,,,,814,2026-07-30T09:17:54.657148
17197,AWS,11207.29,SGD,Closed,Central,error,,,unknown url type: '334c2ce9-8132-4126-bc20-327bef749a22',,,,,,,,,814,2026-07-30T09:17:54.657159
17196,AWS,3126.55,SGD,Closed,Central,error,,,unknown url type: '73753573-5b73-4b63-a0ec-2aebf7614712',,,,,,,,,814,2026-07-30T09:17:54.657171
17194,Lloyd Cowan,825,AUD,Closed,Drive Mate,error,,,unknown url type: '914487e0-74d6-4082-a868-8fb527fb40bd',,,,,,,,,814,2026-07-30T09:17:54.657182
17192,,627,AUD,Closed,Drive mate,error,,,unknown url type: '063868be-2239-495d-a378-edadfb2b1059',,,,,,,,,814,2026-07-30T09:17:54.657194
17191,Lloyd Cowan,220,AUD,Closed,Drive Mate,error,,,unknown url type: 'd5f5827c-021c-4e48-92b3-0271653b3316',,,,,,,,,814,2026-07-30T09:17:54.657205
17132,,1419,AUD,Closed,Drive mate,error,,,unknown url type: '12a71544-0c69-4d0d-8225-6b7fc718d240',,,,,,,,,814,2026-07-30T09:17:54.657217
17098,CDG,675.8,SGD,Auto-approved,Drive lah,error,,,unknown url type: 'd2250e6d-b64a-4cc9-9925-e7b88ddb9688',,,,,,,,,814,2026-07-30T09:17:54.657228
17097,CDG,850.2,SGD,Auto-approved,Drive lah,error,,,unknown url type: '285b6665-4230-4fdc-9ad6-44d79ee40334',,,,,,,,,814,2026-07-30T09:17:54.657240
17076,,552.2,AUD,Closed,Drive mate,error,,,unknown url type: 'bdc82126-16a2-43e7-8c4f-be78f2c0f53d',,,,,,,,,814,2026-07-30T09:17:54.657251
17048,Vignesh,2000,SGD,Closed,Drive lah,no_attachment,,,,,,,,,,,,814,2026-07-30T09:17:54.657263
17044,Abdul,2000,AUD,Closed,Drive Mate,no_attachment,,,,,,,,,,,,814,2026-07-30T09:17:54.657272
17042,,165,AUD,Closed,Drive mate,error,,,unknown url type: 'de6b6999-9d5b-4b9b-b78b-8adaaa325884',,,,,,,,,814,2026-07-30T09:17:54.657281
17034,Collision Towing & Recovery Services Pty Ltd,337.04,AUD,Closed,Drive Mate,error,,,unknown url type: '46d47d87-039e-4053-8548-d5153a832ab7',,,,,,,,,814,2026-07-30T09:17:54.657293
16967,CDG,70,SGD,Closed,Drive Lah,error,,,unknown url type: 'af9dfe0a-4b35-455a-9935-7ba4a6e00d18',,,,,,,,,814,2026-07-30T09:17:54.657304
16964,,1000,AUD,Closed,Drive mate,error,,,unknown url type: '93e2324f-76f7-4499-81af-42a3e34dec0c',,,,,,,,,814,2026-07-30T09:17:54.657315
16963,GT,3300,AUD,Closed,Drive mate,error,,,unknown url type: 'd98a2100-c798-450b-b7bd-e836c5566d3c',,,,,,,,,814,2026-07-30T09:17:54.657327
16961,,0,AUD,Closed,Drive mate,error,,,unknown url type: 'cb6fa816-52e5-4c3a-953b-e698c49a56c6',,,,,,,,,814,2026-07-30T09:17:54.657338
16958,Aircall,3931.07,USD,Closed,Central,error,,,unknown url type: '9c55dae0-88cf-4e04-bd96-4997cd80d781',,,,,,,,,814,2026-07-30T09:17:54.657350
16953,Focussed Loss Assessing,330,AUD,Closed,Drive mate,error,,,unknown url type: '79d7ea72-11c8-4b62-9287-e0cfe1672dfc',,,,,,,,,814,2026-07-30T09:17:54.657361
16952,Focussed Loss Assessing,220,AUD,Closed,Drive mate,error,,,unknown url type: '20e8a8fc-d7fa-4193-bd86-2441219e01cb',,,,,,,,,814,2026-07-30T09:17:54.657372
16949,Focussed Loss Assessing,330,AUD,Closed,Drive mate,error,,,unknown url type: 'da77ae40-0453-47f0-aa57-ad11720b73f5',,,,,,,,,814,2026-07-30T09:17:54.657384
16948,Focussed Loss Assessing,330,AUD,Closed,Drive mate,error,,,unknown url type: '0accbe7d-2954-48d6-baf0-437a678cf47a',,,,,,,,,814,2026-07-30T09:17:54.657395
16945,Focussed Loss Assessing,330,AUD,Closed,Drive mate,error,,,unknown url type: 'bd0fc83c-312a-42af-9a4a-6da25725012a',,,,,,,,,814,2026-07-30T09:17:54.657406
16944,Focussed Loss Assessing,330,AUD,Closed,Drive mate,error,,,unknown url type: 'ff11f863-cf8a-4a7f-b838-5fa07b9a2ca6',,,,,,,,,814,2026-07-30T09:17:54.657417
16943,Focussed Loss Assessing,220,AUD,Closed,Drive mate,error,,,unknown url type: '74134163-f2cc-44fd-9679-726374dd9a82',,,,,,,,,814,2026-07-30T09:17:54.657428
16942,Focussed Loss Assessing,330,AUD,Closed,Drive mate,error,,,unknown url type: '2eb4f600-71ec-4e58-9156-1fa21d51ede7',,,,,,,,,814,2026-07-30T09:17:54.657440
16941,Focussed Loss Assessing,330,AUD,Closed,Drive mate,error,,,unknown url type: 'da62d190-c49a-4f0a-98c1-21ed3c647f3a',,,,,,,,,814,2026-07-30T09:17:54.657451
16940,Focussed Loss Assessing,330,AUD,Closed,Drive mate,error,,,unknown url type: '500cec4c-fcb2-4a58-b892-412e0c490716',,,,,,,,,814,2026-07-30T09:17:54.657462
16930,Illion,168.97,SGD,Closed,Drive mate,error,,,unknown url type: '4b3249f2-78c9-490e-a1e3-b6d075ad2c30',,,,,,,,,814,2026-07-30T09:17:54.657474
16929,Illion,80.69,AUD,Closed,Drive Mate,error,,,unknown url type: 'bac4593a-8ac7-489b-b510-0922a309400e',,,,,,,,,814,2026-07-30T09:17:54.657485
16928,,88.28,AUD,Closed,,error,,,unknown url type: '3238f46c-793a-43bb-897a-bb1156bb3170',,,,,,,,,814,2026-07-30T09:17:54.657497
16927,Illion,1100,AUD,Closed,Drive Mate,error,,,unknown url type: '319f8139-3f24-48f0-9413-a4311727aaa9',,,,,,,,,814,2026-07-30T09:17:54.657508
16871,,1526,SGD,Closed,,error,,,unknown url type: '5211f7b4-0bc6-4b26-896a-60da2c936740',,,,,,,,,814,2026-07-30T09:17:54.657520
16867,,3000,AUD,Closed,Drive mate,error,,,unknown url type: '273c7c52-69e1-4237-82b3-360241028a38',,,,,,,,,814,2026-07-30T09:17:54.657533
16837,,663.25,AUD,Closed,Drive mate,error,,,unknown url type: 'f4c731d0-7398-4e88-ab89-5dfaed3a9c65',,,,,,,,,814,2026-07-30T09:17:54.657544
16825,,82384.34,AUD,Closed,Drive mate,error,,,unknown url type: '5192561d-cba1-4ddd-a642-0cd779fba3fd',,,,,,,,,814,2026-07-30T09:17:54.657555
16824,,64323.21,AUD,Closed,Drive mate,error,,,unknown url type: 'fffe2072-febf-45ae-80c2-c2dd65fd5b05',,,,,,,,,814,2026-07-30T09:17:54.657567
16822,Penguin Risk Solutions,64323.21,AUD,Closed,Drive mate,error,,,unknown url type: '05e687db-f0db-4f6a-90c0-a0d61c0ed311',,,,,,,,,814,2026-07-30T09:17:54.657578
16802,,18715.48,AUD,Closed,,error,,,unknown url type: '5f64b634-7464-45f4-88d3-aa2c665293b1',,,,,,,,,814,2026-07-30T09:17:54.657590
16695,,468.7,SGD,Closed,,no_attachment,,,,,,,,,,,,814,2026-07-30T09:17:54.657601
16694,,436,SGD,Closed,,error,,,unknown url type: 'a01e1a7f-17c8-43d0-81df-691206b0dca0',,,,,,,,,814,2026-07-30T09:17:54.657610
16685,GT,2300,AUD,Closed,Drive mate,error,,,unknown url type: '0a5855b9-fc8e-4c3e-98d9-995c23c628fe',,,,,,,,,814,2026-07-30T09:17:54.657622
16684,PACK SEND Marrickville,7507.5,AUD,Closed,Drive Mate,error,,,unknown url type: 'afc6a718-1296-43e3-b56f-97c3bc502a3f',,,,,,,,,814,2026-07-30T09:17:54.657633
16683,Thinxtra Solutions Pty Ltd,19009.38,AUD,Closed,Drive Mate,error,,,unknown url type: '3f2a9eac-9531-4cee-bf1e-8df24a2e889e',,,,,,,,,814,2026-07-30T09:17:54.657645
16681,Sentrilock LLC,1119,USD,Closed,Drive Mate,error,,,unknown url type: '8404ad96-3f33-4672-814e-4be1d68c14ee',,,,,,,,,814,2026-07-30T09:17:54.657657
16676,GT,2300,AUD,Closed,Drive mate,error,,,unknown url type: 'cfc94fe6-0ec3-439f-b59b-c538f9f01ebc',,,,,,,,,814,2026-07-30T09:17:54.657668
16650,GT,300,AUD,Closed,Drive mate,no_attachment,,,,,,,,,,,,814,2026-07-30T09:17:54.657679
16644,GT,300,AUD,Closed,Drive mate,no_attachment,,,,,,,,,,,,814,2026-07-30T09:17:54.657688
16640,GT,300,AUD,Closed,Drive mate,error,,,unknown url type: '3438c30b-1b75-423d-9446-f5df32ec72f6',,,,,,,,,814,2026-07-30T09:17:54.657697
16632,,220,AUD,Approval Required,Drive mate,error,,,unknown url type: '9d126b0f-3310-4e4b-9025-b4e4607fedca',,,,,,,,,814,2026-07-30T09:17:54.657709
16590,,220,AUD,Closed,Drive mate,error,,,unknown url type: '19ca2ad4-c936-4a21-ba09-6378def2f861',,,,,,,,,814,2026-07-30T09:17:54.657720
16493,,300,AUD,Closed,Drive mate,error,,,unknown url type: '07ca83e7-01f7-4654-bb05-650c7c27b287',,,,,,,,,814,2026-07-30T09:17:54.657731
16471,Humax Australia Pty Ltd,13094.4,USD,Closed,Drive Mate,error,,,unknown url type: '56c524b6-9ca5-46d5-b805-b57265fb5337',,,,,,,,,814,2026-07-30T09:17:54.657743
16470,Humaxe,12830.4,USD,Closed,Drive mate,error,,,unknown url type: '06ad5110-56ee-4a3a-9711-3190fa7321b3',,,,,,,,,814,2026-07-30T09:17:54.657755
16469,Lloyd Cowan,82.5,AUD,Closed,Drive Mate,error,,,unknown url type: '2209fcc2-9d2e-41d5-878b-bd5d47b2c4f1',,,,,,,,,814,2026-07-30T09:17:54.657766
16468,Lloyd Cowan,220,AUD,Closed,Drive Mate,error,,,unknown url type: 'a78f3b86-ba0d-4225-a23d-90a476d8ff54',,,,,,,,,814,2026-07-30T09:17:54.657778
16427,,28637.07,AUD,Closed,,no_attachment,,,,,,,,,,,,814,2026-07-30T09:17:54.657789
16426,,15354.71,AUD,Closed,,error,,,unknown url type: '612168b0-024d-4044-908e-ab800a709443',,,,,,,,,814,2026-07-30T09:17:54.657798
16425,,154,AUD,Closed,Drive mate,no_attachment,,,,,,,,,,,,814,2026-07-30T09:17:54.657810
16415,,2750,AUD,Closed,Drive mate,error,,,unknown url type: '85a2636d-eb4e-4201-88b3-473ab11f8c93',,,,,,,,,814,2026-07-30T09:17:54.657819
16387,,178,AUD,Closed,Drive mate,error,,,unknown url type: 'afb9fd6c-e173-4133-a806-a386616c5011',,,,,,,,,814,2026-07-30T09:17:54.657831
16374,,3523.85,AUD,Closed,Drive mate,error,,,unknown url type: '22ed3666-306b-403a-94b2-dd94dc25733a',,,,,,,,,814,2026-07-30T09:17:54.657842
16348,,2820,AUD,Closed,Drive mate,error,,,unknown url type: '274e9829-42ad-42a5-8f59-537a6a57a910',,,,,,,,,814,2026-07-30T09:17:54.657853
16347,,220,AUD,Closed,Drive mate,error,,,unknown url type: '62c9c787-c957-47f7-b73e-0da725529a71',,,,,,,,,814,2026-07-30T09:17:54.657864
16342,,2000,AUD,Closed,Drive mate,no_attachment,,,,,,,,,,,,814,2026-07-30T09:17:54.657876
16332,,17022.74,AUD,Closed,,error,,,unknown url type: 'bd353b81-d452-435b-8af3-1d549c5c59a8',,,,,,,,,814,2026-07-30T09:17:54.657885
16325,,1281.5,AUD,Closed,Drive mate,error,,,unknown url type: '518501f1-33c8-492a-8e88-1018388b804c',,,,,,,,,814,2026-07-30T09:17:54.657897
16277,,3583.65,AUD,Closed,Drive mate,error,,,unknown url type: 'f1f00760-93a5-41b0-9174-ba87e324da21',,,,,,,,,814,2026-07-30T09:17:54.657908
16259,,425.7,AUD,Closed,Drive mate,error,,,unknown url type: '736e0317-1212-46dd-ae08-5bf2ffb6f225',,,,,,,,,814,2026-07-30T09:17:54.657920
16185,,8053.51,USD,Closed,,no_attachment,,,,,,,,,,,,814,2026-07-30T09:17:54.657931
16176,,165,AUD,Closed,Drive mate,error,,,unknown url type: 'd97712ea-a964-4ea5-ad25-c913e7906f8f',,,,,,,,,814,2026-07-30T09:17:54.657941
16167,,4530,SGD,Closed,Drive lah,no_attachment,,,,,,,,,,,,814,2026-07-30T09:17:54.657952
16145,,2000,AUD,Closed,Drive mate,error,,,unknown url type: '40dfcbd6-6af8-4c1e-a7a7-cdb3f3e5c756',,,,,,,,,814,2026-07-30T09:17:54.657961
16107,,140,AUD,Closed,Drive mate,error,,,unknown url type: 'e83474c3-f146-4b62-8b58-e6886892cfad',,,,,,,,,814,2026-07-30T09:17:54.657972
16105,,220,AUD,Closed,Drive mate,error,,,unknown url type: '309a2fc7-3d0a-4a3c-bd5d-eb2387eaf0e4',,,,,,,,,814,2026-07-30T09:17:54.657983
16080,,731.5,AUD,Closed,Drive mate,error,,,unknown url type: '1f559674-5ab5-43b7-9b06-e35801837dd1',,,,,,,,,814,2026-07-30T09:17:54.658006
16076,,689.56,AUD,Closed,Drive mate,error,,,unknown url type: '861353d1-cbb4-477a-a7db-f08108963d3e',,,,,,,,,814,2026-07-30T09:17:54.658017
16065,,2625.96,AUD,Closed,Drive mate,error,,,unknown url type: 'd5b6f0b6-b6ee-409b-9b43-45de0795d655',,,,,,,,,814,2026-07-30T09:17:54.658028
16063,,495,AUD,Closed,Drive mate,error,,,unknown url type: '75efc8d3-bbd3-489b-ba21-d74783736c79',,,,,,,,,814,2026-07-30T09:17:54.658045
16053,,165,AUD,Closed,Drive mate,error,,,unknown url type: '0cd42be1-6cfa-4125-8aae-5172a38848ab',,,,,,,,,814,2026-07-30T09:17:54.658056
16040,,2000,AUD,Closed,Drive mate,error,,,unknown url type: 'f5046e71-29db-45bb-9238-1d6bf4b184fc',,,,,,,,,814,2026-07-30T09:17:54.658072
16029,,814,AUD,Closed,Drive mate,error,,,unknown url type: '8ecce606-9fda-4992-ab00-6343d63e55bd',,,,,,,,,814,2026-07-30T09:17:54.658084
16005,Incrementors,1362,SGD,Closed,Drive lah,no_attachment,,,,,,,,,,,,814,2026-07-30T09:17:54.658096
15970,,635,MYR,Closed,,no_attachment,,,,,,,,,,,,814,2026-07-30T09:17:54.658110
15961,,880,AUD,Closed,Drive mate,error,,,unknown url type: 'fd5bb92e-673b-4426-a2f8-427416ad88ee',,,,,,,,,814,2026-07-30T09:17:54.658120
15959,,2915,AUD,Closed,Drive mate,error,,,unknown url type: '25cc446b-4628-4986-a8f1-807bf327fe24',,,,,,,,,814,2026-07-30T09:17:54.658131
15955,,2950,AUD,Closed,Drive mate,error,,,unknown url type: 'fd2ca8dd-7138-421a-8597-fc20151bc3dc',,,,,,,,,814,2026-07-30T09:17:54.658147
15942,,2000,AUD,Closed,Drive mate,error,,,unknown url type: 'f893d52c-3780-4b7f-a1b6-f3036ad607f2',,,,,,,,,814,2026-07-30T09:17:54.658158
15812,Venture Haven,1978.5,SGD,Approval Required,Drive lah,error,,,unknown url type: 'b02840f2-fdcc-4252-8a17-69a1b25a979f',,,,,,,,,814,2026-07-30T09:17:54.658170
15810,,300,AUD,Closed,Drive mate,no_attachment,,,,,,,,,,,,814,2026-07-30T09:17:54.658186
15809,,2000,AUD,Closed,Drive mate,error,,,unknown url type: '6326758a-248b-47fe-ad07-201f15213b76',,,,,,,,,814,2026-07-30T09:17:54.658195
15794,,5539.05,AUD,Closed,Drive mate,error,,,unknown url type: '02117624-0945-45a3-bd9c-d92ed0ba54fd',,,,,,,,,814,2026-07-30T09:17:54.658206
15775,,440,AUD,Closed,Drive mate,error,,,unknown url type: '320d446c-d31e-45b6-a9d4-4823f062a006',,,,,,,,,814,2026-07-30T09:17:54.658223
15774,,53534.03,AUD,Closed,,no_attachment,,,,,,,,,,,,814,2026-07-30T09:17:54.658234
15762,,185.9,AUD,Closed,Drive mate,error,,,unknown url type: 'ee0fcd68-c9fd-45f3-b75e-5b7a041345ce',,,,,,,,,814,2026-07-30T09:17:54.658249
15748,,3603.6,AUD,Closed,Drive mate,error,,,unknown url type: '428a945d-a23e-4204-94d6-e18f87eab3ee',,,,,,,,,814,2026-07-30T09:17:54.658260
15732,Thinxtra,18715.48,AUD,Closed,Drive mate,error,,,unknown url type: '36c0865d-b1b2-405e-b4d5-34c50caf1953',,,,,,,,,814,2026-07-30T09:17:54.658272
15730,PACK SEND Marrickville,7507.5,AUD,Closed,Drive Mate,error,,,unknown url type: '7a07de3c-7e61-40a7-b8f5-74251b04af77',,,,,,,,,814,2026-07-30T09:17:54.658288
15728,Sentrilock LLC,2130,USD,Closed,Drive Mate,error,,,unknown url type: '2b24031b-7b3f-4c70-ab49-e7e1ff5185eb',,,,,,,,,814,2026-07-30T09:17:54.658300
15712,,208,AUD,Closed,Drive mate,error,,,unknown url type: 'd8fe45b9-b41e-478f-900c-8e35c0b940dc',,,,,,,,,814,2026-07-30T09:17:54.658312
15641,,0,AUD,Closed,Drive mate,error,,,unknown url type: '79b1f515-77d8-4403-9b6f-8b65988204f0',,,,,,,,,814,2026-07-30T09:17:54.658323
15640,,165,AUD,Closed,Drive mate,error,,,unknown url type: '1d825b33-7b1c-4b5c-8984-fa518b281e56',,,,,,,,,814,2026-07-30T09:17:54.658334
15627,,1526,SGD,Closed,,error,,,unknown url type: '23bb0967-d8c8-4c9b-894a-5dc039f5c23a',,,,,,,,,814,2026-07-30T09:17:54.658345
15623,,862.93,AUD,Closed,Drive mate,error,,,unknown url type: 'bd69deb7-7429-4e07-ae39-16d11ab1df93',,,,,,,,,814,2026-07-30T09:17:54.658356
15621,,2000,AUD,Closed,Drive mate,no_attachment,,,,,,,,,,,,814,2026-07-30T09:17:54.658368
15611,,1780,AUD,Closed,Drive mate,error,,,unknown url type: '2ce33e01-19f0-4746-b447-578f2d7f8373',,,,,,,,,814,2026-07-30T09:17:54.658377
15596,,220,AUD,Closed,Drive mate,error,,,unknown url type: '3bdccbd6-4345-4950-b087-7458c38075e2',,,,,,,,,814,2026-07-30T09:17:54.658390
15592,,2000,AUD,Closed,Drive mate,error,,,unknown url type: '6aef225f-8475-4f25-88f7-61a36c820005',,,,,,,,,814,2026-07-30T09:17:54.658401
15474,,690,SGD,Closed,Drive lah,no_attachment,,,,,,,,,,,,814,2026-07-30T09:17:54.658412
15415,Tokio Marine,196.2,SGD,Closed,Drive lah,error,,,unknown url type: 'de12943f-49ee-4160-ab74-cc4a89864547',,,,,,,,,814,2026-07-30T09:17:54.658421
15409,,321.42,AUD,Closed,Drive mate,error,,,unknown url type: 'eeffe3ea-35c5-40c8-a893-dd84cdcd6443',,,,,,,,,814,2026-07-30T09:17:54.658433
15407,PACK SEND Marrickville,7507.5,AUD,Closed,Drive Mate,error,,,unknown url type: '6c8456d7-29a7-4b5d-80c3-add29f144af1',,,,,,,,,814,2026-07-30T09:17:54.658448
15380,,2000,AUD,Closed,Drive mate,error,,,unknown url type: 'f42a22ed-e719-4618-8e85-294176db6761',,,,,,,,,814,2026-07-30T09:17:54.658459
15338,,2542.97,SGD,Closed,Drive lah,error,,,unknown url type: '57f06e5e-80ff-44cf-b59f-9d3055cf86b8',,,,,,,,,814,2026-07-30T09:17:54.658471
15305,,1878,SGD,Closed,Drive lah,error,,,unknown url type: '6fc72196-9caa-41f5-854f-58b8febad17c',,,,,,,,,814,2026-07-30T09:17:54.658482
15301,,1044,MYR,Closed,Drive lah,error,,,unknown url type: '8c9bd6ee-9306-4860-ae51-d7ce945ebf16',,,,,,,,,814,2026-07-30T09:17:54.658493
15288,,2000,AUD,Closed,Drive mate,error,,,unknown url type: '83f3acf6-02d0-43ce-92aa-42dfb2121c62',,,,,,,,,814,2026-07-30T09:17:54.658504
15111,,1144,AUD,Closed,Drive mate,error,,,unknown url type: 'ee7cd948-f7ed-4ab6-b262-52bd2e7842f5',,,,,,,,,814,2026-07-30T09:17:54.658515
15014,,2692.8,AUD,Closed,Drive mate,error,,,unknown url type: 'd8bca883-0d75-42b0-a741-c916db439c82',,,,,,,,,814,2026-07-30T09:17:54.658526
14989,,2824.25,AUD,Closed,Drive mate,error,,,unknown url type: '8c6fa7fe-b8de-4607-a26e-e750d00e3d1a',,,,,,,,,814,2026-07-30T09:17:54.658538
14982,,90388.21,AUD,Closed,,error,,,unknown url type: '4075d3a1-60b5-4008-9200-d8a7a5122d6f',,,,,,,,,814,2026-07-30T09:17:54.658550
14979,,165,SGD,Closed,Drive mate,error,,,unknown url type: 'c9079fbb-79dc-47c5-8d7b-959a12a5fa81',,,,,,,,,814,2026-07-30T09:17:54.658561
14971,,8800,AUD,Closed,Drive mate,error,,,unknown url type: '1001abea-5857-4888-9afa-9a07653d3cf3',,,,,,,,,814,2026-07-30T09:17:54.658572
14970,,8800,AUD,Closed,Drive mate,error,,,unknown url type: '5a8e20f0-4021-4142-866b-aaf1ae0d9fa8',,,,,,,,,814,2026-07-30T09:17:54.658583
14938,,1526,SGD,Closed,,error,,,unknown url type: 'fc998c35-4acf-4cb1-9541-3acb23d4656f',,,,,,,,,814,2026-07-30T09:17:54.658595
14911,,2000,AUD,Closed,Drive mate,error,,,unknown url type: '2fde8ef8-a6ab-4a81-ac48-15efc41e4bad',,,,,,,,,814,2026-07-30T09:17:54.658606
14898,,2000,AUD,Closed,Drive mate,error,,,unknown url type: 'e22a1330-5841-4566-9edf-cd1e3a7268de',,,,,,,,,814,2026-07-30T09:17:54.658617
14891,,165,AUD,Closed,Drive mate,error,,,unknown url type: 'd903f56d-6728-449d-bac1-258954e0ec76',,,,,,,,,814,2026-07-30T09:17:54.658628
14867,,2000,AUD,Closed,Drive mate,error,,,unknown url type: 'cab2ffa9-a44d-4125-94c4-a1f7aac64900',,,,,,,,,814,2026-07-30T09:17:54.658639
14865,,2000,AUD,Closed,Drive mate,error,,,unknown url type: '51384d2c-4a8f-4120-9480-0d7e13f4671b',,,,,,,,,814,2026-07-30T09:17:54.658651
14862,,2000,AUD,Closed,Drive mate,error,,,unknown url type: 'f6830e4d-fe20-4c40-bcca-97750a63daad',,,,,,,,,814,2026-07-30T09:17:54.658662
14850,,2000,AUD,Closed,Drive mate,error,,,unknown url type: '6bfa09f8-3c2c-4939-b7a2-6881608593a1',,,,,,,,,814,2026-07-30T09:17:54.658673
14845,,2000,AUD,Closed,Drive mate,error,,,unknown url type: '5bc55f87-8f38-414f-b58c-4efe3008d847',,,,,,,,,814,2026-07-30T09:17:54.658684
14729,,2000,AUD,Closed,Drive mate,no_attachment,,,,,,,,,,,,814,2026-07-30T09:17:54.658695
14580,Wattersons,2276.34,AUD,Closed,Drive mate,error,,,unknown url type: '0c10e03a-b23f-43c7-978a-3cb2f9a2e7f6',,,,,,,,,814,2026-07-30T09:17:54.658704
14579,Wattersons,6927.47,AUD,Closed,Drive mate,error,,,unknown url type: '49e0724d-aeed-490d-8a44-c2fb3399826e',,,,,,,,,814,2026-07-30T09:17:54.658715
14578,Wattersons,2500,AUD,Closed,Drive mate,error,,,unknown url type: '172be30c-0878-4c54-8bce-efb7e388b7b4',,,,,,,,,814,2026-07-30T09:17:54.658727
14568,,3344,AUD,Closed,Drive mate,error,,,unknown url type: 'ff6dce6a-9248-486d-b493-4c404cecb1ff',,,,,,,,,814,2026-07-30T09:17:54.658738
14511,,2000,SGD,Closed,Drive lah,no_attachment,,,,,,,,,,,,814,2026-07-30T09:17:54.658749
14500,,1215.7,AUD,Closed,Drive mate,error,,,unknown url type: '84970be6-008c-45df-9b48-7bfe85d6685c',,,,,,,,,814,2026-07-30T09:17:54.658758
14434,RACQ,2775.34,AUD,Closed,Drive mate,error,,,unknown url type: 'cba9314b-4b4f-46ea-8f4d-8ac920290a40',,,,,,,,,814,2026-07-30T09:17:54.658770
14433,RACQ,3787.56,AUD,Closed,Drive mate,error,,,unknown url type: '4ab476d8-62df-4db4-aff4-82fed96a83c5',,,,,,,,,814,2026-07-30T09:17:54.658781
14431,RACQ,3922.99,AUD,Closed,Drive mate,error,,,unknown url type: '72134770-bdeb-44ff-800b-4cf47dadd267',,,,,,,,,814,2026-07-30T09:17:54.658793
14430,RACQ,100,AUD,Closed,Drive mate,error,,,unknown url type: '403394f2-5c2b-40af-80b0-ad3050c33985',,,,,,,,,814,2026-07-30T09:17:54.658808
14428,RACQ,4134.97,AUD,Closed,Drive mate,error,,,unknown url type: 'a3956f0c-05d7-4cf9-9f66-52c0412b78e9',,,,,,,,,814,2026-07-30T09:17:54.658819
14427,RACQ,2955.01,AUD,Closed,Drive mate,error,,,unknown url type: 'fdd254c5-9879-45e4-84d6-a6bde553f9fe',,,,,,,,,814,2026-07-30T09:17:54.658832
14426,RACQ,2783.48,AUD,Closed,Drive mate,error,,,unknown url type: '8998ffa9-4cb4-4e51-b939-b10f66679887',,,,,,,,,814,2026-07-30T09:17:54.658843
14367,,5048,SGD,Closed,Drive lah,no_attachment,,,,,,,,,,,,814,2026-07-30T09:17:54.658854
14351,,731.85,AUD,Closed,Drive mate,error,,,unknown url type: 'c629e0e5-9842-48f4-8db6-3881c83675e7',,,,,,,,,814,2026-07-30T09:17:54.658864
14265,,950.4,AUD,Closed,Drive mate,error,,,unknown url type: 'a2cbb26b-173f-47e3-ba62-57ba64e5aac1',,,,,,,,,814,2026-07-30T09:17:54.658875
14256,,1815,AUD,Closed,Drive mate,error,,,unknown url type: 'cb501cb2-b6c5-42fb-b488-51ddef579444',,,,,,,,,814,2026-07-30T09:17:54.658887
14191,,2000,AUD,Closed,Drive mate,error,,,unknown url type: '182f34c4-e2e6-426c-bec3-9c925d336a04',,,,,,,,,814,2026-07-30T09:17:54.658898
14182,,363,AUD,Closed,Drive mate,error,,,unknown url type: '2715608d-4464-4a6c-903e-979eaf09f3b1',,,,,,,,,814,2026-07-30T09:17:54.658909
14145,,330,SGD,Closed,Drive lah,error,,,unknown url type: '81308d98-c79d-4577-8965-7958ee989cab',,,,,,,,,814,2026-07-30T09:17:54.658920
14111,,2000,AUD,Closed,Drive mate,error,,,unknown url type: '458becec-63f7-46b3-b831-d3e39b9e793e',,,,,,,,,814,2026-07-30T09:17:54.658931
14108,,2000,AUD,Closed,Drive mate,no_attachment,,,,,,,,,,,,814,2026-07-30T09:17:54.658942
14094,,2000,AUD,Closed,Drive mate,error,,,unknown url type: '1b7e2149-3065-4ab3-9d39-a1b6d7d933bf',,,,,,,,,814,2026-07-30T09:17:54.658950
14009,,2000,AUD,Closed,Drive mate,error,,,unknown url type: 'da07a0f8-d506-48a9-808c-60b0150242cb',,,,,,,,,814,2026-07-30T09:17:54.658961
14005,,1000,AUD,Closed,Drive mate,error,,,unknown url type: 'f31381e2-417a-4f34-b06a-ab92b3936c95',,,,,,,,,814,2026-07-30T09:17:54.658972
13976,,2350,AUD,Closed,Drive mate,no_attachment,,,,,,,,,,,,814,2026-07-30T09:17:54.658983
13974,,2000,AUD,Closed,Drive mate,error,,,unknown url type: '4014526c-6d21-4633-be4c-0462bc6a187c',,,,,,,,,814,2026-07-30T09:17:54.658993
13959,,18758.61,AUD,Closed,Drive mate,error,,,unknown url type: '7387a980-2653-4d33-9104-0cc474c5a0f7',,,,,,,,,814,2026-07-30T09:17:54.659004
13958,,1350,USD,Closed,Drive mate,error,,,unknown url type: '077d0e00-1db6-4fd5-b575-f035a70acff6',,,,,,,,,814,2026-07-30T09:17:54.659015
13957,,12724.8,USD,Closed,Drive mate,error,,,unknown url type: 'b667819c-dc8c-4bc3-95d2-94d240642849',,,,,,,,,814,2026-07-30T09:17:54.659026
13956,,2600,AUD,Closed,Drive mate,error,,,unknown url type: 'fc3917bf-4f4c-4f68-a2e9-93be94ebd86d',,,,,,,,,814,2026-07-30T09:17:54.659038
13955,,599.06,AUD,Closed,Drive mate,error,,,unknown url type: '7f4b0b1a-e28b-4aa3-9958-c5e4fc4033a4',,,,,,,,,814,2026-07-30T09:17:54.659049
13954,,470.87,AUD,Closed,Drive mate,error,,,unknown url type: 'babcf529-16b0-4a71-89c2-211f106a3766',,,,,,,,,814,2026-07-30T09:17:54.659060
13952,,2000,AUD,Closed,Drive mate,error,,,unknown url type: 'e4986341-c905-4bcc-972d-625eab9e9b5e',,,,,,,,,814,2026-07-30T09:17:54.659072
13951,,423.4,AUD,Closed,Drive mate,error,,,unknown url type: '9f72af45-0f77-48e1-8d90-3ba2a3791533',,,,,,,,,814,2026-07-30T09:17:54.659083
13948,,3300,AUD,Closed,Drive mate,error,,,unknown url type: 'afc74555-47cc-4c9c-9f82-fece4056dfc8',,,,,,,,,814,2026-07-30T09:17:54.659094
13947,,4850,AUD,Closed,Drive mate,error,,,unknown url type: '59ad212e-6b9c-45cc-a9ec-1eb629c81355',,,,,,,,,814,2026-07-30T09:17:54.659105
13945,,2520,AUD,Closed,Drive mate,error,,,unknown url type: '86bfd854-8426-4f7e-b491-a74aa62546da',,,,,,,,,814,2026-07-30T09:17:54.659116
13942,,1865,AUD,Closed,Drive mate,error,,,unknown url type: 'cfa73dcd-6d82-4376-956c-76e297006e08',,,,,,,,,814,2026-07-30T09:17:54.659128
13896,AWS,12543.91,SGD,Closed,,error,,,unknown url type: '8b02fd47-827e-46c4-a9ed-57612bd1dabf',,,,,,,,,814,2026-07-30T09:17:54.659139
13895,AWS,3058.69,SGD,Closed,,error,,,unknown url type: '23e800c3-ff2d-47ba-bc40-c71f033e1903',,,,,,,,,814,2026-07-30T09:17:54.659150
13894,,194.18,SGD,Closed,,error,,,unknown url type: '0651b9da-0938-471a-a84a-5f71c148905d',,,,,,,,,814,2026-07-30T09:17:54.659163
13893,AWS,3091.22,SGD,Closed,Central,error,,,unknown url type: 'c37dc3e7-081a-4f0d-a228-8cfd4a63445d',,,,,,,,,814,2026-07-30T09:17:54.659175
13892,,9527.19,SGD,Closed,,error,,,unknown url type: '7b2eddd3-5528-4727-ab2d-0832b7bbfc7c',,,,,,,,,814,2026-07-30T09:17:54.659187
13891,,152.83,SGD,Closed,,error,,,unknown url type: 'de7f186a-2b99-48ee-9d8f-e7ebe5e8a2c4',,,,,,,,,814,2026-07-30T09:17:54.659198
13863,,2000,AUD,Closed,Drive mate,error,,,unknown url type: 'fa4c91f4-585f-4a40-9b32-1b224112934d',,,,,,,,,814,2026-07-30T09:17:54.659210
13836,,2000,AUD,Closed,Drive mate,no_attachment,,,,,,,,,,,,814,2026-07-30T09:17:54.659221
13813,,2300,AUD,Closed,Drive mate,error,,,unknown url type: 'de45d5cc-f6ca-408c-82a3-e789616c9be7',,,,,,,,,814,2026-07-30T09:17:54.659231
13797,,1572,AUD,Closed,Drive mate,error,,,unknown url type: '3236ce75-f33a-4398-ba1d-6d2ebe8e7f70',,,,,,,,,814,2026-07-30T09:17:54.659242
13685,,2000,AUD,Closed,Drive mate,no_attachment,,,,,,,,,,,,814,2026-07-30T09:17:54.659253
13673,,2000,AUD,Closed,Drive mate,error,,,unknown url type: '8a51b814-1d04-4fd7-8f4b-5fc44966fc05',,,,,,,,,814,2026-07-30T09:17:54.659262
13546,,12023.16,USD,Closed,,error,,,unknown url type: '9120684b-4b2c-44e1-b5f1-d7a6607af298',,,,,,,,,814,2026-07-30T09:17:54.659273
13545,Onfido,11687.29,USD,Closed,Central,error,,,unknown url type: '5e88975d-3b1c-4560-b951-532872731d35',,,,,,,,,814,2026-07-30T09:17:54.659284
13542,,3786.97,USD,Closed,,error,,,unknown url type: 'e2c10243-c447-4ccd-9de2-9f3d86aa8117',,,,,,,,,814,2026-07-30T09:17:54.659295
13541,,3576,USD,Closed,,error,,,unknown url type: 'e66ef70f-8b2a-4872-97ae-bd7a9812fc6e',,,,,,,,,814,2026-07-30T09:17:54.659307
13519,,2000,SGD,Closed,Drive mate,error,,,unknown url type: 'd6f77adb-3c3d-4bd3-930a-dc5eccb3c80a',,,,,,,,,814,2026-07-30T09:17:54.659318
13431,,7110,SGD,Closed,Drive lah,error,,,unknown url type: '63acd8bb-0166-47fb-b802-d0206024239f',,,,,,,,,814,2026-07-30T09:17:54.659329
13405,,1430,AUD,Closed,Drive mate,error,,,unknown url type: 'f7352247-1439-4af9-b6f4-beacc16897de',,,,,,,,,814,2026-07-30T09:17:54.659340
13404,,3635.5,AUD,Closed,Drive mate,error,,,unknown url type: '545fe75a-8d54-4b7c-b089-5638df90e2b3',,,,,,,,,814,2026-07-30T09:17:54.659351
13403,,3905,AUD,Closed,Drive mate,error,,,unknown url type: '8d84d9f6-177b-4551-b124-160f83f94b15',,,,,,,,,814,2026-07-30T09:17:54.659363
13163,,1089,AUD,Closed,Drive mate,error,,,unknown url type: '8bb3c29e-11da-4702-adf0-887d7c4d80e9',,,,,,,,,814,2026-07-30T09:17:54.659374
13136,,1362,SGD,Closed,Drive lah,no_attachment,,,,,,,,,,,,814,2026-07-30T09:17:54.659385
13135,,1362,SGD,Closed,Drive lah,error,,,unknown url type: '1dfda95b-3f52-48aa-937e-573081bb3aa9',,,,,,,,,814,2026-07-30T09:17:54.659395
13087,,147.73,AUD,Closed,Drive mate,no_attachment,,,,,,,,,,,,814,2026-07-30T09:17:54.659405
13040,,309.98,AUD,Closed,Drive mate,error,,,unknown url type: '473acf33-2352-418d-925c-8ba4e21720cc',,,,,,,,,814,2026-07-30T09:17:54.659415
13035,,542.94,AUD,Closed,Drive mate,error,,,unknown url type: 'b7ece547-ad5c-44d3-a54f-9fbd48907732',,,,,,,,,814,2026-07-30T09:17:54.659426
13033,Bird & BIrd,16880.63,AUD,Closed,Drive mate,error,,,unknown url type: '24cbe14f-0fcb-4318-8f89-cd671ad08664',,,,,,,,,814,2026-07-30T09:17:54.659438
12988,,1027.93,AUD,Closed,Drive mate,error,,,unknown url type: '42d22f39-fc7d-43af-9fdb-ccc7797ee16b',,,,,,,,,814,2026-07-30T09:17:54.659450
12982,Wattersons,4703.22,AUD,Closed,Drive mate,error,,,unknown url type: '8c376d4c-8d77-496c-9bec-8ea45c033e16',,,,,,,,,814,2026-07-30T09:17:54.659461
12978,,5725.42,AUD,Closed,Drive mate,error,,,unknown url type: '624a0ee3-011e-47de-9db2-39fd9b2107fd',,,,,,,,,814,2026-07-30T09:17:54.659472
12779,,1133,AUD,Closed,Drive mate,error,,,unknown url type: '028d40e5-0891-4fb2-9258-d1c510a46813',,,,,,,,,814,2026-07-30T09:17:54.659484
12713,,2990,SGD,Closed,Drive lah,error,,,unknown url type: '09ea3266-f195-455e-a994-c1ea1641b382',,,,,,,,,814,2026-07-30T09:17:54.659495
12474,,1526,SGD,Closed,,error,,,unknown url type: '281c6f97-2d6c-4f2b-a82b-59d31a65032f',,,,,,,,,814,2026-07-30T09:17:54.659506
12451,,2000,AUD,Closed,,no_attachment,,,,,,,,,,,,814,2026-07-30T09:17:54.659517
12442,,10868.9,AUD,Closed,Drive Mate,error,,,unknown url type: '0410eb88-abb9-4635-9380-1ac54716fd32',,,,,,,,,814,2026-07-30T09:17:54.659526
12429,PACK SEND Marrickville,993.3,AUD,Closed,Drive Mate,error,,,unknown url type: '63aa2e05-c8db-49fb-aa45-4d302f68529f',,,,,,,,,814,2026-07-30T09:17:54.659538
12426,,612.2,AUD,Closed,Drive mate,error,,,unknown url type: 'b3a41ec0-4b96-460e-981f-2b2a311219fe',,,,,,,,,814,2026-07-30T09:17:54.659549
12420,,2374.13,AUD,Closed,Drive mate,error,,,unknown url type: '5e7b514e-d89a-45a7-a96b-86eed350d1fe',,,,,,,,,814,2026-07-30T09:17:54.659560
12366,,2000,AUD,Closed,Drive mate,error,,,unknown url type: '25f5d6cc-393c-41d1-9f5a-44c3641fd892',,,,,,,,,814,2026-07-30T09:17:54.659572
12364,,330,AUD,Closed,Drive mate,error,,,unknown url type: '392467b1-c991-411a-8166-b554a8120b7e',,,,,,,,,814,2026-07-30T09:17:54.659583
12263,,2860,SGD,Closed,Drive lah,error,,,unknown url type: '4553ca73-2350-4d8d-996c-eff6d8d11f0c',,,,,,,,,814,2026-07-30T09:17:54.659594
12218,,500,AUD,Closed,Drive mate,error,,,unknown url type: '8e3311f7-e496-40aa-a19d-7bb6b0cadd64',,,,,,,,,814,2026-07-30T09:17:54.659605
12211,,690,SGD,Closed,Drive lah,no_attachment,,,,,,,,,,,,814,2026-07-30T09:17:54.659616
12174,,5830,AUD,Closed,Drive mate,error,,,unknown url type: '7778cc39-cf10-4bae-8a23-71f86ad6d070',,,,,,,,,814,2026-07-30T09:17:54.659626
12172,,500,AUD,Closed,Drive mate,error,,,unknown url type: 'e6065dd2-c457-4f07-94ef-0d1ab589c88b',,,,,,,,,814,2026-07-30T09:17:54.659637
12171,,620.95,AUD,Closed,Drive mate,error,,,unknown url type: 'd1ec1d9f-9033-4c63-9f7e-5139394d573a',,,,,,,,,814,2026-07-30T09:17:54.659648
12169,,816,AUD,Closed,Drive mate,error,,,unknown url type: '829a31d4-e706-4ab5-b4b8-20caf453a574',,,,,,,,,814,2026-07-30T09:17:54.659659
12157,,330,AUD,Closed,Drive mate,error,,,unknown url type: 'a232f143-aa9d-4cfc-aabd-eed65dde9b89',,,,,,,,,814,2026-07-30T09:17:54.659671
12154,,0,AUD,Closed,Drive mate,error,,,unknown url type: '659a7f97-1082-4259-8a3f-d86d4f7bd8cd',,,,,,,,,814,2026-07-30T09:17:54.659682
12069,,2000,AUD,Closed,Drive mate,no_attachment,,,,,,,,,,,,814,2026-07-30T09:17:54.659693
12002,,2987.38,AUD,Closed,Drive mate,error,,,unknown url type: '34e489dd-238f-4235-bcd0-ac3f63ef9948',,,,,,,,,814,2026-07-30T09:17:54.659702
11996,,1980,AUD,Closed,Drive mate,error,,,unknown url type: '0591f8ff-4d63-41b3-ab84-462c9f9a5612',,,,,,,,,814,2026-07-30T09:17:54.659713
11930,,1000,AUD,Closed,Drive mate,error,,,unknown url type: '56d74c3f-b092-4a6e-8aec-f9bdbe936dca',,,,,,,,,814,2026-07-30T09:17:54.659724
11840,,0,SGD,Closed,Drive lah,error,,,unknown url type: '2f422693-5a6e-4bf9-831c-4abd9010a5a7',,,,,,,,,814,2026-07-30T09:17:54.659735
11755,,1391.5,AUD,Closed,,error,,,unknown url type: 'ec03c489-97e4-4220-8468-93c78889ff1d',,,,,,,,,814,2026-07-30T09:17:54.659746
11754,ACE,1815,AUD,Closed,Drive mate,error,,,unknown url type: '8343f3cb-937c-45b1-a4df-1f1c490745d7',,,,,,,,,814,2026-07-30T09:17:54.659758
11753,,3278,AUD,Closed,,error,,,unknown url type: '6b6d257b-ca93-4d09-8441-0f996e79d29d',,,,,,,,,814,2026-07-30T09:17:54.659769
11728,,1020.79,AUD,Closed,Drive mate,error,,,unknown url type: '56288193-37bb-4611-a925-8424d042b5c0',,,,,,,,,814,2026-07-30T09:17:54.659780
11632,,24,SGD,Closed,Drive lah,error,,,unknown url type: '29ab9658-f3b1-48c2-9f94-86619d76cc39',,,,,,,,,814,2026-07-30T09:17:54.659792
11597,,0,AUD,Closed,Drive mate,error,,,unknown url type: '1594889b-9f3a-4ec9-a1b0-6d0a218fe196',,,,,,,,,814,2026-07-30T09:17:54.659804
11480,,0,AUD,Closed,Drive mate,error,,,unknown url type: '95e6e7a2-82d1-426b-9c63-f41680895e55',,,,,,,,,814,2026-07-30T09:17:54.659815
11399,,660,SGD,Closed,Drive lah,error,,,unknown url type: '2d1c4711-4f55-4696-9f23-9641b58037d3',,,,,,,,,814,2026-07-30T09:17:54.659826
11228,,2000,AUD,Closed,Drive mate,error,,,unknown url type: 'a4781310-d218-4bb7-9280-5a2db49ec93d',,,,,,,,,814,2026-07-30T09:17:54.659837
11018,,3200,AUD,Closed,Drive mate,error,,,unknown url type: '28302fd1-3a9f-4778-8da6-03a89457f5c8',,,,,,,,,814,2026-07-30T09:17:54.659848
11017,,470.58,AUD,Closed,Drive mate,error,,,unknown url type: '18485836-f9eb-423c-8630-da796689a8ea',,,,,,,,,814,2026-07-30T09:17:54.659859
11016,,913.15,AUD,Closed,Drive mate,error,,,unknown url type: '5c8b8793-bab5-4573-b374-45e3700c54c9',,,,,,,,,814,2026-07-30T09:17:54.659870
11014,PACK SEND Marrickville,7507.5,AUD,Closed,Drive Mate,error,,,unknown url type: '6be496b4-43b9-4510-a655-dde2e83e74d4',,,,,,,,,814,2026-07-30T09:17:54.659882
11012,,2910,AUD,Closed,Drive mate,error,,,unknown url type: '891fecf1-7144-425d-b4c9-d76fd8089c89',,,,,,,,,814,2026-07-30T09:17:54.659894
11009,,1225.14,AUD,Closed,Drive mate,error,,,unknown url type: '956a621c-7c0b-4a9b-b0c6-db357e83b314',,,,,,,,,814,2026-07-30T09:17:54.659905
11007,,3520,AUD,Closed,Drive mate,error,,,unknown url type: 'bb4f1e30-270c-4c96-99b1-01f0826eefb3',,,,,,,,,814,2026-07-30T09:17:54.659916
11006,,3720,AUD,Closed,Drive mate,error,,,unknown url type: '5c116770-0b2b-418e-9829-0d2f7b2dbf48',,,,,,,,,814,2026-07-30T09:17:54.659927
10994,,0,AUD,Closed,Drive mate,error,,,unknown url type: '5b37bcfa-e047-4d54-8506-674744f6179e',,,,,,,,,814,2026-07-30T09:17:54.659940
10978,,5630,SGD,Closed,Drive lah,error,,,unknown url type: '214ac5d9-3c9f-40ee-bacf-a639306117b6',,,,,,,,,814,2026-07-30T09:17:54.659951
10933,,1210,AUD,Closed,Drive mate,error,,,unknown url type: '560fc335-a109-41db-8933-c65bd9b8f27a',,,,,,,,,814,2026-07-30T09:17:54.659962
10787,,330,AUD,Closed,Drive mate,no_attachment,,,,,,,,,,,,814,2026-07-30T09:17:54.659974
10784,,170,AUD,Closed,Drive mate,error,,,unknown url type: '743e4ecd-d5d2-4707-93f8-63ac88e8a9d4',,,,,,,,,814,2026-07-30T09:17:54.659983
10782,,30,SGD,Closed,Drive lah,error,,,unknown url type: '64ee398f-5d1f-475f-af47-3e012f8b6fb9',,,,,,,,,814,2026-07-30T09:17:54.659994
10781,,30,SGD,Closed,Drive lah,error,,,unknown url type: 'f530d44a-ec43-48d7-a59e-f5da7677a4c9',,,,,,,,,814,2026-07-30T09:17:54.660005
10762,,0,AUD,Closed,Drive mate,error,,,unknown url type: '24d6c39c-0169-4459-8ada-72e22aa8d468',,,,,,,,,814,2026-07-30T09:17:54.660017
10721,,1526,SGD,Closed,Drive lah,error,,,unknown url type: '9a93d770-8554-4a8d-b963-27ade3d02e62',,,,,,,,,814,2026-07-30T09:17:54.660028
10528,,385,AUD,Closed,Drive mate,error,,,unknown url type: 'ab4c3810-e9f1-4791-9cba-4e612c69971d',,,,,,,,,814,2026-07-30T09:17:54.660039
10487,,1500,AUD,Closed,Drive mate,no_attachment,,,,,,,,,,,,814,2026-07-30T09:17:54.660050
10486,,0,AUD,Closed,Drive mate,no_attachment,,,,,,,,,,,,814,2026-07-30T09:17:54.660059
10479,,2000,AUD,Closed,Drive mate,error,,,unknown url type: 'b6a8df83-58b8-4a77-9bf3-78122e693a64',,,,,,,,,814,2026-07-30T09:17:54.660068
10421,,1650,AUD,Closed,Drive mate,error,,,unknown url type: '56d1f137-07da-491f-b58c-fdb5ea2f5d0e',,,,,,,,,814,2026-07-30T09:17:54.660080
10420,,1375,AUD,Closed,Drive mate,error,,,unknown url type: '563fc9c1-c3bc-4fb4-8723-5644f5204a88',,,,,,,,,814,2026-07-30T09:17:54.660091
10419,,440,AUD,Closed,Drive mate,error,,,unknown url type: 'f14c003d-a33b-4c71-98f9-e229fbc79110',,,,,,,,,814,2026-07-30T09:17:54.660102
10418,,2083,AUD,Closed,Drive mate,error,,,unknown url type: '701a97d8-ae3b-4984-badd-964696f2be0a',,,,,,,,,814,2026-07-30T09:17:54.660114
10415,,1348,AUD,Closed,Drive mate,error,,,unknown url type: 'ce1b6840-5075-4c46-b40e-cc17fe4b8b4c',,,,,,,,,814,2026-07-30T09:17:54.660125
10412,,1485,AUD,Closed,Drive mate,error,,,unknown url type: '7fb27473-6f47-43b9-9bf7-f65fbb7cb27b',,,,,,,,,814,2026-07-30T09:17:54.660136
10408,,1122,AUD,Closed,Drive mate,error,,,unknown url type: 'be527c62-273b-4dd9-80ad-04e566b5fa1f',,,,,,,,,814,2026-07-30T09:17:54.660147
10406,,1870,AUD,Closed,Drive mate,error,,,unknown url type: '45a9835a-efcb-4e0a-a0cb-030fe25c815c',,,,,,,,,814,2026-07-30T09:17:54.660158
10403,,1375,AUD,Closed,Drive mate,error,,,unknown url type: '67e2f078-c6de-4a67-bcbd-8073bc6924ae',,,,,,,,,814,2026-07-30T09:17:54.660169
10402,,2310,AUD,Closed,Drive mate,error,,,unknown url type: '4b97a016-0022-4b03-b26d-d040cb04e797',,,,,,,,,814,2026-07-30T09:17:54.660181
10400,,1375,AUD,Closed,Drive mate,error,,,unknown url type: 'f8f1d26e-0925-4efe-8501-767a502e0393',,,,,,,,,814,2026-07-30T09:17:54.660192
10325,,1133,AUD,Closed,Drive mate,error,,,unknown url type: 'ea7aeef0-05c6-4f46-846e-f9eeff08a49e',,,,,,,,,814,2026-07-30T09:17:54.660206
10284,Yuen Law,877.5,SGD,Approval Required,Drive lah,error,,,unknown url type: 'be10b048-460c-4eff-8ea5-3bc5c6895a4d',,,,,,,,,814,2026-07-30T09:17:54.660218
10222,Thinxtra,17569.01,AUD,Closed,Drive mate,error,,,unknown url type: 'a01ffdcd-ad65-4a9d-9256-61d2f30203be',,,,,,,,,814,2026-07-30T09:17:54.660230
10221,,1371,USD,Closed,Drive mate,error,,,unknown url type: '36fc3c26-1619-49d6-b669-700d148d5434',,,,,,,,,814,2026-07-30T09:17:54.660241
10220,,2805.89,AUD,Closed,Drive mate,error,,,unknown url type: 'b7c1375e-79bd-4dea-b89d-302bf255038d',,,,,,,,,814,2026-07-30T09:17:54.660253
10218,,2408.9,SGD,Closed,Drive lah,no_attachment,,,,,,,,,,,,814,2026-07-30T09:17:54.660264
10215,,11000,USD,Closed,Drive mate,error,,,unknown url type: '6cbfc9d6-2908-4ad2-afff-4f6e17a84f2c',,,,,,,,,814,2026-07-30T09:17:54.660273
10214,,11457.6,USD,Closed,Drive mate,error,,,unknown url type: 'f1a92f35-e01b-4aea-a1b5-e9fd1fbe9564',,,,,,,,,814,2026-07-30T09:17:54.660285
10194,,2000,AUD,Closed,Drive mate,error,,,unknown url type: '9766c9b2-f800-4dad-b981-8ca94edc5ae0',,,,,,,,,814,2026-07-30T09:17:54.660296
10123,,8800,AUD,Closed,,error,,,unknown url type: 'e4bcedea-730b-450a-8196-3184491be8a8',,,,,,,,,814,2026-07-30T09:17:54.660307
10122,,8800,AUD,Closed,,error,,,unknown url type: '87f8cdae-6d7a-46a6-9482-a13b5ea7d999',,,,,,,,,814,2026-07-30T09:17:54.660318
10120,,2000,AUD,Closed,Drive mate,error,,,unknown url type: 'b50c4961-8a9b-4332-9229-6ebd32406b3c',,,,,,,,,814,2026-07-30T09:17:54.660329
10108,,8800,AUD,Closed,Drive mate,error,,,unknown url type: '111c637d-13df-4a5e-811e-69e2d5ac3a60',,,,,,,,,814,2026-07-30T09:17:54.660340
10061,,5720,AUD,Closed,Drive mate,error,,,unknown url type: 'b0814102-4fe6-4294-a532-96676023b5b0',,,,,,,,,814,2026-07-30T09:17:54.660352
10019,,3576,USD,Closed,,error,,,unknown url type: '37b43195-dce5-4f7e-8d6b-bb40542b6c34',,,,,,,,,814,2026-07-30T09:17:54.660363
10018,,3441.62,USD,Closed,,error,,,unknown url type: '8690087b-a94e-442d-9921-286f9361bfbc',,,,,,,,,814,2026-07-30T09:17:54.660374
9994,,148.5,SGD,Closed,,error,,,unknown url type: '6956e7eb-c6d6-4771-b547-ca05749f2b91',,,,,,,,,814,2026-07-30T09:17:54.660385
9993,,2284.37,SGD,Closed,,error,,,unknown url type: 'dd2d8cdd-465e-4ef2-b716-c566f70bddaa',,,,,,,,,814,2026-07-30T09:17:54.660397
9992,Moengage,2284,USD,Closed,Central,error,,,unknown url type: '2595a65f-297e-488a-8667-fa0133a0f482',,,,,,,,,814,2026-07-30T09:17:54.660408
9987,,3636.63,USD,Closed,,error,,,unknown url type: 'f8658d31-6dde-4d38-8b75-af7e00c289ce',,,,,,,,,814,2026-07-30T09:17:54.660420
9985,Digital Matter,975.12,AUD,Closed,Drive mate,error,,,unknown url type: '02badaf5-98c0-4ad3-a8b9-51cfdf7ab7c4',,,,,,,,,814,2026-07-30T09:17:54.660431
9984,Digital Matter,999.62,AUD,Closed,Drive mate,error,,,unknown url type: '1cea70a5-cbf0-4500-9751-379e7611c67f',,,,,,,,,814,2026-07-30T09:17:54.660443
9982,,450,SGD,Closed,Drive lah,no_attachment,,,,,,,,,,,,814,2026-07-30T09:17:54.660454
9952,,2000,AUD,Closed,Drive mate,error,,,unknown url type: '1fb0f6e8-af06-4065-8c65-49f7e63b0aec',,,,,,,,,814,2026-07-30T09:17:54.660464
9949,,1860,SGD,Closed,Drive lah,error,,,unknown url type: '29a1cedb-c3b4-44a1-962a-9ffa9ddf3ddc',,,,,,,,,814,2026-07-30T09:17:54.660475
9948,,2490,SGD,Closed,Drive lah,error,,,unknown url type: '0d6d49e2-fae7-4f9a-ac45-58534531095c',,,,,,,,,814,2026-07-30T09:17:54.660486
9939,,387.6,SGD,Closed,Drive lah,error,,,unknown url type: 'c47ef83d-c213-4362-8b0e-add593ba1bb0',,,,,,,,,814,2026-07-30T09:17:54.660497
9918,,2350,AUD,Closed,Drive mate,no_attachment,,,,,,,,,,,,814,2026-07-30T09:17:54.660509
9890,,2539.68,AUD,Closed,Drive mate,error,,,unknown url type: 'e3b441c1-18e9-4d05-aa43-011b2f82e0d9',,,,,,,,,814,2026-07-30T09:17:54.660519
9758,,667,AUD,Closed,Drive mate,error,,,unknown url type: 'ca45f096-20cf-4a4d-9e95-17ede1177d0f',,,,,,,,,814,2026-07-30T09:17:54.660531
9751,,380,SGD,Closed,Drive lah,error,,,unknown url type: 'ad807f19-e3d3-4ef8-8521-0f029aac4135',,,,,,,,,814,2026-07-30T09:17:54.660542
9728,,1362,SGD,Closed,Drive lah,error,,,unknown url type: 'cdfcc5ea-b065-468d-b555-8240ebd8d51f',,,,,,,,,814,2026-07-30T09:17:54.660553
9647,PACK SEND Marrickville,1287.24,AUD,Closed,Drive Mate,error,,,unknown url type: '8c42ed4f-5dd0-4415-955b-c35f23fbd6b1',,,,,,,,,814,2026-07-30T09:17:54.660564
9646,1 Key Locksmiths,7650,AUD,Closed,Drive Mate,error,,,unknown url type: '5487c1b9-e3a8-4c4f-9060-7dacbeedfb6b',,,,,,,,,814,2026-07-30T09:17:54.660576
9642,,5000,AUD,Closed,Drive mate,error,,,unknown url type: 'a7ebbfb6-0d03-4cd7-90a1-648f2af83314',,,,,,,,,814,2026-07-30T09:17:54.660587
9641,,3300,AUD,Closed,Drive mate,error,,,unknown url type: 'c48e1eed-2d57-4a9f-a1bd-a77b202aca9a',,,,,,,,,814,2026-07-30T09:17:54.660598
9639,,804.59,AUD,Closed,Drive mate,error,,,unknown url type: 'aed38760-d17a-48c6-9988-bb69ae106518',,,,,,,,,814,2026-07-30T09:17:54.660609
9638,,3150,AUD,Closed,Drive mate,error,,,unknown url type: '63271ea8-9ca9-4602-b893-6f8e9b04f7c7',,,,,,,,,814,2026-07-30T09:17:54.660621
9636,PACK SEND Marrickville,1548.39,AUD,Closed,Drive Mate,error,,,unknown url type: 'e44f1b8b-a803-4daa-bcab-61f6cfeac556',,,,,,,,,814,2026-07-30T09:17:54.660632
9635,,4900,AUD,Closed,Drive mate,error,,,unknown url type: '8f49a51c-6d81-4d12-ba73-11c21f8cb883',,,,,,,,,814,2026-07-30T09:17:54.660643
9617,,8497.5,AUD,Closed,Drive mate,error,,,unknown url type: '943c57c4-a4e5-4ab2-95aa-9a2c243fc8a3',,,,,,,,,814,2026-07-30T09:17:54.660654
9614,Pack & Send,1566.36,AUD,Closed,Drive mate,error,,,unknown url type: '2b7e7e03-7631-4977-8d26-b9888ca22ef2',,,,,,,,,814,2026-07-30T09:17:54.660666
9604,,1045,AUD,Closed,Drive mate,error,,,unknown url type: '1e9aa48e-674e-421c-9c34-07b367eff8fe',,,,,,,,,814,2026-07-30T09:17:54.660678
9603,,1265,AUD,Closed,Drive mate,error,,,unknown url type: '009b2a76-3129-41fc-8902-510699c0a86c',,,,,,,,,814,2026-07-30T09:17:54.660689
9602,,1298,AUD,Closed,Drive mate,error,,,unknown url type: '433823c8-3337-42a7-a034-e1c492ceaf46',,,,,,,,,814,2026-07-30T09:17:54.660700
9601,,715,AUD,Closed,Drive mate,error,,,unknown url type: 'a59974c8-cc00-4bb8-b2d6-2f04e103ccd0',,,,,,,,,814,2026-07-30T09:17:54.660712
9600,,275,AUD,Closed,Drive mate,error,,,unknown url type: 'ae06aa8e-4cc9-40d7-9611-54e5f6a036ef',,,,,,,,,814,2026-07-30T09:17:54.660724
9599,,1045,AUD,Closed,Drive mate,error,,,unknown url type: 'addbdb89-15de-423a-bab4-e57233af4a26',,,,,,,,,814,2026-07-30T09:17:54.660735
9598,,275,AUD,Closed,Drive mate,error,,,unknown url type: '2d0f6a7f-d1eb-42b3-89b2-50e77af4f400',,,,,,,,,814,2026-07-30T09:17:54.660746
9597,,1650,AUD,Closed,Drive mate,error,,,unknown url type: '9bd89308-3b82-4329-a195-3dac3e401f67',,,,,,,,,814,2026-07-30T09:17:54.660758
9596,,3575,AUD,Closed,Drive mate,error,,,unknown url type: '86fb8141-6439-4ad2-8c02-7b0b24b5910a',,,,,,,,,814,2026-07-30T09:17:54.660769
9595,,1265,AUD,Closed,Drive mate,error,,,unknown url type: 'caa24cdb-e1f7-49ed-9537-7fa56049c6db',,,,,,,,,814,2026-07-30T09:17:54.660780
9594,,1925,AUD,Closed,Drive mate,error,,,unknown url type: 'ecf3aa49-b7d4-4d68-bf1c-d1a1a957ec5f',,,,,,,,,814,2026-07-30T09:17:54.660791
9593,,1265,AUD,Closed,Drive mate,error,,,unknown url type: '0c716156-497d-4c52-8544-29e21d741da0',,,,,,,,,814,2026-07-30T09:17:54.660802
9592,,1298,AUD,Closed,Drive mate,error,,,unknown url type: '24544ee9-e90f-40b6-8607-0065650b08d8',,,,,,,,,814,2026-07-30T09:17:54.660814
9590,,275,AUD,Closed,Drive mate,error,,,unknown url type: '1e361055-97e1-49c1-bcd4-7ac68ecad393',,,,,,,,,814,2026-07-30T09:17:54.660826
9589,,275,AUD,Closed,Drive mate,no_attachment,,,,,,,,,,,,814,2026-07-30T09:17:54.660837
9588,,1298,AUD,Closed,Drive mate,no_attachment,,,,,,,,,,,,814,2026-07-30T09:17:54.660846
9587,,1045,AUD,Closed,Drive mate,no_attachment,,,,,,,,,,,,814,2026-07-30T09:17:54.660855
9586,,1342,AUD,Closed,Drive mate,no_attachment,,,,,,,,,,,,814,2026-07-30T09:17:54.660864
9585,,385,AUD,Closed,Drive mate,no_attachment,,,,,,,,,,,,814,2026-07-30T09:17:54.660873
9584,,1210,AUD,Closed,Drive mate,no_attachment,,,,,,,,,,,,814,2026-07-30T09:17:54.660882
9583,,1760,AUD,Closed,Drive mate,error,,,unknown url type: '329d15ec-76ba-4556-92a7-9456897e8b89',,,,,,,,,814,2026-07-30T09:17:54.660891
9582,,1980,AUD,Closed,Drive mate,error,,,unknown url type: '1339b8cb-48ba-4ba1-9137-c016ba54bdbc',,,,,,,,,814,2026-07-30T09:17:54.660903
9506,,1282.64,USD,Closed,,error,,,unknown url type: 'd341f28f-e3a9-4a0c-8b7b-33439d3dad4f',,,,,,,,,814,2026-07-30T09:17:54.660914
9261,,7400,SGD,Closed,Drive lah,no_attachment,,,,,,,,,,,,814,2026-07-30T09:17:54.660926
9241,,24803.4,AUD,Closed,Drive mate,no_attachment,,,,,,,,,,,,814,2026-07-30T09:17:54.660935
9180,,0,AUD,Closed,Drive mate,error,,,unknown url type: '97a841c9-d870-48e8-a368-9dae05604394',,,,,,,,,814,2026-07-30T09:17:54.660944
9178,,0,AUD,Closed,Drive mate,error,,,unknown url type: '163e50b8-aa9c-4e7a-96d3-1883fec689de',,,,,,,,,814,2026-07-30T09:17:54.660955
9177,,0,AUD,Closed,Drive mate,error,,,unknown url type: '29efb811-d860-4c96-9443-702494816d30',,,,,,,,,814,2026-07-30T09:17:54.660966
9175,,0,AUD,Closed,Drive mate,error,,,unknown url type: '4fa406cf-f8db-4edd-91d5-1e0e009013e6',,,,,,,,,814,2026-07-30T09:17:54.660977
9048,,440,AUD,Closed,Drive mate,error,,,unknown url type: '8a05e367-b3b5-428f-930c-ce492262d09a',,,,,,,,,814,2026-07-30T09:17:54.660989
9047,,440,AUD,Closed,Drive mate,error,,,unknown url type: 'e23357a4-8a24-43cf-887a-293e7d7c0ff3',,,,,,,,,814,2026-07-30T09:17:54.661000
9007,,1228.97,SGD,Closed,Drive lah,error,,,unknown url type: '45436d97-91f1-4781-a6f4-841e44d0712a',,,,,,,,,814,2026-07-30T09:17:54.661012
8990,,2000,AUD,Closed,Drive mate,error,,,unknown url type: 'a5c82d1e-b57f-447d-9dbc-10824dd167ef',,,,,,,,,814,2026-07-30T09:17:54.661023
8956,,0,AUD,Closed,Drive mate,error,,,unknown url type: '803cb219-84fd-413d-b74b-3900d8bdc084',,,,,,,,,814,2026-07-30T09:17:54.661034
8780,,1135.77,AUD,Closed,Drive mate,error,,,unknown url type: '7cb8f49d-c6f5-4c0a-8944-130f9d29fdc3',,,,,,,,,814,2026-07-30T09:17:54.661045
8772,,660,AUD,Closed,Drive mate,error,,,unknown url type: '3dc5f611-0269-46e8-b050-f353a10f2351',,,,,,,,,814,2026-07-30T09:17:54.661057
8758,RACQ,2955.01,AUD,Closed,Drive mate,error,,,unknown url type: '039c2390-3908-441f-a7ce-215f9b98d190',,,,,,,,,814,2026-07-30T09:17:54.661068
8757,RACQ,2783.48,AUD,Closed,Drive mate,error,,,unknown url type: 'd349b884-b25f-4e6a-b5e5-01edcf4b43d3',,,,,,,,,814,2026-07-30T09:17:54.661079
8756,,1025.01,AUD,Closed,,error,,,unknown url type: 'e85490d7-9bbb-460c-b7b6-cef8aa9f1ea7',,,,,,,,,814,2026-07-30T09:17:54.661091
8755,,1079.99,AUD,Closed,,error,,,unknown url type: 'e83f2d37-5cbb-469d-9c53-8264bc4fa9e3',,,,,,,,,814,2026-07-30T09:17:54.661102
8754,,480,AUD,Closed,,error,,,unknown url type: 'e35291b9-24de-4cf1-ae54-1aa3c569b004',,,,,,,,,814,2026-07-30T09:17:54.661113
8679,Justco,8000,SGD,Closed,Central,error,,,unknown url type: '8528e1c6-2aee-4cc4-b3ad-e3f71f6ed729',,,,,,,,,814,2026-07-30T09:17:54.661125
8678,Justco,1308,SGD,Closed,Central,error,,,unknown url type: 'caba62d8-1509-491b-8db3-85ecafb6f8d8',,,,,,,,,814,2026-07-30T09:17:54.661136
8677,Justco,4360,SGD,Closed,Central,error,,,unknown url type: '3489446a-2e8f-4884-97d7-aa9f0a1001ad',,,,,,,,,814,2026-07-30T09:17:54.661147
8598,,300,SGD,Closed,Drive lah,error,,,unknown url type: '0c10cc64-4b24-4a33-81d0-34f27a71ee13',,,,,,,,,814,2026-07-30T09:17:54.661159
8588,,627,AUD,Closed,Drive mate,error,,,unknown url type: '15a35767-05c2-4668-8801-87204a02dbd8',,,,,,,,,814,2026-07-30T09:17:54.661170
8584,,297,AUD,Closed,Drive mate,error,,,unknown url type: '462b3e67-f4a3-4ba5-98c1-b586264a473b',,,,,,,,,814,2026-07-30T09:17:54.661182
8583,,2000,AUD,Closed,Drive mate,no_attachment,,,,,,,,,,,,814,2026-07-30T09:17:54.661193
8539,,704,AUD,Closed,Drive mate,error,,,unknown url type: '86388d1b-1743-4649-91c4-f534e84917a7',,,,,,,,,814,2026-07-30T09:17:54.661202
8512,,1526,SGD,Closed,Drive lah,error,,,unknown url type: 'e841abbe-b9e9-440e-a98e-1f6b7941a868',,,,,,,,,814,2026-07-30T09:17:54.661213
8509,,290.5,AUD,Closed,Drive mate,error,,,unknown url type: '03fd922c-8915-48c4-a100-d287b1c78e86',,,,,,,,,814,2026-07-30T09:17:54.661224
8504,Wattersons,1028.5,AUD,Closed,Drive mate,error,,,unknown url type: '0ab1229c-b859-4ab4-9238-3d854804c6e0',,,,,,,,,814,2026-07-30T09:17:54.661235
8501,,2300,AUD,Closed,Drive mate,error,,,unknown url type: '6a6a7f26-f09f-46b1-bb28-4c4b01fb64e3',,,,,,,,,814,2026-07-30T09:17:54.661247
8423,,2000,AUD,Closed,,no_attachment,,,,,,,,,,,,814,2026-07-30T09:17:54.661258
8398,,2000,AUD,Closed,Drive mate,error,,,unknown url type: '9f2c3353-1572-480b-ac13-b9bc758cd47e',,,,,,,,,814,2026-07-30T09:17:54.661267
8356,,1851,SGD,Closed,,no_attachment,,,,,,,,,,,,814,2026-07-30T09:17:54.661278
8326,,869.66,AUD,Closed,Drive mate,error,,,unknown url type: '09cbba51-1245-439c-81bd-55d6981aea7e',,,,,,,,,814,2026-07-30T09:17:54.661287
8325,,0,AUD,Closed,Drive mate,error,,,unknown url type: '53993e18-aee8-48d8-b7ee-4e7426218e21',,,,,,,,,814,2026-07-30T09:17:54.661299
8108,,2000,AUD,Closed,Drive mate,error,,,unknown url type: 'b6737e11-be54-46f6-beb8-7030f36830fe',,,,,,,,,814,2026-07-30T09:17:54.661310
8087,,2000,AUD,Closed,Drive mate,error,,,unknown url type: '1940fc1d-3433-4df0-9343-1420a5c128d1',,,,,,,,,814,2026-07-30T09:17:54.661321
8043,,140,SGD,Closed,Drive lah,error,,,unknown url type: 'f1ba9320-5efc-4a33-8af0-43e8b5975f62',,,,,,,,,814,2026-07-30T09:17:54.661332
7998,,3471.97,AUD,Closed,Drive mate,error,,,unknown url type: '9b990efc-e677-419a-9c77-51df9f2d676d',,,,,,,,,814,2026-07-30T09:17:54.661343
7977,,70,SGD,Closed,Drive lah,error,,,unknown url type: '440e857e-5f1f-431a-81bd-91b7450e6693',,,,,,,,,814,2026-07-30T09:17:54.661355
7924,,1980,AUD,Closed,Drive mate,error,,,unknown url type: 'b0f08e33-3d00-4d00-abe8-4986eca1ceab',,,,,,,,,814,2026-07-30T09:17:54.661366
7552,,2000,AUD,Closed,Drive mate,error,,,unknown url type: 'e7ea2a1a-74e4-4f6f-ae01-a3d433639ea3',,,,,,,,,814,2026-07-30T09:17:54.661377
7519,GT,5000,AUD,Closed,Drive Mate,error,,,unknown url type: '5bd83a94-6043-48e9-a938-3f093fab5a68',,,,,,,,,814,2026-07-30T09:17:54.661389
7476,Digital Matter,999.62,AUD,Closed,Drive mate,error,,,unknown url type: 'bd3b25e2-f977-405d-a2c8-e505001dd1f4',,,,,,,,,814,2026-07-30T09:17:54.661400
7438,,720,SGD,Closed,Drive lah,no_attachment,,,,,,,,,,,,814,2026-07-30T09:17:54.661411
7414,,1820,SGD,Closed,Drive lah,error,,,unknown url type: '32443806-5032-4305-a6b2-9dcd171f267a',,,,,,,,,814,2026-07-30T09:17:54.661420
7251,,2968.48,SGD,Closed,,error,,,unknown url type: 'df9915a5-1b89-4dc9-b961-654eb673dee6',,,,,,,,,814,2026-07-30T09:17:54.661432
7030,,2000,AUD,Closed,Drive mate,error,,,unknown url type: '8a50f0fb-62bb-49a9-a707-a8f36546f5fe',,,,,,,,,814,2026-07-30T09:17:54.661443
6869,,1362,SGD,Closed,Drive lah,no_attachment,,,,,,,,,,,,814,2026-07-30T09:17:54.661454
6849,,924,AUD,Closed,Drive mate,error,,,unknown url type: 'f2effbfe-117c-49bb-9726-45db3b2e9e0f',,,,,,,,,814,2026-07-30T09:17:54.661463
6803,,2530,AUD,Closed,,no_attachment,,,,,,,,,,,,814,2026-07-30T09:17:54.661474
6802,,533.5,AUD,Closed,,error,,,unknown url type: '9e76225e-6563-469e-964d-c456e2f431d8',,,,,,,,,814,2026-07-30T09:17:54.661483
6801,Intercom,3636,USD,Closed,,error,,,unknown url type: '0774ac1e-4c5c-4546-b18d-294f22310ab6',,,,,,,,,814,2026-07-30T09:17:54.661496
6798,,9262.45,SGD,Closed,,error,,,unknown url type: 'd1e9dc03-c65a-4b28-a92d-1f15b4e5af97',,,,,,,,,814,2026-07-30T09:17:54.661510
6796,,10188.87,SGD,Closed,,error,,,unknown url type: 'b901eb2d-5dcd-424b-92a2-3418e7cf00ca',,,,,,,,,814,2026-07-30T09:17:54.661522
6794,,10996.7,AUD,Closed,,error,,,unknown url type: '3541651b-512e-4bf7-b019-fbf1a8deea0c',,,,,,,,,814,2026-07-30T09:17:54.661533
6793,,2284.37,USD,Closed,,error,,,unknown url type: '63bff07c-3448-47ce-aa9c-3dac697329ca',,,,,,,,,814,2026-07-30T09:17:54.661545
6733,,4631.54,USD,Closed,,error,,,unknown url type: 'c0c6dbc4-b808-4f9a-ba40-5823b2eba61c',,,,,,,,,814,2026-07-30T09:17:54.661556
6724,,3521.05,AUD,Closed,Drive mate,error,,,unknown url type: 'ec72def1-838f-4568-a0d2-cadf6975cd15',,,,,,,,,814,2026-07-30T09:17:54.661567
6684,,1254,AUD,Closed,Drive mate,error,,,unknown url type: '5cb50c8b-8a4e-4b78-bdb2-a9156e890e2c',,,,,,,,,814,2026-07-30T09:17:54.661579
6668,,2220,SGD,Closed,Drive lah,error,,,unknown url type: '8a175024-20b6-40c2-89c3-336b712245f7',,,,,,,,,814,2026-07-30T09:17:54.661590
6654,,15000,INR,Closed,Drive lah,error,,,unknown url type: '2814b1da-a734-4179-a2fa-cbcaf31289ba',,,,,,,,,814,2026-07-30T09:17:54.661601
6649,RACQ,362.13,AUD,Closed,Drive mate,error,,,unknown url type: '842de72d-18e7-4ffe-a3f8-c2b0592f964b',,,,,,,,,814,2026-07-30T09:17:54.661613
6629,,1449.7,SGD,Closed,Drive lah,error,,,unknown url type: '4ff88f70-84b8-4929-909b-149bd4d0224f',,,,,,,,,814,2026-07-30T09:17:54.661624
6628,,3041.1,SGD,Closed,Drive lah,no_attachment,,,,,,,,,,,,814,2026-07-30T09:17:54.661636
6626,,7915,SGD,Closed,Drive lah,error,,,unknown url type: '251a70ce-c8b1-425f-a1dd-07d926aab070',,,,,,,,,814,2026-07-30T09:17:54.661645
6625,,2000,AUD,Closed,Drive mate,error,,,unknown url type: 'a531f218-2acd-44a0-874f-f2a3b9740422',,,,,,,,,814,2026-07-30T09:17:54.661656
6429,,187,AUD,Closed,Drive mate,error,,,unknown url type: 'b59d55ca-2058-46fe-b158-0d37085a8d91',,,,,,,,,814,2026-07-30T09:17:54.661667
6426,,3270,SGD,Closed,Drive lah,error,,,unknown url type: '69d3a11b-6767-49c3-a9c3-75db1c6dd568',,,,,,,,,814,2026-07-30T09:17:54.661678
6378,,11550,MYR,Closed,Drive lah,error,,,unknown url type: '15b42e28-9c43-40da-bba4-7bd7d9ea9029',,,,,,,,,814,2026-07-30T09:17:54.661690
6257,,0,SGD,Closed,Drive lah,no_attachment,,,,,,,,,,,,814,2026-07-30T09:17:54.661701
6246,,3270,SGD,Closed,Drive lah,error,,,unknown url type: 'e55f610a-2bfb-495b-a093-931a8aa903a2',,,,,,,,,814,2026-07-30T09:17:54.661710
6234,,1528,SGD,Closed,Drive lah,error,,,unknown url type: '497f3207-7ecf-4057-a029-cad5ed785e56',,,,,,,,,814,2026-07-30T09:17:54.661721
6232,,1526,SGD,Closed,Drive lah,error,,,unknown url type: '2320a41b-5afd-42ef-a367-be594d8f0e01',,,,,,,,,814,2026-07-30T09:17:54.661732
6192,,2628,USD,Closed,Drive lah,error,,,unknown url type: 'd4a137c1-899c-4916-ad20-66d863ccd0eb',,,,,,,,,814,2026-07-30T09:17:54.661744
6191,,2059.73,USD,Closed,Drive lah,error,,,unknown url type: '5b501e88-5a6e-468d-9b48-891177db262b',,,,,,,,,814,2026-07-30T09:17:54.661755
6166,,1122,AUD,Closed,Drive mate,error,,,unknown url type: '4831f21e-180a-4139-82c7-33be6063c62b',,,,,,,,,814,2026-07-30T09:17:54.661767
6165,,1023,AUD,Closed,Drive mate,error,,,unknown url type: 'eeba5471-72a5-4aad-be43-a3c7ec141462',,,,,,,,,814,2026-07-30T09:17:54.661779
6155,,1023,AUD,Closed,Drive mate,error,,,unknown url type: 'd344830c-6e80-4617-9ca4-a56ece6946dc',,,,,,,,,814,2026-07-30T09:17:54.661791
6154,,1122,AUD,Closed,Drive mate,error,,,unknown url type: '5906f8d2-744e-4135-9590-c85e467911d1',,,,,,,,,814,2026-07-30T09:17:54.661802
6145,,4360,SGD,Closed,,error,,,unknown url type: 'df4a8358-7acb-4652-a694-57cf47de7d27',,,,,,,,,814,2026-07-30T09:17:54.661813
6115,,780,SGD,Closed,Drive lah,no_attachment,,,,,,,,,,,,814,2026-07-30T09:17:54.661824
6085,,660,SGD,Closed,Drive lah,no_attachment,,,,,,,,,,,,814,2026-07-30T09:17:54.661833
5984,Digital Matter,1811.44,AUD,Closed,Drive mate,error,,,unknown url type: 'cce8a4e2-3a27-4bd5-bbd4-efeee60dd22e',,,,,,,,,814,2026-07-30T09:17:54.661842
5854,,675.8,SGD,Approved,Drive lah,error,,,unknown url type: 'b81e4b17-654f-40c9-9936-6d3a29203138',,,,,,,,,814,2026-07-30T09:17:54.661855
5853,,675.8,SGD,Approved,Drive lah,error,,,unknown url type: 'b81e4b17-654f-40c9-9936-6d3a29203138',,,,,,,,,814,2026-07-30T09:17:54.661866
5798,,266.5,AUD,Closed,Drive lah,error,,,unknown url type: 'dcb06a20-1b3b-4b9b-91e4-b7df4efd3614',,,,,,,,,814,2026-07-30T09:17:54.661878
5797,,0,AUD,Closed,Drive lah,error,,,unknown url type: 'bb47c9ff-38f9-4c99-ab4b-3d4fb3034952',,,,,,,,,814,2026-07-30T09:17:54.661902
5795,,1362,SGD,Closed,Drive lah,error,,,unknown url type: '2e446c86-0fd9-4148-b6c2-6a958c4d8f9c',,,,,,,,,814,2026-07-30T09:17:54.661914
5751,,32500,INR,Closed,Drive mate,error,,,unknown url type: '21516e38-4ca0-4615-969f-1b9c704f9b8d',,,,,,,,,814,2026-07-30T09:17:54.661934
5679,Tokio Marine,10898.91,SGD,Closed,Drive lah,error,,,unknown url type: 'be440e77-9bff-4117-8e38-9f8363211df1',,,,,,,,,814,2026-07-30T09:17:54.661946
5678,Tokio Marine,10898.91,SGD,Closed,Drive lah,error,,,unknown url type: 'c3ad6ef1-b676-44d0-b752-cd1775802960',,,,,,,,,814,2026-07-30T09:17:54.661957
5677,,10902.18,SGD,Closed,,error,,,unknown url type: '2b31835a-f57d-4406-9ed6-9168cf464454',,,,,,,,,814,2026-07-30T09:17:54.661969
5676,Tokio Marine,29934.13,SGD,Closed,Drive lah,error,,,unknown url type: '3a45f430-4d05-4266-b6ec-ee0eefff091f',,,,,,,,,814,2026-07-30T09:17:54.661980
5627,,8915,SGD,Closed,Drive lah,error,,,unknown url type: '20a2ebf7-f4b9-47fd-8fb4-0c867d1b8c01',,,,,,,,,814,2026-07-30T09:17:54.661992
5626,,2970,SGD,Closed,Drive lah,error,,,unknown url type: '96ac5dce-fd3f-4c88-8ed3-b7a39342447c',,,,,,,,,814,2026-07-30T09:17:54.662003
5573,,2750,AUD,Closed,,error,,,unknown url type: 'c20f3324-9944-4e37-becc-7eab1281af94',,,,,,,,,814,2026-07-30T09:17:54.662014
5543,,900,AUD,Closed,Drive mate,error,,,unknown url type: '15e9bc59-842c-47fe-8f71-424c95456297',,,,,,,,,814,2026-07-30T09:17:54.662026
5490,,1140.14,SGD,Approved,Drive lah,no_attachment,,,,,,,,,,,,814,2026-07-30T09:17:54.662037
5489,,1173.84,SGD,Approved,Drive lah,error,,,unknown url type: 'dabeaa42-598d-408c-a8bf-66c177b2d8c2',,,,,,,,,814,2026-07-30T09:17:54.662047
5488,,0,SGD,Closed,Drive lah,error,,,unknown url type: '3ef21e36-9efc-4bb0-ac7e-99beae85dd90',,,,,,,,,814,2026-07-30T09:17:54.662059
5475,,1068.2,SGD,Approved,Drive lah,error,,,unknown url type: '40e26c89-3513-41c0-b311-b2c8d43e9034',,,,,,,,,814,2026-07-30T09:17:54.662070
5470,,7865.54,AUD,Closed,Drive mate,error,,,unknown url type: 'aff8590b-1b16-4806-ae6d-84ba2276eaaf',,,,,,,,,814,2026-07-30T09:17:54.662081
5469,,0,AUD,Closed,Drive mate,error,,,unknown url type: 'b6b9b2ca-ca50-4605-9eb5-0ed353b5d85f',,,,,,,,,814,2026-07-30T09:17:54.662093
5456,,495,AUD,Closed,,error,,,unknown url type: '5bd32c16-1c97-4a54-8697-48be7aebd165',,,,,,,,,814,2026-07-30T09:17:54.662104
5447,,1526,SGD,Closed,Drive lah,error,,,unknown url type: '98c01084-0a6b-4011-a7a8-44e7a5abeed7',,,,,,,,,814,2026-07-30T09:17:54.662115
5411,,300,SGD,Closed,Drive lah,error,,,unknown url type: '40fde315-bf24-4400-97f4-67e4050fb70a',,,,,,,,,814,2026-07-30T09:17:54.662127
5352,Gupshup,1490.25,USD,Approval Required,Central,error,,,unknown url type: '09e6b138-59e1-4e5a-bb9d-37cc4e1a1dda',,,,,,,,,814,2026-07-30T09:17:54.662138
5351,Gupshup,1173.12,USD,Approval Required,Central,error,,,unknown url type: 'c8a4ba88-3801-4211-95ca-e6cdcb822172',,,,,,,,,814,2026-07-30T09:17:54.662150
5341,,521,AUD,Closed,Drive mate,error,,,unknown url type: 'e47475ce-336c-458d-b86a-e313eff69b8c',,,,,,,,,814,2026-07-30T09:17:54.662161
5219,,1020,SGD,Closed,Drive lah,no_attachment,,,,,,,,,,,,814,2026-07-30T09:17:54.662173
5213,,495,AUD,Closed,Drive mate,error,,,unknown url type: '39865656-c777-4791-b755-fe481e1f22c4',,,,,,,,,814,2026-07-30T09:17:54.662182
5212,,495,AUD,Closed,Drive mate,error,,,unknown url type: '6902cb08-424c-48be-b689-789dd7718790',,,,,,,,,814,2026-07-30T09:17:54.662193
5202,,9889.36,SGD,Closed,,no_attachment,,,,,,,,,,,,814,2026-07-30T09:17:54.662204
5200,,3094.57,SGD,Closed,,error,,,unknown url type: '163b3a27-3917-4641-b51d-6955a45ff964',,,,,,,,,814,2026-07-30T09:17:54.662214
5199,Intercom,412.43,USD,Closed,Central,error,,,unknown url type: '1cb40622-aca7-40b4-98bd-9a79900c79c6',,,,,,,,,814,2026-07-30T09:17:54.662225
5198,Onfido,4054.8,USD,Closed,Central,error,,,unknown url type: '3411cbae-ee56-4363-9d13-80a095edb2f6',,,,,,,,,814,2026-07-30T09:17:54.662245
5197,ACE,2530,AUD,Closed,Drive mate,error,,,unknown url type: '1f09061c-5b2b-4f27-9ec4-1828b3334240',,,,,,,,,814,2026-07-30T09:17:54.662257
5196,,1963.81,USD,Closed,,error,,,unknown url type: '01c1c7ea-d218-4262-822f-90a90e3cfba5',,,,,,,,,814,2026-07-30T09:17:54.662268
5195,,105,AUD,Closed,,error,,,unknown url type: 'e2310776-754a-4271-85f9-259e7a1fc1a9',,,,,,,,,814,2026-07-30T09:17:54.662280
5194,,2275.37,USD,Closed,,error,,,unknown url type: '5ddab5ac-d63c-4b6e-9f8a-68845a3e46ef',,,,,,,,,814,2026-07-30T09:17:54.662291
5193,Blackcoffer,370,USD,Closed,Central,error,,,unknown url type: '4c1b2b85-a591-472d-aabd-d9dd69824afd',,,,,,,,,814,2026-07-30T09:17:54.662302
5066,,90,AUD,Closed,Drive mate,error,,,unknown url type: '50dab131-3714-42f6-bbbe-d7375957f863',,,,,,,,,814,2026-07-30T09:17:54.662314
4959,,80,SGD,Closed,Drive lah,error,,,unknown url type: '988ad195-98d2-4a7a-8490-7de0362fb086',,,,,,,,,814,2026-07-30T09:17:54.662325
4865,,23000,INR,Closed,Drive lah,error,,,unknown url type: '49783bda-bed0-4b04-8c1e-406b226f5764',,,,,,,,,814,2026-07-30T09:17:54.662338
4843,,0,SGD,Closed,Drive lah,error,,,unknown url type: '4594fbfb-494e-436e-afeb-42c40963f0ad',,,,,,,,,814,2026-07-30T09:17:54.662349
4832,,3270,SGD,Closed,Drive lah,error,,,unknown url type: 'dabc72aa-9dcb-40f4-9f43-a3cb878ef13d',,,,,,,,,814,2026-07-30T09:17:54.662361
4817,,819.4,SGD,Closed,Drive lah,error,,,unknown url type: 'caffa057-8724-45fb-a13c-5600b640b4b0',,,,,,,,,814,2026-07-30T09:17:54.662372
4815,,0,SGD,Closed,Drive lah,error,,,unknown url type: '4de05a46-8c68-4d24-9643-81ff8df145f0',,,,,,,,,814,2026-07-30T09:17:54.662383
4807,,915.6,SGD,Closed,Drive lah,no_attachment,,,,,,,,,,,,814,2026-07-30T09:17:54.662394
4795,,430,SGD,Closed,Drive lah,error,,,unknown url type: 'd3e6f713-f0b6-46d7-b943-e2525123552b',,,,,,,,,814,2026-07-30T09:17:54.662404
4764,,1362,SGD,Closed,Drive lah,error,,,unknown url type: '6b2d3405-98ee-4b1f-9627-21dca797dc72',,,,,,,,,814,2026-07-30T09:17:54.662415
4746,,1,INR,Closed,Drive lah,error,,,unknown url type: '401b0db5-34b7-40de-9bdf-1591422d8dd0',,,,,,,,,814,2026-07-30T09:17:54.662426
4745,,4360,SGD,Closed,,error,,,unknown url type: '781a5964-bc05-41dc-8cb5-26defb783200',,,,,,,,,814,2026-07-30T09:17:54.662437
4638,Haziq,34,SGD,Closed,Drive lah,no_attachment,,,,,,,,,,,,814,2026-07-30T09:17:54.662449
4615,,6250,SGD,Closed,Drive lah,error,,,unknown url type: '34a98382-aef8-41bb-8760-7864002fcdc2',,,,,,,,,814,2026-07-30T09:17:54.662458
4614,,0,SGD,Closed,Drive lah,no_attachment,,,,,,,,,,,,814,2026-07-30T09:17:54.662469
4613,,436,SGD,Closed,Drive lah,error,,,unknown url type: 'fed292ce-f378-4412-8d82-f0aacb30b302',,,,,,,,,814,2026-07-30T09:17:54.662478
4590,,3270,SGD,Closed,Drive lah,error,,,unknown url type: '2528a672-e74e-4e19-940d-8261f805c93c',,,,,,,,,814,2026-07-30T09:17:54.662489
4475,,9038.38,AUD,Closed,,error,,,unknown url type: 'cbcd7dcc-6aef-40ae-9f73-e2d6b2af8b39',,,,,,,,,814,2026-07-30T09:17:54.662501
4452,,1526,SGD,Closed,Drive lah,error,,,unknown url type: '8776c9f6-101b-4214-8432-9255063253f2',,,,,,,,,814,2026-07-30T09:17:54.662513
4444,,2310.32,USD,Closed,Drive lah,error,,,unknown url type: 'bf264381-c505-468d-a4c6-b176c91cf52a',,,,,,,,,814,2026-07-30T09:17:54.662524
4443,,2240.8,USD,Closed,Drive lah,error,,,unknown url type: '08413036-0e3e-41c8-abb9-2e8599305cf1',,,,,,,,,814,2026-07-30T09:17:54.662547
4410,,750,SGD,Closed,Drive lah,no_attachment,,,,,,,,,,,,814,2026-07-30T09:17:54.662559
4396,,2275.37,USD,Closed,,error,,,unknown url type: '8942e3be-70aa-44ac-9a03-9c1ca0dc0dd8',,,,,,,,,814,2026-07-30T09:17:54.662568
4395,,187,AUD,Closed,,error,,,unknown url type: '6b372e6e-ffd3-45f0-af34-a7fca76e23bf',,,,,,,,,814,2026-07-30T09:17:54.662579
4393,,1570,USD,Closed,,error,,,unknown url type: 'e12d3069-0996-4b4f-b473-c6f4d68087a7',,,,,,,,,814,2026-07-30T09:17:54.662591
4392,,2043.75,USD,Closed,,error,,,unknown url type: '75ae730c-0983-42ab-a24a-8b5c20c1b2c2',,,,,,,,,814,2026-07-30T09:17:54.662603
4375,,2860,AUD,Closed,Drive mate,error,,,unknown url type: '2d9ce313-81fe-4ba7-84e8-db7d956de32d',,,,,,,,,814,2026-07-30T09:17:54.662615
4374,,2970,AUD,Closed,Drive mate,error,,,unknown url type: '234604f3-8a58-4e1b-a1b3-a4423f207a6c',,,,,,,,,814,2026-07-30T09:17:54.662626
4337,,150,SGD,Closed,Drive lah,error,,,unknown url type: '9213ff4a-48d6-4996-9a0f-eae6af7d24fb',,,,,,,,,814,2026-07-30T09:17:54.662637
4308,,3360,SGD,Closed,Drive lah,error,,,unknown url type: 'cbf17b7e-5c73-4025-8b1b-f7e2b63f199b',,,,,,,,,814,2026-07-30T09:17:54.662649
4289,,4054.8,USD,Closed,,error,,,unknown url type: 'e90075bd-bf59-4ced-9700-df16dfca2f0a',,,,,,,,,814,2026-07-30T09:17:54.662660
4226,,1644.32,AUD,Closed,Drive mate,error,,,unknown url type: 'f1424afe-1479-47f8-ab7b-77b6842f4504',,,,,,,,,814,2026-07-30T09:17:54.662671
4223,,400,SGD,Closed,Drive lah,error,,,unknown url type: 'c0e04547-6d29-4633-b1f9-275e70524c69',,,,,,,,,814,2026-07-30T09:17:54.662683
4222,,147.1,SGD,Closed,Drive lah,error,,,unknown url type: 'bc3fe627-a285-4a9f-a27f-622da6f34cf3',,,,,,,,,814,2026-07-30T09:17:54.662694
4221,,375,SGD,Closed,Drive lah,error,,,unknown url type: '190b8b8f-b972-4a03-a9f0-33715cb98950',,,,,,,,,814,2026-07-30T09:17:54.662705
4220,,710,SGD,Closed,Drive lah,error,,,unknown url type: '701bc8ea-7819-4dc4-b146-712e9ba6fd92',,,,,,,,,814,2026-07-30T09:17:54.662716
4196,,120,SGD,Closed,Drive lah,error,,,unknown url type: 'fccf9391-4d64-4244-841a-db2e7fd98f8e',,,,,,,,,814,2026-07-30T09:17:54.662727
4194,,836,USD,Closed,Drive lah,no_attachment,,,,,,,,,,,,814,2026-07-30T09:17:54.662739
4163,Uraia,240,USD,Closed,Drive mate,no_attachment,,,,,,,,,,,,814,2026-07-30T09:17:54.662748
4144,,1362,SGD,Closed,,error,,,unknown url type: 'db97fa5e-f9ef-44c6-afc4-11463edcbbf9',,,,,,,,,814,2026-07-30T09:17:54.662757
4130,,7820,SGD,Closed,Drive lah,error,,,unknown url type: '8c20d1ab-043a-401e-9a9b-8347d03ac88a',,,,,,,,,814,2026-07-30T09:17:54.662768
4099,,440,SGD,Closed,Drive lah,error,,,unknown url type: '8b42532a-a605-4fbc-a45a-a7d4eaf77175',,,,,,,,,814,2026-07-30T09:17:54.662780
4076,,3798.65,SGD,Closed,Drive lah,error,,,unknown url type: '280f9b40-e19b-4f22-9c83-202e7467c68d',,,,,,,,,814,2026-07-30T09:17:54.662791
4060,,5220,AUD,Closed,Drive mate,error,,,unknown url type: '91d6a144-3070-4971-b21e-f4066a82767a',,,,,,,,,814,2026-07-30T09:17:54.662802
4049,,29000,INR,Closed,,error,,,unknown url type: 'b54ea546-d173-4a77-88e0-8c34012e7d55',,,,,,,,,814,2026-07-30T09:17:54.662813
4047,,2530,SGD,Closed,Drive lah,no_attachment,,,,,,,,,,,,814,2026-07-30T09:17:54.662824
4043,,25800,INR,Closed,Drive lah,error,,,unknown url type: '1aedb4dd-05f2-42c6-89ed-04ab82af4913',,,,,,,,,814,2026-07-30T09:17:54.662833
4014,,110,SGD,Closed,Drive lah,error,,,unknown url type: 'dd24629e-d3b9-4d3c-b64a-9cb920dafae3',,,,,,,,,814,2026-07-30T09:17:54.662844
3937,,3270,SGD,Closed,Drive lah,error,,,unknown url type: '289608d4-24a5-4ded-9776-fdd39c5feb6f',,,,,,,,,814,2026-07-30T09:17:54.662855
3928,Blackcoffer,165,USD,Closed,Central,error,,,unknown url type: '6bfbf32b-6a52-4d7a-9b0b-791229da3da5',,,,,,,,,814,2026-07-30T09:17:54.662867
3927,,436,SGD,Closed,,error,,,unknown url type: '737226d9-388a-4a61-a90e-8363efb7a164',,,,,,,,,814,2026-07-30T09:17:54.662878
3926,,55,AUD,Closed,,error,,,unknown url type: '4b2e61e9-3edc-479c-a6e6-a07987275f17',,,,,,,,,814,2026-07-30T09:17:54.662889
3925,,4054.8,USD,Closed,,error,,,unknown url type: 'd0707a26-b3f1-405b-aa86-db282e9f8d4c',,,,,,,,,814,2026-07-30T09:17:54.662900
3923,,3137.85,SGD,Closed,,error,,,unknown url type: '60805ae6-63dc-495d-be0a-dde1c542269e',,,,,,,,,814,2026-07-30T09:17:54.662912
3921,,9198.59,SGD,Closed,,error,,,unknown url type: 'e3461ed2-761b-4518-9659-44b572d40c4c',,,,,,,,,814,2026-07-30T09:17:54.662923
3920,Intercom,269.61,USD,Closed,Central,error,,,unknown url type: '6a5f03e2-e3a4-496f-8d8a-fda899c506f8',,,,,,,,,814,2026-07-30T09:17:54.662935
3907,,2443.18,USD,Closed,Drive lah,error,,,unknown url type: 'fb28592d-2cd8-4943-bd79-ca86d506c06f',,,,,,,,,814,2026-07-30T09:17:54.662946
3888,,250,SGD,Closed,Drive lah,error,,,unknown url type: '5eb839cc-09b7-4dcb-9b73-b571f75a32d7',,,,,,,,,814,2026-07-30T09:17:54.662957
3850,,0,USD,Closed,,error,,,unknown url type: 'cd5b0af5-b312-4660-9ced-b795ffdc036e',,,,,,,,,814,2026-07-30T09:17:54.662968
3849,,15027.22,USD,Closed,,error,,,unknown url type: 'ecff19a4-1d96-4f0b-a502-7e0518e57ab2',,,,,,,,,814,2026-07-30T09:17:54.662980
3847,Intercom,287.8,USD,Closed,Central,error,,,unknown url type: '2c89f22f-d11e-4b0c-9090-958e68857581',,,,,,,,,814,2026-07-30T09:17:54.662991
3846,,3137.85,SGD,Closed,,error,,,unknown url type: '2579735e-51d6-459d-be8d-5d293e1bb0e8',,,,,,,,,814,2026-07-30T09:17:54.663002
3845,,9198.59,SGD,Closed,,error,,,unknown url type: 'ceb4bb31-d088-48ae-9671-498e2ce70d8d',,,,,,,,,814,2026-07-30T09:17:54.663013
3843,,2186,USD,Closed,,error,,,unknown url type: '5a3ce342-4327-410f-bc18-992486e70dc2',,,,,,,,,814,2026-07-30T09:17:54.663025
3842,,0,USD,Closed,,error,,,unknown url type: 'e964872a-1e02-42a8-8a02-7d9215d8707e',,,,,,,,,814,2026-07-30T09:17:54.663036
3838,,0,USD,Closed,Drive mate,no_attachment,,,,,,,,,,,,814,2026-07-30T09:17:54.663047
3837,,1526,SGD,Closed,,error,,,unknown url type: '6c311e9e-3fd0-48dc-8a7f-129aa2487091',,,,,,,,,814,2026-07-30T09:17:54.663056
3818,,4560,SGD,Closed,,error,,,unknown url type: '67b025cb-1496-4d19-a1e1-2f68f977086e',,,,,,,,,814,2026-07-30T09:17:54.663067
3817,,8045.74,SGD,Closed,,error,,,unknown url type: '8764159b-a60c-4c8a-bcd7-91ea2fabdafa',,,,,,,,,814,2026-07-30T09:17:54.663079
3780,,280,SGD,Closed,,error,,,unknown url type: '6b831207-3bf3-4e77-b1a1-928968346232',,,,,,,,,814,2026-07-30T09:17:54.663090
3778,,3000,SGD,Closed,,error,,,unknown url type: 'bbf7df99-68ef-4a41-aced-c0295597260c',,,,,,,,,814,2026-07-30T09:17:54.663101
3773,,6596.7,AUD,Closed,,error,,,unknown url type: '5f850154-5547-4f92-a4c9-7969db08b5a1',,,,,,,,,814,2026-07-30T09:17:54.663113
3727,Jay,39.88,SGD,Closed,Drive lah,error,,,unknown url type: 'ccc8e6e3-1df4-4c17-bf06-2f5e90ccfe0c',,,,,,,,,814,2026-07-30T09:17:54.663126
3720,,690,SGD,Closed,,no_attachment,,,,,,,,,,,,814,2026-07-30T09:17:54.663144
3715,,54,AUD,Closed,,error,,,unknown url type: 'f8b3ba36-62a4-4d9b-a9d5-c656c5bfd123',,,,,,,,,814,2026-07-30T09:17:54.663154
3669,,3059.1,AUD,Closed,,error,,,unknown url type: '541a16ce-160d-4bf6-96a4-2f8570e8ddaa',,,,,,,,,814,2026-07-30T09:17:54.663167
3637,,164.1,SGD,Closed,,error,,,unknown url type: '43233035-562d-42b5-ae1d-a9349379f93f',,,,,,,,,814,2026-07-30T09:17:54.663182
3626,,5450,SGD,Closed,,error,,,unknown url type: '4bf694fa-cdac-42f0-b7c4-9d65aa3b463a',,,,,,,,,814,2026-07-30T09:17:54.663195
3596,,139,SGD,Closed,,no_attachment,,,,,,,,,,,,814,2026-07-30T09:17:54.663207
3577,,4360,SGD,Closed,,error,,,unknown url type: '49391545-c820-4c75-b9e3-0b8f2101e31a',,,,,,,,,814,2026-07-30T09:17:54.663216
3576,,3653.68,SGD,Closed,,error,,,unknown url type: 'd9b42a58-3c91-4e0b-8e68-492571a7c61d',,,,,,,,,814,2026-07-30T09:17:54.663228
3557,,1870,SGD,Closed,,error,,,unknown url type: '87205741-2d65-48ca-a561-f49b111bd0cf',,,,,,,,,814,2026-07-30T09:17:54.663239
3546,,385,AUD,Closed,,error,,,unknown url type: 'aa69b650-8012-4b29-83e6-b62fa93d4399',,,,,,,,,814,2026-07-30T09:17:54.663250
3525,,29500,INR,Closed,,error,,,unknown url type: '0bbaf067-a27c-43b2-a54f-9b48af860594',,,,,,,,,814,2026-07-30T09:17:54.663261
3484,,3417.6,SGD,Closed,,error,,,unknown url type: '83386555-2b73-4a90-8a58-d6113a80bb73',,,,,,,,,814,2026-07-30T09:17:54.663272
3477,,1663,USD,Closed,,no_attachment,,,,,,,,,,,,814,2026-07-30T09:17:54.663284
3475,,1362,SGD,Closed,,no_attachment,,,,,,,,,,,,814,2026-07-30T09:17:54.663293
3438,,804.1,AUD,Closed,,error,,,unknown url type: 'acfdf442-a8eb-4fde-8fa5-a157d38cb7f6',,,,,,,,,814,2026-07-30T09:17:54.663302
3418,,0,SGD,Closed,,error,,,unknown url type: '966d8bae-ff9d-4096-b28f-eaa657711b08',,,,,,,,,814,2026-07-30T09:17:54.663313
3401,,120,SGD,Closed,,error,,,unknown url type: '333dbf95-b14b-4f7b-8cd4-c8dbc5d253f6',,,,,,,,,814,2026-07-30T09:17:54.663325
3388,,1623,SGD,Closed,,error,,,unknown url type: 'ae1b5ceb-688f-45b8-880c-6b71852322d6',,,,,,,,,814,2026-07-30T09:17:54.663336
3379,,6259.78,SGD,Closed,,error,,,unknown url type: 'c4496e84-4ccd-47cb-8d2e-74d1db02d111',,,,,,,,,814,2026-07-30T09:17:54.663348
3375,,1531.75,AUD,Closed,,error,,,unknown url type: '408626ed-b1f3-474b-a362-d1b2d10cbf31',,,,,,,,,814,2026-07-30T09:17:54.663362
3360,,1031,USD,Closed,,no_attachment,,,,,,,,,,,,814,2026-07-30T09:17:54.663375
3343,,50,USD,Closed,,no_attachment,,,,,,,,,,,,814,2026-07-30T09:17:54.663384
3341,,400,USD,Closed,,no_attachment,,,,,,,,,,,,814,2026-07-30T09:17:54.663393
3299,,349.67,AUD,Closed,,error,,,unknown url type: 'cafc5a77-7ca7-4c46-8103-2a6d467a969c',,,,,,,,,814,2026-07-30T09:17:54.663403
3298,,519.5,AUD,Closed,,error,,,unknown url type: 'de6c5bd5-b8cc-421e-b35c-5c671b5b771a',,,,,,,,,814,2026-07-30T09:17:54.663414
3294,,819.91,AUD,Closed,,error,,,unknown url type: '4704ab9f-97a8-4b61-bf62-7bb2716142d4',,,,,,,,,814,2026-07-30T09:17:54.663426
3237,,349.67,AUD,Closed,,error,,,unknown url type: '061bf04f-2ed9-497f-92ec-d32203de62b2',,,,,,,,,814,2026-07-30T09:17:54.663437
3236,,519.5,AUD,Closed,,error,,,unknown url type: 'fc28578e-f281-48de-aff5-b9120fcb41bb',,,,,,,,,814,2026-07-30T09:17:54.663449
3220,,3000,SGD,Closed,,no_attachment,,,,,,,,,,,,814,2026-07-30T09:17:54.663463
3190,,1526,SGD,Closed,,error,,,unknown url type: 'fe23ccfa-e62e-4c69-9958-eb9f2083a7b4',,,,,,,,,814,2026-07-30T09:17:54.663472
3189,,2265,AUD,Closed,,error,,,unknown url type: '3dfc55a8-d3c5-4592-8dea-749dfae2caa1',,,,,,,,,814,2026-07-30T09:17:54.663486
3188,,1100,AUD,Closed,,error,,,unknown url type: '37d3a3d8-28f3-44ef-b112-f8f42392a52d',,,,,,,,,814,2026-07-30T09:17:54.663500
3159,,130.8,SGD,Closed,,error,,,unknown url type: 'cce787ab-bfbf-4d42-b741-3c7c9d73c2d4',,,,,,,,,814,2026-07-30T09:17:54.663513
3156,,6005.9,SGD,Closed,,error,,,unknown url type: '9d16edcd-54f8-49a6-af65-08fb1fc93e58',,,,,,,,,814,2026-07-30T09:17:54.663524
3153,Alphine,648,SGD,Approval Required,Drive lah,error,,,unknown url type: 'd9eb1db6-7b1e-4cd0-b91b-cffe29dcd43b',,,,,,,,,814,2026-07-30T09:17:54.663535
3149,,1915.24,USD,Closed,,error,,,unknown url type: '9b80bd68-7d4d-45a9-bc61-bf9a58e0f130',,,,,,,,,814,2026-07-30T09:17:54.663547
3100,,54,AUD,Closed,,error,,,unknown url type: 'e7a79ff1-2276-4024-82dd-0cdef7b40eb5',,,,,,,,,814,2026-07-30T09:17:54.663558
3034,,3270,SGD,Closed,,no_attachment,,,,,,,,,,,,814,2026-07-30T09:17:54.663571
3031,,0,SGD,Closed,,no_attachment,,,,,,,,,,,,814,2026-07-30T09:17:54.663581
3029,,1200,SGD,Closed,,no_attachment,,,,,,,,,,,,814,2026-07-30T09:17:54.663590
3018,,330,SGD,Closed,,error,,,unknown url type: '2515d3f7-994d-4bea-ad3e-c07cd16b1b61',,,,,,,,,814,2026-07-30T09:17:54.663599
3013,,334.2,USD,Closed,,error,,,unknown url type: 'dd67be80-ef3d-4329-a7dd-87270e1a532e',,,,,,,,,814,2026-07-30T09:17:54.663610
3012,,3214.94,SGD,Closed,,error,,,unknown url type: 'c0b76af9-0f13-4f70-ab6c-b7f072119070',,,,,,,,,814,2026-07-30T09:17:54.663621
3011,Intercom,248.34,USD,Closed,Central,error,,,unknown url type: 'f31a4e49-4152-4c9a-8cb9-0310dc18f50f',,,,,,,,,814,2026-07-30T09:17:54.663633
3009,,4054.8,USD,Closed,,error,,,unknown url type: 'fb54d9c4-ebdb-49fd-abe3-86af8c60f3d5',,,,,,,,,814,2026-07-30T09:17:54.663645
3008,,1986,USD,Closed,,error,,,unknown url type: 'deeeb0c6-e5fc-4eb8-b1f9-65af9f91db35',,,,,,,,,814,2026-07-30T09:17:54.663656
3007,,4054.8,USD,Closed,,error,,,unknown url type: '644e3b0e-06cc-4b17-8baf-4f17c9913758',,,,,,,,,814,2026-07-30T09:17:54.663667
3006,,2306.53,SGD,Closed,,error,,,unknown url type: '764840cc-806b-4659-ad51-a13db1ab29c5',,,,,,,,,814,2026-07-30T09:17:54.663678
3005,,400,USD,Closed,,error,,,unknown url type: '52eb3721-8964-470a-8a5b-6e27baddae7e',,,,,,,,,814,2026-07-30T09:17:54.663690
2959,,5482.7,SGD,Closed,,no_attachment,,,,,,,,,,,,814,2026-07-30T09:17:54.663701
2956,,3214.94,SGD,Closed,,error,,,unknown url type: '917a3a18-28ec-4a84-adbd-49cdc51644ce',,,,,,,,,814,2026-07-30T09:17:54.663710
2955,,2186,USD,Closed,,error,,,unknown url type: 'eec63e2a-d613-4131-aae2-04aa97d2bde6',,,,,,,,,814,2026-07-30T09:17:54.663721
2954,,501,AUD,Closed,,error,,,unknown url type: '419e0340-bd4e-47f0-9ee6-652804c5397c',,,,,,,,,814,2026-07-30T09:17:54.663733
2951,,200,USD,Closed,,no_attachment,,,,,,,,,,,,814,2026-07-30T09:17:54.663744
2948,,4588.9,SGD,Closed,,no_attachment,,,,,,,,,,,,814,2026-07-30T09:17:54.663753
2947,,2000,SGD,Closed,,no_attachment,,,,,,,,,,,,814,2026-07-30T09:17:54.663762
2881,,1983.68,USD,Closed,,error,,,unknown url type: 'c4df8282-2f68-4687-84a7-e0aa7fb4d76f',,,,,,,,,814,2026-07-30T09:17:54.663771
2880,,0,USD,Closed,,error,,,unknown url type: 'a5de9be6-ecfa-484e-b58c-414745f821b9',,,,,,,,,814,2026-07-30T09:17:54.663782
2821,,4588.9,SGD,Closed,,error,,,unknown url type: '45bf5998-ae42-4bcb-b674-1f763c6be9f7',,,,,,,,,814,2026-07-30T09:17:54.663793
2816,,240,AUD,Closed,,error,,,unknown url type: 'c66a50c4-3126-4224-9c9a-4dd1a619c393',,,,,,,,,814,2026-07-30T09:17:54.663805
2792,,4000,SGD,Closed,,error,,,unknown url type: '9b3858c8-4001-4852-9792-b915484f955b',,,,,,,,,814,2026-07-30T09:17:54.663816
2781,,822.09,AUD,Closed,,error,,,unknown url type: '795ff70d-3b8f-4b61-a2f7-fd6ade3bae06',,,,,,,,,814,2026-07-30T09:17:54.663827
2778,,1362,SGD,Closed,,no_attachment,,,,,,,,,,,,814,2026-07-30T09:17:54.663838
2773,,20000,INR,Closed,,error,,,unknown url type: 'acac481b-bb93-4a67-82f7-b5714fce7bce',,,,,,,,,814,2026-07-30T09:17:54.663847
2768,,3270,SGD,Closed,,error,,,unknown url type: 'be79ebc8-139f-46f8-8547-5b890fc0f353',,,,,,,,,814,2026-07-30T09:17:54.663859
2734,,3250,SGD,Closed,,error,,,unknown url type: '69fcf196-ba4d-4e63-ac5a-ee75feb31381',,,,,,,,,814,2026-07-30T09:17:54.663870
2659,,1364,SGD,Closed,Drive lah,no_attachment,,,,,,,,,,,,814,2026-07-30T09:17:54.663881
2654,,3000,SGD,Closed,,error,,,unknown url type: 'a439891c-6a8b-4a7e-84ba-f74eb1cccc4c',,,,,,,,,814,2026-07-30T09:17:54.663890
2606,ACE,14811,AUD,Closed,Drive mate,error,,,unknown url type: 'ab733340-627a-4087-ac81-96241bb9676e',,,,,,,,,814,2026-07-30T09:17:54.663901
2605,,3047.8,MYR,Closed,,error,,,unknown url type: '81052ffe-5bb2-4842-972e-19a3ca196b20',,,,,,,,,814,2026-07-30T09:17:54.663912
2602,,1986,USD,Closed,,error,,,unknown url type: '70de2847-13de-44aa-8920-1d9dd3ea2f79',,,,,,,,,814,2026-07-30T09:17:54.663923
2546,,9320,SGD,Closed,,no_attachment,,,,,,,,,,,,814,2026-07-30T09:17:54.663934
2543,,4588.9,SGD,Closed,,error,,,unknown url type: '0099994c-4ec5-47ff-a18f-7e3ae91e0d6d',,,,,,,,,814,2026-07-30T09:17:54.663943
2542,,1526,SGD,Closed,,error,,,unknown url type: '30442b83-7551-4b4b-bea6-4d2ddbcdcc34',,,,,,,,,814,2026-07-30T09:17:54.663954
2469,,3000,SGD,Closed,,error,,,unknown url type: '0ecfb05f-f45b-4101-9eb1-a9fbebd9af14',,,,,,,,,814,2026-07-30T09:17:54.663970
2464,,7562.04,SGD,Closed,,error,,,unknown url type: '2e773f78-c24a-402e-bc36-e4e7b4ce3117',,,,,,,,,814,2026-07-30T09:17:54.663981
2463,,3156.01,SGD,Closed,,error,,,unknown url type: '992c3632-1331-4679-beb2-1ac1ad8ec1d3',,,,,,,,,814,2026-07-30T09:17:54.663992
2462,,12570.54,SGD,Closed,,error,,,unknown url type: '2a85d19a-994f-447c-b9b7-eb07c4580a1f',,,,,,,,,814,2026-07-30T09:17:54.664003
2461,,3221.37,SGD,Closed,,error,,,unknown url type: '55fff686-77df-40d6-82be-4ee78fd00971',,,,,,,,,814,2026-07-30T09:17:54.664015
2395,,280,SGD,Closed,,error,,,unknown url type: 'c0f99d4f-d57b-4d0f-b398-67f555f79cd9',,,,,,,,,814,2026-07-30T09:17:54.664026
2374,,4390,SGD,Closed,,no_attachment,,,,,,,,,,,,814,2026-07-30T09:17:54.664037
2307,,16292.41,SGD,Closed,,error,,,unknown url type: '2762983b-b178-42d4-9b27-3cba020df065',,,,,,,,,814,2026-07-30T09:17:54.664046
2306,,979.37,SGD,Closed,,error,,,unknown url type: 'b3e261c1-3e74-48a8-a2d4-08f1487eff13',,,,,,,,,814,2026-07-30T09:17:54.664057
2287,,806.83,AUD,Closed,,error,,,unknown url type: '37370ac7-d11b-4347-ae0d-a0a202a6a10f',,,,,,,,,814,2026-07-30T09:17:54.664069
2285,,2215.06,USD,Closed,,error,,,unknown url type: '780e3305-a623-42b2-900d-3c6eea3579d7',,,,,,,,,814,2026-07-30T09:17:54.664080
2284,,4054.8,USD,Closed,,error,,,unknown url type: '42dd4c55-93f1-4dd4-b4f1-fa4220d85984',,,,,,,,,814,2026-07-30T09:17:54.664095
2283,Cycle & Carriage,5450,SGD,Closed,Drive lah,no_attachment,,,,,,,,,,,,814,2026-07-30T09:17:54.664106
2255,,2513.58,AUD,Closed,,error,,,unknown url type: '35b9fb6c-523a-4ab6-9f83-1f61cf2c772a',,,,,,,,,814,2026-07-30T09:17:54.664115
2248,,385,USD,Closed,,error,,,unknown url type: '699c5cda-93a9-4b2e-9b28-6a772c4e2e73',,,,,,,,,814,2026-07-30T09:17:54.664126
2219,,1050,SGD,Closed,,no_attachment,,,,,,,,,,,,814,2026-07-30T09:17:54.664137
2199,,240,SGD,Closed,Drive lah,error,,,unknown url type: '91c6b36a-1f08-45c3-a280-ef2f1cd0056e',,,,,,,,,814,2026-07-30T09:17:54.664146
2196,,1940.15,USD,Closed,,error,,,unknown url type: 'b7ff9722-12b6-4221-897e-31d42e8482fc',,,,,,,,,814,2026-07-30T09:17:54.664157
2188,,3270,SGD,Closed,,error,,,unknown url type: 'f47b9f81-09f2-4445-a0ec-810abecfacb4',,,,,,,,,814,2026-07-30T09:17:54.664169
2069,,200,SGD,Closed,,no_attachment,,,,,,,,,,,,814,2026-07-30T09:17:54.664180
2068,,1362,SGD,Closed,,error,,,unknown url type: '0e363eda-5054-4bc4-97e8-5f737ba7b88b',,,,,,,,,814,2026-07-30T09:17:54.664189
2059,,3270,SGD,Closed,,error,,,unknown url type: '3357b46c-7d1c-4173-af6c-1f4a41097006',,,,,,,,,814,2026-07-30T09:17:54.664200
2047,,23.43,SGD,Closed,,no_attachment,,,,,,,,,,,,814,2026-07-30T09:17:54.664211
2040,,3066.5,SGD,Closed,,error,,,unknown url type: 'ab4f39af-716d-45c1-8c07-aae3707a29e3',,,,,,,,,814,2026-07-30T09:17:54.664220
2023,,220,SGD,Closed,,error,,,unknown url type: 'd54b5543-461f-4e07-b4a7-bcfe763f4851',,,,,,,,,814,2026-07-30T09:17:54.664231
1981,,300,SGD,Closed,,error,,,unknown url type: 'bded5610-3d68-4ebc-9c53-21518c174f14',,,,,,,,,814,2026-07-30T09:17:54.664243
1979,,43.81,AUD,Closed,,error,,,unknown url type: '39cd85cf-9a5d-41f2-8e7a-0d6df0ea7516',,,,,,,,,814,2026-07-30T09:17:54.664253
1947,,7248.5,SGD,Closed,,error,,,unknown url type: 'd62c0903-c81f-40b1-83ad-3872f7713d38',,,,,,,,,814,2026-07-30T09:17:54.664265
1939,,1092.82,SGD,Closed,,error,,,unknown url type: 'bc1bcfab-253f-42bc-9f4c-54bdddfb07fc',,,,,,,,,814,2026-07-30T09:17:54.664276
1930,,22500,INR,Closed,,error,,,unknown url type: 'de1474da-ed72-4fcf-9935-4835fdfd1e74',,,,,,,,,814,2026-07-30T09:17:54.664288
1913,,1830,SGD,Closed,,error,,,unknown url type: '665ccba0-3f72-4af1-acb0-75d15c102a95',,,,,,,,,814,2026-07-30T09:17:54.664299
1899,,0,SGD,Closed,,error,,,unknown url type: '39dc0dc4-6ef1-4870-8734-768b0282152e',,,,,,,,,814,2026-07-30T09:17:54.664310
1897,,1500,SGD,Closed,,error,,,unknown url type: '0fb5c331-8834-4a62-b255-a1d21e4314c2',,,,,,,,,814,2026-07-30T09:17:54.664321
1804,,1158.5,SGD,Closed,,no_attachment,,,,,,,,,,,,814,2026-07-30T09:17:54.664332
1803,,340,SGD,Closed,,error,,,unknown url type: 'bccd395a-dff5-45bb-a3dd-63853f80f961',,,,,,,,,814,2026-07-30T09:17:54.664341
1777,,7.63,SGD,Closed,,no_attachment,,,,,,,,,,,,814,2026-07-30T09:17:54.664352
1746,,300,AUD,Closed,Drive mate,no_attachment,,,,,,,,,,,,814,2026-07-30T09:17:54.664362
1741,,1182.5,AUD,Closed,,error,,,unknown url type: '2fa2b82a-ff8e-463f-a2b3-eae72c882e7d',,,,,,,,,814,2026-07-30T09:17:54.664371
1725,,240,SGD,Closed,,error,,,unknown url type: 'e34dd577-6ec4-4a60-a225-107edc5cadee',,,,,,,,,814,2026-07-30T09:17:54.664382
1722,,1526,SGD,Closed,,error,,,unknown url type: '81e045a8-1ea5-4721-b36c-a42d4a87c047',,,,,,,,,814,2026-07-30T09:17:54.664393
1671,,260,SGD,Closed,,error,,,unknown url type: '2eb2e386-9ff5-44d3-bad3-a466ccbd23c3',,,,,,,,,814,2026-07-30T09:17:54.664404
1542,,0,SGD,Closed,,no_attachment,,,,,,,,,,,,814,2026-07-30T09:17:54.664415
1538,,758.35,AUD,Closed,,error,,,unknown url type: '4414a3ad-2c33-4433-bed4-ea3514c4fe67',,,,,,,,,814,2026-07-30T09:17:54.664424
1499,,900,SGD,Closed,,no_attachment,,,,,,,,,,,,814,2026-07-30T09:17:54.664435
1453,,14959.37,USD,Closed,,error,,,unknown url type: '3d9ca9c3-75b0-4ba2-92e8-741d7ce5a179',,,,,,,,,814,2026-07-30T09:17:54.664444
1452,,40250,MYR,Closed,,error,,,unknown url type: 'f268b867-1c80-425a-a451-9c231d984b2a',,,,,,,,,814,2026-07-30T09:17:54.664456
1418,,1500,USD,Closed,,error,,,unknown url type: 'f1109643-f9c8-4670-a9b1-8f1766518e74',,,,,,,,,814,2026-07-30T09:17:54.664467
1416,,1500,USD,Closed,,error,,,unknown url type: '3d72d4f3-49fc-404f-9ede-69d4f0666870',,,,,,,,,814,2026-07-30T09:17:54.664478
1406,,260,SGD,Closed,,no_attachment,,,,,,,,,,,,814,2026-07-30T09:17:54.664489
1403,,1871.34,USD,Closed,,error,,,unknown url type: '576cf1e8-0955-4290-b762-90746c666be3',,,,,,,,,814,2026-07-30T09:17:54.664498
1381,,353,SGD,Closed,,error,,,unknown url type: 'a6a988f5-d13c-4bce-ae59-0f235db1fb77',,,,,,,,,814,2026-07-30T09:17:54.664509
1376,,220,SGD,Closed,,error,,,unknown url type: '3e5b50ec-4741-49e0-8305-90eeca29f5cc',,,,,,,,,814,2026-07-30T09:17:54.664521
1287,,24599,INR,Closed,,error,,,unknown url type: '47ffe603-229d-42f6-aa11-e0851a73f05f',,,,,,,,,814,2026-07-30T09:17:54.664532
1285,,1680,SGD,Closed,,error,,,unknown url type: '71a72cfa-d782-42e9-b23e-214d19de7ff8',,,,,,,,,814,2026-07-30T09:17:54.664544
1284,,632.2,SGD,Closed,,error,,,unknown url type: 'bcc397b8-70cc-4910-86c5-a4cd9168bcd9',,,,,,,,,814,2026-07-30T09:17:54.664555
1274,,0,SGD,Closed,,error,,,unknown url type: '104b2ddf-400a-4004-8553-7e1c97b0ac6d',,,,,,,,,814,2026-07-30T09:17:54.664566
1270,,0,SGD,Closed,,error,,,unknown url type: '2d5ef878-fc21-47b1-b6bc-564e970cf756',,,,,,,,,814,2026-07-30T09:17:54.664577
1242,,24000,INR,Closed,,error,,,unknown url type: '62f75659-f9e0-4c18-a1c6-2f96e1255563',,,,,,,,,814,2026-07-30T09:17:54.664588
1240,,4251,SGD,Closed,,error,,,unknown url type: '25430011-9030-40bf-80a1-6a9172e85336',,,,,,,,,814,2026-07-30T09:17:54.664600
1239,,17502.36,SGD,Closed,,error,,,unknown url type: 'd3364267-6345-4056-99a3-ac6b95b6b2f2',,,,,,,,,814,2026-07-30T09:17:54.664611
1238,,17254.39,SGD,Closed,,error,,,unknown url type: '784a7404-5827-44d0-bad5-498ab29473b5',,,,,,,,,814,2026-07-30T09:17:54.664622
1236,,4251,SGD,Closed,,error,,,unknown url type: '8b4df302-1451-47c2-b887-0ffec657b831',,,,,,,,,814,2026-07-30T09:17:54.664634
1229,,11049.62,SGD,Closed,,error,,,unknown url type: '589d0b48-a739-4f40-ba66-b8b108ac9984',,,,,,,,,814,2026-07-30T09:17:54.664645
1192,,180,SGD,Closed,,error,,,unknown url type: '1783cbdb-cb18-47d7-984a-93440e826d3a',,,,,,,,,814,2026-07-30T09:17:54.664656
1181,,4000,SGD,Closed,,error,,,unknown url type: '9ba2325b-2fad-4987-81b1-667023cdb78a',,,,,,,,,814,2026-07-30T09:17:54.664668
1140,,1000,SGD,Closed,,error,,,unknown url type: '1e9c1bd6-c6c5-40dd-90ca-1ae7097899e2',,,,,,,,,814,2026-07-30T09:17:54.664679
1108,,1526,SGD,Closed,,error,,,unknown url type: 'fe45a840-4ab9-4e0d-8329-19af8cc36f65',,,,,,,,,814,2026-07-30T09:17:54.664690
1101,,2186,USD,Closed,,error,,,unknown url type: 'a400e8b6-b5f0-4cb4-a4a9-440217d53de3',,,,,,,,,814,2026-07-30T09:17:54.664701
1100,,4054.8,USD,Closed,,error,,,unknown url type: 'd2eb7435-e140-4841-b8a7-6389c35e1e4b',,,,,,,,,814,2026-07-30T09:17:54.664712
1063,,1526,SGD,Closed,,error,,,unknown url type: '8d292461-787e-4192-bc13-63ba5c8af1b5',,,,,,,,,814,2026-07-30T09:17:54.664723
1024,,120,SGD,Closed,,error,,,unknown url type: '685a91aa-1ee2-4a97-94df-e696de89611c',,,,,,,,,814,2026-07-30T09:17:54.664734
1017,,4175.03,SGD,Closed,,error,,,unknown url type: 'c68e59d0-c565-4190-9535-dc40c704b373',,,,,,,,,814,2026-07-30T09:17:54.664745
990,,899,SGD,Closed,,no_attachment,,,,,,,,,,,,814,2026-07-30T09:17:54.664757
973,,0,SGD,Closed,Drive lah,error,,,unknown url type: '081fc9c8-1f93-4c2a-ad76-ca31c4970437',,,,,,,,,814,2026-07-30T09:17:54.664766
972,,5009.45,AUD,Closed,,error,,,unknown url type: '4c8629b8-815a-40fd-b05f-103ecff9a8cb',,,,,,,,,814,2026-07-30T09:17:54.664777
967,,4.9,SGD,Closed,,error,,,unknown url type: 'cda99beb-4c3e-477c-8611-97037ea620a0',,,,,,,,,814,2026-07-30T09:17:54.664788
948,,3270,SGD,Closed,,error,,,unknown url type: '1b471d80-97d3-42c6-b847-dd321de4a2fb',,,,,,,,,814,2026-07-30T09:17:54.664800
940,,200,SGD,Closed,,error,,,unknown url type: 'd5baa82d-3b58-43cc-9697-b423cdb38749',,,,,,,,,814,2026-07-30T09:17:54.664811
938,,666,SGD,Closed,,no_attachment,,,,,,,,,,,,814,2026-07-30T09:17:54.664822
933,,530,SGD,Closed,,no_attachment,,,,,,,,,,,,814,2026-07-30T09:17:54.664831
850,,14000,INR,Closed,Drive lah,error,,,unknown url type: '5038923e-ff64-4610-b06c-5946c2e763b7',,,,,,,,,814,2026-07-30T09:17:54.664841
822,,280,SGD,Closed,,no_attachment,,,,,,,,,,,,814,2026-07-30T09:17:54.664852
817,,711.73,AUD,Closed,,error,,,unknown url type: '013cd54b-253e-4cf1-ba9e-714c5ba58527',,,,,,,,,814,2026-07-30T09:17:54.664861
807,,1140,SGD,Closed,,no_attachment,,,,,,,,,,,,814,2026-07-30T09:17:54.664872
758,,710,SGD,Closed,,error,,,unknown url type: '74c33569-a772-4d81-989b-75726397d89e',,,,,,,,,814,2026-07-30T09:17:54.664881
745,,880,AUD,Closed,,error,,,unknown url type: '93bcdb2c-fb33-483d-b539-bb8df5802bab',,,,,,,,,814,2026-07-30T09:17:54.664893
722,,11030.8,SGD,Closed,,no_attachment,,,,,,,,,,,,814,2026-07-30T09:17:54.664904
717,,3270,SGD,Closed,,error,,,unknown url type: '51c8d00c-29dc-428a-9707-ffd2bf67fb16',,,,,,,,,814,2026-07-30T09:17:54.664913
714,,12600,MYR,Closed,,error,,,unknown url type: '86c880e3-96fb-461b-b831-57b5c27f5d9d',,,,,,,,,814,2026-07-30T09:17:54.664924
712,,4054.8,USD,Closed,,error,,,unknown url type: '1e382fe6-a9f7-410a-ac6e-3cdfa9c0ad46',,,,,,,,,814,2026-07-30T09:17:54.664935
706,,874,USD,Closed,,error,,,unknown url type: 'bd7f13b9-c357-4071-b88d-63999aa50981',,,,,,,,,814,2026-07-30T09:17:54.664947
683,,1038.54,USD,Closed,,error,,,unknown url type: 'c2f16b93-7e44-4f02-9cd3-848c2866046e',,,,,,,,,814,2026-07-30T09:17:54.664958
674,,46,SGD,Closed,Drive lah,no_attachment,,,,,,,,,,,,814,2026-07-30T09:17:54.664969
632,,2000,SGD,Closed,,error,,,unknown url type: '561582d0-24f8-4f47-81c2-f8039d873222',,,,,,,,,814,2026-07-30T09:17:54.664978
598,,21000,INR,Closed,,error,,,unknown url type: '006720a5-725e-4cab-b61f-5995abf2b89f',,,,,,,,,814,2026-07-30T09:17:54.664989
591,,480,MYR,Closed,,no_attachment,,,,,,,,,,,,814,2026-07-30T09:17:54.665000
590,,13514,INR,Closed,,error,,,unknown url type: '13475635-9a8a-4de5-b0af-4031c4628952',,,,,,,,,814,2026-07-30T09:17:54.665009
587,,1547,SGD,Closed,,error,,,unknown url type: 'cb6b232e-f84e-4d39-b794-a01b06104a56',,,,,,,,,814,2026-07-30T09:17:54.665021
556,,2186,USD,Closed,,error,,,unknown url type: 'edd7698f-0c86-42e1-98c4-aad0a5e8fe9f',,,,,,,,,814,2026-07-30T09:17:54.665032
555,,16237.6,SGD,Closed,,error,,,unknown url type: '7b599fbe-34c4-4aa7-ab6b-5039f7b2a221',,,,,,,,,814,2026-07-30T09:17:54.665043
503,,3274.13,AUD,Closed,,error,,,unknown url type: 'e9c66da7-f5fd-4978-b56d-3b82e328f7e1',,,,,,,,,814,2026-07-30T09:17:54.665054
491,,2000,SGD,Closed,,error,,,unknown url type: 'd6af7682-8f1a-4280-9405-d39f743ff4b4',,,,,,,,,814,2026-07-30T09:17:54.665066
449,,180,SGD,Closed,,error,,,unknown url type: 'ee0609d2-0244-4173-b079-7dce82279b63',,,,,,,,,814,2026-07-30T09:17:54.665077
440,,1526,SGD,Closed,,no_attachment,,,,,,,,,,,,814,2026-07-30T09:17:54.665088
438,,1771.18,USD,Closed,,error,,,unknown url type: '62690e16-216f-4704-a600-d4077e789f5e',,,,,,,,,814,2026-07-30T09:17:54.665097
431,,40000,INR,Closed,,error,,,unknown url type: '6cc7bdd2-7234-41ec-8780-74b71a37f69f',,,,,,,,,814,2026-07-30T09:17:54.665108
404,,2186,USD,Closed,,error,,,unknown url type: '7ac48ff3-0819-4595-819e-c35175bf3619',,,,,,,,,814,2026-07-30T09:17:54.665119
403,,4017.6,USD,Closed,,error,,,unknown url type: 'b419e8ce-4bbc-4b66-afe8-8a5ec50a5a13',,,,,,,,,814,2026-07-30T09:17:54.665130
402,,1292,USD,Closed,,error,,,unknown url type: 'bb640dac-1ad7-4346-8fdd-689b9da0e53a',,,,,,,,,814,2026-07-30T09:17:54.665142
389,,0,SGD,Closed,,no_attachment,,,,,,,,,,,,814,2026-07-30T09:17:54.665153
359,,15631.22,SGD,Closed,,error,,,unknown url type: '2b7a2f38-14a2-41da-881b-2b0cc3edbf0f',,,,,,,,,814,2026-07-30T09:17:54.665161
327,,519.03,USD,Closed,,error,,,unknown url type: '1bdc7acd-e34c-4038-9ae6-84ec1459c6e2',,,,,,,,,814,2026-07-30T09:17:54.665173
264,,1105,USD,Closed,,error,,,unknown url type: 'd81f4e9f-1630-4b7d-8548-0c38fbce2dfe',,,,,,,,,814,2026-07-30T09:17:54.665184
240,,3500,SGD,Closed,,error,,,unknown url type: '69b6315f-45ee-46db-97cd-18860597d532',,,,,,,,,814,2026-07-30T09:17:54.665195
239,,132,AUD,Closed,,error,,,unknown url type: '72b9411a-35ee-4c91-b493-6c5e0080244d',,,,,,,,,814,2026-07-30T09:17:54.665206
210,,51044,INR,Closed,,error,,,unknown url type: '3620876b-4344-433f-8179-2a452286f4d9',,,,,,,,,814,2026-07-30T09:17:54.665217
195,,1100,SGD,Closed,,no_attachment,,,,,,,,,,,,814,2026-07-30T09:17:54.665228
169,,1520,USD,Closed,,error,,,unknown url type: '57456af7-988e-4031-aec5-59acf95182ac',,,,,,,,,814,2026-07-30T09:17:54.665238
145,,11999,INR,Closed,,no_attachment,,,,,,,,,,,,814,2026-07-30T09:17:54.665249
144,,175316,INR,Closed,,error,,,unknown url type: 'ee2231e4-6164-46c6-96b2-1d949fd88e70',,,,,,,,,814,2026-07-30T09:17:54.665258
131,,3270,SGD,Closed,,error,,,unknown url type: 'c1203096-635f-4054-bf5a-d40eec9ad60a',,,,,,,,,814,2026-07-30T09:17:54.665269
117,,600,SGD,Closed,,error,,,unknown url type: 'ad7622f3-2daf-4d52-985e-3b75993044f4',,,,,,,,,814,2026-07-30T09:17:54.665280
98,,1178,USD,Closed,,error,,,unknown url type: '9eb45e4a-500e-4217-9c97-3d42ac86f743',,,,,,,,,814,2026-07-30T09:17:54.665291
77,,40000,INR,Closed,,error,,,unknown url type: '8fc307aa-9d53-493e-913a-1c56a771ded9',,,,,,,,,814,2026-07-30T09:17:54.665302
73,,6912,SGD,Closed,,no_attachment,,,,,,,,,,,,814,2026-07-30T09:17:54.665313
66,,408.9,SGD,Closed,,error,,,unknown url type: 'b9d9c0eb-264f-4a2e-8f3e-fceb4a4e75fc',,,,,,,,,814,2026-07-30T09:17:54.665322
57,,300,USD,Closed,,error,,,unknown url type: 'd37f2865-b311-4e2b-80d6-97177ded1a38',,,,,,,,,814,2026-07-30T09:17:54.665334
26,,1854.51,USD,Closed,,error,,,unknown url type: '13f36982-380e-4154-a95f-c4c9df915e42',,,,,,,,,814,2026-07-30T09:17:54.665345
25,,440,SGD,Closed,,error,,,unknown url type: '95caa2d0-d31a-4de0-ad72-a0b6e538e5f5',,,,,,,,,814,2026-07-30T09:17:54.665356
23854,Abdul Saaqib,3000,AUD,Closed,Drive mate,not_invoice,572,,,False,spreadsheet_screenshot,3,platform,True,,QUARANTINE,,817,2026-07-30T10:24:04.700246
23845,Fixed Lah,520,SGD,Closed,Drive Lah,uploaded,573,,,True,invoice,2,bill_to,False,,QUARANTINE,,817,2026-07-30T10:24:21.165737
23808,Fixed Lah,3500,SGD,Closed,Drive Lah,uploaded,574,,,True,invoice,2,bill_to,False,,QUARANTINE,,817,2026-07-30T10:24:36.722584
23798,Pier Counsel,4750,SGD,Closed,Central,uploaded,575,,,True,invoice,1,bill_to,True,120,MATCHED,6501,817,2026-07-30T10:24:52.617777
23754,INSURET,82384.34,AUD,Closed,Drive mate,uploaded,576,,,True,tax_invoice,3,bill_to,False,119,MATCHED,5035,817,2026-07-30T10:24:59.678279
23748,Bris Towing ,187,AUD,Closed,Drive Mate,uploaded,577,,,True,tax_invoice,3,bill_to,False,48,MATCHED,5033,817,2026-07-30T10:25:06.773493
23725,Abwin Leasing,1526,SGD,Closed,Drive lah,uploaded,578,,,True,tax_invoice,2,bill_to,False,27,MATCHED,5001,817,2026-07-30T10:25:12.408253
23704,Inland Revenue Authority of Singapore,2783.88,SGD,Closed,Drive lah,uploaded,579,,,,,2,platform,False,,QUARANTINE,,817,2026-07-30T10:25:16.164087
23672,Tokio Marine,4360,SGD,Closed,Drive lah,not_invoice,580,,,False,letter,2,platform,False,144,MATCHED,,817,2026-07-30T10:25:29.699639
23607,Altimobility Corp,12084,USD,Closed,Drive mate,uploaded,581,,,True,invoice,3,bill_to,False,649,MATCHED,5030,817,2026-07-30T10:25:46.697922
23606,Altimobility Corp,12084,USD,Closed,Drive mate,uploaded,582,,,True,invoice,3,bill_to,False,649,MATCHED,5030,817,2026-07-30T10:26:00.275365
23558,Kore Wireless,350.06,USD,Closed,Central,uploaded,583,,,True,invoice,1,default,False,98,MATCHED,5030,817,2026-07-30T10:26:13.869796
23529,Stephen Inner West Smash Repairs Pty Ltd,5327.56,AUD,Closed,Drive mate,uploaded,584,,,True,tax_invoice,3,bill_to,False,138,MATCHED,5032,817,2026-07-30T10:26:29.309715
23527,Australian Taxation Office,19628.96,AUD,Closed,Drive mate,not_invoice,585,,,False,report,3,bill_to,False,28,MATCHED,6500,817,2026-07-30T10:26:35.651501
23525,RACQ Operations,4137.05,AUD,Approved,Drive mate,uploaded,586,,,True,tax_invoice,3,bill_to,False,123,MATCHED,5033,817,2026-07-30T10:26:53.067985
23524,RACQ,37782,AUD,Approved,Drive mate,uploaded,587,,,True,tax_invoice,3,bill_to,False,,QUARANTINE,,817,2026-07-30T10:26:59.878660
23512,PACK SEND Marrickville,7507.5,AUD,Closed,Drive mate,uploaded,588,,,True,tax_invoice,3,bill_to,False,117,MATCHED,5066,817,2026-07-30T10:27:17.037255
23510,PACK SEND Marrickville,3922.04,AUD,Closed,Drive mate,uploaded,589,,,True,tax_invoice,3,bill_to,False,117,MATCHED,5066,817,2026-07-30T10:27:33.246460
23498,Focussed Loss Management,165,AUD,Closed,Drive Mate,uploaded,590,,,True,tax_invoice,3,bill_to,False,72,MATCHED,5034,817,2026-07-30T10:27:48.908191
23486,Rohde Smash Repairs,770.88,AUD,Closed,Drive mate,uploaded,591,,,True,tax_invoice,3,bill_to,False,652,MATCHED,5032,817,2026-07-30T10:27:54.904891
23467,SEMITS SMASH REPAIRS PTY LTD,4601.3,AUD,Closed,Drive mate,uploaded,592,,,True,tax_invoice,3,bill_to,False,129,MATCHED,5032,817,2026-07-30T10:28:08.998795
23427,Fixed Lah,1255,SGD,Closed,Drive Lah,uploaded,593,,,True,invoice,2,bill_to,False,,QUARANTINE,,817,2026-07-30T10:28:19.603920
23391,NORMAN CHAN,924,AUD,Closed,Drive Mate,uploaded,594,,,True,tax_invoice,3,bill_to,False,111,MATCHED,5001,817,2026-07-30T10:28:35.320007
23375,Fixed lah,689,SGD,Closed,Drive lah,uploaded,595,,,True,invoice,2,bill_to,False,,QUARANTINE,,817,2026-07-30T10:28:51.091756
23370,PSC Connect,9611,AUD,Auto-approved,Drive Mate,uploaded,596,,,True,tax_invoice,3,bill_to,False,119,MATCHED,5035,817,2026-07-30T10:29:07.176000
23369,PSC Connect,82374.34,AUD,Closed,Drive Mate,uploaded,597,,,True,tax_invoice,3,bill_to,False,,QUARANTINE,,817,2026-07-30T10:29:14.477464
23360,PACK SEND Marrickville,7507.5,AUD,Closed,Drive mate,uploaded,598,,,True,tax_invoice,3,bill_to,False,117,MATCHED,5066,817,2026-07-30T10:29:31.711744
23359,PACK SEND Marrickville,2324.5,AUD,Closed,Drive mate,uploaded,599,,,True,tax_invoice,3,bill_to,False,117,MATCHED,5066,817,2026-07-30T10:29:47.885027
23358,PACK SEND Marrickville,2091.87,AUD,Closed,Drive mate,uploaded,600,,,True,tax_invoice,3,bill_to,False,117,MATCHED,5066,817,2026-07-30T10:30:04.310970
23356,Top Dents,3080,AUD,Closed,Drive mate,uploaded,601,,,True,tax_invoice,3,bill_to,False,145,MATCHED,5032,817,2026-07-30T10:30:21.494433
23331,Abdul Saaqib,3000,AUD,Closed,Drive mate,not_invoice,602,,,False,spreadsheet_screenshot,3,platform,True,,QUARANTINE,,817,2026-07-30T10:30:28.540175
23330,Towlah,180,SGD,Closed,Drive lah,not_invoice,603,,,False,receipt,2,bill_to,False,,QUARANTINE,,817,2026-07-30T10:30:45.186460
23322,Focussed Assessing Pty Ltd,220,AUD,Closed,Drive mate,uploaded,604,,,True,tax_invoice,3,bill_to,False,72,MATCHED,5034,817,2026-07-30T10:31:02.096450
23321,ROHDE SMASH REPAIRS,1539.52,AUD,Closed,Drive mate,uploaded,605,,,True,tax_invoice,3,bill_to,False,652,MATCHED,5032,817,2026-07-30T10:31:08.856823
23320,Harvey's Towing,1178.8,AUD,Closed,Drive mate,uploaded,606,,,True,tax_invoice,3,bill_to,False,,QUARANTINE,,817,2026-07-30T10:31:24.337581
23318,HARVEYS TOWING QLD PTY LTD,778.5,AUD,Closed,Drive Mate,uploaded,607,,,True,tax_invoice,3,bill_to,False,,QUARANTINE,,817,2026-07-30T10:31:40.385609
23312, Nova Smash Repairs,2295.15,AUD,Approved,Drive mate,uploaded,608,,,True,tax_invoice,3,bill_to,False,113,MATCHED,5032,817,2026-07-30T10:31:56.677973
23252,AWS,164.74,SGD,Closed,Central,uploaded,609,,,True,tax_invoice,2,bill_to,False,355,MATCHED,,817,2026-07-30T10:32:02.465139
23251,AWS,6842.77,SGD,Closed,Central,uploaded,610,,,True,tax_invoice,2,bill_to,False,355,MATCHED,,817,2026-07-30T10:32:19.512203
23247,CHENG CHUAN MOTOR SERVICES,880,SGD,Closed,Drive lah,uploaded,611,,,True,tax_invoice,2,bill_to,False,55,MATCHED,5032,817,2026-07-30T10:32:36.694753
23233,J&D Quality Smash Repairs,5052.47,AUD,Closed,Drive Mate,uploaded,612,,,True,tax_invoice,3,bill_to,False,88,MATCHED,5032,818,2026-07-30T10:36:14.560230
23230,AWS,86.64,SGD,Closed,Central,uploaded,613,,,True,invoice,2,bill_to,False,355,MATCHED,,818,2026-07-30T10:36:21.236202
23226,Venture Haven,109,SGD,Closed,Drive lah,uploaded,614,,,True,invoice,1,bill_to,True,,QUARANTINE,,818,2026-07-30T10:36:37.258238
23204,HDB,2010,SGD,Closed,Drive lah,not_invoice,615,,,False,spreadsheet_screenshot,2,platform,False,80,MATCHED,5060,818,2026-07-30T10:36:54.578009
23197,CHENG CHUAN MOTOR SERVICES,500,SGD,Closed,Drive lah,uploaded,616,,,True,tax_invoice,2,bill_to,False,55,MATCHED,5032,818,2026-07-30T10:37:02.260531
23196,CHENG CHUAN MOTOR  SERVICES,200,SGD,Closed,Drive lah,uploaded,617,,,True,tax_invoice,2,bill_to,False,55,MATCHED,5032,818,2026-07-30T10:37:09.756225
23189,SHARPS AUSTRALIA PTY LTD,567.86,AUD,Closed,Drive mate,uploaded,618,,,True,tax_invoice,3,bill_to,False,132,MATCHED,5025,818,2026-07-30T10:37:13.412659
23099,Focus Assesing ,165,AUD,Closed,Drive mate,uploaded,619,,,True,tax_invoice,3,bill_to,False,72,MATCHED,5034,818,2026-07-30T10:37:22.536266
23086,Illion,2059.2,AUD,Closed,Drive mate,uploaded,620,,,True,tax_invoice,3,bill_to,False,83,MATCHED,6701,818,2026-07-30T10:37:28.455115
23083,NTUC,3696.34,SGD,Closed,Drive lah,uploaded,621,,,True,tax_invoice,2,bill_to,False,,QUARANTINE,,818,2026-07-30T10:37:37.449169
23082,NTUC,3354.67,SGD,Closed,Drive lah,uploaded,622,,,True,tax_invoice,2,bill_to,False,,QUARANTINE,,818,2026-07-30T10:37:54.712319
23037,Stephen Inner West Smash Repairs Pty Ltd,330,AUD,Closed,Drive mate,uploaded,623,,,True,tax_invoice,3,bill_to,False,138,MATCHED,5032,818,2026-07-30T10:38:11.718561
23026,INCOME INSURANCE LIMITED,476.18,SGD,Closed,Drive lah,not_invoice,624,,,False,letter,2,bill_to,False,,QUARANTINE,,818,2026-07-30T10:38:17.986846
22996,Stephen Inner West Smash Repairs Pty Ltd,5000,AUD,Closed,Drive mate,uploaded,625,,,True,tax_invoice,3,bill_to,False,138,MATCHED,5032,818,2026-07-30T10:38:34.269791
22968,Ur Drive,2000,AUD,Closed,Drive Mate,uploaded,626,,,True,tax_invoice,3,bill_to,False,,QUARANTINE,,818,2026-07-30T10:38:40.968437
22967,Thinxtra Solutions Pty Ltd,21439.87,AUD,Closed,Drive mate,uploaded,627,,,True,tax_invoice,3,bill_to,False,142,MATCHED,5030,818,2026-07-30T10:38:57.412871
22966,SentriLock LLC,957,USD,Closed,Drive Mate,uploaded,628,,,True,invoice,3,bill_to,False,130,MATCHED,5030,818,2026-07-30T10:39:13.919324
22965,RACQ Operations,6228.24,AUD,Closed,Drive mate,uploaded,629,,,True,tax_invoice,3,bill_to,False,,QUARANTINE,,818,2026-07-30T10:39:20.283606
22947,Top Dents,3500,AUD,Closed,Drive Mate,uploaded,630,,,True,tax_invoice,3,bill_to,False,145,MATCHED,5032,818,2026-07-30T10:39:37.376049
22913,General Insurance Association of Singapore,39.24,SGD,Closed,Drive lah,uploaded,631,,,True,tax_invoice,2,bill_to,False,,QUARANTINE,,818,2026-07-30T10:39:44.565654
22824,Mobile Tyre Legends,600,AUD,Closed,Drive mate,uploaded,632,,,True,invoice,3,bill_to,False,,QUARANTINE,,818,2026-07-30T10:40:00.819228
22786,Focussed Assessing,220,AUD,Closed,Drive mate,uploaded,633,,,True,tax_invoice,3,bill_to,False,72,MATCHED,5034,818,2026-07-30T10:40:18.972776
22772,Abdul Saaqib,3000,AUD,Closed,Drive Mate,not_invoice,634,,,False,spreadsheet_screenshot,3,platform,False,,QUARANTINE,,818,2026-07-30T10:40:25.085979
22760,2020 Spray Painting Pte Ltd,2350,SGD,Closed,Drive Lah,uploaded,635,,,,,2,platform,False,666,MATCHED,5032,818,2026-07-30T10:40:41.337871
22741,Illion,2316.6,AUD,Closed,Drive mate,uploaded,636,,,True,tax_invoice,3,bill_to,False,83,MATCHED,6701,818,2026-07-30T10:40:47.514777
22725,Anytime Towing Company,473,AUD,Closed,Drive mate,uploaded,637,,,True,tax_invoice,3,bill_to,False,34,MATCHED,5033,818,2026-07-30T10:40:55.183601
22696,Rohde Smash Repairs,1182.5,AUD,Closed,Drive mate,uploaded,638,,,True,tax_invoice,3,bill_to,False,652,MATCHED,5032,818,2026-07-30T10:41:11.571931
22674,AWS,164.74,SGD,Closed,Drive lah,duplicate,,inv#609,hash,,,,,,,,,818,2026-07-30T10:41:25.079796
22673,Melbourne Prestige Centre,5000,AUD,Closed,Drive mate,uploaded,639,,,True,invoice,3,bill_to,False,102,MATCHED,5032,818,2026-07-30T10:41:25.108372
22665,Focussed Assessing,165,AUD,Closed,Drive mate,uploaded,640,,,True,tax_invoice,3,bill_to,False,72,MATCHED,5034,818,2026-07-30T10:41:30.897608
22625,VALUE CARE,1517,USD,Closed,Central,not_invoice,641,,,False,letter,1,default,False,,QUARANTINE,,818,2026-07-30T10:41:37.350305
22606,Bris Towing,660,AUD,Auto-approved,Drive Mate,uploaded,642,,,True,tax_invoice,3,bill_to,False,48,MATCHED,5033,818,2026-07-30T10:41:54.733919
22595,SHARPS AUSTRALIA PTY LTD,427.35,AUD,Closed,Drive mate,uploaded,643,,,True,tax_invoice,3,bill_to,False,132,MATCHED,5025,818,2026-07-30T10:41:59.577350
22573,Fixed lah,500,SGD,Closed,Drive lah,uploaded,644,,,True,invoice,2,bill_to,False,,QUARANTINE,,818,2026-07-30T10:42:06.123160
22567,ONFIDO,4748.6,USD,Closed,Central,uploaded,645,,,True,tax_invoice,2,bill_to,False,116,MATCHED,6701,818,2026-07-30T10:42:21.912903
22562,KORE WIRELESS,350.7,USD,Closed,Central,uploaded,646,,,True,invoice,1,default,False,98,MATCHED,5030,818,2026-07-30T10:42:29.063859
22531,AIRCALL,2988.08,USD,Closed,Central,uploaded,647,,,True,invoice,2,bill_to,False,31,MATCHED,6701,818,2026-07-30T10:42:44.760897
22527,Intercom,854.19,USD,Closed,Central,uploaded,648,,,True,invoice,2,bill_to,False,87,MATCHED,6701,818,2026-07-30T10:43:01.106036
22524,Tokio Marine,12688.15,SGD,Closed,Drive lah,not_invoice,649,,,False,spreadsheet_screenshot,2,bill_to,False,,QUARANTINE,,818,2026-07-30T10:43:18.201438
22523,Tokio Marine,10898.91,SGD,Closed,Drive lah,not_invoice,650,,,False,spreadsheet_screenshot,2,bill_to,False,,QUARANTINE,,818,2026-07-30T10:43:35.317938
22522,Tokio Marine,10902.18,SGD,Closed,Drive lah,not_invoice,651,,,False,spreadsheet_screenshot,2,bill_to,False,,QUARANTINE,,819,2026-07-30T10:47:24.308967
22521,Tokio Marine,21057.71,SGD,Closed,Drive lah,not_invoice,652,,,False,spreadsheet_screenshot,2,bill_to,False,,QUARANTINE,,819,2026-07-30T10:47:43.110385
22519,Tokio Marine,15857.87,SGD,Closed,Drive lah,not_invoice,653,,,False,spreadsheet_screenshot,2,platform,False,,QUARANTINE,,819,2026-07-30T10:48:00.455240
22518,Tokio Marine,20931.82,SGD,Closed,Drive Lah,not_invoice,654,,,False,spreadsheet_screenshot,2,bill_to,False,,QUARANTINE,,819,2026-07-30T10:48:17.431508
22516,Tokio Marine,13787.96,SGD,Closed,Drive lah,not_invoice,655,,,False,spreadsheet_screenshot,2,bill_to,False,,QUARANTINE,,819,2026-07-30T10:48:34.308748
22515,Tokio Marine,15808.82,SGD,Closed,Drive lah,not_invoice,656,,,False,statement,2,bill_to,False,,QUARANTINE,,819,2026-07-30T10:48:51.921345
22514,Tokio Marine,19050.48,SGD,Closed,Drive lah,not_invoice,657,,,False,statement,2,platform,False,144,MATCHED,,819,2026-07-30T10:49:09.198677
22512,Tokio Marine,16031.8,SGD,Closed,Drive lah,not_invoice,658,,,False,statement,2,bill_to,False,144,MATCHED,,819,2026-07-30T10:49:25.999001
22481,Fixed Lah,705,SGD,Closed,Drive lah,uploaded,659,,,True,invoice,2,platform,False,,QUARANTINE,,819,2026-07-30T10:49:43.290750
22467,GT Insurance,2000,AUD,Closed,Drive mate,uploaded,660,,,True,tax_invoice,3,bill_to,False,,QUARANTINE,,819,2026-07-30T10:49:59.557756
22464,Fixed Lah,3750,SGD,Closed,Drive lah,uploaded,661,,,True,invoice,2,bill_to,False,,QUARANTINE,,819,2026-07-30T10:50:16.297903
22461,Abwin Leasing,1526,SGD,Closed,Drive lah,uploaded,662,,,True,tax_invoice,2,bill_to,False,27,MATCHED,5001,819,2026-07-30T10:50:33.735132
22441,NORMAN CHAN,924,AUD,Closed,Drive mate,uploaded,663,,,True,tax_invoice,3,bill_to,False,111,MATCHED,5001,819,2026-07-30T10:50:37.582310
22438,Stephen Inner West Smash Repairs,2200,AUD,Closed,Drive mate,uploaded,664,,,True,tax_invoice,3,bill_to,False,138,MATCHED,5032,819,2026-07-30T10:50:54.115365
22433,Stephen Inner West Smash Repairs Pty Ltd,1843.6,AUD,Closed,Drive Mate,uploaded,665,,,True,tax_invoice,3,bill_to,False,138,MATCHED,5032,819,2026-07-30T10:51:00.849325
22430,Stephen Inner West Smash Repairs,3575,AUD,Closed,Drive mate,uploaded,666,,,True,tax_invoice,3,bill_to,False,138,MATCHED,5032,819,2026-07-30T10:51:07.798019
22408,Towlah,40,SGD,Closed,Drive lah,not_invoice,667,,,False,receipt,2,platform,False,,QUARANTINE,,819,2026-07-30T10:51:14.076867
22395, Stephen Inner West Smash Repairs,825,AUD,Closed,Drive mate,uploaded,668,,,True,invoice,3,bill_to,False,,QUARANTINE,,819,2026-07-30T10:51:31.315579
22377,Vin's Motor Pte Ltd,2016.5,SGD,Closed,Drive Lah,uploaded,669,,,,,2,platform,False,154,MATCHED,5032,819,2026-07-30T10:51:47.569608
22375,Intercom,19143.52,USD,Closed,Central,uploaded,670,,,True,invoice,2,bill_to,False,87,MATCHED,6701,819,2026-07-30T10:51:51.640807
22369,AWS,183.54,SGD,Closed,Central,uploaded,671,,,True,invoice,2,bill_to,False,355,MATCHED,,819,2026-07-30T10:52:08.757445
22366,Insuret Pty Ltd,82272.63,AUD,Closed,Drive mate,uploaded,672,,,True,tax_invoice,3,bill_to,False,119,MATCHED,5035,819,2026-07-30T10:52:24.824474
22365,Insuret Pty Ltd,82272.63,AUD,Closed,Drive mate,uploaded,673,,,True,tax_invoice,3,bill_to,False,119,MATCHED,5035,819,2026-07-30T10:52:32.340585
22364,Insuret Pty Ltd,82274.32,AUD,Closed,Drive mate,uploaded,674,,,True,tax_invoice,3,bill_to,False,119,MATCHED,5035,819,2026-07-30T10:52:39.687848
22360,SHARPS AUSTRALIA PTY LTD,661.39,AUD,Closed,Drive mate,uploaded,675,,,True,tax_invoice,3,bill_to,False,132,MATCHED,5025,819,2026-07-30T10:52:47.746083
22272,HDB,2250,SGD,Closed,Drive lah,not_invoice,676,,,False,spreadsheet_screenshot,2,platform,False,80,MATCHED,5060,819,2026-07-30T10:52:54.241242
22261,Towlah,50,SGD,Closed,Drive lah,not_invoice,677,,,False,receipt,2,platform,False,,QUARANTINE,,819,2026-07-30T10:53:01.549729
22213,Insuret,505.46,AUD,Closed,Drive Mate,not_invoice,678,,,False,letter,3,bill_to,False,342,MATCHED,,819,2026-07-30T10:53:19.194007
22200,ACE Administration Services Pty Ltd,1100,AUD,Closed,Drive mate,uploaded,679,,,True,tax_invoice,3,bill_to,False,28,MATCHED,6500,819,2026-07-30T10:53:35.707638
22199,ACE Administration Services Pty Ltd,907.5,AUD,Closed,Drive mate,uploaded,680,,,True,tax_invoice,3,bill_to,False,28,MATCHED,6500,819,2026-07-30T10:53:52.297776
22198,ACE Administration Services Pty Ltd,1760,AUD,Closed,Drive mate,uploaded,681,,,True,tax_invoice,3,bill_to,False,28,MATCHED,6500,819,2026-07-30T10:54:08.416013
22193,MELBOURNE PRESTIGE CENTRE,2200,AUD,Closed,Drive Mate,uploaded,682,,,True,tax_invoice,3,bill_to,False,102,MATCHED,5032,819,2026-07-30T10:54:24.635018
22183,NTUC,3354.67,SGD,Closed,Drive Lah,duplicate,,inv#622,hash,,,,,,,,,819,2026-07-30T10:54:30.880357
22182,NTUC,5154.36,SGD,Closed,Drive Lah,uploaded,683,,,True,tax_invoice,2,bill_to,False,,QUARANTINE,,819,2026-07-30T10:54:30.906841
22181,NTUC,3696.34,SGD,Closed,Drive Lah,duplicate,,inv#621,hash,,,,,,,,,819,2026-07-30T10:54:51.876677
22138,NSD Corp Pte Ltd,1800,SGD,Closed,Drive lah,uploaded,684,,,True,invoice,1,bill_to,True,,QUARANTINE,,819,2026-07-30T10:54:51.904675
22137,VentureHaven Pte Ltd,3657,SGD,Closed,Drive lah,uploaded,685,,,True,invoice,1,bill_to,True,,QUARANTINE,,819,2026-07-30T10:55:07.394876
22135,ELITE CAR VENTURES PTE LTD,1308,SGD,Approved,Drive lah,uploaded,686,,,,,2,platform,False,67,MATCHED,5032,819,2026-07-30T10:55:24.449707
22132,GT Insurance,5000,AUD,Closed,Drive mate,not_invoice,687,,,False,letter,3,bill_to,False,,QUARANTINE,,819,2026-07-30T10:55:26.795757
22131,Keydup Locksmiths,1350,AUD,Closed,Drive Mate,uploaded,688,,,True,tax_invoice,3,bill_to,False,95,MATCHED,5054,819,2026-07-30T10:55:42.998537
22128,Abdul Saaqib,2046.32,AUD,Closed,Drive mate,not_invoice,689,,,False,spreadsheet_screenshot,3,platform,False,,QUARANTINE,,820,2026-07-30T10:58:36.845991
22119,ICONIC Auto,1650,AUD,Approved,Drive mate,uploaded,690,,,,,3,platform,False,,QUARANTINE,,820,2026-07-30T10:58:53.284928
22087,Inland Revenue Authority of Singapore,2783.88,SGD,Closed,Drive lah,not_invoice,691,,,False,statement,1,bill_to,True,,QUARANTINE,,820,2026-07-30T10:59:06.587631
22085,Ur Drive,2000,AUD,Closed,Drive Mate,uploaded,692,,,True,tax_invoice,3,bill_to,False,,QUARANTINE,,820,2026-07-30T10:59:21.896598
22067,Fixed Lah,540,SGD,Closed,Drive lah,uploaded,693,,,True,invoice,2,bill_to,False,,QUARANTINE,,820,2026-07-30T10:59:37.383311
22058,NORMAN CHAN,1133,AUD,Closed,Drive Mate,uploaded,694,,,True,tax_invoice,3,bill_to,False,111,MATCHED,5001,820,2026-07-30T10:59:52.820811
22052,Fixed Lah,800,SGD,Closed,Drive lah,uploaded,695,,,True,invoice,2,platform,False,,QUARANTINE,,820,2026-07-30T11:00:15.240575
22034,- Focussed Assessing Pty Ltd,220,AUD,Closed,Drive mate,uploaded,696,,,True,tax_invoice,3,bill_to,False,72,MATCHED,5034,820,2026-07-30T11:00:30.675372
22026,Car Solutions Motor Vehicle Consultants,605,AUD,Closed,Drive mate,uploaded,697,,,True,tax_invoice,3,bill_to,False,,QUARANTINE,,820,2026-07-30T11:00:36.926744
22016,Aircall,2733,SGD,Closed,Central,uploaded,698,,,True,invoice,2,bill_to,False,31,MATCHED,6701,820,2026-07-30T11:00:52.141810
22015,Venture Haven (VH),2022,SGD,Closed,Drive Lah,not_invoice,699,,,False,proforma_invoice,2,bill_to,False,,QUARANTINE,,820,2026-07-30T11:01:07.937030
22002,Rohde Smash Repairs,2101,AUD,Closed,Drive mate,uploaded,700,,,True,tax_invoice,3,bill_to,False,652,MATCHED,5032,820,2026-07-30T11:01:24.405647
21996,Rohde Smash Repairs ,880,AUD,Closed,Drive mate,uploaded,701,,,True,tax_invoice,3,bill_to,False,652,MATCHED,5032,820,2026-07-30T11:01:38.653722
21962,Rohde Smash Repairs,2304.31,AUD,Closed,Drive mate,uploaded,702,,,True,tax_invoice,3,bill_to,False,652,MATCHED,5032,820,2026-07-30T11:01:52.466905
21953,ABWIN LEASING PTE LTD,1526,SGD,Closed,Drive lah,uploaded,703,,,True,tax_invoice,2,bill_to,False,,QUARANTINE,,820,2026-07-30T11:02:06.947061
21932,Gupshup,51.05,USD,Approved,Central,uploaded,704,,,True,tax_invoice,2,bill_to,False,77,MATCHED,6701,820,2026-07-30T11:02:23.863889
21931,Gupshup ,54.95,USD,Approved,Central,uploaded,705,,,True,tax_invoice,2,bill_to,False,77,MATCHED,6701,820,2026-07-30T11:02:28.598362
21930,Gupshup ,53.9,USD,Approved,Central,uploaded,706,,,True,tax_invoice,2,bill_to,False,77,MATCHED,6701,820,2026-07-30T11:02:33.383160
21928,MoEngage,2284,USD,Approval Required,Central,uploaded,707,,,True,invoice,2,bill_to,False,104,MATCHED,6701,820,2026-07-30T11:02:38.575256
21927,MoEngage,2284,USD,Approval Required,Central,uploaded,708,,,True,invoice,2,bill_to,False,104,MATCHED,6701,820,2026-07-30T11:02:45.323180
21925,AWS,172.95,SGD,Closed,Drive lah,uploaded,709,,,True,tax_invoice,2,bill_to,False,355,MATCHED,,820,2026-07-30T11:02:51.321547
21924,AWS,5683.58,SGD,Closed,Drive lah,uploaded,710,,,True,tax_invoice,2,bill_to,False,355,MATCHED,,820,2026-07-30T11:03:07.466789
21923,AWS,173.15,SGD,Closed,Drive lah,uploaded,711,,,True,tax_invoice,2,bill_to,False,355,MATCHED,,820,2026-07-30T11:03:24.283039
21922,AWS,5451.07,SGD,Closed,Drive lah,uploaded,712,,,True,tax_invoice,2,bill_to,False,355,MATCHED,,820,2026-07-30T11:03:41.850583
21921,AWS,225.63,SGD,Closed,Drive lah,uploaded,713,,,True,tax_invoice,2,bill_to,False,355,MATCHED,,820,2026-07-30T11:03:58.474551
21920,AWS,5887.69,SGD,Closed,Drive lah,uploaded,714,,,True,tax_invoice,2,bill_to,False,355,MATCHED,,820,2026-07-30T11:04:14.823553
21918,Digital matter,885.5,AUD,Approved,Drive mate,uploaded,715,,,True,tax_invoice,3,bill_to,False,65,MATCHED,5030,820,2026-07-30T11:04:31.586426
21916,Digital matter,900.9,AUD,Approved,Drive mate,uploaded,716,,,True,tax_invoice,3,bill_to,False,65,MATCHED,5030,820,2026-07-30T11:04:35.298360
21913,Digital Matter,885.5,AUD,Approved,Drive mate,uploaded,717,,,True,tax_invoice,3,bill_to,False,65,MATCHED,5030,820,2026-07-30T11:04:39.449893
21911,Illion,4086.23,AUD,Closed,Central,uploaded,718,,,True,tax_invoice,3,bill_to,False,83,MATCHED,6701,820,2026-07-30T11:04:43.841803
21910,Illion,2059.2,AUD,Closed,Central,duplicate,,inv#620,hash,,,,,,,,,820,2026-07-30T11:04:51.510485
21909,Illion,3521.38,AUD,Closed,Central,uploaded,719,,,True,tax_invoice,3,bill_to,False,83,MATCHED,6701,820,2026-07-30T11:04:51.542681
21908,Intercom,823.7,USD,Closed,Central,uploaded,720,,,True,invoice,2,bill_to,False,87,MATCHED,6701,820,2026-07-30T11:04:59.200740
21906,Intercom,644.82,USD,Closed,Central,uploaded,721,,,True,invoice,2,bill_to,False,87,MATCHED,6701,820,2026-07-30T11:05:15.514038
21905,Intercom,18308.82,USD,Closed,Central,uploaded,722,,,True,invoice,2,bill_to,False,87,MATCHED,6701,820,2026-07-30T11:05:32.780456
21904,Aircall,3028.8,USD,Closed,Central,uploaded,723,,,True,invoice,2,bill_to,False,31,MATCHED,6701,820,2026-07-30T11:05:49.232669
21903,Onfido,4538.6,USD,Closed,Central,uploaded,724,,,True,tax_invoice,1,default,False,116,MATCHED,6701,820,2026-07-30T11:06:05.193058
21901,Onfido,4679.25,USD,Closed,Central,uploaded,725,,,True,tax_invoice,2,bill_to,False,116,MATCHED,6701,820,2026-07-30T11:06:12.165118
21900,Onfido,5149.8,USD,Closed,Central,uploaded,726,,,True,tax_invoice,2,bill_to,False,116,MATCHED,6701,820,2026-07-30T11:06:19.019843
21894,Onfido,5439.74,USD,Closed,Central,uploaded,727,,,True,tax_invoice,2,bill_to,False,116,MATCHED,6701,820,2026-07-30T11:06:25.773564
21892,GT Insurance,3000,AUD,Closed,Drive mate,uploaded,728,,,True,tax_invoice,3,bill_to,False,,QUARANTINE,,821,2026-07-30T11:09:12.632476
21849,Fixed Lah,2420,SGD,Closed,Drive lah,uploaded,729,,,True,invoice,2,platform,False,,QUARANTINE,,821,2026-07-30T11:09:28.971933
21837,Insuret Pty Ltd,5000,AUD,Closed,Drive mate,not_invoice,730,,,False,letter,3,bill_to,False,86,MATCHED,,821,2026-07-30T11:09:45.709439
21833,Rohde Smash Repairs,1100,AUD,Closed,Drive mate,uploaded,731,,,,,3,platform,False,652,MATCHED,5032,821,2026-07-30T11:10:01.956013
21825,Rohde Smash Repairs,1630.84,AUD,Closed,Drive mate,uploaded,732,,,True,tax_invoice,3,bill_to,False,652,MATCHED,5032,821,2026-07-30T11:10:13.009289
21731,CDC Fleet Pty Ltd,26451.2,AUD,Closed,Drive mate,uploaded,733,,,True,tax_invoice,3,bill_to,False,509,MATCHED,5060,821,2026-07-30T11:10:26.945026
21730,CDC Fleet Pty Ltd,25454.4,AUD,Closed,Drive mate,uploaded,734,,,True,tax_invoice,3,bill_to,False,509,MATCHED,5060,821,2026-07-30T11:10:41.811941
21729,CDC Fleet Pty Ltd,25072,AUD,Closed,Drive mate,uploaded,735,,,True,tax_invoice,3,bill_to,False,509,MATCHED,5060,821,2026-07-30T11:10:56.486678
21728,CDC Fleet Pty Ltd,26417,AUD,Closed,Drive mate,uploaded,736,,,True,tax_invoice,3,bill_to,False,509,MATCHED,5060,821,2026-07-30T11:11:11.799423
21726,CDC Fleet Pty Ltd,48834.86,AUD,Closed,Drive mate,uploaded,737,,,True,tax_invoice,3,bill_to,False,509,MATCHED,5060,821,2026-07-30T11:11:26.686794
21724,CDC Fleet Pty Ltd,48153.91,AUD,Closed,Drive mate,uploaded,738,,,True,tax_invoice,3,bill_to,False,509,MATCHED,5060,821,2026-07-30T11:11:41.299026
21723,CDC Fleet Pty Ltd,47789.6,AUD,Closed,Drive mate,uploaded,739,,,True,tax_invoice,3,bill_to,False,509,MATCHED,5060,821,2026-07-30T11:11:56.310047
21722,CDC Fleet Pty Ltd,48075.2,AUD,Closed,Drive mate,uploaded,740,,,True,tax_invoice,3,bill_to,False,509,MATCHED,5060,821,2026-07-30T11:12:10.744312
21720,Focussed Assessing,220,AUD,Closed,Drive mate,uploaded,741,,,True,tax_invoice,3,bill_to,False,72,MATCHED,5034,821,2026-07-30T11:12:25.237590
21719,CDC Fleet Pty Ltd,42823.2,AUD,Closed,Drive mate,uploaded,742,,,True,tax_invoice,3,bill_to,False,509,MATCHED,5060,821,2026-07-30T11:12:31.037331
21718,CDC Fleet Pty Ltd,42192,AUD,Closed,Drive mate,uploaded,743,,,True,tax_invoice,3,bill_to,False,509,MATCHED,5060,821,2026-07-30T11:12:46.016918
21717,CDC Fleet Pty Ltd,42033.6,AUD,Closed,Drive Mate,uploaded,744,,,True,tax_invoice,3,bill_to,False,509,MATCHED,5060,821,2026-07-30T11:13:00.807232
21709,GT Insurance,2000,AUD,Closed,Drive mate,uploaded,745,,,True,tax_invoice,3,bill_to,False,,QUARANTINE,,821,2026-07-30T11:13:15.358719
21705,SELECTE PTE LTD,300,SGD,Closed,Drive lah,uploaded,746,,,True,invoice,2,bill_to,False,128,MATCHED,6401,821,2026-07-30T11:13:31.575322
21697,Focussed Loss Managent,330,AUD,Closed,Drive mate,uploaded,747,,,True,tax_invoice,3,bill_to,False,72,MATCHED,5034,821,2026-07-30T11:13:39.263797
21685,Fixed lah,300,SGD,Closed,Drive lah,uploaded,748,,,True,invoice,2,bill_to,False,,QUARANTINE,,821,2026-07-30T11:13:45.127716
21603,Focussed Assessing Pty Ltd,165,AUD,Closed,Drive mate,uploaded,749,,,True,tax_invoice,3,bill_to,False,72,MATCHED,5034,821,2026-07-30T11:14:00.615512
21601,Towlah,810,SGD,Closed,Drive lah,not_invoice,750,,,False,statement,2,platform,False,,QUARANTINE,,821,2026-07-30T11:14:09.603427
21600,Towlah,280,SGD,Closed,Drive lah,not_invoice,751,,,False,statement,2,bill_to,False,,QUARANTINE,,821,2026-07-30T11:14:25.476172
21574,"SentriLock, LLC",1023,USD,Closed,Drive Mate,uploaded,752,,,True,invoice,3,bill_to,False,130,MATCHED,5030,821,2026-07-30T11:14:41.092013
21573,RACQ Operations,1258,AUD,Closed,Drive mate,uploaded,753,,,True,tax_invoice,3,bill_to,False,123,MATCHED,5033,821,2026-07-30T11:14:47.006740
21572,PACK SEND Marrickville,7507.5,AUD,Closed,Drive mate,uploaded,754,,,True,tax_invoice,3,bill_to,False,117,MATCHED,5066,821,2026-07-30T11:14:53.367300
21571,Pack Send Marrickville,425.37,AUD,Closed,Drive mate,uploaded,755,,,True,tax_invoice,3,bill_to,False,117,MATCHED,5066,821,2026-07-30T11:15:09.246810
21570,PACK SEND Marrickville,556.42,AUD,Closed,Drive mate,uploaded,756,,,True,tax_invoice,3,bill_to,False,117,MATCHED,5066,821,2026-07-30T11:15:25.495277
21569,Humax,13292.4,USD,Closed,Drive Mate,uploaded,757,,,True,tax_invoice,3,bill_to,False,82,MATCHED,5030,821,2026-07-30T11:15:41.971575
21566,Fixed Lah`,400,SGD,Closed,Drive lah,uploaded,758,,,True,invoice,2,bill_to,False,,QUARANTINE,,821,2026-07-30T11:15:49.105499
21563,MELBOURNE PRESTIGE CENTRE,5000,AUD,Closed,Drive mate,uploaded,759,,,True,tax_invoice,3,bill_to,False,102,MATCHED,5032,821,2026-07-30T11:16:04.384449
21560,Focussed Loss Management,220,AUD,Closed,Drive mate,uploaded,760,,,True,tax_invoice,3,bill_to,False,72,MATCHED,5034,821,2026-07-30T11:16:10.419660
21538,Goh Chee Cheng,500,SGD,Closed,Drive lah,not_invoice,761,,,False,letter,2,platform,False,,QUARANTINE,,821,2026-07-30T11:16:17.956065
21439,Tpy Car Key Specialist Car Key Depot Pte Ltd,650,SGD,Closed,Drive Lah,not_invoice,762,,,False,receipt,2,bill_to,False,,QUARANTINE,,821,2026-07-30T11:16:33.682273
21427,Fixed Lah,6158,SGD,Closed,Drive lah,uploaded,763,,,True,invoice,2,platform,False,,QUARANTINE,,821,2026-07-30T11:16:50.048406
21401,Focussed Loss Management,165,AUD,Closed,Drive mate,uploaded,764,,,True,tax_invoice,3,bill_to,False,72,MATCHED,5034,821,2026-07-30T11:17:05.891377
21381,Melbourne Prestige Centre,5000,AUD,Closed,Drive mate,uploaded,765,,,True,tax_invoice,3,bill_to,False,102,MATCHED,5032,821,2026-07-30T11:17:13.472943
21369,Fixed lah,4300,SGD,Closed,Drive lah,uploaded,766,,,True,invoice,2,platform,False,,QUARANTINE,,821,2026-07-30T11:17:20.390146
21331,Ur Drive,2000,AUD,Closed,Drive Mate,uploaded,767,,,True,tax_invoice,3,bill_to,False,,QUARANTINE,,821,2026-07-30T11:17:36.449909
21324,Abdul Saaqib,7000,AUD,Closed,Drive Mate,not_invoice,768,,,False,spreadsheet_screenshot,3,platform,True,,QUARANTINE,,822,2026-07-30T11:20:50.638155
21315,DL ops fund,150,SGD,Closed,Drive lah,not_invoice,769,,,False,receipt,2,platform,False,,QUARANTINE,,822,2026-07-30T11:21:07.644476
21251,Stephen Inner West Smash Repairs Pty Ltd,440,AUD,Closed,Drive mate,uploaded,770,,,True,tax_invoice,3,bill_to,False,138,MATCHED,5032,822,2026-07-30T11:21:23.129136
21230,J&D Quality Smash Repairs,1916.98,AUD,Closed,Drive mate,uploaded,771,,,True,tax_invoice,3,bill_to,False,88,MATCHED,5032,822,2026-07-30T11:21:29.501684
21219,Jim's Car Detailing,284,AUD,Approved,Drive mate,uploaded,772,,,True,tax_invoice,3,bill_to,False,,QUARANTINE,,822,2026-07-30T11:21:35.214683
21209,SHEENGROUP TOWING PTY LTD,280,AUD,Approved,Drive mate,uploaded,773,,,True,tax_invoice,3,bill_to,False,133,MATCHED,5033,822,2026-07-30T11:21:52.344497
21203,MOVA Automotive Pte Ltd,3270,SGD,Closed,Drive Lah,not_invoice,774,,,False,other,2,platform,False,106,MATCHED,5032,822,2026-07-30T11:21:58.125381
21133,Harveys Towing Service,1560.8,AUD,Closed,Drive mate,uploaded,775,,,True,tax_invoice,3,bill_to,False,,QUARANTINE,,822,2026-07-30T11:22:04.089760
21107,Top Dents,2000,AUD,Closed,Drive mate,uploaded,776,,,True,tax_invoice,3,bill_to,False,145,MATCHED,5032,822,2026-07-30T11:22:20.223664
21087,Nova Smash Repairs,5000,AUD,Closed,Drive mate,uploaded,777,,,True,tax_invoice,3,bill_to,False,113,MATCHED,5032,822,2026-07-30T11:22:27.407977
21028,GT Insurance,650,AUD,Closed,Drive mate,uploaded,778,,,True,tax_invoice,3,bill_to,False,,QUARANTINE,,822,2026-07-30T11:22:33.066034
20998,Focussed Loss Management,220,AUD,Closed,Drive mate,uploaded,779,,,True,tax_invoice,3,bill_to,False,72,MATCHED,5034,822,2026-07-30T11:22:50.063414
20960,Top Dents,1655,AUD,Closed,Drive mate,uploaded,780,,,True,tax_invoice,3,bill_to,False,145,MATCHED,5032,822,2026-07-30T11:22:56.352549
20947,URA,40,SGD,Closed,Drive lah,not_invoice,781,,,False,letter,2,bill_to,False,,QUARANTINE,,822,2026-07-30T11:23:04.139332
20937,Rohde Smash Repairs,1773.15,AUD,Closed,Drive Mate,uploaded,782,,,True,tax_invoice,3,bill_to,False,652,MATCHED,5032,822,2026-07-30T11:23:20.825180
20935,Focussed Loss Management,220,AUD,Closed,Drive mate,uploaded,783,,,True,tax_invoice,3,bill_to,False,72,MATCHED,5034,822,2026-07-30T11:23:35.364540
20929,Rohde Smash Repairs,1815,AUD,Closed,Drive mate,uploaded,784,,,True,tax_invoice,3,bill_to,False,652,MATCHED,5032,822,2026-07-30T11:23:41.498104
20926,Rohde Smash Repair,2021.25,AUD,Closed,Drive mate,uploaded,785,,,True,tax_invoice,3,bill_to,False,652,MATCHED,5032,822,2026-07-30T11:23:57.160168
20867,Thinxtra Solutions Pty Ltd,21613.29,AUD,Closed,Drive mate,uploaded,786,,,True,tax_invoice,3,bill_to,False,142,MATCHED,5030,822,2026-07-30T11:24:12.744926
20866,Sentrilock,1053,USD,Closed,Drive mate,uploaded,787,,,True,invoice,3,bill_to,False,130,MATCHED,5030,822,2026-07-30T11:24:29.240832
20865,Pack Send Marrickville,7507.5,AUD,Closed,Drive mate,uploaded,788,,,True,tax_invoice,3,bill_to,False,117,MATCHED,5066,822,2026-07-30T11:24:35.048907
20864,RACQ,3572.99,AUD,Closed,Drive mate,uploaded,789,,,True,tax_invoice,3,bill_to,False,123,MATCHED,5033,822,2026-07-30T11:24:51.261031
20862,Humax Australia Pty Ltd,13292.4,USD,Closed,Drive mate,uploaded,790,,,True,tax_invoice,3,bill_to,False,82,MATCHED,5030,822,2026-07-30T11:24:58.049844
20861,Abdul Saaqib,3000,AUD,Closed,Drive mate,not_invoice,791,,,False,spreadsheet_screenshot,3,platform,True,,QUARANTINE,,822,2026-07-30T11:25:02.727617
20855,HDB,3240,SGD,Closed,Drive Lah,not_invoice,792,,,False,spreadsheet_screenshot,2,platform,False,80,MATCHED,5060,822,2026-07-30T11:25:18.874568
20851,Focussed Loss Management,165,AUD,Closed,Drive mate,uploaded,793,,,True,tax_invoice,3,bill_to,False,72,MATCHED,5034,822,2026-07-30T11:25:26.700674
20791,Towlah,100,SGD,Closed,Drive lah,not_invoice,794,,,False,report,2,platform,False,,QUARANTINE,,822,2026-07-30T11:25:33.240698
20788,GT Insurance-Trust,3000,AUD,Closed,Drive mate,uploaded,795,,,True,tax_invoice,3,bill_to,False,,QUARANTINE,,822,2026-07-30T11:25:50.128383
20787,VENTURE HAVEN,20,SGD,Closed,Drive lah,not_invoice,796,,,False,other,2,bill_to,False,,QUARANTINE,,822,2026-07-30T11:26:06.527182
20772,Collision Towing & Recovery ServicesPTY LTD.,3619,AUD,Closed,Drive mate,uploaded,797,,,,,3,platform,False,58,MATCHED,5033,822,2026-07-30T11:26:22.891384
20734,Rohde Smash Repairs,1155,AUD,Closed,Drive mate,uploaded,798,,,True,tax_invoice,3,bill_to,False,652,MATCHED,5032,822,2026-07-30T11:26:37.698601
20728,Nova Smash Repairs ,4438.04,AUD,Approved,Drive mate,uploaded,799,,,True,tax_invoice,3,bill_to,False,113,MATCHED,5032,822,2026-07-30T11:26:50.933335
20709,SHARPS AUSTRALIA ,371.79,AUD,Closed,Drive mate,uploaded,800,,,True,tax_invoice,3,bill_to,False,132,MATCHED,5025,822,2026-07-30T11:26:57.509824
20706,ABWIN LEASING PTE LTD,1526,SGD,Closed,Drive lah,uploaded,801,,,,,2,platform,False,27,MATCHED,5001,822,2026-07-30T11:27:04.669658
20700,Elite Car Ventures Pte. Ltd.,163.5,SGD,Approved,Drive lah,uploaded,802,,,,,2,platform,False,67,MATCHED,5032,822,2026-07-30T11:27:06.210507
20695,Abdul Ground Ops ,1655.4,AUD,Closed,Drive mate,not_invoice,803,,,False,letter,3,bill_to,False,,QUARANTINE,,822,2026-07-30T11:27:08.001568
20694,PSC Connect,82274.32,AUD,Closed,Drive Mate,duplicate,,inv#674,hash,,,,,,,,,822,2026-07-30T11:27:24.915387
20666,Focussed Loss Management,165,AUD,Closed,Drive mate,uploaded,804,,,True,tax_invoice,3,bill_to,False,72,MATCHED,5034,822,2026-07-30T11:27:24.949596
20621,GT Insurance,300,AUD,Closed,Drive mate,uploaded,805,,,True,tax_invoice,3,bill_to,False,,QUARANTINE,,822,2026-07-30T11:27:31.060791
20554,ACT Colliision Management ,5000,AUD,Closed,Drive mate,uploaded,806,,,True,tax_invoice,3,bill_to,False,29,MATCHED,5032,822,2026-07-30T11:27:47.272856
20459,M&J LOGISTICS QLD PTY LTD,99,AUD,Closed,Drive mate,uploaded,807,,,True,tax_invoice,3,bill_to,False,48,MATCHED,5033,823,2026-07-30T11:30:52.998780
20438,GT Insurance ,300,USD,Closed,Drive mate,not_invoice,808,,,False,letter,3,bill_to,False,,QUARANTINE,,823,2026-07-30T11:30:57.906304
20433,Incrementors,1362,SGD,Closed,Central,uploaded,809,,,True,invoice,3,bill_to,True,84,MATCHED,6104,823,2026-07-30T11:31:13.923061
20395,GT Insurance,300,AUD,Closed,Drive mate,not_invoice,810,,,False,letter,3,platform,False,76,MATCHED,,823,2026-07-30T11:31:18.700889
20394,GT Insurance ,5000,AUD,Closed,Drive mate,uploaded,811,,,True,tax_invoice,3,bill_to,False,,QUARANTINE,,823,2026-07-30T11:31:34.012056
20390,AIRCALL,2773,SGD,Closed,Central,duplicate,,inv#698,semantic,True,invoice,2,bill_to,,,,,823,2026-07-30T11:31:50.349543
20389,AIRCALL,3012,USD,Closed,Central,uploaded,813,,,True,invoice,2,bill_to,False,31,MATCHED,6701,823,2026-07-30T11:32:06.981148
20388,AIRCALL,3236.52,USD,Closed,Central,uploaded,814,,,True,invoice,2,bill_to,False,31,MATCHED,6701,823,2026-07-30T11:32:22.983335
20386,COLLISION TOWING & RECOVERY SERVICES PTY LTD,1308.2,AUD,Closed,Drive mate,uploaded,815,,,True,tax_invoice,3,bill_to,False,58,MATCHED,5033,823,2026-07-30T11:32:38.987886
20380,Operations Expenses,150,SGD,Closed,Drive lah,not_invoice,816,,,False,receipt,2,platform,False,,QUARANTINE,,823,2026-07-30T11:32:43.866208
20373,Pack Send Marrickville,838.49,AUD,Closed,Drive mate,uploaded,817,,,True,tax_invoice,3,bill_to,False,117,MATCHED,5066,823,2026-07-30T11:32:59.595685
20372,PACK SEND Marrickville,946.16,AUD,Closed,Drive mate,uploaded,818,,,True,tax_invoice,3,bill_to,False,117,MATCHED,5066,823,2026-07-30T11:33:16.274656
20371,Thinxtra Solutions Pty Ltd,20279.03,AUD,Closed,Drive mate,uploaded,819,,,True,tax_invoice,3,bill_to,False,142,MATCHED,5030,823,2026-07-30T11:33:32.534959
20353,Ridhi Karan,40000,INR,Closed,Central,not_invoice,820,,,False,other,1,default,False,125,MATCHED,6500,823,2026-07-30T11:33:48.541299
20311,ROHDE SMASH REPAIRS,4840,AUD,Closed,Drive mate,uploaded,821,,,True,tax_invoice,3,bill_to,False,652,MATCHED,5032,823,2026-07-30T11:33:55.905237
20303,Focussed Loss Management,330,AUD,Closed,Drive mate,uploaded,822,,,True,tax_invoice,3,bill_to,False,72,MATCHED,5034,823,2026-07-30T11:34:10.061857
20254,GT Insurance,5000,AUD,Closed,Drive mate,uploaded,823,,,True,tax_invoice,3,bill_to,False,,QUARANTINE,,823,2026-07-30T11:34:16.538411
20231,GT Insurance-Trust,3000,AUD,Closed,Drive mate,not_invoice,824,,,False,letter,3,bill_to,False,,QUARANTINE,,823,2026-07-30T11:34:33.233019
20221,Anytime Towing,1890,AUD,Closed,Drive Mate,uploaded,825,,,,,3,platform,False,34,MATCHED,5033,823,2026-07-30T11:34:52.476112
20213,SHANMUGAN S/O KASEE,1000,SGD,Closed,Drive lah,uploaded,826,,,,,2,platform,False,,QUARANTINE,,823,2026-07-30T11:35:06.760664
20188,HDB,2910,SGD,Closed,Drive lah,not_invoice,827,,,False,spreadsheet_screenshot,2,platform,False,80,MATCHED,5060,823,2026-07-30T11:35:19.764018
20184,J&D Quality Smash Repairs,5000,AUD,Closed,Drive mate,uploaded,828,,,True,tax_invoice,3,bill_to,False,88,MATCHED,5032,823,2026-07-30T11:35:27.367472
20182,Sentrilock LLC,1506,USD,Closed,Drive mate,uploaded,829,,,True,invoice,3,bill_to,False,130,MATCHED,5030,823,2026-07-30T11:35:33.382171
20166,GT Insurance,300,AUD,Closed,Drive mate,uploaded,830,,,True,tax_invoice,3,bill_to,False,,QUARANTINE,,823,2026-07-30T11:35:38.982058
20160,GT Insurance,2700,AUD,Closed,Drive mate,uploaded,831,,,True,tax_invoice,3,bill_to,False,,QUARANTINE,,823,2026-07-30T11:35:55.390851
20157,Local Towing,0,AUD,Closed,Drive Mate,uploaded,832,,,True,tax_invoice,3,bill_to,False,100,MATCHED,5033,823,2026-07-30T11:36:11.276413
20145,Towlah SG Recovery,60,SGD,Closed,Drive lah,not_invoice,833,,,False,receipt,2,platform,False,,QUARANTINE,,823,2026-07-30T11:36:16.641765
20107,Melbourne Prestige Centre,2750,AUD,Closed,Drive mate,uploaded,834,,,True,tax_invoice,3,bill_to,False,102,MATCHED,5032,823,2026-07-30T11:36:33.006825
20099,SELECTE PTE LTD,300,SGD,Closed,Drive lah,uploaded,835,,,True,invoice,2,bill_to,False,128,MATCHED,6401,823,2026-07-30T11:36:40.464684
20095,J&D Quality Smash Repairs,4408.57,AUD,Closed,Drive mate,uploaded,836,,,True,tax_invoice,3,bill_to,False,88,MATCHED,5032,823,2026-07-30T11:36:47.094866
20090,GT Insurance-Trust,2000,AUD,Closed,Drive Mate,uploaded,837,,,True,tax_invoice,3,bill_to,False,,QUARANTINE,,823,2026-07-30T11:36:52.998834
20019,APIA ,1355.93,SGD,Closed,Drive mate,not_invoice,838,,,False,letter,3,platform,False,,QUARANTINE,,823,2026-07-30T11:37:08.745770
19998,PSC Connect,82274.34,AUD,Closed,Drive Mate,uploaded,839,,,True,tax_invoice,3,bill_to,False,119,MATCHED,5035,823,2026-07-30T11:37:25.788934
19992,GT Insurance,2650,AUD,Closed,Drive Mate,not_invoice,840,,,False,letter,3,bill_to,False,76,MATCHED,,823,2026-07-30T11:37:32.980905
19977,Melbourne Prestige Centre,5000,AUD,Closed,Drive Mate,uploaded,841,,,True,tax_invoice,3,bill_to,False,102,MATCHED,5032,823,2026-07-30T11:37:49.087441
19964,Abdul Saaqib,3000,AUD,Closed,Drive mate,not_invoice,842,,,False,spreadsheet_screenshot,3,platform,True,,QUARANTINE,,823,2026-07-30T11:37:55.816451
19958,GT Insurance,300,AUD,Closed,Drive mate,not_invoice,843,,,False,letter,3,bill_to,False,,QUARANTINE,,823,2026-07-30T11:38:12.436275
19933,HDB,46.45,SGD,Closed,Drive lah,not_invoice,844,,,False,other,2,platform,False,80,MATCHED,5060,823,2026-07-30T11:38:28.448303
19929,FIXED LAH,1200,SGD,Closed,Drive Lah,uploaded,845,,,True,invoice,2,platform,False,,QUARANTINE,,823,2026-07-30T11:38:35.893127
19920,Bird & Bird,1925,AUD,Auto-approved,Drive Mate,uploaded,846,,,True,tax_invoice,3,bill_to,False,44,MATCHED,6501,823,2026-07-30T11:38:51.666573
19919,Bird & Bird,2493.7,AUD,Auto-approved,Drive Mate,uploaded,847,,,True,tax_invoice,3,bill_to,False,44,MATCHED,6501,824,2026-07-30T11:41:50.422708
19911,Wattersons,4141.85,AUD,Closed,Drive Mate,uploaded,848,,,,,3,platform,False,157,MATCHED,6501,824,2026-07-30T11:41:55.414274
19884,Melbourne Prestige Centre,5000,AUD,Closed,Drive mate,uploaded,849,,,True,tax_invoice,3,bill_to,False,102,MATCHED,5032,824,2026-07-30T11:42:09.759699
19842,HDB,120,SGD,Closed,Drive lah,not_invoice,850,,,False,report,2,platform,False,80,MATCHED,5060,824,2026-07-30T11:42:15.852130
19830,Income Insurance Limited,1500,SGD,Closed,Drive lah,not_invoice,851,,,False,letter,2,platform,False,,QUARANTINE,,824,2026-07-30T11:42:22.519812
19815,Fixed Lah,8660,SGD,Closed,Drive lah,uploaded,852,,,True,invoice,2,bill_to,False,,QUARANTINE,,824,2026-07-30T11:42:40.205521
19806,Focussed Assessing,165,AUD,Closed,Drive mate,uploaded,853,,,True,tax_invoice,3,bill_to,False,72,MATCHED,5034,824,2026-07-30T11:42:56.343927
19799,Rohde Smash Repairs,825,AUD,Closed,Drive mate,uploaded,854,,,True,tax_invoice,3,bill_to,False,652,MATCHED,5032,824,2026-07-30T11:43:02.401426
19794,ABWIN LEASING PTE LTD,1526,SGD,Closed,Drive Lah,uploaded,855,,,True,tax_invoice,2,bill_to,False,27,MATCHED,5001,824,2026-07-30T11:43:16.729101
19790,SHARPS AUSTRALIA,1108.59,AUD,Closed,Drive mate,uploaded,856,,,True,tax_invoice,3,bill_to,False,132,MATCHED,5025,824,2026-07-30T11:43:21.107625
19789,KleanAir,2200,AUD,Closed,Drive Mate,uploaded,857,,,True,tax_invoice,3,bill_to,False,,QUARANTINE,,824,2026-07-30T11:43:27.414230
19767,Focussed Loss Management,165,AUD,Closed,Drive mate,uploaded,858,,,True,tax_invoice,3,bill_to,False,72,MATCHED,5034,824,2026-07-30T11:43:44.054069
19752,Anytime Towing Service Pty Ltd,2070,AUD,Closed,Drive mate,uploaded,859,,,True,tax_invoice,3,bill_to,False,34,MATCHED,5033,824,2026-07-30T11:43:50.603026
19747,Fixed Lah,1670,SGD,Closed,Drive lah,uploaded,860,,,True,invoice,2,bill_to,False,,QUARANTINE,,824,2026-07-30T11:43:55.224344
19746,Fixed Lah,250,SGD,Closed,Drive lah,uploaded,861,,,True,invoice,2,bill_to,False,,QUARANTINE,,824,2026-07-30T11:44:11.507055
19744,Focussed Loss Management,220,AUD,Closed,Drive mate,uploaded,862,,,True,tax_invoice,3,bill_to,False,72,MATCHED,5034,824,2026-07-30T11:44:28.072515
19720,Fixed Lah,750,SGD,Closed,Drive lah,uploaded,863,,,True,invoice,2,platform,False,,QUARANTINE,,824,2026-07-30T11:44:34.204466
19711,GT Insurance,2000,AUD,Closed,Drive mate,uploaded,864,,,True,tax_invoice,3,bill_to,False,,QUARANTINE,,824,2026-07-30T11:44:57.671509
19696,FLM ,165,AUD,Closed,Drive mate,uploaded,865,,,True,tax_invoice,3,bill_to,False,72,MATCHED,5034,824,2026-07-30T11:45:14.264462
19671,Top Dents ,1000,AUD,Closed,Drive mate,uploaded,866,,,True,tax_invoice,3,bill_to,False,145,MATCHED,5032,824,2026-07-30T11:45:20.604051
19667,Top Dents Kerry Gouskos,1000,AUD,Closed,Drive mate,uploaded,867,,,True,tax_invoice,3,bill_to,False,145,MATCHED,5032,824,2026-07-30T11:45:28.909627
19661,Pier Counsel,5500,SGD,Closed,Central,uploaded,868,,,True,invoice,1,bill_to,True,120,MATCHED,6501,824,2026-07-30T11:45:36.312775
19656,Focussed Assessing Pty Ltd (ABN 92 143 234 066),165,AUD,Closed,Drive mate,uploaded,869,,,True,tax_invoice,3,bill_to,False,72,MATCHED,5034,824,2026-07-30T11:45:42.504437
19639,GT Insurance,2000,AUD,Closed,Drive mate,not_invoice,870,,,False,letter,3,bill_to,False,,QUARANTINE,,824,2026-07-30T11:45:48.693655
19611,CDC Fleet Pty Ltd,3000,AUD,Closed,Drive mate,uploaded,871,,,True,tax_invoice,3,bill_to,False,509,MATCHED,5060,824,2026-07-30T11:46:05.635885
19586,Sheen Panel Service,5000,AUD,Closed,Drive mate,uploaded,872,,,True,tax_invoice,3,bill_to,False,,QUARANTINE,,824,2026-07-30T11:46:19.491704
19569,Rhode Smash Repairs,1815,AUD,Closed,Drive mate,uploaded,873,,,True,tax_invoice,3,bill_to,False,652,MATCHED,5032,824,2026-07-30T11:46:35.585293
19566,Focussed Loss Assessing,165,AUD,Closed,Drive mate,uploaded,874,,,True,tax_invoice,3,bill_to,False,72,MATCHED,5034,824,2026-07-30T11:46:50.245552
19561,RACQ Operations,300,AUD,Closed,Drive mate,uploaded,875,,,True,tax_invoice,3,bill_to,False,123,MATCHED,5033,824,2026-07-30T11:46:56.344343
19560,PACK SEND Marrickville,7507.5,AUD,Closed,Drive mate,uploaded,876,,,True,tax_invoice,3,bill_to,False,117,MATCHED,5066,824,2026-07-30T11:47:12.416849
19559,Sentrilock LLC,1077,USD,Closed,Drive mate,uploaded,877,,,True,invoice,3,bill_to,False,130,MATCHED,5030,824,2026-07-30T11:47:28.648369
19562,Fixed Lah,3468,SGD,Closed,Drive lah,uploaded,878,,,True,invoice,2,bill_to,False,,QUARANTINE,,824,2026-07-30T11:47:34.913059
19558,Humax Australia Pty Ltd,13292.4,USD,Closed,Drive mate,uploaded,879,,,True,tax_invoice,3,bill_to,False,82,MATCHED,5030,824,2026-07-30T11:47:51.504144
19547,GT Insurance,5000,AUD,Closed,Drive mate,not_invoice,880,,,False,letter,3,bill_to,False,76,MATCHED,,824,2026-07-30T11:47:56.509869
19545,GT Insurance,300,AUD,Closed,Drive mate,not_invoice,881,,,False,letter,3,bill_to,False,,QUARANTINE,,824,2026-07-30T11:48:12.611967
19533,Abdul Saaqib,3000,AUD,Closed,Drive mate,not_invoice,882,,,False,spreadsheet_screenshot,3,platform,True,,QUARANTINE,,824,2026-07-30T11:48:28.736755
19532,RKA - Ridhi Karan,40000,INR,Closed,Central,uploaded,883,,,True,invoice,1,default,False,,QUARANTINE,,824,2026-07-30T11:48:45.148579
19530,RKA - Ridihi Karan,40000,INR,Closed,Central,uploaded,884,,,True,invoice,1,default,False,125,MATCHED,6500,824,2026-07-30T11:49:01.996495
19528,DIGITAL MATTER,885.5,AUD,Auto-approved,Drive mate,uploaded,885,,,True,tax_invoice,3,bill_to,False,65,MATCHED,5030,824,2026-07-30T11:49:19.024365
19526,ACE,1100,AUD,Closed,Drive mate,uploaded,886,,,True,tax_invoice,3,bill_to,False,28,MATCHED,6500,824,2026-07-30T11:49:22.644410
19525,ILLION,3313.08,AUD,Closed,Drive mate,uploaded,887,,,True,tax_invoice,3,bill_to,False,83,MATCHED,6701,825,2026-07-30T11:55:44.168309
19524,ILLION,168.07,AUD,Closed,Drive mate,not_invoice,888,,,False,letter,3,bill_to,False,83,MATCHED,6701,825,2026-07-30T11:55:52.282259
19520,RACQ Operations,3969.92,AUD,Closed,Drive mate,uploaded,889,,,True,tax_invoice,3,bill_to,False,123,MATCHED,5033,825,2026-07-30T11:55:59.256624
19519,RACQ Operations,1489.59,AUD,Closed,Drive Mate,duplicate,,inv#875,hash,,,,,,,,,825,2026-07-30T11:56:15.752914
19474,STEPHEN INNER WEST SMASH REPAIRS PTY LTD,5000,AUD,Closed,Drive mate,uploaded,890,,,True,invoice,3,platform,False,138,MATCHED,5032,825,2026-07-30T11:56:15.782409
19338,Focussed Loss Management,165,AUD,Closed,Drive mate,uploaded,891,,,True,tax_invoice,3,bill_to,False,72,MATCHED,5034,825,2026-07-30T11:56:30.998151
19313,Bastian's Towing,330,AUD,Closed,Drive mate,uploaded,892,,,True,tax_invoice,3,bill_to,False,43,MATCHED,5033,825,2026-07-30T11:56:36.922786
19277,GT Insurance ,300,AUD,Closed,Drive mate,uploaded,893,,,,,3,platform,False,76,MATCHED,,825,2026-07-30T11:56:41.065170
19262,ACE,1210,AUD,Closed,Drive mate,uploaded,894,,,True,tax_invoice,3,bill_to,False,28,MATCHED,6500,825,2026-07-30T11:56:44.697131
19261,ACE,1100,AUD,Closed,Drive mate,uploaded,895,,,True,tax_invoice,3,bill_to,False,28,MATCHED,6500,825,2026-07-30T11:57:00.615967
19260,ACE,907.5,AUD,Closed,Drive mate,uploaded,896,,,True,tax_invoice,3,bill_to,False,28,MATCHED,6500,825,2026-07-30T11:57:17.039787
19259,Focussed Loss Management,165,AUD,Closed,Drive Mate,uploaded,897,,,True,tax_invoice,3,bill_to,False,72,MATCHED,5034,825,2026-07-30T11:57:32.294986
19225,Rent A Van,297,AUD,Closed,Drive mate,uploaded,898,,,True,tax_invoice,3,bill_to,False,,QUARANTINE,,825,2026-07-30T11:57:38.275870
19223,Fixed Lah,670,SGD,Closed,Drive Lah,uploaded,899,,,True,invoice,2,platform,False,,QUARANTINE,,825,2026-07-30T11:57:55.333505
19216,MELBOURNE PRESTIGE CENTRE,5000,AUD,Closed,Drive mate,not_invoice,900,,,False,letter,3,platform,False,102,MATCHED,5032,825,2026-07-30T11:58:14.470599
19210,SOUTH EAST SMASH,2825.6,AUD,Closed,Drive mate,uploaded,901,,,True,tax_invoice,3,bill_to,False,135,MATCHED,5032,825,2026-07-30T11:58:20.303852
19169,Rent A Van,429,AUD,Closed,Drive mate,uploaded,902,,,True,tax_invoice,3,bill_to,False,115,MATCHED,5032,825,2026-07-30T11:58:26.883973
19168,Rent A Van,665.87,AUD,Closed,Drive mate,uploaded,903,,,True,tax_invoice,3,bill_to,False,115,MATCHED,5032,825,2026-07-30T11:58:44.448513
19091,Towlah,50,SGD,Closed,Drive lah,not_invoice,904,,,False,receipt,2,platform,False,,QUARANTINE,,825,2026-07-30T11:59:01.800466
19078,Rohde Smash Repairs,3000,AUD,Closed,Drive mate,uploaded,905,,,True,tax_invoice,3,bill_to,False,652,MATCHED,5032,825,2026-07-30T11:59:19.085260
19075,Rent-A-Van,665.87,AUD,Closed,Drive mate,uploaded,906,,,True,tax_invoice,3,bill_to,False,115,MATCHED,5032,825,2026-07-30T11:59:32.419729
19073,Rent-A-Van,429,AUD,Closed,Drive mate,duplicate,,inv#902,semantic,True,tax_invoice,3,bill_to,,,,,825,2026-07-30T11:59:49.493769
19028,Top Dents ,2468.4,USD,Closed,Drive mate,uploaded,908,,,True,tax_invoice,3,bill_to,False,145,MATCHED,5032,825,2026-07-30T12:00:07.950037
18978,Spring Field Lakes Towing and Transport,440,AUD,Closed,Drive mate,uploaded,909,,,True,tax_invoice,3,bill_to,False,,QUARANTINE,,825,2026-07-30T12:00:25.174105
18977,HDB,3240,SGD,Closed,Drive Lah,not_invoice,910,,,False,spreadsheet_screenshot,2,platform,False,80,MATCHED,5060,825,2026-07-30T12:00:41.680717
18931,Ur Drive,2750,AUD,Closed,Drive mate,uploaded,911,,,,,3,platform,False,,QUARANTINE,,825,2026-07-30T12:00:47.615098
18906,ACE Administration Services Pty. Ltd.,1210,AUD,Closed,Drive mate,duplicate,,inv#894,semantic,True,tax_invoice,3,bill_to,,,,,825,2026-07-30T12:01:00.572663
18905,ACE Administration Services Pty. Ltd,1100,AUD,Closed,Drive mate,duplicate,,inv#895,semantic,True,tax_invoice,3,bill_to,,,,,825,2026-07-30T12:01:15.876203
18904,ACE Administration Services Pty. Ltd,907.5,AUD,Closed,Drive mate,duplicate,,inv#896,semantic,True,tax_invoice,3,bill_to,,,,,825,2026-07-30T12:01:31.360747
18899,Abdul Saaqib,2000,AUD,Closed,Drive Mate,not_invoice,915,,,False,spreadsheet_screenshot,3,platform,True,,QUARANTINE,,825,2026-07-30T12:01:47.129221
18859,Pack Send Marrickville,543.49,AUD,Closed,Drive mate,uploaded,916,,,True,tax_invoice,3,bill_to,False,117,MATCHED,5066,825,2026-07-30T12:02:03.133022
18858,PACK SEND Marrickville,661.7,AUD,Closed,Drive mate,uploaded,917,,,True,tax_invoice,3,bill_to,False,117,MATCHED,5066,825,2026-07-30T12:02:19.276330
18857,1 Key Locksmiths,3500,AUD,Auto-approved,Drive mate,uploaded,918,,,True,tax_invoice,3,bill_to,False,23,MATCHED,5054,825,2026-07-30T12:02:35.394744
18856,Thinxtra Solutions Pty Ltd,22182.11,AUD,Closed,Drive mate,uploaded,919,,,True,tax_invoice,3,bill_to,False,142,MATCHED,5030,825,2026-07-30T12:02:38.926041
18855,PACK SEND Marrickville,7507.5,AUD,Closed,Drive mate,uploaded,920,,,True,tax_invoice,3,bill_to,False,117,MATCHED,5066,825,2026-07-30T12:02:55.046101
18809,Focussed Assessing Pty Ltd (ABN 92 143 234 066),220,AUD,Closed,Drive Mate,uploaded,921,,,True,tax_invoice,3,bill_to,False,72,MATCHED,5034,825,2026-07-30T12:03:14.467113
18767,Gardenstate Towing Pty Ltd,836,AUD,Closed,Drive Mate,uploaded,922,,,True,tax_invoice,3,bill_to,False,73,MATCHED,5033,825,2026-07-30T12:03:20.660119
18744,INCREMENTORS,1362,SGD,Closed,Central,uploaded,923,,,True,invoice,3,bill_to,True,84,MATCHED,6104,825,2026-07-30T12:03:24.988123
18743,TNA Towing ,1200,AUD,Closed,Drive mate,uploaded,924,,,True,tax_invoice,3,bill_to,False,143,MATCHED,5033,825,2026-07-30T12:03:29.481910
18721,Towlah,1340,SGD,Closed,Drive lah,not_invoice,925,,,False,statement,2,bill_to,False,,QUARANTINE,,825,2026-07-30T12:03:35.896262
18719,VIGNESH RMS,101,SGD,Closed,Drive lah,uploaded,926,,,,,2,platform,False,,QUARANTINE,,826,2026-07-30T12:06:47.319348
18718,GT Insurance,2300,AUD,Closed,Drive mate,uploaded,927,,,True,tax_invoice,3,bill_to,False,,QUARANTINE,,826,2026-07-30T12:07:01.941145
18696,GT Insurance,5000,AUD,Closed,Drive mate,not_invoice,928,,,False,letter,3,bill_to,False,,QUARANTINE,,826,2026-07-30T12:07:18.940604
18695,CHENG CHUAN MOTOR SERVICES,2210,SGD,Closed,Drive lah,uploaded,929,,,True,tax_invoice,2,bill_to,False,55,MATCHED,5032,826,2026-07-30T12:07:35.504784
18694,ACE ADMINISTRATION SERVICES PTY LTD,21333.4,AUD,Closed,Drive mate,not_invoice,930,,,False,report,3,bill_to,False,28,MATCHED,6500,826,2026-07-30T12:07:39.067106
18692,ROOBYKON,2897.61,USD,Auto-approved,Central,uploaded,931,,,True,invoice,1,bill_to,False,127,MATCHED,1710,826,2026-07-30T12:07:56.405687
18690,ROOBYKON,5646.56,USD,Auto-approved,Central,uploaded,932,,,True,invoice,1,bill_to,False,127,MATCHED,1710,826,2026-07-30T12:08:12.703320
18673,Autorola,814.37,AUD,Closed,Drive mate,uploaded,933,,,True,tax_invoice,3,bill_to,False,41,MATCHED,5032,826,2026-07-30T12:08:28.785600
18671,Stephen Inner West Smash Repairs Pty Ltd,3080,AUD,Closed,Drive mate,uploaded,934,,,True,tax_invoice,3,bill_to,False,138,MATCHED,5032,826,2026-07-30T12:08:33.507670
18637,COLLISION TOWING & RECOVERY SERVICES PTY LTD,440,AUD,Closed,Drive mate,uploaded,935,,,True,tax_invoice,3,bill_to,False,58,MATCHED,5033,826,2026-07-30T12:08:39.954391
18622,SEASON PARKING,152,SGD,Closed,Drive lah,uploaded,936,,,,,2,platform,False,602,MATCHED,5060,826,2026-07-30T12:08:45.262994
18615,GT Insurance ,2500,AUD,Closed,Drive mate,uploaded,937,,,,,3,platform,False,76,MATCHED,,826,2026-07-30T12:08:59.204621
18613,Top Dents ,50,AUD,Closed,Drive mate,uploaded,938,,,,,3,platform,False,145,MATCHED,5032,826,2026-07-30T12:09:02.799250
18564,RACQ Operations,2907.97,AUD,Closed,Drive mate,uploaded,939,,,True,tax_invoice,3,bill_to,False,123,MATCHED,5033,826,2026-07-30T12:09:06.852144
18563,RACQ Operations,480,AUD,Closed,Drive mate,uploaded,940,,,True,tax_invoice,3,bill_to,False,123,MATCHED,5033,826,2026-07-30T12:09:24.416333
18562,RACQ Operations,400,AUD,Closed,Drive mate,uploaded,941,,,True,tax_invoice,3,bill_to,False,123,MATCHED,5033,826,2026-07-30T12:09:41.125912
18561,RACQ Operations,6115.81,AUD,Closed,Drive mate,uploaded,942,,,True,tax_invoice,3,bill_to,False,123,MATCHED,5033,826,2026-07-30T12:09:57.916405
18560,RACQ Operations,200,AUD,Closed,Drive mate,uploaded,943,,,True,tax_invoice,3,bill_to,False,123,MATCHED,5033,826,2026-07-30T12:10:16.138303
18559,RACQ Operations,2065.01,AUD,Closed,Drive mate,uploaded,944,,,True,tax_invoice,3,bill_to,False,123,MATCHED,5033,826,2026-07-30T12:10:32.604249
18404,Focussed Loss Management,220,AUD,Closed,Drive Mate,uploaded,945,,,True,tax_invoice,3,bill_to,False,72,MATCHED,5034,826,2026-07-30T12:10:49.919036
18362,South East Smash,0,SGD,Closed,Drive mate,not_invoice,946,,,False,receipt,3,platform,False,135,MATCHED,5032,826,2026-07-30T12:10:56.403292
18339,Fixed Lah,210,SGD,Closed,Drive lah,uploaded,947,,,True,invoice,2,platform,False,,QUARANTINE,,826,2026-07-30T12:11:02.386899
18338,FixedLah,3100,SGD,Closed,Drive lah,uploaded,948,,,True,invoice,2,bill_to,False,,QUARANTINE,,826,2026-07-30T12:11:19.889289
18337,FixedLah,350,SGD,Closed,Drive lah,uploaded,949,,,True,invoice,2,bill_to,False,,QUARANTINE,,826,2026-07-30T12:11:36.233638
18336,Fixed Lah,1500,SGD,Closed,Drive lah,not_invoice,950,,,False,quotation,2,bill_to,False,,QUARANTINE,,826,2026-07-30T12:11:53.470886
18335,Fixed Lah,1200,SGD,Closed,Drive lah,not_invoice,951,,,False,quotation,2,bill_to,False,,QUARANTINE,,826,2026-07-30T12:12:10.529639
18330,INCOME INSURANCE LIMITED,17730,SGD,Closed,Drive Lah,uploaded,952,,,,,2,platform,False,,QUARANTINE,,826,2026-07-30T12:12:27.224239
18289,A/C Name: GT Insurance-Trust,2000,AUD,Closed,Drive mate,not_invoice,953,,,False,letter,3,bill_to,False,76,MATCHED,,826,2026-07-30T12:12:41.580293
18287,A/C Name: GT Insurance-Trust,2000,AUD,Closed,Drive mate,not_invoice,954,,,False,letter,3,bill_to,False,,QUARANTINE,,826,2026-07-30T12:12:58.810378
18286,A/C Name: GT Insurance-Trust,2000,AUD,Closed,Drive Mate,not_invoice,955,,,False,letter,3,bill_to,False,76,MATCHED,,826,2026-07-30T12:13:15.673137
18284,A/C Name: GT Insurance-Trust,2500,AUD,Closed,Drive mate,not_invoice,956,,,False,letter,3,bill_to,False,,QUARANTINE,,826,2026-07-30T12:13:32.792278
18282,Focussed Assessing Pty Ltd (ABN 92 143 234 066),220,AUD,Closed,Drive mate,uploaded,957,,,True,tax_invoice,3,bill_to,False,72,MATCHED,5034,826,2026-07-30T12:13:49.753540
18277,PACK SEND Marrickville,10868.9,AUD,Closed,Drive mate,uploaded,958,,,True,tax_invoice,3,bill_to,False,117,MATCHED,5066,826,2026-07-30T12:13:55.937826
18267,Abdul Saaqib,3000,AUD,Closed,Drive mate,uploaded,959,,,,,3,platform,False,,QUARANTINE,,826,2026-07-30T12:14:14.987581
18112,Abdul Saaqib,3000,AUD,Closed,Drive Mate,uploaded,960,,,,,3,platform,False,,QUARANTINE,,826,2026-07-30T12:14:29.408756
18021,Connect Repair Logistics Pty. Ltd.,908.6,AUD,Auto-approved,Drive mate,uploaded,961,,,True,invoice,3,bill_to,False,61,MATCHED,5032,826,2026-07-30T12:14:43.770542
18002,John Clough Auto Trim,220,AUD,Closed,Drive mate,uploaded,962,,,True,tax_invoice,3,bill_to,False,91,MATCHED,5032,826,2026-07-30T12:14:49.024768
18001,GT Insurance,2000,AUD,Closed,Drive mate,not_invoice,963,,,False,letter,3,bill_to,False,76,MATCHED,,826,2026-07-30T12:14:54.650349
18000,PSC Connect,9607.15,AUD,Auto-approved,Drive Mate,duplicate,,inv#596,hash,,,,,,,,,826,2026-07-30T12:15:11.331915
17996,GT Insurance,2000,AUD,Closed,Drive mate,not_invoice,964,,,False,letter,3,bill_to,False,,QUARANTINE,,826,2026-07-30T12:15:11.362683
17980,Stuttgart Autos,1898.6,AUD,Closed,Drive mate,duplicate,,inv#911,hash,,,,,,,,,827,2026-07-30T12:17:16.033372
17919,SELECTE PTE,300,SGD,Closed,Drive lah,uploaded,965,,,True,invoice,2,bill_to,False,128,MATCHED,6401,827,2026-07-30T12:17:16.100843
17915,Melbourne Prestige Centre,2970,AUD,Closed,Drive Mate,uploaded,966,,,True,tax_invoice,3,bill_to,False,102,MATCHED,5032,827,2026-07-30T12:17:23.044010
17896,NA/ For Drivelah Ops,150,SGD,Closed,Drive lah,uploaded,967,,,,,2,platform,False,,QUARANTINE,,827,2026-07-30T12:17:29.010022
17893,INCOME INSURANCE LIMITED,2668.94,SGD,Closed,Drive lah,uploaded,968,,,True,tax_invoice,2,bill_to,False,,QUARANTINE,,827,2026-07-30T12:17:43.085803
17843,GT Insurance-Trust,2000,AUD,Closed,Drive mate,not_invoice,969,,,False,letter,3,bill_to,False,,QUARANTINE,,827,2026-07-30T12:18:00.474146
17834,Bird & Bird,1850,AUD,Closed,Drive mate,uploaded,970,,,True,tax_invoice,3,bill_to,False,44,MATCHED,6501,827,2026-07-30T12:18:17.037541
17833,PSC Connect Western Pty Ltd,82774.34,AUD,Closed,Drive mate,uploaded,971,,,True,tax_invoice,3,bill_to,False,119,MATCHED,5035,827,2026-07-30T12:18:21.715919
17827,Ur Drive,2750,AUD,Closed,Drive Mate,uploaded,972,,,True,tax_invoice,3,bill_to,False,,QUARANTINE,,827,2026-07-30T12:18:29.345167
17717,Humax Australia Pty Ltd,13094.4,USD,Closed,Drive mate,uploaded,973,,,True,tax_invoice,3,bill_to,False,82,MATCHED,5030,827,2026-07-30T12:18:45.799971
17716,"SentriLock, LLC",1107,USD,Closed,Drive mate,uploaded,974,,,True,invoice,3,bill_to,False,130,MATCHED,5030,827,2026-07-30T12:18:51.103337
17660,Focussed Assessing Pty Ltd (ABN 92 143 234 066),330,AUD,Closed,Drive mate,uploaded,975,,,True,tax_invoice,3,bill_to,False,72,MATCHED,5034,827,2026-07-30T12:18:58.385865
17658,Focussed Assessing Pty Ltd (ABN 92 143 234 066),330,AUD,Closed,Drive mate,uploaded,976,,,True,tax_invoice,3,bill_to,False,72,MATCHED,5034,827,2026-07-30T12:19:04.399443
17657,Focussed Assessing Pty Ltd (ABN 92 143 234 066),220,AUD,Closed,Drive mate,uploaded,977,,,True,tax_invoice,3,bill_to,False,72,MATCHED,5034,827,2026-07-30T12:19:11.001773
17656,Focussed Assessing Pty Ltd (ABN 92 143 234 066),165,AUD,Closed,Drive mate,uploaded,978,,,True,tax_invoice,3,bill_to,False,72,MATCHED,5034,827,2026-07-30T12:19:18.002022
17654,Focussed Assessing Pty Ltd (ABN 92 143 234 066),165,AUD,Closed,Drive mate,uploaded,979,,,True,tax_invoice,3,bill_to,False,72,MATCHED,5034,827,2026-07-30T12:19:24.413082
17653,Focussed Assessing Pty Ltd (ABN 92 143 234 066),165,AUD,Closed,Drive Mate,uploaded,980,,,True,tax_invoice,3,bill_to,False,72,MATCHED,5034,827,2026-07-30T12:19:30.862879
17643,Stephen Inner West Smash Repairs,3600,AUD,Closed,Drive mate,uploaded,981,,,True,tax_invoice,3,bill_to,False,138,MATCHED,5032,827,2026-07-30T12:19:37.018778
17608,GT Insurance-Trust,300,AUD,Closed,Drive mate,uploaded,982,,,True,tax_invoice,3,bill_to,False,,QUARANTINE,,827,2026-07-30T12:19:43.333428
17607, GT Insurance,2000,AUD,Closed,Drive mate,not_invoice,983,,,False,letter,3,bill_to,False,,QUARANTINE,,827,2026-07-30T12:20:00.031063
17591,Anas Ashfaq,0,AUD,Closed,Drive Mate,uploaded,984,,,,,3,platform,False,,QUARANTINE,,827,2026-07-30T12:20:16.539330
17564,Aircall,4129.81,USD,Closed,Central,uploaded,985,,,True,invoice,2,bill_to,False,31,MATCHED,6701,827,2026-07-30T12:20:30.696072
17513,Christopher Scott Acosta,0,AUD,Closed,Drive Mate,uploaded,986,,,,,3,platform,False,,QUARANTINE,,827,2026-07-30T12:20:49.191285
17483,hdb,3210,SGD,Closed,Drive lah,uploaded,987,,,,,2,platform,False,80,MATCHED,5060,827,2026-07-30T12:21:03.385500
17466,Focussed Assessing Pty Ltd (ABN 92 143 234 066),220,AUD,Closed,Drive mate,uploaded,988,,,True,tax_invoice,3,bill_to,False,72,MATCHED,5034,827,2026-07-30T12:21:08.420226
17406,Anas Ashfaq,2451,AUD,Closed,Drive mate,uploaded,989,,,,,3,platform,False,,QUARANTINE,,827,2026-07-30T12:21:14.822208
17395,Testing,1,AUD,Closed,Drive mate,uploaded,990,,,,,3,platform,False,,QUARANTINE,,827,2026-07-30T12:21:28.696623
17389,ILLION,10982.41,AUD,Closed,Drive Mate,uploaded,991,,,True,tax_invoice,3,bill_to,False,83,MATCHED,6701,827,2026-07-30T12:21:43.300177
17388,ILLION,168.97,AUD,Closed,Drive Mate,duplicate,,inv#888,hash,,,,,,,,,827,2026-07-30T12:21:51.242033
17387,TOKIO MARINE,17138.61,SGD,Closed,Drive Lah,uploaded,992,,,,,2,platform,False,144,MATCHED,,827,2026-07-30T12:21:51.274653
17385,TOKIO MARINE,17442.43,SGD,Closed,Drive lah,uploaded,993,,,,,2,platform,False,144,MATCHED,,827,2026-07-30T12:22:03.846099
17380,PSC Connect,82384.34,AUD,Closed,Drive mate,uploaded,994,,,True,tax_invoice,3,bill_to,False,119,MATCHED,5035,827,2026-07-30T12:22:16.812949
17379,PSC Connect,82384.34,AUD,Closed,Drive mate,uploaded,995,,,True,tax_invoice,3,bill_to,False,119,MATCHED,5035,827,2026-07-30T12:22:24.815097
17339,Moengage,2284,USD,Auto-approved,Central,uploaded,996,,,True,invoice,2,bill_to,False,104,MATCHED,6701,827,2026-07-30T12:22:32.677837
17338,Moengage,2284,USD,Auto-approved,Central,uploaded,997,,,True,invoice,2,bill_to,False,104,MATCHED,6701,827,2026-07-30T12:22:39.440541
17336,Moengage ,2284,USD,Auto-approved,Central,uploaded,998,,,True,invoice,2,bill_to,False,104,MATCHED,6701,827,2026-07-30T12:22:45.980815
17335,MOENGAGE,2284,USD,Auto-approved,Central,uploaded,999,,,True,invoice,2,bill_to,False,104,MATCHED,6701,827,2026-07-30T12:22:53.044676
17328,ROOBYKON,192,USD,Auto-approved,Central,uploaded,1000,,,True,invoice,1,bill_to,False,127,MATCHED,1710,827,2026-07-30T12:22:59.270389
17326,ROOBYKON,2356.7,USD,Auto-approved,Central,uploaded,1001,,,True,invoice,1,bill_to,False,127,MATCHED,1710,827,2026-07-30T12:23:16.136491
17323,Digital Matter ,975.24,AUD,Closed,Drive mate,uploaded,1002,,,True,tax_invoice,3,bill_to,False,65,MATCHED,5030,828,2026-07-30T12:25:19.774450
17322,ILLION,3846.7,AUD,Closed,Drive mate,uploaded,1003,,,True,tax_invoice,3,bill_to,False,83,MATCHED,6701,828,2026-07-30T12:25:24.115630
17321,ILLION,10982.41,SGD,Closed,Drive mate,duplicate,,inv#991,hash,,,,,,,,,828,2026-07-30T12:25:31.876918
17319,PACK SEND Marrickville,660,AUD,Closed,Drive Mate,uploaded,1004,,,True,tax_invoice,3,bill_to,False,117,MATCHED,5066,828,2026-07-30T12:25:31.906681
17318,PACK SEND Marrickville,1198.55,AUD,Closed,Drive Mate,uploaded,1005,,,True,tax_invoice,3,bill_to,False,117,MATCHED,5066,828,2026-07-30T12:25:48.131552
17305,ONFIDO,4208.51,USD,Closed,Central,uploaded,1006,,,True,tax_invoice,2,bill_to,False,116,MATCHED,6701,828,2026-07-30T12:26:04.297822
17295,Sydney Transport Provider Pty Ltd,440,AUD,Closed,Drive mate,uploaded,1007,,,True,tax_invoice,3,bill_to,False,,QUARANTINE,,828,2026-07-30T12:26:11.316009
17275,,5646.56,SGD,Auto-approved,Central,duplicate,,inv#932,hash,,,,,,,,,828,2026-07-30T12:26:27.833187
17271,,2897.61,USD,Auto-approved,Central,duplicate,,inv#931,hash,,,,,,,,,828,2026-07-30T12:26:27.864006
17268,,4129.81,USD,Closed,Central,duplicate,,inv#985,hash,,,,,,,,,828,2026-07-30T12:26:27.892475
17255,,1620,SGD,Closed,Drive lah,uploaded,1008,,,,,2,platform,False,,QUARANTINE,,828,2026-07-30T12:26:27.923953
17234,,2600,SGD,Closed,Drive lah,not_invoice,1009,,,False,statement,2,bill_to,False,,QUARANTINE,,828,2026-07-30T12:26:28.964991
17229,Tokio Marine,20931.82,SGD,Closed,Drive lah,uploaded,1010,,,,,2,platform,False,144,MATCHED,,828,2026-07-30T12:26:45.554691
17228,Tokio Marine,13787.96,SGD,Closed,Drive lah,uploaded,1011,,,,,2,platform,False,144,MATCHED,,828,2026-07-30T12:26:57.431809
17227,Tokio Marine,15808.82,SGD,Closed,Drive lah,duplicate,,inv#1011,hash,,,,,,,,,828,2026-07-30T12:27:09.379464
17226,Tokio Marine,19050.48,SGD,Closed,Drive lah,duplicate,,inv#1011,hash,,,,,,,,,828,2026-07-30T12:27:09.379706
17225,Tokio Marine,18525.15,SGD,Closed,Drive lah,duplicate,,inv#1011,hash,,,,,,,,,828,2026-07-30T12:27:09.379827
17224,Tokio Marine,17606.23,SGD,Closed,Drive lah,duplicate,,inv#1011,hash,,,,,,,,,828,2026-07-30T12:27:09.379927
17223,Tokio Marine,6245.63,SGD,Closed,Drive lah,duplicate,,inv#1011,hash,,,,,,,,,828,2026-07-30T12:27:09.380023
17222,Tokio Marine,35654.99,SGD,Closed,Drive lah,duplicate,,inv#1011,hash,,,,,,,,,828,2026-07-30T12:27:09.380108
17219,Intercom,403,USD,Closed,Central,uploaded,1012,,,True,invoice,2,bill_to,False,87,MATCHED,6701,828,2026-07-30T12:27:09.380192
17218,Intercom,19135.7,USD,Closed,Central,uploaded,1013,,,True,invoice,2,bill_to,False,87,MATCHED,6701,828,2026-07-30T12:27:25.917874
17217,Intercom,572.29,USD,Closed,Central,uploaded,1014,,,True,invoice,2,bill_to,False,87,MATCHED,6701,828,2026-07-30T12:27:42.659217
17216,Intercom,245.64,USD,Closed,Central,uploaded,1015,,,True,invoice,2,bill_to,False,87,MATCHED,6701,828,2026-07-30T12:27:59.424866
17215,Intercom,324.49,USD,Closed,Central,uploaded,1016,,,True,invoice,2,bill_to,False,87,MATCHED,6701,828,2026-07-30T12:28:16.077535
17208,Onfido,5783.04,USD,Closed,Central,uploaded,1017,,,True,tax_invoice,2,bill_to,False,116,MATCHED,6701,828,2026-07-30T12:28:32.546883
17204,AWS,8921.66,SGD,Closed,Central,uploaded,1018,,,True,tax_invoice,2,bill_to,False,355,MATCHED,,828,2026-07-30T12:28:39.413090
17203,AWS,234.53,SGD,Closed,Central,uploaded,1019,,,True,tax_invoice,2,bill_to,False,355,MATCHED,,828,2026-07-30T12:28:56.316892
17202,AWS,436.74,SGD,Closed,Central,uploaded,1020,,,True,invoice,2,bill_to,False,355,MATCHED,,828,2026-07-30T12:29:13.322089
17201,AWS,2721.43,SGD,Closed,Central,uploaded,1021,,,True,tax_invoice,2,bill_to,False,355,MATCHED,,828,2026-07-30T12:29:29.070060
17200,AWS,10817.49,SGD,Closed,Central,uploaded,1022,,,True,tax_invoice,2,bill_to,False,355,MATCHED,,828,2026-07-30T12:29:45.895854
17199,AWS,189.02,SGD,Closed,Central,uploaded,1023,,,True,invoice,2,bill_to,False,355,MATCHED,,828,2026-07-30T12:30:03.192230
17197,AWS,11207.29,SGD,Closed,Central,uploaded,1024,,,True,tax_invoice,2,bill_to,False,355,MATCHED,,828,2026-07-30T12:30:19.599860
17196,AWS,3126.55,SGD,Closed,Central,uploaded,1025,,,True,tax_invoice,2,bill_to,False,355,MATCHED,,828,2026-07-30T12:30:36.692711
17194,Lloyd Cowan,825,AUD,Closed,Drive Mate,uploaded,1026,,,,,3,platform,False,582,MATCHED,5032,828,2026-07-30T12:30:53.543534
17192,,627,AUD,Closed,Drive mate,uploaded,1027,,,,,3,platform,False,,QUARANTINE,,828,2026-07-30T12:31:04.169689
17191,Lloyd Cowan,220,AUD,Closed,Drive Mate,uploaded,1028,,,,,3,platform,False,582,MATCHED,5032,828,2026-07-30T12:31:05.581936
17132,,1419,AUD,Closed,Drive mate,uploaded,1029,,,True,tax_invoice,3,bill_to,False,111,MATCHED,5001,828,2026-07-30T12:31:16.142795
17098,CDG,675.8,SGD,Auto-approved,Drive lah,uploaded,1030,,,,,2,platform,False,,QUARANTINE,,828,2026-07-30T12:31:36.146494
17097,CDG,850.2,SGD,Auto-approved,Drive lah,uploaded,1031,,,,,2,platform,False,,QUARANTINE,,829,2026-07-30T12:33:33.284496
17076,,552.2,AUD,Closed,Drive mate,uploaded,1032,,,True,tax_invoice,3,bill_to,False,58,MATCHED,5033,829,2026-07-30T12:33:47.136241
17042,,165,AUD,Closed,Drive mate,uploaded,1033,,,True,tax_invoice,3,bill_to,False,72,MATCHED,5034,829,2026-07-30T12:33:57.208760
17034,Collision Towing & Recovery Services Pty Ltd,337.04,AUD,Closed,Drive Mate,uploaded,1034,,,True,tax_invoice,3,bill_to,False,58,MATCHED,5033,829,2026-07-30T12:34:03.607184
16967,CDG,70,SGD,Closed,Drive Lah,uploaded,1035,,,,,2,platform,False,,QUARANTINE,,829,2026-07-30T12:34:08.248474
16964,,1000,AUD,Closed,Drive mate,uploaded,1036,,,True,tax_invoice,3,bill_to,False,,QUARANTINE,,829,2026-07-30T12:34:22.107945
16963,GT,3300,AUD,Closed,Drive mate,uploaded,1037,,,True,tax_invoice,3,bill_to,False,,QUARANTINE,,829,2026-07-30T12:34:38.730780
16961,,0,AUD,Closed,Drive mate,duplicate,,inv#1036,hash,,,,,,,,,829,2026-07-30T12:34:55.115876
16958,Aircall,3931.07,USD,Closed,Central,uploaded,1038,,,True,invoice,2,bill_to,False,31,MATCHED,6701,829,2026-07-30T12:34:55.116185
16953,Focussed Loss Assessing,330,AUD,Closed,Drive mate,uploaded,1039,,,,,3,platform,False,,QUARANTINE,,829,2026-07-30T12:35:12.778266
16952,Focussed Loss Assessing,220,AUD,Closed,Drive mate,uploaded,1040,,,True,tax_invoice,3,bill_to,False,72,MATCHED,5034,829,2026-07-30T12:35:26.640313
16949,Focussed Loss Assessing,330,AUD,Closed,Drive mate,uploaded,1041,,,True,tax_invoice,3,bill_to,False,72,MATCHED,5034,829,2026-07-30T12:35:32.954567
16948,Focussed Loss Assessing,330,AUD,Closed,Drive mate,uploaded,1042,,,True,tax_invoice,3,bill_to,False,72,MATCHED,5034,829,2026-07-30T12:35:39.077186
16945,Focussed Loss Assessing,330,AUD,Closed,Drive mate,uploaded,1043,,,True,tax_invoice,3,bill_to,False,72,MATCHED,5034,829,2026-07-30T12:35:45.717468
16944,Focussed Loss Assessing,330,AUD,Closed,Drive mate,uploaded,1044,,,True,tax_invoice,3,bill_to,False,72,MATCHED,5034,829,2026-07-30T12:35:51.667148
16943,Focussed Loss Assessing,220,AUD,Closed,Drive mate,uploaded,1045,,,True,tax_invoice,3,bill_to,False,72,MATCHED,5034,829,2026-07-30T12:35:57.782098
16942,Focussed Loss Assessing,330,AUD,Closed,Drive mate,uploaded,1046,,,True,tax_invoice,3,bill_to,False,72,MATCHED,5034,829,2026-07-30T12:36:04.004064
16941,Focussed Loss Assessing,330,AUD,Closed,Drive mate,uploaded,1047,,,True,tax_invoice,3,bill_to,False,72,MATCHED,5034,829,2026-07-30T12:36:10.574191
16940,Focussed Loss Assessing,330,AUD,Closed,Drive mate,uploaded,1048,,,True,tax_invoice,3,bill_to,False,72,MATCHED,5034,829,2026-07-30T12:36:16.494164
16930,Illion,168.97,SGD,Closed,Drive mate,duplicate,,inv#888,hash,,,,,,,,,829,2026-07-30T12:36:22.749634
16929,Illion,80.69,AUD,Closed,Drive Mate,uploaded,1049,,,True,tax_invoice,3,bill_to,False,83,MATCHED,6701,829,2026-07-30T12:36:22.779389
16928,,88.28,AUD,Closed,,not_invoice,1050,,,False,statement,3,bill_to,False,83,MATCHED,6701,829,2026-07-30T12:36:30.438546
16927,Illion,1100,AUD,Closed,Drive Mate,uploaded,1051,,,True,tax_invoice,3,bill_to,False,83,MATCHED,6701,829,2026-07-30T12:36:38.280751
16871,,1526,SGD,Closed,,uploaded,1052,,,True,tax_invoice,2,bill_to,False,27,MATCHED,5001,829,2026-07-30T12:36:45.306361
16867,,3000,AUD,Closed,Drive mate,uploaded,1053,,,,,3,platform,False,,QUARANTINE,,829,2026-07-30T12:36:49.270724
16837,,663.25,AUD,Closed,Drive mate,uploaded,1054,,,True,tax_invoice,3,bill_to,False,132,MATCHED,5025,829,2026-07-30T12:36:50.337159
16825,,82384.34,AUD,Closed,Drive mate,duplicate,,inv#576,hash,,,,,,,,,829,2026-07-30T12:36:56.737299
16824,,64323.21,AUD,Closed,Drive mate,uploaded,1055,,,True,tax_invoice,3,bill_to,False,119,MATCHED,5035,829,2026-07-30T12:36:56.768351
16822,Penguin Risk Solutions,64323.21,AUD,Closed,Drive mate,uploaded,1056,,,,,3,platform,False,119,MATCHED,5035,829,2026-07-30T12:37:03.938464
16802,,18715.48,AUD,Closed,,uploaded,1057,,,True,tax_invoice,3,bill_to,False,142,MATCHED,5030,829,2026-07-30T12:37:07.117544
16694,,436,SGD,Closed,,uploaded,1058,,,True,tax_invoice,2,bill_to,False,134,MATCHED,6701,829,2026-07-30T12:37:23.609362
16685,GT,2300,AUD,Closed,Drive mate,uploaded,1059,,,True,tax_invoice,3,bill_to,False,,QUARANTINE,,829,2026-07-30T12:37:39.882060
16684,PACK SEND Marrickville,7507.5,AUD,Closed,Drive Mate,uploaded,1060,,,True,tax_invoice,3,bill_to,False,117,MATCHED,5066,829,2026-07-30T12:37:57.076950
16683,Thinxtra Solutions Pty Ltd,19009.38,AUD,Closed,Drive Mate,uploaded,1061,,,True,tax_invoice,3,bill_to,False,142,MATCHED,5030,829,2026-07-30T12:38:13.450772
16681,Sentrilock LLC,1119,USD,Closed,Drive Mate,uploaded,1062,,,True,invoice,3,bill_to,False,130,MATCHED,5030,829,2026-07-30T12:38:29.928586
16676,GT,2300,AUD,Closed,Drive mate,uploaded,1063,,,True,tax_invoice,3,bill_to,False,,QUARANTINE,,829,2026-07-30T12:38:35.540175
16640,GT,300,AUD,Closed,Drive mate,not_invoice,1064,,,False,letter,3,bill_to,False,,QUARANTINE,,829,2026-07-30T12:38:51.787711
16632,,220,AUD,Approval Required,Drive mate,uploaded,1065,,,True,tax_invoice,3,bill_to,False,72,MATCHED,5034,829,2026-07-30T12:39:08.278596
16590,,220,AUD,Closed,Drive mate,duplicate,,inv#911,hash,,,,,,,,,829,2026-07-30T12:39:14.988613
16493,,300,AUD,Closed,Drive mate,uploaded,1066,,,True,tax_invoice,3,bill_to,False,,QUARANTINE,,829,2026-07-30T12:39:15.017904
16471,Humax Australia Pty Ltd,13094.4,USD,Closed,Drive Mate,uploaded,1067,,,True,tax_invoice,3,bill_to,False,82,MATCHED,5030,830,2026-07-30T12:41:33.757520
16470,Humaxe,12830.4,USD,Closed,Drive mate,uploaded,1068,,,True,tax_invoice,3,bill_to,False,82,MATCHED,5030,830,2026-07-30T12:41:39.153318
16469,Lloyd Cowan,82.5,AUD,Closed,Drive Mate,uploaded,1069,,,,,3,platform,False,582,MATCHED,5032,830,2026-07-30T12:41:44.227431
16468,Lloyd Cowan,220,AUD,Closed,Drive Mate,uploaded,1070,,,,,3,platform,False,582,MATCHED,5032,830,2026-07-30T12:41:54.850733
16426,,15354.71,AUD,Closed,,uploaded,1071,,,True,tax_invoice,3,bill_to,False,119,MATCHED,5035,830,2026-07-30T12:42:05.625318
16415,,2750,AUD,Closed,Drive mate,uploaded,1072,,,True,tax_invoice,3,bill_to,False,,QUARANTINE,,830,2026-07-30T12:42:13.136212
16387,,178,AUD,Closed,Drive mate,uploaded,1073,,,True,tax_invoice,3,bill_to,False,143,MATCHED,5033,830,2026-07-30T12:42:30.186933
16374,,3523.85,AUD,Closed,Drive mate,uploaded,1074,,,True,tax_invoice,3,bill_to,False,88,MATCHED,5032,830,2026-07-30T12:42:37.478097
16348,,2820,AUD,Closed,Drive mate,uploaded,1075,,,True,tax_invoice,3,bill_to,False,143,MATCHED,5033,830,2026-07-30T12:42:43.181025
16347,,220,AUD,Closed,Drive mate,uploaded,1076,,,True,tax_invoice,3,bill_to,False,72,MATCHED,5034,830,2026-07-30T12:42:49.808289
16332,,17022.74,AUD,Closed,,uploaded,1077,,,,,3,currency,False,,QUARANTINE,,830,2026-07-30T12:42:57.317317
16325,,1281.5,AUD,Closed,Drive mate,uploaded,1078,,,,,3,platform,False,,QUARANTINE,,830,2026-07-30T12:42:59.234949
16277,,3583.65,AUD,Closed,Drive mate,uploaded,1079,,,,,3,platform,False,,QUARANTINE,,830,2026-07-30T12:43:00.163642
16259,,425.7,AUD,Closed,Drive mate,uploaded,1080,,,True,tax_invoice,3,bill_to,False,58,MATCHED,5033,830,2026-07-30T12:43:01.469508
16176,,165,AUD,Closed,Drive mate,duplicate,,inv#911,hash,,,,,,,,,830,2026-07-30T12:43:06.778882
16145,,2000,AUD,Closed,Drive mate,uploaded,1081,,,True,tax_invoice,3,bill_to,False,,QUARANTINE,,830,2026-07-30T12:43:06.808205
16107,,140,AUD,Closed,Drive mate,uploaded,1082,,,True,tax_invoice,3,bill_to,False,29,MATCHED,5032,830,2026-07-30T12:43:23.569065
16105,,220,AUD,Closed,Drive mate,uploaded,1083,,,True,tax_invoice,3,bill_to,False,72,MATCHED,5034,830,2026-07-30T12:43:27.752549
16080,,731.5,AUD,Closed,Drive mate,uploaded,1084,,,True,invoice,3,bill_to,False,112,MATCHED,5033,830,2026-07-30T12:43:33.926351
16076,,689.56,AUD,Closed,Drive mate,uploaded,1085,,,True,tax_invoice,3,bill_to,False,132,MATCHED,5025,830,2026-07-30T12:43:39.968450
16065,,2625.96,AUD,Closed,Drive mate,uploaded,1086,,,True,tax_invoice,3,bill_to,False,,QUARANTINE,,830,2026-07-30T12:43:47.481453
16063,,495,AUD,Closed,Drive mate,uploaded,1087,,,,,3,platform,False,,QUARANTINE,,830,2026-07-30T12:44:05.373093
16053,,165,AUD,Closed,Drive mate,uploaded,1088,,,True,tax_invoice,3,bill_to,False,72,MATCHED,5034,830,2026-07-30T12:44:06.154549
16040,,2000,AUD,Closed,Drive mate,not_invoice,1089,,,False,letter,3,bill_to,False,76,MATCHED,,830,2026-07-30T12:44:12.830148
16029,,814,AUD,Closed,Drive mate,uploaded,1090,,,True,tax_invoice,3,bill_to,False,111,MATCHED,5001,830,2026-07-30T12:44:29.739034
15961,,880,AUD,Closed,Drive mate,uploaded,1091,,,True,tax_invoice,3,bill_to,False,102,MATCHED,5032,830,2026-07-30T12:44:46.101587
15959,,2915,AUD,Closed,Drive mate,uploaded,1092,,,,,3,platform,False,,QUARANTINE,,830,2026-07-30T12:44:52.176027
15955,,2950,AUD,Closed,Drive mate,uploaded,1093,,,True,tax_invoice,3,bill_to,False,102,MATCHED,5032,830,2026-07-30T12:44:53.103558
15942,,2000,AUD,Closed,Drive mate,not_invoice,1094,,,False,letter,3,bill_to,False,,QUARANTINE,,830,2026-07-30T12:44:58.992283
15812,Venture Haven,1978.5,SGD,Approval Required,Drive lah,uploaded,1095,,,,,2,platform,False,153,MATCHED,6500,830,2026-07-30T12:45:15.469492
15809,,2000,AUD,Closed,Drive mate,not_invoice,1096,,,False,letter,3,bill_to,False,76,MATCHED,,830,2026-07-30T12:45:20.916544
15794,,5539.05,AUD,Closed,Drive mate,not_invoice,1097,,,False,receipt,3,bill_to,False,,QUARANTINE,,830,2026-07-30T12:45:36.996652
15775,,440,AUD,Closed,Drive mate,uploaded,1098,,,True,tax_invoice,3,bill_to,False,,QUARANTINE,,830,2026-07-30T12:45:54.085610
15762,,185.9,AUD,Closed,Drive mate,uploaded,1099,,,,,3,platform,False,,QUARANTINE,,830,2026-07-30T12:46:10.695694
15748,,3603.6,AUD,Closed,Drive mate,uploaded,1100,,,,,3,platform,False,,QUARANTINE,,830,2026-07-30T12:46:11.995337
15732,Thinxtra,18715.48,AUD,Closed,Drive mate,duplicate,,inv#1057,hash,,,,,,,,,830,2026-07-30T12:46:14.083539
15730,PACK SEND Marrickville,7507.5,AUD,Closed,Drive Mate,uploaded,1101,,,True,tax_invoice,3,bill_to,False,117,MATCHED,5066,830,2026-07-30T12:46:14.114737
15728,Sentrilock LLC,2130,USD,Closed,Drive Mate,uploaded,1102,,,True,invoice,3,bill_to,False,130,MATCHED,5030,830,2026-07-30T12:46:31.269071
15712,,208,AUD,Closed,Drive mate,not_invoice,1103,,,False,receipt,3,bill_to,False,,QUARANTINE,,830,2026-07-30T12:46:38.060538
15641,,0,AUD,Closed,Drive mate,not_invoice,1104,,,False,letter,3,platform,False,88,MATCHED,5032,830,2026-07-30T12:46:54.375858
15640,,165,AUD,Closed,Drive mate,uploaded,1105,,,True,tax_invoice,3,bill_to,False,72,MATCHED,5034,831,2026-07-30T12:48:59.847967
15627,,1526,SGD,Closed,,uploaded,1106,,,True,tax_invoice,2,bill_to,False,,QUARANTINE,,831,2026-07-30T12:49:06.690161
15623,,862.93,AUD,Closed,Drive mate,uploaded,1107,,,True,invoice,3,bill_to,False,,QUARANTINE,,831,2026-07-30T12:49:23.241295
15611,,1780,AUD,Closed,Drive mate,uploaded,1108,,,True,tax_invoice,3,bill_to,False,102,MATCHED,5032,831,2026-07-30T12:49:39.458494
15596,,220,AUD,Closed,Drive mate,uploaded,1109,,,True,tax_invoice,3,bill_to,False,72,MATCHED,5034,831,2026-07-30T12:49:45.840084
15592,,2000,AUD,Closed,Drive mate,not_invoice,1110,,,False,letter,3,bill_to,False,,QUARANTINE,,831,2026-07-30T12:49:52.657230
15415,Tokio Marine,196.2,SGD,Closed,Drive lah,uploaded,1111,,,True,tax_invoice,2,bill_to,False,,QUARANTINE,,831,2026-07-30T12:50:10.185425
15409,,321.42,AUD,Closed,Drive mate,uploaded,1112,,,True,tax_invoice,3,bill_to,False,117,MATCHED,5066,831,2026-07-30T12:50:26.864562
15407,PACK SEND Marrickville,7507.5,AUD,Closed,Drive Mate,uploaded,1113,,,True,tax_invoice,3,bill_to,False,117,MATCHED,5066,831,2026-07-30T12:50:43.858767
15380,,2000,AUD,Closed,Drive mate,not_invoice,1114,,,False,letter,3,bill_to,False,76,MATCHED,,831,2026-07-30T12:51:00.634365
15338,,2542.97,SGD,Closed,Drive lah,uploaded,1115,,,,,2,platform,False,,QUARANTINE,,831,2026-07-30T12:51:18.220773
15305,,1878,SGD,Closed,Drive lah,not_invoice,1116,,,False,statement,2,bill_to,False,,QUARANTINE,,831,2026-07-30T12:51:19.378676
15301,,1044,MYR,Closed,Drive lah,uploaded,1117,,,,,2,platform,False,,QUARANTINE,,831,2026-07-30T12:51:37.022438
15288,,2000,AUD,Closed,Drive mate,not_invoice,1118,,,False,letter,3,bill_to,False,,QUARANTINE,,831,2026-07-30T12:51:38.468613
15111,,1144,AUD,Closed,Drive mate,uploaded,1119,,,True,tax_invoice,3,bill_to,False,111,MATCHED,5001,831,2026-07-30T12:51:55.489881
15014,,2692.8,AUD,Closed,Drive mate,uploaded,1120,,,True,tax_invoice,3,bill_to,False,88,MATCHED,5032,831,2026-07-30T12:52:12.223019
14989,,2824.25,AUD,Closed,Drive mate,uploaded,1121,,,True,tax_invoice,3,bill_to,False,88,MATCHED,5032,831,2026-07-30T12:52:17.730255
14982,,90388.21,AUD,Closed,,not_invoice,1122,,,False,statement,3,bill_to,False,119,MATCHED,5035,831,2026-07-30T12:52:35.227464
14979,,165,SGD,Closed,Drive mate,uploaded,1123,,,True,tax_invoice,3,bill_to,False,72,MATCHED,5034,831,2026-07-30T12:52:41.634075
14971,,8800,AUD,Closed,Drive mate,uploaded,1124,,,True,tax_invoice,3,bill_to,False,,QUARANTINE,,831,2026-07-30T12:52:48.106048
14970,,8800,AUD,Closed,Drive mate,uploaded,1125,,,True,tax_invoice,3,bill_to,False,,QUARANTINE,,831,2026-07-30T12:53:04.359396
14938,,1526,SGD,Closed,,duplicate,,inv#1106,hash,,,,,,,,,831,2026-07-30T12:53:20.971794
14911,,2000,AUD,Closed,Drive mate,uploaded,1126,,,True,tax_invoice,3,bill_to,False,,QUARANTINE,,831,2026-07-30T12:53:20.972056
14898,,2000,AUD,Closed,Drive mate,duplicate,,inv#881,hash,,,,,,,,,831,2026-07-30T12:53:37.448439
14891,,165,AUD,Closed,Drive mate,uploaded,1127,,,True,tax_invoice,3,bill_to,False,72,MATCHED,5034,831,2026-07-30T12:53:37.478498
14867,,2000,AUD,Closed,Drive mate,not_invoice,1128,,,False,letter,3,bill_to,False,76,MATCHED,,831,2026-07-30T12:53:43.701552
14865,,2000,AUD,Closed,Drive mate,not_invoice,1129,,,False,letter,3,bill_to,False,76,MATCHED,,831,2026-07-30T12:54:00.150635
14862,,2000,AUD,Closed,Drive mate,not_invoice,1130,,,False,letter,3,bill_to,False,76,MATCHED,,831,2026-07-30T12:54:16.659159
14850,,2000,AUD,Closed,Drive mate,not_invoice,1131,,,False,letter,3,bill_to,False,76,MATCHED,,831,2026-07-30T12:54:33.266828
14845,,2000,AUD,Closed,Drive mate,not_invoice,1132,,,False,letter,3,bill_to,False,76,MATCHED,,831,2026-07-30T12:54:50.175936
14580,Wattersons,2276.34,AUD,Closed,Drive mate,uploaded,1133,,,,,3,platform,False,157,MATCHED,6501,831,2026-07-30T12:55:07.422539
14579,Wattersons,6927.47,AUD,Closed,Drive mate,uploaded,1134,,,,,3,platform,False,157,MATCHED,6501,831,2026-07-30T12:55:21.872066
14578,Wattersons,2500,AUD,Closed,Drive mate,uploaded,1135,,,,,3,platform,False,157,MATCHED,6501,831,2026-07-30T12:55:36.244533
14568,,3344,AUD,Closed,Drive mate,not_invoice,1136,,,False,other,3,platform,False,,QUARANTINE,,831,2026-07-30T12:55:50.228351
14500,,1215.7,AUD,Closed,Drive mate,uploaded,1137,,,,,3,platform,False,,QUARANTINE,,831,2026-07-30T12:55:52.904176
14434,RACQ,2775.34,AUD,Closed,Drive mate,uploaded,1138,,,True,tax_invoice,3,bill_to,False,123,MATCHED,5033,831,2026-07-30T12:55:54.188135
14433,RACQ,3787.56,AUD,Closed,Drive mate,uploaded,1139,,,True,tax_invoice,3,bill_to,False,123,MATCHED,5033,831,2026-07-30T12:56:11.661999
14431,RACQ,3922.99,AUD,Closed,Drive mate,uploaded,1140,,,True,tax_invoice,3,bill_to,False,123,MATCHED,5033,831,2026-07-30T12:56:29.322236
14430,RACQ,100,AUD,Closed,Drive mate,uploaded,1141,,,True,tax_invoice,3,bill_to,False,123,MATCHED,5033,831,2026-07-30T12:56:46.948839
14428,RACQ,4134.97,AUD,Closed,Drive mate,uploaded,1142,,,True,tax_invoice,3,bill_to,False,123,MATCHED,5033,831,2026-07-30T12:57:03.923885
14427,RACQ,2955.01,AUD,Closed,Drive mate,uploaded,1143,,,True,tax_invoice,3,bill_to,False,123,MATCHED,5033,832,2026-07-30T12:59:17.121979
14426,RACQ,2783.48,AUD,Closed,Drive mate,uploaded,1144,,,True,tax_invoice,3,bill_to,False,123,MATCHED,5033,832,2026-07-30T12:59:34.045465
14351,,731.85,AUD,Closed,Drive mate,uploaded,1145,,,True,tax_invoice,3,bill_to,False,29,MATCHED,5032,832,2026-07-30T12:59:50.575666
14265,,950.4,AUD,Closed,Drive mate,uploaded,1146,,,True,tax_invoice,3,bill_to,False,102,MATCHED,5032,832,2026-07-30T12:59:54.973567
14256,,1815,AUD,Closed,Drive mate,uploaded,1147,,,True,tax_invoice,3,bill_to,False,102,MATCHED,5032,832,2026-07-30T13:00:00.881682
14191,,2000,AUD,Closed,Drive mate,not_invoice,1148,,,False,letter,3,bill_to,False,76,MATCHED,,832,2026-07-30T13:00:06.915313
14182,,363,AUD,Closed,Drive mate,uploaded,1149,,,True,tax_invoice,3,platform,False,102,MATCHED,5032,832,2026-07-30T13:00:23.251349
14145,,330,SGD,Closed,Drive lah,uploaded,1150,,,True,invoice,2,bill_to,False,36,MATCHED,6103,832,2026-07-30T13:00:29.082696
14111,,2000,AUD,Closed,Drive mate,not_invoice,1151,,,False,letter,3,bill_to,False,76,MATCHED,,832,2026-07-30T13:00:32.608271
14094,,2000,AUD,Closed,Drive mate,not_invoice,1152,,,False,letter,3,bill_to,False,,QUARANTINE,,832,2026-07-30T13:00:48.830295
14009,,2000,AUD,Closed,Drive mate,not_invoice,1153,,,False,letter,3,bill_to,False,,QUARANTINE,,832,2026-07-30T13:01:05.051967
14005,,1000,AUD,Closed,Drive mate,uploaded,1154,,,,,3,platform,False,,QUARANTINE,,832,2026-07-30T13:01:21.099349
13974,,2000,AUD,Closed,Drive mate,uploaded,1155,,,True,tax_invoice,3,bill_to,False,,QUARANTINE,,832,2026-07-30T13:01:22.264584
13959,,18758.61,AUD,Closed,Drive mate,uploaded,1156,,,True,tax_invoice,3,bill_to,False,142,MATCHED,5030,832,2026-07-30T13:01:39.079622
13958,,1350,USD,Closed,Drive mate,uploaded,1157,,,True,invoice,3,bill_to,False,130,MATCHED,5030,832,2026-07-30T13:01:55.034234
13957,,12724.8,USD,Closed,Drive mate,uploaded,1158,,,True,tax_invoice,3,bill_to,False,82,MATCHED,5030,832,2026-07-30T13:02:01.479579
13956,,2600,AUD,Closed,Drive mate,uploaded,1159,,,True,tax_invoice,3,bill_to,False,23,MATCHED,5054,832,2026-07-30T13:02:06.357318
13955,,599.06,AUD,Closed,Drive mate,uploaded,1160,,,True,tax_invoice,3,bill_to,False,117,MATCHED,5066,832,2026-07-30T13:02:10.852437
13954,,470.87,AUD,Closed,Drive mate,uploaded,1161,,,True,tax_invoice,3,bill_to,False,117,MATCHED,5066,832,2026-07-30T13:02:27.692795
13952,,2000,AUD,Closed,Drive mate,not_invoice,1162,,,False,letter,3,bill_to,False,76,MATCHED,,832,2026-07-30T13:02:44.577508
13951,,423.4,AUD,Closed,Drive mate,uploaded,1163,,,True,tax_invoice,3,bill_to,False,117,MATCHED,5066,832,2026-07-30T13:03:00.663855
13948,,3300,AUD,Closed,Drive mate,uploaded,1164,,,True,tax_invoice,3,bill_to,False,95,MATCHED,5054,832,2026-07-30T13:03:16.460321
13947,,4850,AUD,Closed,Drive mate,uploaded,1165,,,True,tax_invoice,3,bill_to,False,23,MATCHED,5054,832,2026-07-30T13:03:21.803944
13945,,2520,AUD,Closed,Drive mate,uploaded,1166,,,True,tax_invoice,3,bill_to,False,95,MATCHED,5054,832,2026-07-30T13:03:25.333894
13942,,1865,AUD,Closed,Drive mate,uploaded,1167,,,True,tax_invoice,3,bill_to,False,95,MATCHED,5054,832,2026-07-30T13:03:30.769915
13896,AWS,12543.91,SGD,Closed,,uploaded,1168,,,,,2,currency,False,42,MATCHED,6700,832,2026-07-30T13:03:36.469249
13895,AWS,3058.69,SGD,Closed,,duplicate,,inv#1168,hash,,,,,,,,,832,2026-07-30T13:03:37.546548
13894,,194.18,SGD,Closed,,duplicate,,inv#1168,hash,,,,,,,,,832,2026-07-30T13:03:37.546835
13893,AWS,3091.22,SGD,Closed,Central,duplicate,,inv#1168,hash,,,,,,,,,832,2026-07-30T13:03:37.546988
13892,,9527.19,SGD,Closed,,duplicate,,inv#1168,hash,,,,,,,,,832,2026-07-30T13:03:37.547113
13891,,152.83,SGD,Closed,,duplicate,,inv#1168,hash,,,,,,,,,832,2026-07-30T13:03:37.547230
13863,,2000,AUD,Closed,Drive mate,not_invoice,1169,,,False,letter,3,bill_to,False,,QUARANTINE,,832,2026-07-30T13:03:37.547338
13813,,2300,AUD,Closed,Drive mate,uploaded,1170,,,True,tax_invoice,3,bill_to,False,,QUARANTINE,,832,2026-07-30T13:03:53.793906
13797,,1572,AUD,Closed,Drive mate,uploaded,1171,,,,,3,platform,False,,QUARANTINE,,832,2026-07-30T13:04:11.290149
13673,,2000,AUD,Closed,Drive mate,not_invoice,1172,,,False,letter,3,bill_to,False,,QUARANTINE,,832,2026-07-30T13:04:12.198082
13546,,12023.16,USD,Closed,,uploaded,1173,,,True,tax_invoice,1,default,False,116,MATCHED,6701,832,2026-07-30T13:04:28.401878
13545,Onfido,11687.29,USD,Closed,Central,uploaded,1174,,,True,tax_invoice,2,bill_to,False,116,MATCHED,6701,832,2026-07-30T13:04:35.002650
13542,,3786.97,USD,Closed,,uploaded,1175,,,True,invoice,2,bill_to,False,31,MATCHED,6701,832,2026-07-30T13:04:42.009252
13541,,3576,USD,Closed,,uploaded,1176,,,True,invoice,2,bill_to,False,31,MATCHED,6701,832,2026-07-30T13:04:58.940728
13519,,2000,SGD,Closed,Drive mate,uploaded,1177,,,True,tax_invoice,3,bill_to,False,,QUARANTINE,,832,2026-07-30T13:05:15.546580
13431,,7110,SGD,Closed,Drive lah,not_invoice,1178,,,False,statement,2,bill_to,False,,QUARANTINE,,833,2026-07-30T13:07:31.103544
13405,,1430,AUD,Closed,Drive mate,uploaded,1179,,,True,tax_invoice,3,bill_to,False,39,MATCHED,5054,833,2026-07-30T13:07:48.214808
13404,,3635.5,AUD,Closed,Drive mate,uploaded,1180,,,True,tax_invoice,3,bill_to,False,39,MATCHED,5054,833,2026-07-30T13:07:52.852344
13403,,3905,AUD,Closed,Drive mate,uploaded,1181,,,True,tax_invoice,3,bill_to,False,39,MATCHED,5054,833,2026-07-30T13:07:57.920976
13163,,1089,AUD,Closed,Drive mate,uploaded,1182,,,True,invoice,3,bill_to,False,,QUARANTINE,,833,2026-07-30T13:08:02.606830
13135,,1362,SGD,Closed,Drive lah,uploaded,1183,,,True,invoice,3,bill_to,True,84,MATCHED,6104,833,2026-07-30T13:08:19.312751
13040,,309.98,AUD,Closed,Drive mate,uploaded,1184,,,True,tax_invoice,3,bill_to,False,132,MATCHED,5025,833,2026-07-30T13:08:23.806150
13035,,542.94,AUD,Closed,Drive mate,uploaded,1185,,,True,tax_invoice,3,bill_to,False,132,MATCHED,5025,833,2026-07-30T13:08:30.086616
13033,Bird & BIrd,16880.63,AUD,Closed,Drive mate,uploaded,1186,,,True,tax_invoice,3,bill_to,False,44,MATCHED,6501,833,2026-07-30T13:08:36.557071
12988,,1027.93,AUD,Closed,Drive mate,uploaded,1187,,,,,3,platform,False,,QUARANTINE,,833,2026-07-30T13:08:41.878507
12982,Wattersons,4703.22,AUD,Closed,Drive mate,uploaded,1188,,,True,tax_invoice,3,bill_to,False,157,MATCHED,6501,833,2026-07-30T13:08:43.214421
12978,,5725.42,AUD,Closed,Drive mate,uploaded,1189,,,True,tax_invoice,3,bill_to,False,129,MATCHED,5032,833,2026-07-30T13:08:59.969850
12779,,1133,AUD,Closed,Drive mate,uploaded,1190,,,True,tax_invoice,3,bill_to,False,111,MATCHED,5001,833,2026-07-30T13:09:06.307260
12713,,2990,SGD,Closed,Drive lah,not_invoice,1191,,,False,statement,2,bill_to,False,,QUARANTINE,,833,2026-07-30T13:09:22.332573
12474,,1526,SGD,Closed,,uploaded,1192,,,True,tax_invoice,2,bill_to,False,,QUARANTINE,,833,2026-07-30T13:09:39.267078
12442,,10868.9,AUD,Closed,Drive Mate,duplicate,,inv#958,hash,,,,,,,,,833,2026-07-30T13:09:55.825866
12429,PACK SEND Marrickville,993.3,AUD,Closed,Drive Mate,uploaded,1193,,,True,tax_invoice,3,bill_to,False,117,MATCHED,5066,833,2026-07-30T13:09:55.858780
12426,,612.2,AUD,Closed,Drive mate,uploaded,1194,,,True,tax_invoice,3,bill_to,False,117,MATCHED,5066,833,2026-07-30T13:10:12.385176
12420,,2374.13,AUD,Closed,Drive mate,uploaded,1195,,,True,tax_invoice,3,bill_to,False,117,MATCHED,5066,833,2026-07-30T13:10:29.151252
12366,,2000,AUD,Closed,Drive mate,uploaded,1196,,,True,tax_invoice,3,bill_to,False,,QUARANTINE,,833,2026-07-30T13:10:46.653566
12364,,330,AUD,Closed,Drive mate,uploaded,1197,,,True,tax_invoice,3,bill_to,False,72,MATCHED,5034,833,2026-07-30T13:11:03.110752
12263,,2860,SGD,Closed,Drive lah,uploaded,1198,,,True,tax_invoice,2,bill_to,False,55,MATCHED,5032,833,2026-07-30T13:11:09.350615
12218,,500,AUD,Closed,Drive mate,uploaded,1199,,,True,invoice,3,bill_to,False,53,MATCHED,5033,833,2026-07-30T13:11:12.880328
12174,,5830,AUD,Closed,Drive mate,uploaded,1200,,,,,3,platform,False,,QUARANTINE,,833,2026-07-30T13:11:17.571153
12172,,500,AUD,Closed,Drive mate,duplicate,,inv#1199,semantic,True,invoice,3,bill_to,,,,,833,2026-07-30T13:11:18.949775
12171,,620.95,AUD,Closed,Drive mate,uploaded,1202,,,,,3,platform,False,,QUARANTINE,,833,2026-07-30T13:11:23.238382
12169,,816,AUD,Closed,Drive mate,uploaded,1203,,,,,3,platform,False,,QUARANTINE,,833,2026-07-30T13:11:24.698467
12157,,330,AUD,Closed,Drive mate,uploaded,1204,,,True,tax_invoice,3,bill_to,False,72,MATCHED,5034,833,2026-07-30T13:11:26.174230
12154,,0,AUD,Closed,Drive mate,duplicate,,inv#1204,hash,,,,,,,,,833,2026-07-30T13:11:33.242360
12002,,2987.38,AUD,Closed,Drive mate,uploaded,1205,,,,,3,platform,False,,QUARANTINE,,833,2026-07-30T13:11:33.242645
11996,,1980,AUD,Closed,Drive mate,uploaded,1206,,,True,tax_invoice,3,bill_to,False,102,MATCHED,5032,833,2026-07-30T13:11:34.412942
11930,,1000,AUD,Closed,Drive mate,uploaded,1207,,,,,3,platform,False,,QUARANTINE,,833,2026-07-30T13:11:40.609508
11840,,0,SGD,Closed,Drive lah,uploaded,1208,,,True,tax_invoice,2,platform,False,,QUARANTINE,,833,2026-07-30T13:11:41.528556
11755,,1391.5,AUD,Closed,,uploaded,1209,,,True,tax_invoice,3,bill_to,False,28,MATCHED,6500,833,2026-07-30T13:11:58.421579
11754,ACE,1815,AUD,Closed,Drive mate,uploaded,1210,,,True,tax_invoice,3,bill_to,False,28,MATCHED,6500,833,2026-07-30T13:12:14.383847
11753,,3278,AUD,Closed,,uploaded,1211,,,True,tax_invoice,3,bill_to,False,28,MATCHED,6500,833,2026-07-30T13:12:30.493885
11728,,1020.79,AUD,Closed,Drive mate,uploaded,1212,,,True,tax_invoice,3,bill_to,False,30,MATCHED,5033,833,2026-07-30T13:12:46.348437
11632,,24,SGD,Closed,Drive lah,uploaded,1213,,,,,2,platform,False,,QUARANTINE,,833,2026-07-30T13:12:50.655315
11597,,0,AUD,Closed,Drive mate,uploaded,1214,,,,,3,platform,False,,QUARANTINE,,833,2026-07-30T13:12:51.585626
11480,,0,AUD,Closed,Drive mate,uploaded,1215,,,True,tax_invoice,3,bill_to,False,30,MATCHED,5033,833,2026-07-30T13:12:52.752471
11399,,660,SGD,Closed,Drive lah,uploaded,1216,,,True,invoice,2,bill_to,False,36,MATCHED,6103,834,2026-07-30T13:14:53.964367
11228,,2000,AUD,Closed,Drive mate,uploaded,1217,,,True,tax_invoice,3,bill_to,False,,QUARANTINE,,834,2026-07-30T13:14:57.949138
11018,,3200,AUD,Closed,Drive mate,uploaded,1218,,,True,tax_invoice,3,bill_to,False,23,MATCHED,5054,834,2026-07-30T13:15:14.175971
11017,,470.58,AUD,Closed,Drive mate,uploaded,1219,,,True,tax_invoice,3,bill_to,False,117,MATCHED,5066,834,2026-07-30T13:15:18.745538
11016,,913.15,AUD,Closed,Drive mate,uploaded,1220,,,True,tax_invoice,3,bill_to,False,117,MATCHED,5066,834,2026-07-30T13:15:34.913571
11014,PACK SEND Marrickville,7507.5,AUD,Closed,Drive Mate,uploaded,1221,,,True,tax_invoice,3,bill_to,False,117,MATCHED,5066,834,2026-07-30T13:15:51.347053
11012,,2910,AUD,Closed,Drive mate,uploaded,1222,,,True,tax_invoice,3,bill_to,False,95,MATCHED,5054,834,2026-07-30T13:16:08.108573
11009,,1225.14,AUD,Closed,Drive mate,uploaded,1223,,,True,invoice,3,bill_to,False,,QUARANTINE,,834,2026-07-30T13:16:13.416517
11007,,3520,AUD,Closed,Drive mate,uploaded,1224,,,True,tax_invoice,3,bill_to,False,39,MATCHED,5054,834,2026-07-30T13:16:29.848321
11006,,3720,AUD,Closed,Drive mate,uploaded,1225,,,True,tax_invoice,3,bill_to,False,95,MATCHED,5054,834,2026-07-30T13:16:33.997591
10994,,0,AUD,Closed,Drive mate,duplicate,,inv#1212,semantic,True,tax_invoice,3,bill_to,,,,,834,2026-07-30T13:16:39.723652
10978,,5630,SGD,Closed,Drive lah,not_invoice,1227,,,False,statement,2,bill_to,False,,QUARANTINE,,834,2026-07-30T13:16:43.794973
10933,,1210,AUD,Closed,Drive mate,uploaded,1228,,,True,tax_invoice,3,bill_to,False,61,MATCHED,5032,834,2026-07-30T13:16:59.371396
10784,,170,AUD,Closed,Drive mate,not_invoice,1229,,,False,letter,3,bill_to,False,,QUARANTINE,,834,2026-07-30T13:17:05.097498
10782,,30,SGD,Closed,Drive lah,uploaded,1230,,,,,2,platform,False,,QUARANTINE,,834,2026-07-30T13:17:21.860794
10781,,30,SGD,Closed,Drive lah,uploaded,1231,,,,,2,platform,False,,QUARANTINE,,834,2026-07-30T13:17:22.660025
10762,,0,AUD,Closed,Drive mate,uploaded,1232,,,,,3,platform,False,,QUARANTINE,,834,2026-07-30T13:17:23.575959
10721,,1526,SGD,Closed,Drive lah,uploaded,1233,,,True,tax_invoice,2,bill_to,False,,QUARANTINE,,834,2026-07-30T13:17:24.603434
10528,,385,AUD,Closed,Drive mate,uploaded,1234,,,True,tax_invoice,3,bill_to,False,72,MATCHED,5034,834,2026-07-30T13:17:41.341730
10479,,2000,AUD,Closed,Drive mate,uploaded,1235,,,True,tax_invoice,3,bill_to,False,,QUARANTINE,,834,2026-07-30T13:17:47.577880
10421,,1650,AUD,Closed,Drive mate,uploaded,1236,,,True,tax_invoice,3,bill_to,False,,QUARANTINE,,834,2026-07-30T13:18:03.539236
10420,,1375,AUD,Closed,Drive mate,uploaded,1237,,,True,tax_invoice,3,bill_to,False,,QUARANTINE,,834,2026-07-30T13:18:19.817595
10419,,440,AUD,Closed,Drive mate,uploaded,1238,,,True,tax_invoice,3,bill_to,False,,QUARANTINE,,834,2026-07-30T13:18:35.807060
10418,,2083,AUD,Closed,Drive mate,uploaded,1239,,,True,tax_invoice,3,bill_to,False,,QUARANTINE,,834,2026-07-30T13:18:52.095183
10415,,1348,AUD,Closed,Drive mate,uploaded,1240,,,True,tax_invoice,3,bill_to,False,,QUARANTINE,,834,2026-07-30T13:19:08.176330
10412,,1485,AUD,Closed,Drive mate,uploaded,1241,,,True,tax_invoice,3,bill_to,False,,QUARANTINE,,834,2026-07-30T13:19:24.223722
10408,,1122,AUD,Closed,Drive mate,uploaded,1242,,,True,tax_invoice,3,bill_to,False,,QUARANTINE,,834,2026-07-30T13:19:40.386067
10406,,1870,AUD,Closed,Drive mate,uploaded,1243,,,True,tax_invoice,3,bill_to,False,,QUARANTINE,,834,2026-07-30T13:19:56.460641
10403,,1375,AUD,Closed,Drive mate,uploaded,1244,,,True,tax_invoice,3,bill_to,False,,QUARANTINE,,834,2026-07-30T13:20:12.686859
10402,,2310,AUD,Closed,Drive mate,uploaded,1245,,,True,tax_invoice,3,bill_to,False,,QUARANTINE,,834,2026-07-30T13:20:28.862276
10400,,1375,AUD,Closed,Drive mate,uploaded,1246,,,True,tax_invoice,3,bill_to,False,,QUARANTINE,,834,2026-07-30T13:20:46.254710
10325,,1133,AUD,Closed,Drive mate,uploaded,1247,,,True,tax_invoice,3,bill_to,False,111,MATCHED,5001,834,2026-07-30T13:21:02.638277
10284,Yuen Law,877.5,SGD,Approval Required,Drive lah,duplicate,,inv#1208,hash,,,,,,,,,834,2026-07-30T13:21:19.070697
10222,Thinxtra,17569.01,AUD,Closed,Drive mate,uploaded,1248,,,True,tax_invoice,3,bill_to,False,142,MATCHED,5030,834,2026-07-30T13:21:19.100469
10221,,1371,USD,Closed,Drive mate,uploaded,1249,,,True,invoice,3,bill_to,False,130,MATCHED,5030,834,2026-07-30T13:21:35.659589
10220,,2805.89,AUD,Closed,Drive mate,uploaded,1250,,,,,3,platform,False,,QUARANTINE,,834,2026-07-30T13:21:41.343486
10215,,11000,USD,Closed,Drive mate,uploaded,1251,,,True,tax_invoice,3,bill_to,False,82,MATCHED,5030,834,2026-07-30T13:21:42.022551
10214,,11457.6,USD,Closed,Drive mate,uploaded,1252,,,True,tax_invoice,3,bill_to,False,82,MATCHED,5030,834,2026-07-30T13:21:47.172248
10194,,2000,AUD,Closed,Drive mate,uploaded,1253,,,True,tax_invoice,3,bill_to,False,,QUARANTINE,,834,2026-07-30T13:21:52.002606
10123,,8800,AUD,Closed,,uploaded,1254,,,True,tax_invoice,3,bill_to,False,,QUARANTINE,,834,2026-07-30T13:22:08.009542
10122,,8800,AUD,Closed,,uploaded,1255,,,True,tax_invoice,3,bill_to,False,,QUARANTINE,,835,2026-07-30T13:24:25.756644
10120,,2000,AUD,Closed,Drive mate,uploaded,1256,,,True,tax_invoice,3,bill_to,False,,QUARANTINE,,835,2026-07-30T13:24:42.336971
10108,,8800,AUD,Closed,Drive mate,uploaded,1257,,,True,tax_invoice,3,bill_to,False,,QUARANTINE,,835,2026-07-30T13:24:58.555812
10061,,5720,AUD,Closed,Drive mate,uploaded,1258,,,,,3,platform,False,,QUARANTINE,,835,2026-07-30T13:25:14.802223
10019,,3576,USD,Closed,,duplicate,,inv#1176,hash,,,,,,,,,835,2026-07-30T13:25:15.866164
10018,,3441.62,USD,Closed,,uploaded,1259,,,True,invoice,2,bill_to,False,31,MATCHED,6701,835,2026-07-30T13:25:15.895046
9994,,148.5,SGD,Closed,,uploaded,1260,,,True,tax_invoice,3,bill_to,False,83,MATCHED,6701,835,2026-07-30T13:25:32.883547
9993,,2284.37,SGD,Closed,,uploaded,1261,,,True,invoice,2,bill_to,False,104,MATCHED,6701,835,2026-07-30T13:25:41.479701
9992,Moengage,2284,USD,Closed,Central,duplicate,,inv#999,hash,,,,,,,,,835,2026-07-30T13:25:47.760277
9987,,3636.63,USD,Closed,,uploaded,1262,,,True,invoice,2,bill_to,False,87,MATCHED,6701,835,2026-07-30T13:25:47.789830
9985,Digital Matter,975.12,AUD,Closed,Drive mate,not_invoice,1263,,,False,statement,3,bill_to,False,65,MATCHED,5030,835,2026-07-30T13:26:04.791951
9984,Digital Matter,999.62,AUD,Closed,Drive mate,uploaded,1264,,,True,tax_invoice,3,bill_to,False,65,MATCHED,5030,835,2026-07-30T13:26:08.913510
9952,,2000,AUD,Closed,Drive mate,uploaded,1265,,,True,tax_invoice,3,bill_to,False,,QUARANTINE,,835,2026-07-30T13:26:12.694798
9949,,1860,SGD,Closed,Drive lah,not_invoice,1266,,,False,statement,2,bill_to,False,,QUARANTINE,,835,2026-07-30T13:26:29.406245
9948,,2490,SGD,Closed,Drive lah,not_invoice,1267,,,False,statement,2,bill_to,False,146,MATCHED,5033,835,2026-07-30T13:26:46.938588
9939,,387.6,SGD,Closed,Drive lah,uploaded,1268,,,True,invoice,2,bill_to,False,36,MATCHED,6103,835,2026-07-30T13:26:55.306101
9890,,2539.68,AUD,Closed,Drive mate,uploaded,1269,,,,,3,platform,False,,QUARANTINE,,835,2026-07-30T13:26:59.481766
9758,,667,AUD,Closed,Drive mate,duplicate,,inv#1073,semantic,True,tax_invoice,3,bill_to,,,,,835,2026-07-30T13:27:00.404412
9751,,380,SGD,Closed,Drive lah,uploaded,1271,,,True,invoice,2,bill_to,False,36,MATCHED,6103,835,2026-07-30T13:27:07.135757
9728,,1362,SGD,Closed,Drive lah,uploaded,1272,,,True,invoice,3,bill_to,True,84,MATCHED,6104,835,2026-07-30T13:27:10.536337
9647,PACK SEND Marrickville,1287.24,AUD,Closed,Drive Mate,uploaded,1273,,,True,tax_invoice,3,bill_to,False,117,MATCHED,5066,835,2026-07-30T13:27:15.944020
9646,1 Key Locksmiths,7650,AUD,Closed,Drive Mate,uploaded,1274,,,True,tax_invoice,3,bill_to,False,23,MATCHED,5054,835,2026-07-30T13:27:32.423131
9642,,5000,AUD,Closed,Drive mate,uploaded,1275,,,True,tax_invoice,3,bill_to,False,95,MATCHED,5054,835,2026-07-30T13:27:36.601628
9641,,3300,AUD,Closed,Drive mate,uploaded,1276,,,True,tax_invoice,3,bill_to,False,39,MATCHED,5054,835,2026-07-30T13:27:42.877406
9639,,804.59,AUD,Closed,Drive mate,uploaded,1277,,,True,tax_invoice,3,bill_to,False,117,MATCHED,5066,835,2026-07-30T13:27:46.928616
9638,,3150,AUD,Closed,Drive mate,uploaded,1278,,,True,tax_invoice,3,bill_to,False,95,MATCHED,5054,835,2026-07-30T13:28:03.599358
9636,PACK SEND Marrickville,1548.39,AUD,Closed,Drive Mate,uploaded,1279,,,True,tax_invoice,3,bill_to,False,117,MATCHED,5066,835,2026-07-30T13:28:09.975394
9635,,4900,AUD,Closed,Drive mate,uploaded,1280,,,True,tax_invoice,3,bill_to,False,23,MATCHED,5054,835,2026-07-30T13:28:27.016603
9617,,8497.5,AUD,Closed,Drive mate,uploaded,1281,,,True,tax_invoice,3,bill_to,False,117,MATCHED,5066,835,2026-07-30T13:28:30.642027
9614,Pack & Send,1566.36,AUD,Closed,Drive mate,uploaded,1282,,,True,tax_invoice,3,bill_to,False,117,MATCHED,5066,835,2026-07-30T13:28:46.890101
9604,,1045,AUD,Closed,Drive mate,uploaded,1283,,,,,3,platform,False,,QUARANTINE,,835,2026-07-30T13:29:03.801119
9603,,1265,AUD,Closed,Drive mate,duplicate,,inv#1283,hash,,,,,,,,,835,2026-07-30T13:29:05.260451
9602,,1298,AUD,Closed,Drive mate,duplicate,,inv#1283,hash,,,,,,,,,835,2026-07-30T13:29:05.261017
9601,,715,AUD,Closed,Drive mate,duplicate,,inv#1283,hash,,,,,,,,,835,2026-07-30T13:29:05.261478
9600,,275,AUD,Closed,Drive mate,duplicate,,inv#1283,hash,,,,,,,,,835,2026-07-30T13:29:05.261955
9599,,1045,AUD,Closed,Drive mate,duplicate,,inv#1283,hash,,,,,,,,,835,2026-07-30T13:29:05.262383
9598,,275,AUD,Closed,Drive mate,duplicate,,inv#1283,hash,,,,,,,,,835,2026-07-30T13:29:05.262819
9597,,1650,AUD,Closed,Drive mate,duplicate,,inv#1283,hash,,,,,,,,,835,2026-07-30T13:29:05.263280
9596,,3575,AUD,Closed,Drive mate,duplicate,,inv#1283,hash,,,,,,,,,835,2026-07-30T13:29:05.263706
9595,,1265,AUD,Closed,Drive mate,duplicate,,inv#1283,hash,,,,,,,,,835,2026-07-30T13:29:05.264118
9594,,1925,AUD,Closed,Drive mate,duplicate,,inv#1283,hash,,,,,,,,,836,2026-07-30T13:31:12.155143
9593,,1265,AUD,Closed,Drive mate,duplicate,,inv#1283,hash,,,,,,,,,836,2026-07-30T13:31:12.224784
9592,,1298,AUD,Closed,Drive mate,duplicate,,inv#1283,hash,,,,,,,,,836,2026-07-30T13:31:12.253929
9590,,275,AUD,Closed,Drive mate,duplicate,,inv#1283,hash,,,,,,,,,836,2026-07-30T13:31:12.283136
9583,,1760,AUD,Closed,Drive mate,duplicate,,inv#1283,hash,,,,,,,,,836,2026-07-30T13:31:12.312115
9582,,1980,AUD,Closed,Drive mate,duplicate,,inv#1283,hash,,,,,,,,,836,2026-07-30T13:31:12.341728
9506,,1282.64,USD,Closed,,uploaded,1284,,,,,1,default,False,,QUARANTINE,,836,2026-07-30T13:31:12.373416
9180,,0,AUD,Closed,Drive mate,uploaded,1285,,,True,tax_invoice,3,bill_to,False,117,MATCHED,5066,836,2026-07-30T13:31:13.817475
9178,,0,AUD,Closed,Drive mate,duplicate,,inv#1281,hash,,,,,,,,,836,2026-07-30T13:31:30.308648
9177,,0,AUD,Closed,Drive mate,duplicate,,inv#1282,hash,,,,,,,,,836,2026-07-30T13:31:30.337616
9175,,0,AUD,Closed,Drive mate,uploaded,1286,,,,,3,platform,False,,QUARANTINE,,836,2026-07-30T13:31:30.367743
9048,,440,AUD,Closed,Drive mate,uploaded,1287,,,True,invoice,3,bill_to,False,,QUARANTINE,,836,2026-07-30T13:31:31.771024
9047,,440,AUD,Closed,Drive mate,uploaded,1288,,,True,invoice,3,bill_to,False,,QUARANTINE,,836,2026-07-30T13:31:47.921464
9007,,1228.97,SGD,Closed,Drive lah,uploaded,1289,,,True,invoice,2,platform,False,,QUARANTINE,,836,2026-07-30T13:32:04.859675
8990,,2000,AUD,Closed,Drive mate,uploaded,1290,,,True,tax_invoice,3,bill_to,False,,QUARANTINE,,836,2026-07-30T13:32:21.469957
8956,,0,AUD,Closed,Drive mate,uploaded,1291,,,True,tax_invoice,3,bill_to,False,,QUARANTINE,,836,2026-07-30T13:32:37.629103
8780,,1135.77,AUD,Closed,Drive mate,uploaded,1292,,,True,tax_invoice,3,bill_to,False,3,MATCHED,5033,836,2026-07-30T13:32:54.064565
8772,,660,AUD,Closed,Drive mate,uploaded,1293,,,True,invoice,3,bill_to,False,53,MATCHED,5033,836,2026-07-30T13:32:58.982653
8758,RACQ,2955.01,AUD,Closed,Drive mate,duplicate,,inv#1143,semantic,True,tax_invoice,3,bill_to,,,,,836,2026-07-30T13:33:03.326738
8757,RACQ,2783.48,AUD,Closed,Drive mate,duplicate,,inv#1144,semantic,True,tax_invoice,3,bill_to,,,,,836,2026-07-30T13:33:19.822105
8756,,1025.01,AUD,Closed,,uploaded,1296,,,True,tax_invoice,3,bill_to,False,123,MATCHED,5033,836,2026-07-30T13:33:36.600296
8755,,1079.99,AUD,Closed,,uploaded,1297,,,True,tax_invoice,3,bill_to,False,123,MATCHED,5033,836,2026-07-30T13:33:53.044612
8754,,480,AUD,Closed,,uploaded,1298,,,True,tax_invoice,3,bill_to,False,123,MATCHED,5033,836,2026-07-30T13:34:09.273395
8679,Justco,8000,SGD,Closed,Central,not_invoice,1299,,,False,credit_note,2,bill_to,False,93,MATCHED,6300,836,2026-07-30T13:34:25.093501
8678,Justco,1308,SGD,Closed,Central,not_invoice,1300,,,False,credit_note,2,bill_to,False,93,MATCHED,6300,836,2026-07-30T13:34:30.493864
8677,Justco,4360,SGD,Closed,Central,not_invoice,1301,,,False,letter,2,bill_to,False,93,MATCHED,6300,836,2026-07-30T13:34:35.699308
8598,,300,SGD,Closed,Drive lah,uploaded,1302,,,True,invoice,2,bill_to,False,128,MATCHED,6401,836,2026-07-30T13:34:41.116958
8588,,627,AUD,Closed,Drive mate,uploaded,1303,,,True,tax_invoice,3,bill_to,False,111,MATCHED,5001,836,2026-07-30T13:34:52.875970
8584,,297,AUD,Closed,Drive mate,uploaded,1304,,,True,tax_invoice,3,bill_to,False,111,MATCHED,5001,836,2026-07-30T13:35:12.848944
8539,,704,AUD,Closed,Drive mate,uploaded,1305,,,True,tax_invoice,3,bill_to,False,60,MATCHED,6103,836,2026-07-30T13:35:18.568044
8512,,1526,SGD,Closed,Drive lah,uploaded,1306,,,True,tax_invoice,2,bill_to,False,27,MATCHED,5001,836,2026-07-30T13:35:25.775644
8509,,290.5,AUD,Closed,Drive mate,uploaded,1307,,,,,3,platform,False,,QUARANTINE,,836,2026-07-30T13:35:29.522433
8504,Wattersons,1028.5,AUD,Closed,Drive mate,uploaded,1308,,,True,tax_invoice,3,bill_to,False,124,MATCHED,6103,836,2026-07-30T13:35:31.123416
8501,,2300,AUD,Closed,Drive mate,uploaded,1309,,,,,3,platform,False,,QUARANTINE,,836,2026-07-30T13:35:37.632635
8398,,2000,AUD,Closed,Drive mate,not_invoice,1310,,,False,letter,3,bill_to,False,,QUARANTINE,,836,2026-07-30T13:35:38.813099
8326,,869.66,AUD,Closed,Drive mate,uploaded,1311,,,True,tax_invoice,3,bill_to,False,,QUARANTINE,,836,2026-07-30T13:35:54.891969
8325,,0,AUD,Closed,Drive mate,duplicate,,inv#1311,hash,,,,,,,,,836,2026-07-30T13:36:11.788332
8108,,2000,AUD,Closed,Drive mate,not_invoice,1312,,,False,letter,3,bill_to,False,76,MATCHED,,836,2026-07-30T13:36:11.788820
8087,,2000,AUD,Closed,Drive mate,not_invoice,1313,,,False,letter,3,bill_to,False,,QUARANTINE,,836,2026-07-30T13:36:28.204750
8043,,140,SGD,Closed,Drive lah,uploaded,1314,,,,,2,platform,False,,QUARANTINE,,836,2026-07-30T13:36:44.054115
7998,,3471.97,AUD,Closed,Drive mate,not_invoice,1315,,,False,quote,3,bill_to,False,108,MATCHED,5032,837,2026-07-30T13:38:49.209949
7977,,70,SGD,Closed,Drive lah,uploaded,1316,,,,,2,platform,False,,QUARANTINE,,837,2026-07-30T13:39:06.308192
7924,,1980,AUD,Closed,Drive mate,uploaded,1317,,,,,3,platform,False,,QUARANTINE,,837,2026-07-30T13:39:07.227621
7552,,2000,AUD,Closed,Drive mate,not_invoice,1318,,,False,letter,3,bill_to,False,,QUARANTINE,,837,2026-07-30T13:39:08.903252
7519,GT,5000,AUD,Closed,Drive Mate,not_invoice,1319,,,False,letter,3,bill_to,False,,QUARANTINE,,837,2026-07-30T13:39:25.884118
7476,Digital Matter,999.62,AUD,Closed,Drive mate,duplicate,,inv#1264,semantic,True,tax_invoice,3,bill_to,,,,,837,2026-07-30T13:39:42.019241
7414,,1820,SGD,Closed,Drive lah,not_invoice,1321,,,False,statement,2,bill_to,False,,QUARANTINE,,837,2026-07-30T13:39:46.060902
7251,,2968.48,SGD,Closed,,uploaded,1322,,,True,tax_invoice,2,bill_to,False,355,MATCHED,,837,2026-07-30T13:40:02.948170
7030,,2000,AUD,Closed,Drive mate,uploaded,1323,,,True,tax_invoice,3,bill_to,False,,QUARANTINE,,837,2026-07-30T13:40:20.574956
6849,,924,AUD,Closed,Drive mate,uploaded,1324,,,True,tax_invoice,3,bill_to,False,111,MATCHED,5001,837,2026-07-30T13:40:37.497073
6802,,533.5,AUD,Closed,,not_invoice,1325,,,False,statement,3,bill_to,False,83,MATCHED,6701,837,2026-07-30T13:40:53.851395
6801,Intercom,3636,USD,Closed,,duplicate,,inv#1262,hash,,,,,,,,,837,2026-07-30T13:41:00.978838
6798,,9262.45,SGD,Closed,,uploaded,1326,,,True,tax_invoice,2,bill_to,False,355,MATCHED,,837,2026-07-30T13:41:01.010120
6796,,10188.87,SGD,Closed,,uploaded,1327,,,True,tax_invoice,2,bill_to,False,355,MATCHED,,837,2026-07-30T13:41:18.130970
6794,,10996.7,AUD,Closed,,uploaded,1328,,,True,tax_invoice,3,bill_to,False,64,MATCHED,6104,837,2026-07-30T13:41:35.396788
6793,,2284.37,USD,Closed,,uploaded,1329,,,True,invoice,2,bill_to,False,104,MATCHED,6701,837,2026-07-30T13:41:51.880863
6733,,4631.54,USD,Closed,,uploaded,1330,,,True,invoice,1,bill_to,False,127,MATCHED,1710,837,2026-07-30T13:41:58.254612
6724,,3521.05,AUD,Closed,Drive mate,uploaded,1331,,,True,tax_invoice,3,bill_to,False,,QUARANTINE,,837,2026-07-30T13:42:14.420152
6684,,1254,AUD,Closed,Drive mate,uploaded,1332,,,True,tax_invoice,3,bill_to,False,111,MATCHED,5001,837,2026-07-30T13:42:31.128465
6668,,2220,SGD,Closed,Drive lah,not_invoice,1333,,,False,statement,2,bill_to,False,,QUARANTINE,,837,2026-07-30T13:42:47.102374
6654,,15000,INR,Closed,Drive lah,uploaded,1334,,,True,invoice,2,bill_to,False,155,MATCHED,6103,837,2026-07-30T13:42:51.568194
6649,RACQ,362.13,AUD,Closed,Drive mate,duplicate,,inv#1298,semantic,True,tax_invoice,3,bill_to,,,,,837,2026-07-30T13:42:57.923238
6629,,1449.7,SGD,Closed,Drive lah,uploaded,1336,,,,,2,platform,False,,QUARANTINE,,837,2026-07-30T13:43:14.294319
6626,,7915,SGD,Closed,Drive lah,not_invoice,1337,,,False,statement,2,bill_to,False,,QUARANTINE,,837,2026-07-30T13:43:15.565641
6625,,2000,AUD,Closed,Drive mate,uploaded,1338,,,True,tax_invoice,3,bill_to,False,,QUARANTINE,,837,2026-07-30T13:43:31.920543
6429,,187,AUD,Closed,Drive mate,uploaded,1339,,,,,3,platform,False,,QUARANTINE,,837,2026-07-30T13:43:48.837604
6426,,3270,SGD,Closed,Drive lah,uploaded,1340,,,True,tax_invoice,2,bill_to,False,,QUARANTINE,,837,2026-07-30T13:43:50.254231
6378,,11550,MYR,Closed,Drive lah,uploaded,1341,,,True,invoice,2,bill_to,False,131,MATCHED,6104,837,2026-07-30T13:44:06.518443
6246,,3270,SGD,Closed,Drive lah,uploaded,1342,,,True,tax_invoice,2,bill_to,False,,QUARANTINE,,837,2026-07-30T13:44:13.287734
6234,,1528,SGD,Closed,Drive lah,uploaded,1343,,,,,2,platform,False,,QUARANTINE,,837,2026-07-30T13:44:29.464778
6232,,1526,SGD,Closed,Drive lah,uploaded,1344,,,True,tax_invoice,2,bill_to,False,27,MATCHED,5001,837,2026-07-30T13:44:30.437904
6192,,2628,USD,Closed,Drive lah,uploaded,1345,,,True,invoice,2,bill_to,False,31,MATCHED,6701,837,2026-07-30T13:44:34.271483
6191,,2059.73,USD,Closed,Drive lah,uploaded,1346,,,True,invoice,2,bill_to,False,31,MATCHED,6701,837,2026-07-30T13:44:51.527318
6166,,1122,AUD,Closed,Drive mate,uploaded,1347,,,True,tax_invoice,3,bill_to,False,111,MATCHED,5001,837,2026-07-30T13:45:08.161583
6165,,1023,AUD,Closed,Drive mate,uploaded,1348,,,True,tax_invoice,3,bill_to,False,111,MATCHED,5001,837,2026-07-30T13:45:14.704028
6155,,1023,AUD,Closed,Drive mate,duplicate,,inv#1347,hash,,,,,,,,,837,2026-07-30T13:45:35.222512
6154,,1122,AUD,Closed,Drive mate,duplicate,,inv#1348,hash,,,,,,,,,837,2026-07-30T13:45:35.222746
6145,,4360,SGD,Closed,,not_invoice,1349,,,False,letter,2,bill_to,False,93,MATCHED,6300,837,2026-07-30T13:45:35.222869
5984,Digital Matter,1811.44,AUD,Closed,Drive mate,not_invoice,1350,,,False,statement,3,bill_to,False,65,MATCHED,5030,837,2026-07-30T13:45:39.710169
5853,,675.8,SGD,Approved,Drive lah,uploaded,1351,,,True,tax_invoice,2,bill_to,False,59,MATCHED,5001,837,2026-07-30T13:45:43.326441
5853,,675.8,SGD,Approved,Drive lah,duplicate,,inv#1351,hash,,,,,,,,,838,2026-07-30T13:47:52.802796
5798,,266.5,AUD,Closed,Drive lah,uploaded,1352,,,,,2,platform,True,,QUARANTINE,,838,2026-07-30T13:47:52.869959
5797,,0,AUD,Closed,Drive lah,duplicate,,inv#1352,hash,,,,,,,,,838,2026-07-30T13:47:53.821820
5795,,1362,SGD,Closed,Drive lah,uploaded,1353,,,True,invoice,3,bill_to,True,84,MATCHED,6104,838,2026-07-30T13:47:53.822074
5751,,32500,INR,Closed,Drive mate,uploaded,1354,,,True,invoice,2,bill_to,False,155,MATCHED,6103,838,2026-07-30T13:47:58.215529
5679,Tokio Marine,10898.91,SGD,Closed,Drive lah,uploaded,1355,,,,,2,platform,False,144,MATCHED,,838,2026-07-30T13:48:04.759924
5678,Tokio Marine,10898.91,SGD,Closed,Drive lah,uploaded,1356,,,,,2,platform,False,144,MATCHED,,838,2026-07-30T13:48:16.599186
5677,,10902.18,SGD,Closed,,uploaded,1357,,,,,2,currency,False,,QUARANTINE,,838,2026-07-30T13:48:28.377234
5676,Tokio Marine,29934.13,SGD,Closed,Drive lah,uploaded,1358,,,,,2,platform,False,144,MATCHED,,838,2026-07-30T13:48:29.040968
5627,,8915,SGD,Closed,Drive lah,not_invoice,1359,,,False,statement,2,bill_to,False,,QUARANTINE,,838,2026-07-30T13:48:40.832507
5626,,2970,SGD,Closed,Drive lah,not_invoice,1360,,,False,statement,2,bill_to,False,146,MATCHED,5033,838,2026-07-30T13:48:57.005878
5573,,2750,AUD,Closed,,uploaded,1361,,,True,tax_invoice,3,bill_to,False,,QUARANTINE,,838,2026-07-30T13:49:13.862703
5543,,900,AUD,Closed,Drive mate,uploaded,1362,,,,,3,platform,False,,QUARANTINE,,838,2026-07-30T13:49:30.204204
5489,,1173.84,SGD,Approved,Drive lah,uploaded,1363,,,True,tax_invoice,2,bill_to,False,,QUARANTINE,,838,2026-07-30T13:49:31.467944
5488,,0,SGD,Closed,Drive lah,duplicate,,inv#1363,hash,,,,,,,,,838,2026-07-30T13:49:48.196013
5475,,1068.2,SGD,Approved,Drive lah,uploaded,1364,,,,,2,platform,False,,QUARANTINE,,838,2026-07-30T13:49:48.196275
5470,,7865.54,AUD,Closed,Drive mate,not_invoice,1365,,,False,estimate,3,bill_to,False,66,MATCHED,5032,838,2026-07-30T13:49:49.119568
5469,,0,AUD,Closed,Drive mate,duplicate,,inv#1365,hash,,,,,,,,,838,2026-07-30T13:49:54.652903
5456,,495,AUD,Closed,,uploaded,1366,,,True,tax_invoice,3,bill_to,False,64,MATCHED,6104,838,2026-07-30T13:49:54.653163
5447,,1526,SGD,Closed,Drive lah,uploaded,1367,,,True,tax_invoice,2,bill_to,False,,QUARANTINE,,838,2026-07-30T13:50:10.972966
5411,,300,SGD,Closed,Drive lah,uploaded,1368,,,True,invoice,2,bill_to,False,128,MATCHED,6401,838,2026-07-30T13:50:27.686887
5352,Gupshup,1490.25,USD,Approval Required,Central,uploaded,1369,,,True,tax_invoice,2,bill_to,False,77,MATCHED,6701,838,2026-07-30T13:50:35.702069
5351,Gupshup,1173.12,USD,Approval Required,Central,uploaded,1370,,,True,tax_invoice,2,bill_to,False,77,MATCHED,6701,838,2026-07-30T13:50:41.080381
5341,,521,AUD,Closed,Drive mate,uploaded,1371,,,True,tax_invoice,3,bill_to,False,,QUARANTINE,,838,2026-07-30T13:50:47.282952
5213,,495,AUD,Closed,Drive mate,duplicate,,inv#1366,hash,,,,,,,,,838,2026-07-30T13:51:04.651158
5212,,495,AUD,Closed,Drive mate,uploaded,1372,,,True,tax_invoice,3,bill_to,False,64,MATCHED,6104,838,2026-07-30T13:51:04.651396
5200,,3094.57,SGD,Closed,,uploaded,1373,,,True,tax_invoice,2,bill_to,False,355,MATCHED,,838,2026-07-30T13:51:21.491483
5199,Intercom,412.43,USD,Closed,Central,uploaded,1374,,,True,invoice,2,bill_to,False,87,MATCHED,6701,838,2026-07-30T13:51:38.720933
5198,Onfido,4054.8,USD,Closed,Central,uploaded,1375,,,True,tax_invoice,2,bill_to,False,116,MATCHED,6701,838,2026-07-30T13:51:55.212670
5197,ACE,2530,AUD,Closed,Drive mate,uploaded,1376,,,True,tax_invoice,3,bill_to,False,28,MATCHED,6500,838,2026-07-30T13:52:01.916263
5196,,1963.81,USD,Closed,,uploaded,1377,,,True,invoice,1,bill_to,False,127,MATCHED,1710,838,2026-07-30T13:52:18.154420
5195,,105,AUD,Closed,,uploaded,1378,,,True,tax_invoice,3,bill_to,False,83,MATCHED,6701,838,2026-07-30T13:52:34.550576
5194,,2275.37,USD,Closed,,uploaded,1379,,,True,invoice,2,bill_to,False,104,MATCHED,6701,838,2026-07-30T13:52:42.439893
5193,Blackcoffer,370,USD,Closed,Central,uploaded,1380,,,True,invoice,1,bill_to,False,45,MATCHED,1710,838,2026-07-30T13:52:48.751529
5066,,90,AUD,Closed,Drive mate,uploaded,1381,,,,,3,platform,False,,QUARANTINE,,838,2026-07-30T13:53:05.165355
4959,,80,SGD,Closed,Drive lah,uploaded,1382,,,True,tax_invoice,2,bill_to,False,55,MATCHED,5032,838,2026-07-30T13:53:06.083460
4865,,23000,INR,Closed,Drive lah,uploaded,1383,,,True,invoice,2,bill_to,False,155,MATCHED,6103,838,2026-07-30T13:53:09.938125
4843,,0,SGD,Closed,Drive lah,not_invoice,1384,,,False,other,2,platform,False,,QUARANTINE,,838,2026-07-30T13:53:16.639786
4832,,3270,SGD,Closed,Drive lah,uploaded,1385,,,,,2,platform,False,,QUARANTINE,,838,2026-07-30T13:53:32.578259
4817,,819.4,SGD,Closed,Drive lah,uploaded,1386,,,,,2,platform,False,,QUARANTINE,,838,2026-07-30T13:53:33.613891
4815,,0,SGD,Closed,Drive lah,uploaded,1387,,,,,2,platform,False,,QUARANTINE,,839,2026-07-30T13:55:40.891093
4795,,430,SGD,Closed,Drive lah,uploaded,1388,,,True,invoice,2,bill_to,False,36,MATCHED,6103,839,2026-07-30T13:55:42.173099
4764,,1362,SGD,Closed,Drive lah,uploaded,1389,,,True,invoice,3,bill_to,True,84,MATCHED,6104,839,2026-07-30T13:55:46.052169
4746,,1,INR,Closed,Drive lah,duplicate,,inv#1383,hash,,,,,,,,,839,2026-07-30T13:55:50.600259
4745,,4360,SGD,Closed,,not_invoice,1390,,,False,letter,2,bill_to,False,93,MATCHED,6300,839,2026-07-30T13:55:50.627317
4615,,6250,SGD,Closed,Drive lah,not_invoice,1391,,,False,statement,2,bill_to,False,,QUARANTINE,,839,2026-07-30T13:55:55.418176
4613,,436,SGD,Closed,Drive lah,uploaded,1392,,,True,tax_invoice,2,bill_to,False,67,MATCHED,5032,839,2026-07-30T13:56:11.696785
4590,,3270,SGD,Closed,Drive lah,not_invoice,1393,,,False,letter,2,bill_to,False,144,MATCHED,,839,2026-07-30T13:56:15.879752
4475,,9038.38,AUD,Closed,,uploaded,1394,,,True,tax_invoice,3,bill_to,False,64,MATCHED,6104,839,2026-07-30T13:56:33.464570
4452,,1526,SGD,Closed,Drive lah,uploaded,1395,,,True,tax_invoice,2,bill_to,False,27,MATCHED,5001,839,2026-07-30T13:56:51.684912
4444,,2310.32,USD,Closed,Drive lah,uploaded,1396,,,True,invoice,2,bill_to,False,31,MATCHED,6701,839,2026-07-30T13:56:55.623291
4443,,2240.8,USD,Closed,Drive lah,uploaded,1397,,,True,invoice,2,bill_to,False,31,MATCHED,6701,839,2026-07-30T13:57:12.929525
4396,,2275.37,USD,Closed,,uploaded,1398,,,True,invoice,2,bill_to,False,104,MATCHED,6701,839,2026-07-30T13:57:29.931236
4395,,187,AUD,Closed,,uploaded,1399,,,,,3,currency,False,,QUARANTINE,,839,2026-07-30T13:57:38.012280
4393,,1570,USD,Closed,,uploaded,1400,,,True,invoice,1,bill_to,False,45,MATCHED,1710,839,2026-07-30T13:57:38.705564
4392,,2043.75,USD,Closed,,uploaded,1401,,,True,invoice,2,bill_to,False,148,MATCHED,6700,839,2026-07-30T13:57:55.150574
4375,,2860,AUD,Closed,Drive mate,uploaded,1402,,,True,invoice,3,bill_to,False,,QUARANTINE,,839,2026-07-30T13:58:11.344808
4374,,2970,AUD,Closed,Drive mate,uploaded,1403,,,True,invoice,3,bill_to,False,,QUARANTINE,,839,2026-07-30T13:58:28.032565
4337,,150,SGD,Closed,Drive lah,uploaded,1404,,,True,tax_invoice,2,bill_to,False,55,MATCHED,5032,839,2026-07-30T13:58:44.760364
4308,,3360,SGD,Closed,Drive lah,not_invoice,1405,,,False,statement,2,bill_to,False,,QUARANTINE,,839,2026-07-30T13:58:48.098535
4289,,4054.8,USD,Closed,,uploaded,1406,,,True,tax_invoice,2,bill_to,False,116,MATCHED,6701,839,2026-07-30T13:59:06.146603
4226,,1644.32,AUD,Closed,Drive mate,not_invoice,1407,,,False,statement,3,bill_to,False,65,MATCHED,5030,839,2026-07-30T13:59:13.465875
4223,,400,SGD,Closed,Drive lah,uploaded,1408,,,True,invoice,2,bill_to,False,50,MATCHED,5032,839,2026-07-30T13:59:17.201853
4222,,147.1,SGD,Closed,Drive lah,uploaded,1409,,,,,2,platform,False,,QUARANTINE,,839,2026-07-30T13:59:21.165272
4221,,375,SGD,Closed,Drive lah,uploaded,1410,,,True,invoice,2,bill_to,False,50,MATCHED,5032,839,2026-07-30T13:59:22.152837
4220,,710,SGD,Closed,Drive lah,uploaded,1411,,,,,2,platform,False,,QUARANTINE,,839,2026-07-30T13:59:26.186154
4196,,120,SGD,Closed,Drive lah,uploaded,1412,,,,,2,platform,False,,QUARANTINE,,839,2026-07-30T13:59:27.384427
4144,,1362,SGD,Closed,,uploaded,1413,,,True,invoice,3,bill_to,True,84,MATCHED,6104,839,2026-07-30T13:59:28.306351
4130,,7820,SGD,Closed,Drive lah,not_invoice,1414,,,False,statement,2,bill_to,False,,QUARANTINE,,839,2026-07-30T13:59:33.670063
4099,,440,SGD,Closed,Drive lah,uploaded,1415,,,True,invoice,2,bill_to,False,36,MATCHED,6103,839,2026-07-30T13:59:49.984974
4076,,3798.65,SGD,Closed,Drive lah,uploaded,1416,,,,,2,platform,False,,QUARANTINE,,839,2026-07-30T13:59:53.594521
4060,,5220,AUD,Closed,Drive mate,uploaded,1417,,,True,tax_invoice,3,bill_to,False,,QUARANTINE,,839,2026-07-30T14:00:02.833213
4049,,29000,INR,Closed,,uploaded,1418,,,True,invoice,2,bill_to,False,155,MATCHED,6103,839,2026-07-30T14:00:21.467526
4043,,25800,INR,Closed,Drive lah,uploaded,1419,,,,,2,platform,False,,QUARANTINE,,839,2026-07-30T14:00:27.983747
4014,,110,SGD,Closed,Drive lah,duplicate,,inv#1415,semantic,True,invoice,2,bill_to,,,,,839,2026-07-30T14:00:29.379975
3937,,3270,SGD,Closed,Drive lah,not_invoice,1421,,,False,letter,2,bill_to,False,,QUARANTINE,,839,2026-07-30T14:00:32.847433
3928,Blackcoffer,165,USD,Closed,Central,uploaded,1422,,,True,invoice,1,bill_to,False,45,MATCHED,1710,839,2026-07-30T14:00:49.922801
3927,,436,SGD,Closed,,uploaded,1423,,,True,tax_invoice,2,bill_to,False,134,MATCHED,6701,839,2026-07-30T14:01:07.092260
3926,,55,AUD,Closed,,uploaded,1424,,,True,tax_invoice,3,bill_to,False,83,MATCHED,6701,839,2026-07-30T14:01:23.871514
3925,,4054.8,USD,Closed,,uploaded,1425,,,True,tax_invoice,1,default,False,116,MATCHED,6701,839,2026-07-30T14:01:31.739346
3923,,3137.85,SGD,Closed,,uploaded,1426,,,True,tax_invoice,2,bill_to,False,355,MATCHED,,840,2026-07-30T14:03:55.601199
3921,,9198.59,SGD,Closed,,uploaded,1427,,,True,tax_invoice,2,bill_to,False,355,MATCHED,,840,2026-07-30T14:04:13.087995
3920,Intercom,269.61,USD,Closed,Central,uploaded,1428,,,True,invoice,2,bill_to,False,87,MATCHED,6701,840,2026-07-30T14:04:30.398890
3907,,2443.18,USD,Closed,Drive lah,uploaded,1429,,,True,invoice,1,bill_to,False,127,MATCHED,1710,840,2026-07-30T14:04:47.084714
3888,,250,SGD,Closed,Drive lah,uploaded,1430,,,True,invoice,2,bill_to,False,50,MATCHED,5032,840,2026-07-30T14:05:02.505844
3850,,0,USD,Closed,,uploaded,1431,,,True,invoice,2,bill_to,False,87,MATCHED,6701,840,2026-07-30T14:05:06.610327
3849,,15027.22,USD,Closed,,uploaded,1432,,,True,invoice,2,bill_to,False,87,MATCHED,6701,840,2026-07-30T14:05:23.169741
3847,Intercom,287.8,USD,Closed,Central,uploaded,1433,,,True,invoice,2,bill_to,False,87,MATCHED,6701,840,2026-07-30T14:05:40.099039
3846,,3137.85,SGD,Closed,,duplicate,,inv#1426,hash,,,,,,,,,840,2026-07-30T14:05:56.979345
3845,,9198.59,SGD,Closed,,duplicate,,inv#1427,hash,,,,,,,,,840,2026-07-30T14:05:56.979659
3843,,2186,USD,Closed,,uploaded,1434,,,,,1,default,False,,QUARANTINE,,840,2026-07-30T14:05:56.979855
3842,,0,USD,Closed,,duplicate,,inv#1434,hash,,,,,,,,,840,2026-07-30T14:05:57.659862
3837,,1526,SGD,Closed,,uploaded,1435,,,True,tax_invoice,2,bill_to,False,27,MATCHED,5001,840,2026-07-30T14:05:57.660109
3818,,4560,SGD,Closed,,uploaded,1436,,,True,tax_invoice,2,bill_to,False,93,MATCHED,6300,840,2026-07-30T14:06:01.348367
3817,,8045.74,SGD,Closed,,uploaded,1437,,,True,tax_invoice,2,bill_to,False,355,MATCHED,,840,2026-07-30T14:06:06.869497
3780,,280,SGD,Closed,,uploaded,1438,,,True,tax_invoice,2,bill_to,False,55,MATCHED,5032,840,2026-07-30T14:06:24.106911
3778,,3000,SGD,Closed,,not_invoice,1439,,,False,letter,2,bill_to,False,,QUARANTINE,,840,2026-07-30T14:06:28.131493
3773,,6596.7,AUD,Closed,,uploaded,1440,,,True,tax_invoice,3,bill_to,False,64,MATCHED,6104,840,2026-07-30T14:06:44.665765
3727,Jay,39.88,SGD,Closed,Drive lah,uploaded,1441,,,,,2,platform,False,,QUARANTINE,,840,2026-07-30T14:07:00.880272
3715,,54,AUD,Closed,,not_invoice,1442,,,False,receipt,3,currency,False,54,MATCHED,6200,840,2026-07-30T14:07:15.189756
3669,,3059.1,AUD,Closed,,uploaded,1443,,,,,3,currency,False,,QUARANTINE,,840,2026-07-30T14:07:31.037409
3637,,164.1,SGD,Closed,,uploaded,1444,,,,,2,currency,False,,QUARANTINE,,840,2026-07-30T14:07:31.955566
3626,,5450,SGD,Closed,,uploaded,1445,,,,,2,currency,False,,QUARANTINE,,840,2026-07-30T14:07:32.852950
3577,,4360,SGD,Closed,,not_invoice,1446,,,False,letter,2,bill_to,False,93,MATCHED,6300,840,2026-07-30T14:07:48.382479
3576,,3653.68,SGD,Closed,,not_invoice,1447,,,False,other,2,currency,False,,QUARANTINE,,840,2026-07-30T14:07:53.099301
3557,,1870,SGD,Closed,,not_invoice,1448,,,False,statement,2,bill_to,False,,QUARANTINE,,840,2026-07-30T14:08:09.328803
3546,,385,AUD,Closed,,uploaded,1449,,,True,tax_invoice,3,bill_to,False,161,MATCHED,5033,840,2026-07-30T14:08:25.844295
3525,,29500,INR,Closed,,uploaded,1450,,,True,invoice,2,bill_to,False,155,MATCHED,6103,840,2026-07-30T14:08:32.611636
3484,,3417.6,SGD,Closed,,uploaded,1451,,,,,2,currency,False,,QUARANTINE,,840,2026-07-30T14:08:38.939089
3438,,804.1,AUD,Closed,,uploaded,1452,,,,,3,currency,False,,QUARANTINE,,840,2026-07-30T14:08:40.085839
3418,,0,SGD,Closed,,duplicate,,inv#1451,hash,,,,,,,,,840,2026-07-30T14:08:41.601752
3401,,120,SGD,Closed,,uploaded,1453,,,True,invoice,2,bill_to,False,,QUARANTINE,,840,2026-07-30T14:08:41.602058
3388,,1623,SGD,Closed,,not_invoice,1454,,,False,statement,2,bill_to,False,,QUARANTINE,,840,2026-07-30T14:08:58.039140
3379,,6259.78,SGD,Closed,,uploaded,1455,,,,,2,currency,False,,QUARANTINE,,840,2026-07-30T14:09:14.196218
3375,,1531.75,AUD,Closed,,uploaded,1456,,,,,3,currency,False,,QUARANTINE,,840,2026-07-30T14:09:15.572893
3299,,349.67,AUD,Closed,,uploaded,1457,,,True,tax_invoice,3,bill_to,False,123,MATCHED,5033,840,2026-07-30T14:09:16.275032
3298,,519.5,AUD,Closed,,uploaded,1458,,,True,tax_invoice,3,bill_to,False,123,MATCHED,5033,840,2026-07-30T14:09:32.203981
3294,,819.91,AUD,Closed,,uploaded,1459,,,True,tax_invoice,3,bill_to,False,65,MATCHED,5030,840,2026-07-30T14:09:48.426972
3237,,349.67,AUD,Closed,,duplicate,,inv#1457,hash,,,,,,,,,840,2026-07-30T14:09:52.286622
3236,,519.5,AUD,Closed,,duplicate,,inv#1458,hash,,,,,,,,,840,2026-07-30T14:09:52.286909
3190,,1526,SGD,Closed,,uploaded,1460,,,True,tax_invoice,2,bill_to,False,27,MATCHED,5001,841,2026-07-30T14:11:59.209304
3189,,2265,AUD,Closed,,uploaded,1461,,,True,invoice,3,bill_to,False,,QUARANTINE,,841,2026-07-30T14:12:04.096712
3188,,1100,AUD,Closed,,uploaded,1462,,,True,tax_invoice,3,bill_to,False,75,MATCHED,5032,841,2026-07-30T14:12:20.947019
3159,,130.8,SGD,Closed,,uploaded,1463,,,,,2,currency,False,,QUARANTINE,,841,2026-07-30T14:12:29.472946
3156,,6005.9,SGD,Closed,,uploaded,1464,,,,,2,currency,False,,QUARANTINE,,841,2026-07-30T14:12:30.255288
3153,Alphine,648,SGD,Approval Required,Drive lah,uploaded,1465,,,,,2,platform,False,,QUARANTINE,,841,2026-07-30T14:12:31.434641
3149,,1915.24,USD,Closed,,uploaded,1466,,,True,invoice,2,bill_to,False,31,MATCHED,6701,841,2026-07-30T14:12:45.677285
3100,,54,AUD,Closed,,uploaded,1467,,,,,3,currency,False,,QUARANTINE,,841,2026-07-30T14:13:02.825047
3018,,330,SGD,Closed,,uploaded,1468,,,True,invoice,2,bill_to,False,36,MATCHED,6103,841,2026-07-30T14:13:03.746990
3013,,334.2,USD,Closed,,uploaded,1469,,,True,tax_invoice,2,bill_to,False,77,MATCHED,6701,841,2026-07-30T14:13:07.132976
3012,,3214.94,SGD,Closed,,uploaded,1470,,,True,tax_invoice,2,bill_to,False,355,MATCHED,,841,2026-07-30T14:13:11.930760
3011,Intercom,248.34,USD,Closed,Central,uploaded,1471,,,True,invoice,2,bill_to,False,87,MATCHED,6701,841,2026-07-30T14:13:29.328829
3009,,4054.8,USD,Closed,,uploaded,1472,,,True,tax_invoice,2,bill_to,False,116,MATCHED,6701,841,2026-07-30T14:13:46.356103
3008,,1986,USD,Closed,,uploaded,1473,,,True,invoice,2,bill_to,False,104,MATCHED,6701,841,2026-07-30T14:13:53.218750
3007,,4054.8,USD,Closed,,uploaded,1474,,,True,tax_invoice,1,default,False,116,MATCHED,6701,841,2026-07-30T14:13:59.653973
3006,,2306.53,SGD,Closed,,uploaded,1475,,,True,tax_invoice,2,currency,False,355,MATCHED,,841,2026-07-30T14:14:06.595830
3005,,400,USD,Closed,,uploaded,1476,,,True,invoice,2,bill_to,False,104,MATCHED,6701,841,2026-07-30T14:14:24.272809
2956,,3214.94,SGD,Closed,,duplicate,,inv#1470,hash,,,,,,,,,841,2026-07-30T14:14:30.607464
2955,,2186,USD,Closed,,uploaded,1477,,,True,invoice,2,bill_to,False,104,MATCHED,6701,841,2026-07-30T14:14:30.607719
2954,,501,AUD,Closed,,uploaded,1478,,,True,tax_invoice,3,bill_to,False,123,MATCHED,5033,841,2026-07-30T14:14:36.831140
2881,,1983.68,USD,Closed,,uploaded,1479,,,True,invoice,2,bill_to,False,31,MATCHED,6701,841,2026-07-30T14:14:55.269114
2880,,0,USD,Closed,,uploaded,1480,,,True,tax_invoice,1,default,False,68,MATCHED,1710,841,2026-07-30T14:15:12.222572
2821,,4588.9,SGD,Closed,,not_invoice,1481,,,False,letter,2,bill_to,False,93,MATCHED,6300,841,2026-07-30T14:15:16.179759
2816,,240,AUD,Closed,,uploaded,1482,,,True,tax_invoice,3,bill_to,False,123,MATCHED,5033,841,2026-07-30T14:15:22.890694
2792,,4000,SGD,Closed,,uploaded,1483,,,,,2,currency,False,,QUARANTINE,,841,2026-07-30T14:15:40.341923
2781,,822.09,AUD,Closed,,uploaded,1484,,,True,tax_invoice,3,bill_to,False,65,MATCHED,5030,841,2026-07-30T14:15:41.270344
2773,,20000,INR,Closed,,uploaded,1485,,,True,invoice,2,bill_to,False,155,MATCHED,6103,841,2026-07-30T14:15:45.272679
2768,,3270,SGD,Closed,,not_invoice,1486,,,False,letter,2,bill_to,False,144,MATCHED,,841,2026-07-30T14:15:51.754981
2734,,3250,SGD,Closed,,not_invoice,1487,,,False,statement,2,bill_to,False,146,MATCHED,5033,841,2026-07-30T14:16:08.678348
2654,,3000,SGD,Closed,,uploaded,1488,,,,,2,currency,False,,QUARANTINE,,841,2026-07-30T14:16:26.237105
2606,ACE,14811,AUD,Closed,Drive mate,not_invoice,1489,,,False,statement,3,bill_to,False,,QUARANTINE,,841,2026-07-30T14:16:27.410897
2605,,3047.8,MYR,Closed,,not_invoice,1490,,,False,other,1,default,False,158,MATCHED,6500,841,2026-07-30T14:16:44.842545
2602,,1986,USD,Closed,,uploaded,1491,,,True,invoice,1,default,False,104,MATCHED,6701,841,2026-07-30T14:16:52.910833
2543,,4588.9,SGD,Closed,,uploaded,1492,,,True,tax_invoice,2,bill_to,False,93,MATCHED,6300,841,2026-07-30T14:16:58.923801
2542,,1526,SGD,Closed,,uploaded,1493,,,True,tax_invoice,2,bill_to,False,27,MATCHED,5001,841,2026-07-30T14:17:04.950283
2469,,3000,SGD,Closed,,not_invoice,1494,,,False,letter,2,bill_to,False,,QUARANTINE,,841,2026-07-30T14:17:13.041011
2464,,7562.04,SGD,Closed,,uploaded,1495,,,True,tax_invoice,2,bill_to,False,355,MATCHED,,841,2026-07-30T14:17:30.017205
2463,,3156.01,SGD,Closed,,uploaded,1496,,,True,tax_invoice,2,bill_to,False,355,MATCHED,,841,2026-07-30T14:17:47.774241
2462,,12570.54,SGD,Closed,,uploaded,1497,,,True,tax_invoice,2,bill_to,False,355,MATCHED,,841,2026-07-30T14:18:05.092607
2461,,3221.37,SGD,Closed,,uploaded,1498,,,True,tax_invoice,2,bill_to,False,355,MATCHED,,841,2026-07-30T14:18:23.021589
2395,,280,SGD,Closed,,uploaded,1499,,,True,invoice,2,bill_to,False,50,MATCHED,5032,842,2026-07-30T14:20:38.863588
2307,,16292.41,SGD,Closed,,uploaded,1500,,,True,tax_invoice,2,bill_to,False,,QUARANTINE,,842,2026-07-30T14:20:43.486912
2306,,979.37,SGD,Closed,,duplicate,,inv#1434,hash,,,,,,,,,842,2026-07-30T14:20:59.951513
2287,,806.83,AUD,Closed,,uploaded,1501,,,True,tax_invoice,3,bill_to,False,65,MATCHED,5030,842,2026-07-30T14:20:59.984620
2285,,2215.06,USD,Closed,,uploaded,1502,,,True,invoice,2,bill_to,False,98,MATCHED,5030,842,2026-07-30T14:21:04.020243
2284,,4054.8,USD,Closed,,uploaded,1503,,,True,tax_invoice,2,bill_to,False,116,MATCHED,6701,842,2026-07-30T14:21:19.516230
2255,,2513.58,AUD,Closed,,uploaded,1504,,,,,3,currency,False,,QUARANTINE,,842,2026-07-30T14:21:26.158724
2248,,385,USD,Closed,,uploaded,1505,,,True,invoice,1,bill_to,False,45,MATCHED,1710,842,2026-07-30T14:21:26.826583
2199,,240,SGD,Closed,Drive lah,uploaded,1506,,,True,invoice,2,bill_to,False,50,MATCHED,5032,842,2026-07-30T14:21:42.546764
2196,,1940.15,USD,Closed,,uploaded,1507,,,True,invoice,2,bill_to,False,31,MATCHED,6701,842,2026-07-30T14:21:46.959800
2188,,3270,SGD,Closed,,not_invoice,1508,,,False,letter,2,bill_to,False,144,MATCHED,,842,2026-07-30T14:22:03.597908
2068,,1362,SGD,Closed,,uploaded,1509,,,True,invoice,3,bill_to,False,84,MATCHED,6104,842,2026-07-30T14:22:21.477840
2059,,3270,SGD,Closed,,uploaded,1510,,,True,tax_invoice,2,bill_to,False,59,MATCHED,5001,842,2026-07-30T14:22:26.934239
2040,,3066.5,SGD,Closed,,uploaded,1511,,,,,2,currency,False,,QUARANTINE,,842,2026-07-30T14:22:31.405210
2023,,220,SGD,Closed,,uploaded,1512,,,True,invoice,2,bill_to,False,36,MATCHED,6103,842,2026-07-30T14:22:32.205722
1981,,300,SGD,Closed,,uploaded,1513,,,True,invoice,2,bill_to,False,50,MATCHED,5032,842,2026-07-30T14:22:35.616850
1979,,43.81,AUD,Closed,,uploaded,1514,,,,,3,currency,False,,QUARANTINE,,842,2026-07-30T14:22:40.952968
1947,,7248.5,SGD,Closed,,uploaded,1515,,,,,2,currency,False,,QUARANTINE,,842,2026-07-30T14:22:42.239984
1939,,1092.82,SGD,Closed,,uploaded,1516,,,True,invoice,2,counterparty,False,507,MATCHED,6004,842,2026-07-30T14:22:47.522258
1930,,22500,INR,Closed,,uploaded,1517,,,True,invoice,2,bill_to,False,155,MATCHED,6103,842,2026-07-30T14:23:03.803404
1913,,1830,SGD,Closed,,uploaded,1518,,,True,invoice,2,bill_to,False,146,MATCHED,5033,842,2026-07-30T14:23:10.765374
1899,,0,SGD,Closed,,duplicate,,inv#1518,hash,,,,,,,,,842,2026-07-30T14:23:27.410068
1897,,1500,SGD,Closed,,uploaded,1519,,,,,2,currency,False,,QUARANTINE,,842,2026-07-30T14:23:27.410359
1803,,340,SGD,Closed,,uploaded,1520,,,True,invoice,2,bill_to,False,50,MATCHED,5032,842,2026-07-30T14:23:28.580100
1741,,1182.5,AUD,Closed,,uploaded,1521,,,True,tax_invoice,3,bill_to,False,28,MATCHED,6500,842,2026-07-30T14:23:33.128879
1725,,240,SGD,Closed,,uploaded,1522,,,,,2,currency,False,,QUARANTINE,,842,2026-07-30T14:23:48.501031
1722,,1526,SGD,Closed,,uploaded,1523,,,True,tax_invoice,2,bill_to,False,27,MATCHED,5001,842,2026-07-30T14:23:49.539631
1671,,260,SGD,Closed,,uploaded,1524,,,True,invoice,2,bill_to,False,50,MATCHED,5032,842,2026-07-30T14:23:53.587291
1538,,758.35,AUD,Closed,,uploaded,1525,,,True,tax_invoice,3,bill_to,False,65,MATCHED,5030,842,2026-07-30T14:23:58.072044
1453,,14959.37,USD,Closed,,uploaded,1526,,,True,invoice,2,bill_to,False,87,MATCHED,6701,842,2026-07-30T14:24:02.188833
1452,,40250,MYR,Closed,,uploaded,1527,,,True,invoice,2,bill_to,False,74,MATCHED,1710,842,2026-07-30T14:24:18.437209
1418,,1500,USD,Closed,,uploaded,1528,,,True,tax_invoice,2,bill_to,False,68,MATCHED,1710,842,2026-07-30T14:24:23.028545
1416,,1500,USD,Closed,,duplicate,,inv#1528,hash,,,,,,,,,842,2026-07-30T14:24:26.671782
1403,,1871.34,USD,Closed,,uploaded,1529,,,True,invoice,2,bill_to,False,31,MATCHED,6701,842,2026-07-30T14:24:26.672012
1381,,353,SGD,Closed,,uploaded,1530,,,,,2,currency,False,,QUARANTINE,,842,2026-07-30T14:24:42.910491
1376,,220,SGD,Closed,,uploaded,1531,,,True,invoice,2,bill_to,False,50,MATCHED,5032,842,2026-07-30T14:24:43.827769
1287,,24599,INR,Closed,,uploaded,1532,,,,,1,default,False,,QUARANTINE,,842,2026-07-30T14:24:47.849120
1285,,1680,SGD,Closed,,not_invoice,1533,,,False,statement,2,bill_to,False,,QUARANTINE,,842,2026-07-30T14:24:49.121711
1284,,632.2,SGD,Closed,,uploaded,1534,,,,,2,currency,False,,QUARANTINE,,842,2026-07-30T14:25:05.414911
1274,,0,SGD,Closed,,duplicate,,inv#1534,hash,,,,,,,,,842,2026-07-30T14:25:06.820394
1270,,0,SGD,Closed,,duplicate,,inv#1534,hash,,,,,,,,,843,2026-07-30T14:27:14.364374
1242,,24000,INR,Closed,,uploaded,1535,,,True,invoice,2,bill_to,False,155,MATCHED,6103,843,2026-07-30T14:27:14.432306
1240,,4251,SGD,Closed,,not_invoice,1536,,,False,letter,2,bill_to,False,93,MATCHED,6300,843,2026-07-30T14:27:21.114565
1239,,17502.36,SGD,Closed,,uploaded,1537,,,True,tax_invoice,2,bill_to,False,355,MATCHED,,843,2026-07-30T14:27:25.837407
1238,,17254.39,SGD,Closed,,uploaded,1538,,,True,tax_invoice,2,bill_to,False,355,MATCHED,,843,2026-07-30T14:27:42.325054
1236,,4251,SGD,Closed,,not_invoice,1539,,,False,letter,2,bill_to,False,93,MATCHED,6300,843,2026-07-30T14:27:59.254593
1229,,11049.62,SGD,Closed,,uploaded,1540,,,,,2,currency,False,,QUARANTINE,,843,2026-07-30T14:28:04.093139
1192,,180,SGD,Closed,,uploaded,1541,,,True,invoice,2,bill_to,False,50,MATCHED,5032,843,2026-07-30T14:28:05.006081
1181,,4000,SGD,Closed,,uploaded,1542,,,True,tax_invoice,2,bill_to,False,,QUARANTINE,,843,2026-07-30T14:28:09.359718
1140,,1000,SGD,Closed,,uploaded,1543,,,True,invoice,2,bill_to,False,84,MATCHED,6104,843,2026-07-30T14:28:25.569133
1108,,1526,SGD,Closed,,uploaded,1544,,,True,tax_invoice,2,bill_to,False,27,MATCHED,5001,843,2026-07-30T14:28:29.859903
1101,,2186,USD,Closed,,uploaded,1545,,,True,invoice,2,bill_to,False,104,MATCHED,6701,843,2026-07-30T14:28:33.959865
1100,,4054.8,USD,Closed,,uploaded,1546,,,True,tax_invoice,2,bill_to,False,116,MATCHED,6701,843,2026-07-30T14:28:39.753173
1063,,1526,SGD,Closed,,duplicate,,inv#1544,hash,,,,,,,,,843,2026-07-30T14:28:46.826851
1024,,120,SGD,Closed,,uploaded,1547,,,True,invoice,2,bill_to,False,,QUARANTINE,,843,2026-07-30T14:28:46.827118
1017,,4175.03,SGD,Closed,,duplicate,,inv#1434,hash,,,,,,,,,843,2026-07-30T14:29:03.114958
973,,0,SGD,Closed,Drive lah,uploaded,1548,,,,,2,platform,False,,QUARANTINE,,843,2026-07-30T14:29:03.142686
972,,5009.45,AUD,Closed,,uploaded,1549,,,True,tax_invoice,3,bill_to,False,135,MATCHED,5032,843,2026-07-30T14:29:04.300988
967,,4.9,SGD,Closed,,uploaded,1550,,,True,tax_invoice,2,bill_to,False,110,MATCHED,6701,843,2026-07-30T14:29:10.906176
948,,3270,SGD,Closed,,uploaded,1551,,,,,2,currency,False,,QUARANTINE,,843,2026-07-30T14:29:16.475080
940,,200,SGD,Closed,,uploaded,1552,,,,,2,currency,False,,QUARANTINE,,843,2026-07-30T14:29:17.506405
850,,14000,INR,Closed,Drive lah,uploaded,1553,,,True,invoice,2,bill_to,False,155,MATCHED,6103,843,2026-07-30T14:29:19.199210
817,,711.73,AUD,Closed,,uploaded,1554,,,True,tax_invoice,3,bill_to,False,65,MATCHED,5030,843,2026-07-30T14:29:25.556131
758,,710,SGD,Closed,,uploaded,1555,,,True,invoice,2,bill_to,False,36,MATCHED,6103,843,2026-07-30T14:29:29.558681
745,,880,AUD,Closed,,uploaded,1556,,,True,invoice,3,bill_to,False,141,MATCHED,5064,843,2026-07-30T14:29:33.484985
717,,3270,SGD,Closed,,uploaded,1557,,,,,2,currency,False,,QUARANTINE,,843,2026-07-30T14:29:41.095584
714,,12600,MYR,Closed,,uploaded,1558,,,True,invoice,2,bill_to,False,131,MATCHED,6104,843,2026-07-30T14:29:42.117624
712,,4054.8,USD,Closed,,uploaded,1559,,,True,tax_invoice,2,bill_to,False,116,MATCHED,6701,843,2026-07-30T14:29:48.253853
706,,874,USD,Closed,,uploaded,1560,,,True,invoice,2,bill_to,False,151,MATCHED,1710,843,2026-07-30T14:29:54.879889
683,,1038.54,USD,Closed,,uploaded,1561,,,True,invoice,2,bill_to,False,151,MATCHED,1710,843,2026-07-30T14:30:10.566989
632,,2000,SGD,Closed,,uploaded,1562,,,True,tax_invoice,2,bill_to,False,59,MATCHED,5001,843,2026-07-30T14:30:26.176671
598,,21000,INR,Closed,,uploaded,1563,,,True,invoice,2,bill_to,False,155,MATCHED,6103,843,2026-07-30T14:30:31.424285
590,,13514,INR,Closed,,not_invoice,1564,,,False,receipt,1,default,False,,QUARANTINE,,843,2026-07-30T14:30:37.949236
587,,1547,SGD,Closed,,uploaded,1565,,,True,invoice,2,bill_to,False,118,MATCHED,6401,843,2026-07-30T14:30:54.531738
556,,2186,USD,Closed,,uploaded,1566,,,True,invoice,2,bill_to,False,104,MATCHED,6701,843,2026-07-30T14:31:00.356547
555,,16237.6,SGD,Closed,,uploaded,1567,,,True,tax_invoice,2,bill_to,False,,QUARANTINE,,843,2026-07-30T14:31:07.003369
503,,3274.13,AUD,Closed,,uploaded,1568,,,True,tax_invoice,3,bill_to,False,160,MATCHED,5032,843,2026-07-30T14:31:23.765176
491,,2000,SGD,Closed,,not_invoice,1569,,,False,report,2,currency,False,146,MATCHED,5033,843,2026-07-30T14:31:30.811537
449,,180,SGD,Closed,,uploaded,1570,,,,,2,currency,False,,QUARANTINE,,843,2026-07-30T14:31:47.045491
438,,1771.18,USD,Closed,,uploaded,1571,,,True,invoice,2,bill_to,False,31,MATCHED,6701,843,2026-07-30T14:31:48.065915
431,,40000,INR,Closed,,uploaded,1572,,,True,tax_invoice,1,default,False,,QUARANTINE,,844,2026-07-30T14:33:31.042107
404,,2186,USD,Closed,,uploaded,1573,,,True,invoice,2,bill_to,False,104,MATCHED,6701,844,2026-07-30T14:33:48.378645
403,,4017.6,USD,Closed,,uploaded,1574,,,True,tax_invoice,2,bill_to,False,116,MATCHED,6701,844,2026-07-30T14:33:55.270252
402,,1292,USD,Closed,,uploaded,1575,,,True,invoice,2,bill_to,False,151,MATCHED,1710,844,2026-07-30T14:34:02.271780
359,,15631.22,SGD,Closed,,uploaded,1576,,,True,tax_invoice,2,bill_to,False,355,MATCHED,,844,2026-07-30T14:34:19.355368
327,,519.03,USD,Closed,,uploaded,1577,,,True,invoice,1,bill_to,False,127,MATCHED,1710,844,2026-07-30T14:34:36.682374
264,,1105,USD,Closed,,uploaded,1578,,,True,invoice,2,bill_to,False,151,MATCHED,1710,844,2026-07-30T14:34:52.667924
240,,3500,SGD,Closed,,not_invoice,1579,,,False,other,2,bill_to,False,,QUARANTINE,,844,2026-07-30T14:35:08.969612
239,,132,AUD,Closed,,uploaded,1580,,,True,tax_invoice,3,bill_to,False,83,MATCHED,6701,844,2026-07-30T14:35:25.486841
210,,51044,INR,Closed,,uploaded,1581,,,True,invoice,1,default,False,96,MATCHED,6400,844,2026-07-30T14:35:33.421376
169,,1520,USD,Closed,,uploaded,1582,,,True,invoice,2,bill_to,False,151,MATCHED,1710,844,2026-07-30T14:35:50.025566
144,,175316,INR,Closed,,uploaded,1583,,,,,1,default,False,,QUARANTINE,,844,2026-07-30T14:36:06.399090
131,,3270,SGD,Closed,,uploaded,1584,,,,,2,currency,False,,QUARANTINE,,844,2026-07-30T14:36:07.320061
117,,600,SGD,Closed,,uploaded,1585,,,True,invoice,2,bill_to,False,36,MATCHED,6103,844,2026-07-30T14:36:08.254306
98,,1178,USD,Closed,,uploaded,1586,,,True,invoice,2,bill_to,False,151,MATCHED,1710,844,2026-07-30T14:36:12.694691
66,,408.9,SGD,Closed,,uploaded,1587,,,,,2,currency,False,,QUARANTINE,,844,2026-07-30T14:36:29.068012
57,,300,USD,Closed,,uploaded,1588,,,True,tax_invoice,1,default,False,68,MATCHED,1710,844,2026-07-30T14:36:29.998220
26,,1854.51,USD,Closed,,uploaded,1589,,,True,invoice,2,bill_to,False,31,MATCHED,6701,844,2026-07-30T14:36:33.651815
25,,440,SGD,Closed,,uploaded,1590,,,,,2,currency,False,,QUARANTINE,,844,2026-07-30T14:36:51.225702
24738,Rohde Smash Repairs,3952.5,AUD,Closed,Drive mate,error,,,HTTP Error 403: Forbidden,,,,,,,,,845,2026-07-30T20:47:28.590632
25404,Cycle and Carriage Pte Ltd,767.36,SGD,Approved,Drive lah,error,,,HTTP Error 403: Forbidden,,,,,,,,,845,2026-07-30T20:47:29.045469
24116,Focussed Assessing Pty Ltd,110,AUD,Closed,Drive mate,error,,,HTTP Error 403: Forbidden,,,,,,,,,845,2026-07-30T20:47:29.436276
23937,NTUC,4325.29,SGD,Closed,Drive Lah,error,,,HTTP Error 403: Forbidden,,,,,,,,,845,2026-07-30T20:47:29.832233
25298,Thinxtra Solutions Pty Ltd,22180.1,AUD,Closed,Drive mate,error,,,HTTP Error 403: Forbidden,,,,,,,,,845,2026-07-30T20:47:30.282084
25358,Pack & Send Marrickville,465.54,AUD,Closed,Drive mate,error,,,HTTP Error 403: Forbidden,,,,,,,,,845,2026-07-30T20:47:30.670099
24541,Altimobility Corp.(113-86-10472),12084,USD,Closed,Drive mate,error,,,HTTP Error 403: Forbidden,,,,,,,,,845,2026-07-30T20:47:31.039102
24544,PACK SEND Marrickville,1194.68,AUD,Closed,Drive mate,error,,,HTTP Error 403: Forbidden,,,,,,,,,845,2026-07-30T20:47:31.424824
24032,Ridhi karan,25000,INR,Closed,Central,error,,,HTTP Error 403: Forbidden,,,,,,,,,845,2026-07-30T20:47:31.812624
24516,Thinxtra Solutions Pty Ltd,21564.35,AUD,Closed,Drive mate,error,,,HTTP Error 403: Forbidden,,,,,,,,,845,2026-07-30T20:47:32.198536
24497,ACE ,18907.83,AUD,Closed,Drive mate,error,,,HTTP Error 403: Forbidden,,,,,,,,,845,2026-07-30T20:47:32.583942
23969,The Hollard Insurance Company - Insuret Claims,5000,AUD,Closed,Drive mate,error,,,HTTP Error 403: Forbidden,,,,,,,,,845,2026-07-30T20:47:32.968343
25357,PACK SEND Marrickville,1270.57,AUD,Closed,Drive mate,error,,,HTTP Error 403: Forbidden,,,,,,,,,845,2026-07-30T20:47:33.350642
25236,Focussed Assessing Pty Ltd,220,AUD,Closed,Drive mate,error,,,HTTP Error 403: Forbidden,,,,,,,,,845,2026-07-30T20:47:33.844128
25112,Intercom,275.97,USD,Closed,Central,error,,,HTTP Error 403: Forbidden,,,,,,,,,845,2026-07-30T20:47:34.564887
24610,Aircall,2990.91,USD,Closed,Central,error,,,HTTP Error 403: Forbidden,,,,,,,,,845,2026-07-30T20:47:34.957419
25142,ComfortDelGro Rent-A-Car Pte Ltd,512.3,SGD,Approved,Drive lah,error,,,HTTP Error 403: Forbidden,,,,,,,,,845,2026-07-30T20:47:35.348661
24156,Fixed lah,1000,SGD,Closed,Drive lah,error,,,HTTP Error 403: Forbidden,,,,,,,,,845,2026-07-30T20:47:35.739064
24248,Towlah,340,SGD,Closed,Drive lah,error,,,HTTP Error 403: Forbidden,,,,,,,,,845,2026-07-30T20:47:36.128353
24524,Stephen Inner West Smash Repairs Pty Ltd,3900,AUD,Closed,Drive mate,error,,,HTTP Error 403: Forbidden,,,,,,,,,845,2026-07-30T20:47:36.510036
25156,maricon,50,SGD,Closed,Central,error,,,HTTP Error 403: Forbidden,,,,,,,,,845,2026-07-30T20:47:36.892897
24581,Stephen Inner West Smash Repairs,175,AUD,Closed,Drive mate,error,,,HTTP Error 403: Forbidden,,,,,,,,,845,2026-07-30T20:47:37.283235
23976,Comfort del Gro,2725,SGD,Approved,Drive lah,error,,,HTTP Error 403: Forbidden,,,,,,,,,845,2026-07-30T20:47:37.672997
24788,Rohde Smash Repairs,3000,AUD,Closed,Drive mate,error,,,HTTP Error 403: Forbidden,,,,,,,,,845,2026-07-30T20:47:38.062118
24447,info@petershamprestige.com.au,175,AUD,Closed,Drive mate,error,,,HTTP Error 403: Forbidden,,,,,,,,,845,2026-07-30T20:47:38.447099
24031,GT Insurance,5000,AUD,Closed,Drive mate,error,,,HTTP Error 403: Forbidden,,,,,,,,,845,2026-07-30T20:47:38.827769
24960,Victorian Auto Services,450,AUD,Approval Required,Drive mate,error,,,HTTP Error 403: Forbidden,,,,,,,,,845,2026-07-30T20:47:39.219821
24737,UR Drive,2000,AUD,Closed,Drive Mate,error,,,HTTP Error 403: Forbidden,,,,,,,,,845,2026-07-30T20:47:39.592650
24521,RACQ Operations,759.01,AUD,Approval Required,Drive mate,error,,,HTTP Error 403: Forbidden,,,,,,,,,845,2026-07-30T20:47:39.973028
24683,Focussed Assessing Pty Ltd,220,AUD,Closed,Drive mate,error,,,HTTP Error 403: Forbidden,,,,,,,,,845,2026-07-30T20:47:40.357796
24013,Fixed Lah,650,SGD,Closed,Drive lah,error,,,HTTP Error 403: Forbidden,,,,,,,,,845,2026-07-30T20:47:40.748678
24213,Rohde Smash Repairs,1322.2,AUD,Closed,Drive mate,error,,,HTTP Error 403: Forbidden,,,,,,,,,845,2026-07-30T20:47:41.136541
25369,Victorian Auto Services,350,AUD,Closed,Drive Mate,error,,,HTTP Error 403: Forbidden,,,,,,,,,845,2026-07-30T20:47:41.524966
24969,ComfortDelGro Rent-A-Car Pte Ltd,1335.25,SGD,Approved,Drive lah,error,,,HTTP Error 403: Forbidden,,,,,,,,,845,2026-07-30T20:47:41.913222
24240,Thinxtra Solutions Pty Ltd,21660.06,AUD,Closed,Drive mate,error,,,HTTP Error 403: Forbidden,,,,,,,,,845,2026-07-30T20:47:42.289059
24781,Stephen Inner West Smash Repairs Pty Ltd,2090,AUD,Closed,Drive mate,error,,,HTTP Error 403: Forbidden,,,,,,,,,845,2026-07-30T20:47:42.674807
24246,Towlah,250,SGD,Closed,Drive lah,error,,,HTTP Error 403: Forbidden,,,,,,,,,845,2026-07-30T20:47:43.066274
24195,Nova Smash Repairs,6642.3,AUD,Auto-approved,Drive Mate,error,,,HTTP Error 403: Forbidden,,,,,,,,,845,2026-07-30T20:47:43.457545
24242,Oakleigh Garage Service Centre,1106,AUD,Closed,Drive mate,error,,,HTTP Error 403: Forbidden,,,,,,,,,845,2026-07-30T20:47:43.832824
24373,Abwin Leasing,1526,SGD,Closed,Drive lah,error,,,HTTP Error 403: Forbidden,,,,,,,,,845,2026-07-30T20:47:44.228660
25406,Stephen Inner West Smash Repairs Pty Ltd,1595,AUD,Closed,Drive mate,error,,,HTTP Error 403: Forbidden,,,,,,,,,845,2026-07-30T20:47:44.620174
24449,Rohde Smash Repairs,1842.5,AUD,Closed,Drive mate,error,,,HTTP Error 403: Forbidden,,,,,,,,,845,2026-07-30T20:47:44.992915
24495,Rohde Smash Repairs,693,AUD,Closed,Drive mate,error,,,HTTP Error 403: Forbidden,,,,,,,,,845,2026-07-30T20:47:45.364414
24112,Stephen Inner West Smash Repairs Pty Ltd,787,AUD,Closed,Drive mate,error,,,HTTP Error 403: Forbidden,,,,,,,,,845,2026-07-30T20:47:45.736555
25256,Abwin Leasing,1526,SGD,Closed,Drive lah,error,,,HTTP Error 403: Forbidden,,,,,,,,,845,2026-07-30T20:47:46.109778
24295,ato - australia,1074.08,AUD,Closed,Drive mate,error,,,HTTP Error 403: Forbidden,,,,,,,,,845,2026-07-30T20:47:46.487861
25355,Rohde Smash Repairs,3000,AUD,Closed,Drive mate,error,,,HTTP Error 403: Forbidden,,,,,,,,,845,2026-07-30T20:47:46.866342
25347,Victorian Auto Services,220,AUD,Closed,Drive mate,error,,,HTTP Error 403: Forbidden,,,,,,,,,845,2026-07-30T20:47:47.241573
25349,Victorian Auto Services,240,AUD,Closed,Drive mate,error,,,HTTP Error 403: Forbidden,,,,,,,,,845,2026-07-30T20:47:47.609537
25204,Stephen Inner West Smash Repairs Pty Ltd,1727.66,AUD,Closed,Drive mate,error,,,HTTP Error 403: Forbidden,,,,,,,,,845,2026-07-30T20:47:47.997377
24515,Stephen Inner West Smash Repairs Pty Ltd,3432,AUD,Closed,Drive mate,error,,,HTTP Error 403: Forbidden,,,,,,,,,845,2026-07-30T20:47:48.377552
24040,Rohde Smash Repairs,2789.6,AUD,Closed,Drive mate,error,,,HTTP Error 403: Forbidden,,,,,,,,,845,2026-07-30T20:47:48.832797
24145,Stephen Inner West Smash Repairs Pty Ltd,4180,AUD,Closed,Drive mate,error,,,HTTP Error 403: Forbidden,,,,,,,,,845,2026-07-30T20:47:49.258882
24247,Towlah,220,SGD,Closed,Drive lah,error,,,HTTP Error 403: Forbidden,,,,,,,,,845,2026-07-30T20:47:49.631537
24407,Toorak Autobody pty ltd,2882,AUD,Approved,Drive mate,error,,,HTTP Error 403: Forbidden,,,,,,,,,845,2026-07-30T20:47:50.010051
25359,PACK SEND Marrickville,426.14,AUD,Closed,Drive mate,error,,,HTTP Error 403: Forbidden,,,,,,,,,845,2026-07-30T20:47:50.379012
24410,ACE Administration Services Pty. Ltd,1210,AUD,Closed,Drive mate,error,,,HTTP Error 403: Forbidden,,,,,,,,,845,2026-07-30T20:47:50.750928
24531,Focussed Assessing Pty Ltd,220,AUD,Closed,Drive mate,error,,,HTTP Error 403: Forbidden,,,,,,,,,845,2026-07-30T20:47:51.143312
25410,Victorian Auto Services,295,AUD,Closed,Drive mate,error,,,HTTP Error 403: Forbidden,,,,,,,,,845,2026-07-30T20:47:51.529897
25092,Focussed Assessing Pty Ltd,220,AUD,Closed,Drive mate,error,,,HTTP Error 403: Forbidden,,,,,,,,,845,2026-07-30T20:47:51.904020
24746,laptop,1238,USD,Closed,Central,error,,,HTTP Error 403: Forbidden,,,,,,,,,845,2026-07-30T20:47:52.282179
24598,NTUC,3823.23,SGD,Closed,Drive lah,error,,,HTTP Error 403: Forbidden,,,,,,,,,845,2026-07-30T20:47:52.654248
24097,GWS CHADSTONE PTY LTD,3000,AUD,Approved,Drive mate,error,,,HTTP Error 403: Forbidden,,,,,,,,,845,2026-07-30T20:47:53.035912
24005,Focussed Assessing Pty Ltd (ABN 92 143 234 066),165,AUD,Closed,Drive mate,error,,,HTTP Error 403: Forbidden,,,,,,,,,845,2026-07-30T20:47:53.409832
24740,Bris Towing - Towing Specialist ,165,AUD,Closed,Drive Mate,error,,,HTTP Error 403: Forbidden,,,,,,,,,845,2026-07-30T20:47:53.785533
24948,ComfortDelGro Rent-A-Car Pte Ltd,190.75,SGD,Auto-approved,Drive Lah,error,,,HTTP Error 403: Forbidden,,,,,,,,,845,2026-07-30T20:47:54.205816
25346,Victorian auto Services,450,AUD,Closed,Drive mate,error,,,HTTP Error 403: Forbidden,,,,,,,,,845,2026-07-30T20:47:54.580987
25360,RACQ Operations,145,AUD,Approval Required,Drive mate,error,,,HTTP Error 403: Forbidden,,,,,,,,,845,2026-07-30T20:47:54.965906
24606,NORMAN CHAN,1023,AUD,Closed,Drive mate,error,,,HTTP Error 403: Forbidden,,,,,,,,,845,2026-07-30T20:47:55.341850
24542,SentriLock LLC,828,USD,Closed,Drive mate,error,,,HTTP Error 403: Forbidden,,,,,,,,,845,2026-07-30T20:47:55.715511
24560,Rohde Smash Repairs,1796.28,AUD,Closed,Drive mate,error,,,HTTP Error 403: Forbidden,,,,,,,,,845,2026-07-30T20:47:56.091577
24625,SELECTE PTE LTD,300,SGD,Closed,Drive Lah,error,,,HTTP Error 403: Forbidden,,,,,,,,,845,2026-07-30T20:47:56.476497
23960,Focussed Assessing Pty Ltd (ABN 92 143 234 066),330,AUD,Closed,Drive mate,error,,,HTTP Error 403: Forbidden,,,,,,,,,845,2026-07-30T20:47:56.848275
24747,Abdul Saaqib,3000,AUD,Closed,Drive mate,error,,,HTTP Error 403: Forbidden,,,,,,,,,845,2026-07-30T20:47:57.225843
25395,Other's - Mart,2000,AUD,Closed,Drive mate,error,,,HTTP Error 403: Forbidden,,,,,,,,,845,2026-07-30T20:47:57.600417
24959,Victorian auto Services,330,AUD,Closed,Drive Mate,error,,,HTTP Error 403: Forbidden,,,,,,,,,845,2026-07-30T20:47:57.975627
24239,"SentriLock, LLC",951,USD,Closed,Drive mate,error,,,HTTP Error 403: Forbidden,,,,,,,,,845,2026-07-30T20:47:58.381877
24741,Rohde Smash Repairs,1859,AUD,Closed,Drive mate,error,,,HTTP Error 403: Forbidden,,,,,,,,,845,2026-07-30T20:47:58.761300
24579,Stephen Inner West Smash Repairs Pty Ltd,210,AUD,Closed,Drive mate,error,,,HTTP Error 403: Forbidden,,,,,,,,,845,2026-07-30T20:47:59.134301
24308,Norman Chan,814,AUD,Closed,Drive mate,error,,,HTTP Error 403: Forbidden,,,,,,,,,845,2026-07-30T20:47:59.518323
24259,Abdul Saaqib,3000,AUD,Closed,Drive mate,error,,,HTTP Error 403: Forbidden,,,,,,,,,845,2026-07-30T20:47:59.888213
24681,GT Insurance,3000,AUD,Closed,Drive Mate,error,,,HTTP Error 403: Forbidden,,,,,,,,,845,2026-07-30T20:48:00.364993
25146,Stephen Inner West Smash Repairs,450,AUD,Closed,Drive mate,error,,,HTTP Error 403: Forbidden,,,,,,,,,845,2026-07-30T20:48:00.741598
24986,Focussed Loss Management,220,AUD,Closed,Drive mate,error,,,HTTP Error 403: Forbidden,,,,,,,,,845,2026-07-30T20:48:01.116673
24492,Stephen Inner West Smash Repairs Pty Ltd,330,AUD,Closed,Drive mate,error,,,HTTP Error 403: Forbidden,,,,,,,,,845,2026-07-30T20:48:01.503468
23938,NTUC,3519.42,SGD,Closed,Drive lah,error,,,HTTP Error 403: Forbidden,,,,,,,,,845,2026-07-30T20:48:01.878185
25402,Humax,12084,USD,Closed,Drive mate,error,,,HTTP Error 403: Forbidden,,,,,,,,,845,2026-07-30T20:48:02.261803
24566,Stephen Inner West Smash Repairs,335.5,AUD,Closed,Drive Mate,error,,,HTTP Error 403: Forbidden,,,,,,,,,845,2026-07-30T20:48:02.635329
24546,PACK SEND Marrickville,7507.5,AUD,Closed,Drive mate,error,,,HTTP Error 403: Forbidden,,,,,,,,,845,2026-07-30T20:48:03.013288
24793,Melbourne Prestige Centre,5000,AUD,Closed,Drive mate,error,,,HTTP Error 403: Forbidden,,,,,,,,,845,2026-07-30T20:48:03.385133
24045,INCOME INSURANCE LIMITED,2653.33,SGD,Closed,Drive lah,error,,,HTTP Error 403: Forbidden,,,,,,,,,845,2026-07-30T20:48:03.766374
25368,NTUC/Income,5000,SGD,Closed,Drive lah,error,,,HTTP Error 403: Forbidden,,,,,,,,,845,2026-07-30T20:48:04.139783
24436,Rohde Smash Repairs,577.5,AUD,Closed,Drive mate,error,,,HTTP Error 403: Forbidden,,,,,,,,,845,2026-07-30T20:48:04.515091
24154,Stephen Inner West Smash Repairs Pty Ltd,198,AUD,Closed,Drive Mate,error,,,HTTP Error 403: Forbidden,,,,,,,,,845,2026-07-30T20:48:04.886789
24552,Kan Fook Sing Motor Workshop,109,SGD,Closed,Drive Lah,error,,,HTTP Error 403: Forbidden,,,,,,,,,845,2026-07-30T20:48:05.260434
24924,Bris Towing ,165,AUD,Closed,Drive Mate,error,,,HTTP Error 403: Forbidden,,,,,,,,,845,2026-07-30T20:48:05.630249
24895,Su,0,USD,Closed,Central,error,,,HTTP Error 403: Forbidden,,,,,,,,,845,2026-07-30T20:48:06.002338
24302,Focussed Loss Management,165,AUD,Closed,Drive mate,error,,,HTTP Error 403: Forbidden,,,,,,,,,845,2026-07-30T20:48:06.378727
24713,Nova Smash Repairs,9949.7,AUD,Approved,Drive mate,error,,,HTTP Error 403: Forbidden,,,,,,,,,845,2026-07-30T20:48:06.749124
25201,Cycle & Carriage Leasing Pte. Ltd.,2180,SGD,Closed,Drive lah,error,,,HTTP Error 403: Forbidden,,,,,,,,,845,2026-07-30T20:48:07.136855
24185,GT Insurance-Trust,2000,AUD,Closed,Drive mate,error,,,HTTP Error 403: Forbidden,,,,,,,,,845,2026-07-30T20:48:07.510221
24368,Stephen Inner West Smash Repairs Pty Ltd,462,AUD,Closed,Drive mate,error,,,HTTP Error 403: Forbidden,,,,,,,,,845,2026-07-30T20:48:07.899726
25252,Bris Towing,220,AUD,Approval Required,Drive mate,error,,,HTTP Error 403: Forbidden,,,,,,,,,845,2026-07-30T20:48:08.281341
24887,Rohde Smash Repairs,1430,AUD,Closed,Drive Mate,error,,,HTTP Error 403: Forbidden,,,,,,,,,845,2026-07-30T20:48:08.667316
24165,1st Class Towing Pty Ltd,440,AUD,Closed,Drive mate,error,,,HTTP Error 403: Forbidden,,,,,,,,,845,2026-07-30T20:48:09.050072
24234,Smash Repair,250,AUD,Closed,Drive mate,error,,,HTTP Error 403: Forbidden,,,,,,,,,845,2026-07-30T20:48:09.432700
24342,Abdul Saaqib,2200,AUD,Closed,Drive mate,error,,,HTTP Error 403: Forbidden,,,,,,,,,845,2026-07-30T20:48:09.816896
24486,Maricon,50,SGD,Closed,Central,error,,,HTTP Error 403: Forbidden,,,,,,,,,845,2026-07-30T20:48:10.202241
24962,IT Y NET EMPLOYMENT AGENCY PTE LTD,1500,SGD,Closed,Drive lah,error,,,HTTP Error 403: Forbidden,,,,,,,,,845,2026-07-30T20:48:10.586984
25238,Abdul Saaqib,3000,AUD,Closed,Drive mate,error,,,HTTP Error 403: Forbidden,,,,,,,,,845,2026-07-30T20:48:10.969715
24864,Philcare HMO,4784.71,USD,Closed,Drive Lah,error,,,HTTP Error 403: Forbidden,,,,,,,,,845,2026-07-30T20:48:11.363735
24688,Fast Choice Towing,1180,AUD,Closed,Drive Mate,error,,,HTTP Error 403: Forbidden,,,,,,,,,845,2026-07-30T20:48:11.772162
24538,Stephen Inner West Smash Repairs Pty Ltd,1340,AUD,Closed,Drive mate,error,,,HTTP Error 403: Forbidden,,,,,,,,,845,2026-07-30T20:48:12.166966
24488, Stephen Inner West Smash Repairs,1200,AUD,Closed,Drive mate,error,,,HTTP Error 403: Forbidden,,,,,,,,,845,2026-07-30T20:48:12.555289
24548,PACK SEND Marrickville,1005.07,AUD,Closed,Drive mate,error,,,HTTP Error 403: Forbidden,,,,,,,,,845,2026-07-30T20:48:12.939938
25178,ACCORD AUTOCARE PTE LTD,2372.34,SGD,Closed,Drive lah,error,,,HTTP Error 403: Forbidden,,,,,,,,,845,2026-07-30T20:48:13.331195
25096,HDB,1440,SGD,Closed,Drive Lah,error,,,HTTP Error 403: Forbidden,,,,,,,,,845,2026-07-30T20:48:13.718040
25273,Springfield Lakes Towing and Transport Trust,308,AUD,Auto-approved,Drive Mate,error,,,HTTP Error 403: Forbidden,,,,,,,,,845,2026-07-30T20:48:14.115363
24738,Rohde Smash Repairs,3952.5,AUD,Closed,Drive mate,no_file,,,broken/deleted attachment (…/null or 403),,,,,,,,,,2026-07-30T20:50:12.177193
25404,Cycle and Carriage Pte Ltd,767.36,SGD,Approved,Drive lah,no_file,,,broken/deleted attachment (…/null or 403),,,,,,,,,,2026-07-30T20:50:12.177321
24116,Focussed Assessing Pty Ltd,110,AUD,Closed,Drive mate,no_file,,,broken/deleted attachment (…/null or 403),,,,,,,,,,2026-07-30T20:50:12.177325
23937,NTUC,4325.29,SGD,Closed,Drive Lah,no_file,,,broken/deleted attachment (…/null or 403),,,,,,,,,,2026-07-30T20:50:12.177327
25298,Thinxtra Solutions Pty Ltd,22180.1,AUD,Closed,Drive mate,no_file,,,broken/deleted attachment (…/null or 403),,,,,,,,,,2026-07-30T20:50:12.177329
25358,Pack & Send Marrickville,465.54,AUD,Closed,Drive mate,no_file,,,broken/deleted attachment (…/null or 403),,,,,,,,,,2026-07-30T20:50:12.177331
24541,Altimobility Corp.(113-86-10472),12084,USD,Closed,Drive mate,no_file,,,broken/deleted attachment (…/null or 403),,,,,,,,,,2026-07-30T20:50:12.177333
24544,PACK SEND Marrickville,1194.68,AUD,Closed,Drive mate,no_file,,,broken/deleted attachment (…/null or 403),,,,,,,,,,2026-07-30T20:50:12.177335
24032,Ridhi karan,25000,INR,Closed,Central,no_file,,,broken/deleted attachment (…/null or 403),,,,,,,,,,2026-07-30T20:50:12.177337
24516,Thinxtra Solutions Pty Ltd,21564.35,AUD,Closed,Drive mate,no_file,,,broken/deleted attachment (…/null or 403),,,,,,,,,,2026-07-30T20:50:12.177338
24497,ACE ,18907.83,AUD,Closed,Drive mate,no_file,,,broken/deleted attachment (…/null or 403),,,,,,,,,,2026-07-30T20:50:12.177340
23969,The Hollard Insurance Company - Insuret Claims,5000,AUD,Closed,Drive mate,no_file,,,broken/deleted attachment (…/null or 403),,,,,,,,,,2026-07-30T20:50:12.177342
25357,PACK SEND Marrickville,1270.57,AUD,Closed,Drive mate,no_file,,,broken/deleted attachment (…/null or 403),,,,,,,,,,2026-07-30T20:50:12.177343
25236,Focussed Assessing Pty Ltd,220,AUD,Closed,Drive mate,no_file,,,broken/deleted attachment (…/null or 403),,,,,,,,,,2026-07-30T20:50:12.177345
25112,Intercom,275.97,USD,Closed,Central,no_file,,,broken/deleted attachment (…/null or 403),,,,,,,,,,2026-07-30T20:50:12.177347
24610,Aircall,2990.91,USD,Closed,Central,no_file,,,broken/deleted attachment (…/null or 403),,,,,,,,,,2026-07-30T20:50:12.177348
25142,ComfortDelGro Rent-A-Car Pte Ltd,512.3,SGD,Approved,Drive lah,no_file,,,broken/deleted attachment (…/null or 403),,,,,,,,,,2026-07-30T20:50:12.177350
24156,Fixed lah,1000,SGD,Closed,Drive lah,no_file,,,broken/deleted attachment (…/null or 403),,,,,,,,,,2026-07-30T20:50:12.177351
24248,Towlah,340,SGD,Closed,Drive lah,no_file,,,broken/deleted attachment (…/null or 403),,,,,,,,,,2026-07-30T20:50:12.177352
24524,Stephen Inner West Smash Repairs Pty Ltd,3900,AUD,Closed,Drive mate,no_file,,,broken/deleted attachment (…/null or 403),,,,,,,,,,2026-07-30T20:50:12.177355
25156,maricon,50,SGD,Closed,Central,no_file,,,broken/deleted attachment (…/null or 403),,,,,,,,,,2026-07-30T20:50:12.177356
24581,Stephen Inner West Smash Repairs,175,AUD,Closed,Drive mate,no_file,,,broken/deleted attachment (…/null or 403),,,,,,,,,,2026-07-30T20:50:12.177357
23976,Comfort del Gro,2725,SGD,Approved,Drive lah,no_file,,,broken/deleted attachment (…/null or 403),,,,,,,,,,2026-07-30T20:50:12.177358
24788,Rohde Smash Repairs,3000,AUD,Closed,Drive mate,no_file,,,broken/deleted attachment (…/null or 403),,,,,,,,,,2026-07-30T20:50:12.177360
24447,info@petershamprestige.com.au,175,AUD,Closed,Drive mate,no_file,,,broken/deleted attachment (…/null or 403),,,,,,,,,,2026-07-30T20:50:12.177361
24031,GT Insurance,5000,AUD,Closed,Drive mate,no_file,,,broken/deleted attachment (…/null or 403),,,,,,,,,,2026-07-30T20:50:12.177362
24960,Victorian Auto Services,450,AUD,Approval Required,Drive mate,no_file,,,broken/deleted attachment (…/null or 403),,,,,,,,,,2026-07-30T20:50:12.177363
24737,UR Drive,2000,AUD,Closed,Drive Mate,no_file,,,broken/deleted attachment (…/null or 403),,,,,,,,,,2026-07-30T20:50:12.177365
24521,RACQ Operations,759.01,AUD,Approval Required,Drive mate,no_file,,,broken/deleted attachment (…/null or 403),,,,,,,,,,2026-07-30T20:50:12.177366
24683,Focussed Assessing Pty Ltd,220,AUD,Closed,Drive mate,no_file,,,broken/deleted attachment (…/null or 403),,,,,,,,,,2026-07-30T20:50:12.177367
24013,Fixed Lah,650,SGD,Closed,Drive lah,no_file,,,broken/deleted attachment (…/null or 403),,,,,,,,,,2026-07-30T20:50:12.177368
24213,Rohde Smash Repairs,1322.2,AUD,Closed,Drive mate,no_file,,,broken/deleted attachment (…/null or 403),,,,,,,,,,2026-07-30T20:50:12.177370
25369,Victorian Auto Services,350,AUD,Closed,Drive Mate,no_file,,,broken/deleted attachment (…/null or 403),,,,,,,,,,2026-07-30T20:50:12.177371
24969,ComfortDelGro Rent-A-Car Pte Ltd,1335.25,SGD,Approved,Drive lah,no_file,,,broken/deleted attachment (…/null or 403),,,,,,,,,,2026-07-30T20:50:12.177373
24240,Thinxtra Solutions Pty Ltd,21660.06,AUD,Closed,Drive mate,no_file,,,broken/deleted attachment (…/null or 403),,,,,,,,,,2026-07-30T20:50:12.177374
24781,Stephen Inner West Smash Repairs Pty Ltd,2090,AUD,Closed,Drive mate,no_file,,,broken/deleted attachment (…/null or 403),,,,,,,,,,2026-07-30T20:50:12.177375
24246,Towlah,250,SGD,Closed,Drive lah,no_file,,,broken/deleted attachment (…/null or 403),,,,,,,,,,2026-07-30T20:50:12.177376
24195,Nova Smash Repairs,6642.3,AUD,Auto-approved,Drive Mate,no_file,,,broken/deleted attachment (…/null or 403),,,,,,,,,,2026-07-30T20:50:12.177377
24242,Oakleigh Garage Service Centre,1106,AUD,Closed,Drive mate,no_file,,,broken/deleted attachment (…/null or 403),,,,,,,,,,2026-07-30T20:50:12.177379
24373,Abwin Leasing,1526,SGD,Closed,Drive lah,no_file,,,broken/deleted attachment (…/null or 403),,,,,,,,,,2026-07-30T20:50:12.177380
25406,Stephen Inner West Smash Repairs Pty Ltd,1595,AUD,Closed,Drive mate,no_file,,,broken/deleted attachment (…/null or 403),,,,,,,,,,2026-07-30T20:50:12.177381
24449,Rohde Smash Repairs,1842.5,AUD,Closed,Drive mate,no_file,,,broken/deleted attachment (…/null or 403),,,,,,,,,,2026-07-30T20:50:12.177382
24495,Rohde Smash Repairs,693,AUD,Closed,Drive mate,no_file,,,broken/deleted attachment (…/null or 403),,,,,,,,,,2026-07-30T20:50:12.177383
24112,Stephen Inner West Smash Repairs Pty Ltd,787,AUD,Closed,Drive mate,no_file,,,broken/deleted attachment (…/null or 403),,,,,,,,,,2026-07-30T20:50:12.177385
25256,Abwin Leasing,1526,SGD,Closed,Drive lah,no_file,,,broken/deleted attachment (…/null or 403),,,,,,,,,,2026-07-30T20:50:12.177386
24295,ato - australia,1074.08,AUD,Closed,Drive mate,no_file,,,broken/deleted attachment (…/null or 403),,,,,,,,,,2026-07-30T20:50:12.177387
25355,Rohde Smash Repairs,3000,AUD,Closed,Drive mate,no_file,,,broken/deleted attachment (…/null or 403),,,,,,,,,,2026-07-30T20:50:12.177388
25347,Victorian Auto Services,220,AUD,Closed,Drive mate,no_file,,,broken/deleted attachment (…/null or 403),,,,,,,,,,2026-07-30T20:50:12.177389
25349,Victorian Auto Services,240,AUD,Closed,Drive mate,no_file,,,broken/deleted attachment (…/null or 403),,,,,,,,,,2026-07-30T20:50:12.177391
25204,Stephen Inner West Smash Repairs Pty Ltd,1727.66,AUD,Closed,Drive mate,no_file,,,broken/deleted attachment (…/null or 403),,,,,,,,,,2026-07-30T20:50:12.177392
24515,Stephen Inner West Smash Repairs Pty Ltd,3432,AUD,Closed,Drive mate,no_file,,,broken/deleted attachment (…/null or 403),,,,,,,,,,2026-07-30T20:50:12.177393
24040,Rohde Smash Repairs,2789.6,AUD,Closed,Drive mate,no_file,,,broken/deleted attachment (…/null or 403),,,,,,,,,,2026-07-30T20:50:12.177394
24145,Stephen Inner West Smash Repairs Pty Ltd,4180,AUD,Closed,Drive mate,no_file,,,broken/deleted attachment (…/null or 403),,,,,,,,,,2026-07-30T20:50:12.177395
24247,Towlah,220,SGD,Closed,Drive lah,no_file,,,broken/deleted attachment (…/null or 403),,,,,,,,,,2026-07-30T20:50:12.177396
24407,Toorak Autobody pty ltd,2882,AUD,Approved,Drive mate,no_file,,,broken/deleted attachment (…/null or 403),,,,,,,,,,2026-07-30T20:50:12.177398
25359,PACK SEND Marrickville,426.14,AUD,Closed,Drive mate,no_file,,,broken/deleted attachment (…/null or 403),,,,,,,,,,2026-07-30T20:50:12.177399
24410,ACE Administration Services Pty. Ltd,1210,AUD,Closed,Drive mate,no_file,,,broken/deleted attachment (…/null or 403),,,,,,,,,,2026-07-30T20:50:12.177400
24531,Focussed Assessing Pty Ltd,220,AUD,Closed,Drive mate,no_file,,,broken/deleted attachment (…/null or 403),,,,,,,,,,2026-07-30T20:50:12.177402
25410,Victorian Auto Services,295,AUD,Closed,Drive mate,no_file,,,broken/deleted attachment (…/null or 403),,,,,,,,,,2026-07-30T20:50:12.177403
25092,Focussed Assessing Pty Ltd,220,AUD,Closed,Drive mate,no_file,,,broken/deleted attachment (…/null or 403),,,,,,,,,,2026-07-30T20:50:12.177405
24746,laptop,1238,USD,Closed,Central,no_file,,,broken/deleted attachment (…/null or 403),,,,,,,,,,2026-07-30T20:50:12.177407
24598,NTUC,3823.23,SGD,Closed,Drive lah,no_file,,,broken/deleted attachment (…/null or 403),,,,,,,,,,2026-07-30T20:50:12.177408
24097,GWS CHADSTONE PTY LTD,3000,AUD,Approved,Drive mate,no_file,,,broken/deleted attachment (…/null or 403),,,,,,,,,,2026-07-30T20:50:12.177409
24005,Focussed Assessing Pty Ltd (ABN 92 143 234 066),165,AUD,Closed,Drive mate,no_file,,,broken/deleted attachment (…/null or 403),,,,,,,,,,2026-07-30T20:50:12.177410
24740,Bris Towing - Towing Specialist ,165,AUD,Closed,Drive Mate,no_file,,,broken/deleted attachment (…/null or 403),,,,,,,,,,2026-07-30T20:50:12.177411
24948,ComfortDelGro Rent-A-Car Pte Ltd,190.75,SGD,Auto-approved,Drive Lah,no_file,,,broken/deleted attachment (…/null or 403),,,,,,,,,,2026-07-30T20:50:12.177413
25346,Victorian auto Services,450,AUD,Closed,Drive mate,no_file,,,broken/deleted attachment (…/null or 403),,,,,,,,,,2026-07-30T20:50:12.177414
25360,RACQ Operations,145,AUD,Approval Required,Drive mate,no_file,,,broken/deleted attachment (…/null or 403),,,,,,,,,,2026-07-30T20:50:12.177415
24606,NORMAN CHAN,1023,AUD,Closed,Drive mate,no_file,,,broken/deleted attachment (…/null or 403),,,,,,,,,,2026-07-30T20:50:12.177416
24542,SentriLock LLC,828,USD,Closed,Drive mate,no_file,,,broken/deleted attachment (…/null or 403),,,,,,,,,,2026-07-30T20:50:12.177417
24560,Rohde Smash Repairs,1796.28,AUD,Closed,Drive mate,no_file,,,broken/deleted attachment (…/null or 403),,,,,,,,,,2026-07-30T20:50:12.177419
24625,SELECTE PTE LTD,300,SGD,Closed,Drive Lah,no_file,,,broken/deleted attachment (…/null or 403),,,,,,,,,,2026-07-30T20:50:12.177420
23960,Focussed Assessing Pty Ltd (ABN 92 143 234 066),330,AUD,Closed,Drive mate,no_file,,,broken/deleted attachment (…/null or 403),,,,,,,,,,2026-07-30T20:50:12.177421
24747,Abdul Saaqib,3000,AUD,Closed,Drive mate,no_file,,,broken/deleted attachment (…/null or 403),,,,,,,,,,2026-07-30T20:50:12.177422
25395,Other's - Mart,2000,AUD,Closed,Drive mate,no_file,,,broken/deleted attachment (…/null or 403),,,,,,,,,,2026-07-30T20:50:12.177423
24959,Victorian auto Services,330,AUD,Closed,Drive Mate,no_file,,,broken/deleted attachment (…/null or 403),,,,,,,,,,2026-07-30T20:50:12.177424
24239,"SentriLock, LLC",951,USD,Closed,Drive mate,no_file,,,broken/deleted attachment (…/null or 403),,,,,,,,,,2026-07-30T20:50:12.177426
24741,Rohde Smash Repairs,1859,AUD,Closed,Drive mate,no_file,,,broken/deleted attachment (…/null or 403),,,,,,,,,,2026-07-30T20:50:12.177427
24579,Stephen Inner West Smash Repairs Pty Ltd,210,AUD,Closed,Drive mate,no_file,,,broken/deleted attachment (…/null or 403),,,,,,,,,,2026-07-30T20:50:12.177428
24308,Norman Chan,814,AUD,Closed,Drive mate,no_file,,,broken/deleted attachment (…/null or 403),,,,,,,,,,2026-07-30T20:50:12.177429
24259,Abdul Saaqib,3000,AUD,Closed,Drive mate,no_file,,,broken/deleted attachment (…/null or 403),,,,,,,,,,2026-07-30T20:50:12.177431
24681,GT Insurance,3000,AUD,Closed,Drive Mate,no_file,,,broken/deleted attachment (…/null or 403),,,,,,,,,,2026-07-30T20:50:12.177432
25146,Stephen Inner West Smash Repairs,450,AUD,Closed,Drive mate,no_file,,,broken/deleted attachment (…/null or 403),,,,,,,,,,2026-07-30T20:50:12.177433
24986,Focussed Loss Management,220,AUD,Closed,Drive mate,no_file,,,broken/deleted attachment (…/null or 403),,,,,,,,,,2026-07-30T20:50:12.177434
24492,Stephen Inner West Smash Repairs Pty Ltd,330,AUD,Closed,Drive mate,no_file,,,broken/deleted attachment (…/null or 403),,,,,,,,,,2026-07-30T20:50:12.177435
23938,NTUC,3519.42,SGD,Closed,Drive lah,no_file,,,broken/deleted attachment (…/null or 403),,,,,,,,,,2026-07-30T20:50:12.177437
25402,Humax,12084,USD,Closed,Drive mate,no_file,,,broken/deleted attachment (…/null or 403),,,,,,,,,,2026-07-30T20:50:12.177438
24566,Stephen Inner West Smash Repairs,335.5,AUD,Closed,Drive Mate,no_file,,,broken/deleted attachment (…/null or 403),,,,,,,,,,2026-07-30T20:50:12.177439
24546,PACK SEND Marrickville,7507.5,AUD,Closed,Drive mate,no_file,,,broken/deleted attachment (…/null or 403),,,,,,,,,,2026-07-30T20:50:12.177440
24793,Melbourne Prestige Centre,5000,AUD,Closed,Drive mate,no_file,,,broken/deleted attachment (…/null or 403),,,,,,,,,,2026-07-30T20:50:12.177441
24045,INCOME INSURANCE LIMITED,2653.33,SGD,Closed,Drive lah,no_file,,,broken/deleted attachment (…/null or 403),,,,,,,,,,2026-07-30T20:50:12.177443
25368,NTUC/Income,5000,SGD,Closed,Drive lah,no_file,,,broken/deleted attachment (…/null or 403),,,,,,,,,,2026-07-30T20:50:12.177444
24436,Rohde Smash Repairs,577.5,AUD,Closed,Drive mate,no_file,,,broken/deleted attachment (…/null or 403),,,,,,,,,,2026-07-30T20:50:12.177445
24154,Stephen Inner West Smash Repairs Pty Ltd,198,AUD,Closed,Drive Mate,no_file,,,broken/deleted attachment (…/null or 403),,,,,,,,,,2026-07-30T20:50:12.177446
24552,Kan Fook Sing Motor Workshop,109,SGD,Closed,Drive Lah,no_file,,,broken/deleted attachment (…/null or 403),,,,,,,,,,2026-07-30T20:50:12.177447
24924,Bris Towing ,165,AUD,Closed,Drive Mate,no_file,,,broken/deleted attachment (…/null or 403),,,,,,,,,,2026-07-30T20:50:12.177449
24895,Su,0,USD,Closed,Central,no_file,,,broken/deleted attachment (…/null or 403),,,,,,,,,,2026-07-30T20:50:12.177450
24302,Focussed Loss Management,165,AUD,Closed,Drive mate,no_file,,,broken/deleted attachment (…/null or 403),,,,,,,,,,2026-07-30T20:50:12.177451
24713,Nova Smash Repairs,9949.7,AUD,Approved,Drive mate,no_file,,,broken/deleted attachment (…/null or 403),,,,,,,,,,2026-07-30T20:50:12.177452
25201,Cycle & Carriage Leasing Pte. Ltd.,2180,SGD,Closed,Drive lah,no_file,,,broken/deleted attachment (…/null or 403),,,,,,,,,,2026-07-30T20:50:12.177454
24185,GT Insurance-Trust,2000,AUD,Closed,Drive mate,no_file,,,broken/deleted attachment (…/null or 403),,,,,,,,,,2026-07-30T20:50:12.177455
24368,Stephen Inner West Smash Repairs Pty Ltd,462,AUD,Closed,Drive mate,no_file,,,broken/deleted attachment (…/null or 403),,,,,,,,,,2026-07-30T20:50:12.177457
25252,Bris Towing,220,AUD,Approval Required,Drive mate,no_file,,,broken/deleted attachment (…/null or 403),,,,,,,,,,2026-07-30T20:50:12.177458
24887,Rohde Smash Repairs,1430,AUD,Closed,Drive Mate,no_file,,,broken/deleted attachment (…/null or 403),,,,,,,,,,2026-07-30T20:50:12.177459
24165,1st Class Towing Pty Ltd,440,AUD,Closed,Drive mate,no_file,,,broken/deleted attachment (…/null or 403),,,,,,,,,,2026-07-30T20:50:12.177460
24234,Smash Repair,250,AUD,Closed,Drive mate,no_file,,,broken/deleted attachment (…/null or 403),,,,,,,,,,2026-07-30T20:50:12.177461
24342,Abdul Saaqib,2200,AUD,Closed,Drive mate,no_file,,,broken/deleted attachment (…/null or 403),,,,,,,,,,2026-07-30T20:50:12.177463
24486,Maricon,50,SGD,Closed,Central,no_file,,,broken/deleted attachment (…/null or 403),,,,,,,,,,2026-07-30T20:50:12.177464
24962,IT Y NET EMPLOYMENT AGENCY PTE LTD,1500,SGD,Closed,Drive lah,no_file,,,broken/deleted attachment (…/null or 403),,,,,,,,,,2026-07-30T20:50:12.177465
25238,Abdul Saaqib,3000,AUD,Closed,Drive mate,no_file,,,broken/deleted attachment (…/null or 403),,,,,,,,,,2026-07-30T20:50:12.177466
24864,Philcare HMO,4784.71,USD,Closed,Drive Lah,no_file,,,broken/deleted attachment (…/null or 403),,,,,,,,,,2026-07-30T20:50:12.177468
24688,Fast Choice Towing,1180,AUD,Closed,Drive Mate,no_file,,,broken/deleted attachment (…/null or 403),,,,,,,,,,2026-07-30T20:50:12.177469
24538,Stephen Inner West Smash Repairs Pty Ltd,1340,AUD,Closed,Drive mate,no_file,,,broken/deleted attachment (…/null or 403),,,,,,,,,,2026-07-30T20:50:12.177470
24488, Stephen Inner West Smash Repairs,1200,AUD,Closed,Drive mate,no_file,,,broken/deleted attachment (…/null or 403),,,,,,,,,,2026-07-30T20:50:12.177471
24548,PACK SEND Marrickville,1005.07,AUD,Closed,Drive mate,no_file,,,broken/deleted attachment (…/null or 403),,,,,,,,,,2026-07-30T20:50:12.177472
25178,ACCORD AUTOCARE PTE LTD,2372.34,SGD,Closed,Drive lah,no_file,,,broken/deleted attachment (…/null or 403),,,,,,,,,,2026-07-30T20:50:12.177473
25096,HDB,1440,SGD,Closed,Drive Lah,no_file,,,broken/deleted attachment (…/null or 403),,,,,,,,,,2026-07-30T20:50:12.177475
25273,Springfield Lakes Towing and Transport Trust,308,AUD,Auto-approved,Drive Mate,no_file,,,broken/deleted attachment (…/null or 403),,,,,,,,,,2026-07-30T20:50:12.177476
77,,40000,INR,Closed,,no_file,,,file absent from Retool Storage,,,,,,,,,,2026-07-30T20:50:12.177478
5854,,675.8,SGD,Approved,Drive lah,duplicate,,,content-dup already in DB via paired row,,,,,,,,,,2026-07-30T20:50:12.177480
17270,,2897.61,USD,Closed,Central,duplicate,,,content-dup already in DB via paired row,,,,,,,,,,2026-07-30T20:50:12.177482
17563,Aircall,4129.81,USD,Closed,Central,duplicate,,,content-dup already in DB via paired row,,,,,,,,,,2026-07-30T20:50:12.177483
